<?xml version="1.0" encoding="UTF-8"?>
<site generator-info-name="Tempest EPG Generator (made by Kvanc)" generator-info-url="https://github.com/K-vanc/Tempest-EPG-Generator.git" site="[ENC]hathway.com_0">
  <channels>
    <channel site="[ENC]hathway.com_0" site_id="STAR PLUS" xmltv_id="STAR PLUS">STAR PLUS</channel>
    <channel site="[ENC]hathway.com_0" site_id="Zee TV" xmltv_id="Zee TV">Zee TV</channel>
    <channel site="[ENC]hathway.com_0" site_id="Star Bharat" xmltv_id="Star Bharat">Star Bharat</channel>
    <channel site="[ENC]hathway.com_0" site_id="Colors" xmltv_id="Colors">Colors</channel>
    <channel site="[ENC]hathway.com_0" site_id="SET" xmltv_id="SET">SET</channel>
    <channel site="[ENC]hathway.com_0" site_id="Sony SAB" xmltv_id="Sony SAB">Sony SAB</channel>
    <channel site="[ENC]hathway.com_0" site_id="And TV" xmltv_id="And TV">And TV</channel>
    <channel site="[ENC]hathway.com_0" site_id="Naaptol" xmltv_id="Naaptol">Naaptol</channel>
    <channel site="[ENC]hathway.com_0" site_id="Dangal" xmltv_id="Dangal">Dangal</channel>
    <channel site="[ENC]hathway.com_0" site_id="BIG MAGIC" xmltv_id="BIG MAGIC">BIG MAGIC</channel>
    <channel site="[ENC]hathway.com_0" site_id="Zee Anmol" xmltv_id="Zee Anmol">Zee Anmol</channel>
    <channel site="[ENC]hathway.com_0" site_id="Bindass" xmltv_id="Bindass">Bindass</channel>
    <channel site="[ENC]hathway.com_0" site_id="Investigation Discovery" xmltv_id="Investigation Discovery">Investigation Discovery</channel>
    <channel site="[ENC]hathway.com_0" site_id="Colors Rishtey" xmltv_id="Colors Rishtey">Colors Rishtey</channel>
    <channel site="[ENC]hathway.com_0" site_id="SONY PAL" xmltv_id="SONY PAL">SONY PAL</channel>
    <channel site="[ENC]hathway.com_0" site_id="Star Utsav" xmltv_id="Star Utsav">Star Utsav</channel>
    <channel site="[ENC]hathway.com_0" site_id="E24" xmltv_id="E24">E24</channel>
    <channel site="[ENC]hathway.com_0" site_id="DD National" xmltv_id="DD National">DD National</channel>
    <channel site="[ENC]hathway.com_0" site_id="Star World" xmltv_id="Star World">Star World</channel>
    <channel site="[ENC]hathway.com_0" site_id="Star World HD" xmltv_id="Star World HD">Star World HD</channel>
    <channel site="[ENC]hathway.com_0" site_id="Comedy Central" xmltv_id="Comedy Central">Comedy Central</channel>
    <channel site="[ENC]hathway.com_0" site_id="Zee Cafe" xmltv_id="Zee Cafe">Zee Cafe</channel>
    <channel site="[ENC]hathway.com_0" site_id="Star World Premiere HD" xmltv_id="Star World Premiere HD">Star World Premiere HD</channel>
    <channel site="[ENC]hathway.com_0" site_id="TV5 Monde Asia" xmltv_id="TV5 Monde Asia">TV5 Monde Asia</channel>
    <channel site="[ENC]hathway.com_0" site_id="Star Movies" xmltv_id="Star Movies">Star Movies</channel>
    <channel site="[ENC]hathway.com_0" site_id="Star Movies HD" xmltv_id="Star Movies HD">Star Movies HD</channel>
    <channel site="[ENC]hathway.com_0" site_id="Movies Now" xmltv_id="Movies Now">Movies Now</channel>
    <channel site="[ENC]hathway.com_0" site_id="Movies Now HD" xmltv_id="Movies Now HD">Movies Now HD</channel>
    <channel site="[ENC]hathway.com_0" site_id="SONY PIX" xmltv_id="SONY PIX">SONY PIX</channel>
    <channel site="[ENC]hathway.com_0" site_id="SONY PIX HD" xmltv_id="SONY PIX HD">SONY PIX HD</channel>
    <channel site="[ENC]hathway.com_0" site_id="And flix" xmltv_id="And flix">And flix</channel>
    <channel site="[ENC]hathway.com_0" site_id="And flix HD" xmltv_id="And flix HD">And flix HD</channel>
    <channel site="[ENC]hathway.com_0" site_id="Romedy Now" xmltv_id="Romedy Now">Romedy Now</channel>
    <channel site="[ENC]hathway.com_0" site_id="MN+" xmltv_id="MN+">MN+</channel>
    <channel site="[ENC]hathway.com_0" site_id="Star Movies Select HD" xmltv_id="Star Movies Select HD">Star Movies Select HD</channel>
    <channel site="[ENC]hathway.com_0" site_id="Star Gold" xmltv_id="Star Gold">Star Gold</channel>
    <channel site="[ENC]hathway.com_0" site_id="Star Gold 2" xmltv_id="Star Gold 2">Star Gold 2</channel>
    <channel site="[ENC]hathway.com_0" site_id="SONY MAX" xmltv_id="SONY MAX">SONY MAX</channel>
    <channel site="[ENC]hathway.com_0" site_id="Zee Cinema" xmltv_id="Zee Cinema">Zee Cinema</channel>
    <channel site="[ENC]hathway.com_0" site_id="UTV Movies" xmltv_id="UTV Movies">UTV Movies</channel>
    <channel site="[ENC]hathway.com_0" site_id="UTV Action" xmltv_id="UTV Action">UTV Action</channel>
    <channel site="[ENC]hathway.com_0" site_id="SONY MAX 2" xmltv_id="SONY MAX 2">SONY MAX 2</channel>
    <channel site="[ENC]hathway.com_0" site_id="And Pictures" xmltv_id="And Pictures">And Pictures</channel>
    <channel site="[ENC]hathway.com_0" site_id="B4U Movies" xmltv_id="B4U Movies">B4U Movies</channel>
    <channel site="[ENC]hathway.com_0" site_id="Zee Bollywood" xmltv_id="Zee Bollywood">Zee Bollywood</channel>
    <channel site="[ENC]hathway.com_0" site_id="Zee Action" xmltv_id="Zee Action">Zee Action</channel>
    <channel site="[ENC]hathway.com_0" site_id="Cinema TV India" xmltv_id="Cinema TV India">Cinema TV India</channel>
    <channel site="[ENC]hathway.com_0" site_id="Campus" xmltv_id="Campus">Campus</channel>
    <channel site="[ENC]hathway.com_0" site_id="Hathway CCC" xmltv_id="Hathway CCC">Hathway CCC</channel>
    <channel site="[ENC]hathway.com_0" site_id="Star Sports Select 1" xmltv_id="Star Sports Select 1">Star Sports Select 1</channel>
    <channel site="[ENC]hathway.com_0" site_id="Star Sports 1 Hindi" xmltv_id="Star Sports 1 Hindi">Star Sports 1 Hindi</channel>
    <channel site="[ENC]hathway.com_0" site_id="Star Sports 1 HD Hindi" xmltv_id="Star Sports 1 HD Hindi">Star Sports 1 HD Hindi</channel>
    <channel site="[ENC]hathway.com_0" site_id="Star Sports 1" xmltv_id="Star Sports 1">Star Sports 1</channel>
    <channel site="[ENC]hathway.com_0" site_id="Star Sports 1 HD" xmltv_id="Star Sports 1 HD">Star Sports 1 HD</channel>
    <channel site="[ENC]hathway.com_0" site_id="Star Sports 2" xmltv_id="Star Sports 2">Star Sports 2</channel>
    <channel site="[ENC]hathway.com_0" site_id="Star Sports 2 HD" xmltv_id="Star Sports 2 HD">Star Sports 2 HD</channel>
    <channel site="[ENC]hathway.com_0" site_id="SONY SIX" xmltv_id="SONY SIX">SONY SIX</channel>
    <channel site="[ENC]hathway.com_0" site_id="SONY SIX HD" xmltv_id="SONY SIX HD">SONY SIX HD</channel>
    <channel site="[ENC]hathway.com_0" site_id="Sony Ten 1" xmltv_id="Sony Ten 1">Sony Ten 1</channel>
    <channel site="[ENC]hathway.com_0" site_id="Sony Ten 1 HD" xmltv_id="Sony Ten 1 HD">Sony Ten 1 HD</channel>
    <channel site="[ENC]hathway.com_0" site_id="Sony Ten 2" xmltv_id="Sony Ten 2">Sony Ten 2</channel>
    <channel site="[ENC]hathway.com_0" site_id="Sony Ten 3" xmltv_id="Sony Ten 3">Sony Ten 3</channel>
    <channel site="[ENC]hathway.com_0" site_id="DD Sports" xmltv_id="DD Sports">DD Sports</channel>
    <channel site="[ENC]hathway.com_0" site_id="News24" xmltv_id="News24">News24</channel>
    <channel site="[ENC]hathway.com_0" site_id="India TV" xmltv_id="India TV">India TV</channel>
    <channel site="[ENC]hathway.com_0" site_id="News Nation" xmltv_id="News Nation">News Nation</channel>
    <channel site="[ENC]hathway.com_0" site_id="Zee News" xmltv_id="Zee News">Zee News</channel>
    <channel site="[ENC]hathway.com_0" site_id="News18 India" xmltv_id="News18 India">News18 India</channel>
    <channel site="[ENC]hathway.com_0" site_id="Aaj Tak" xmltv_id="Aaj Tak">Aaj Tak</channel>
    <channel site="[ENC]hathway.com_0" site_id="ABP News" xmltv_id="ABP News">ABP News</channel>
    <channel site="[ENC]hathway.com_0" site_id="NDTV India" xmltv_id="NDTV India">NDTV India</channel>
    <channel site="[ENC]hathway.com_0" site_id="Zee Hindustan" xmltv_id="Zee Hindustan">Zee Hindustan</channel>
    <channel site="[ENC]hathway.com_0" site_id="News18 Uttar Pradesh Uttarakhand" xmltv_id="News18 Uttar Pradesh Uttarakhand">News18 Uttar Pradesh Uttarakhand</channel>
    <channel site="[ENC]hathway.com_0" site_id="Good News Today" xmltv_id="Good News Today">Good News Today</channel>
    <channel site="[ENC]hathway.com_0" site_id="DD News" xmltv_id="DD News">DD News</channel>
    <channel site="[ENC]hathway.com_0" site_id="Sansad TV HD" xmltv_id="Sansad TV HD">Sansad TV HD</channel>
    <channel site="[ENC]hathway.com_0" site_id="Sansad TV" xmltv_id="Sansad TV">Sansad TV</channel>
    <channel site="[ENC]hathway.com_0" site_id="CNBC-Awaaz" xmltv_id="CNBC-Awaaz">CNBC-Awaaz</channel>
    <channel site="[ENC]hathway.com_0" site_id="Zee Business" xmltv_id="Zee Business">Zee Business</channel>
    <channel site="[ENC]hathway.com_0" site_id="CNBC Bajar" xmltv_id="CNBC Bajar">CNBC Bajar</channel>
    <channel site="[ENC]hathway.com_0" site_id="Times Now" xmltv_id="Times Now">Times Now</channel>
    <channel site="[ENC]hathway.com_0" site_id="CNN News18" xmltv_id="CNN News18">CNN News18</channel>
    <channel site="[ENC]hathway.com_0" site_id="NDTV 24x7" xmltv_id="NDTV 24x7">NDTV 24x7</channel>
    <channel site="[ENC]hathway.com_0" site_id="INDIA TODAY" xmltv_id="INDIA TODAY">INDIA TODAY</channel>
    <channel site="[ENC]hathway.com_0" site_id="CNN International" xmltv_id="CNN International">CNN International</channel>
    <channel site="[ENC]hathway.com_0" site_id="BBC World News" xmltv_id="BBC World News">BBC World News</channel>
    <channel site="[ENC]hathway.com_0" site_id="WOA Al Jazeera English" xmltv_id="WOA Al Jazeera English">WOA Al Jazeera English</channel>
    <channel site="[ENC]hathway.com_0" site_id="RT" xmltv_id="RT">RT</channel>
    <channel site="[ENC]hathway.com_0" site_id="WOA DW English" xmltv_id="WOA DW English">WOA DW English</channel>
    <channel site="[ENC]hathway.com_0" site_id="CNBC TV18" xmltv_id="CNBC TV18">CNBC TV18</channel>
    <channel site="[ENC]hathway.com_0" site_id="ET Now" xmltv_id="ET Now">ET Now</channel>
    <channel site="[ENC]hathway.com_0" site_id="NDTV Profit Prime" xmltv_id="NDTV Profit Prime">NDTV Profit Prime</channel>
    <channel site="[ENC]hathway.com_0" site_id="MTV" xmltv_id="MTV">MTV</channel>
    <channel site="[ENC]hathway.com_0" site_id="I Love" xmltv_id="I Love">I Love</channel>
    <channel site="[ENC]hathway.com_0" site_id="9X Jalwa" xmltv_id="9X Jalwa">9X Jalwa</channel>
    <channel site="[ENC]hathway.com_0" site_id="ZING" xmltv_id="ZING">ZING</channel>
    <channel site="[ENC]hathway.com_0" site_id="9XM" xmltv_id="9XM">9XM</channel>
    <channel site="[ENC]hathway.com_0" site_id="B4U Music" xmltv_id="B4U Music">B4U Music</channel>
    <channel site="[ENC]hathway.com_0" site_id="Zoom" xmltv_id="Zoom">Zoom</channel>
    <channel site="[ENC]hathway.com_0" site_id="Mastiii" xmltv_id="Mastiii">Mastiii</channel>
    <channel site="[ENC]hathway.com_0" site_id="Music India" xmltv_id="Music India">Music India</channel>
    <channel site="[ENC]hathway.com_0" site_id="Vh1" xmltv_id="Vh1">Vh1</channel>
    <channel site="[ENC]hathway.com_0" site_id="STAR PLUS HD" xmltv_id="STAR PLUS HD">STAR PLUS HD</channel>
    <channel site="[ENC]hathway.com_0" site_id="Zee TV HD" xmltv_id="Zee TV HD">Zee TV HD</channel>
    <channel site="[ENC]hathway.com_0" site_id="Colors HD" xmltv_id="Colors HD">Colors HD</channel>
    <channel site="[ENC]hathway.com_0" site_id="SET HD" xmltv_id="SET HD">SET HD</channel>
    <channel site="[ENC]hathway.com_0" site_id="Star Gold HD" xmltv_id="Star Gold HD">Star Gold HD</channel>
    <channel site="[ENC]hathway.com_0" site_id="SONY MAX HD" xmltv_id="SONY MAX HD">SONY MAX HD</channel>
    <channel site="[ENC]hathway.com_0" site_id="Zee Cinema HD" xmltv_id="Zee Cinema HD">Zee Cinema HD</channel>
    <channel site="[ENC]hathway.com_0" site_id="CNBC TV18 Prime HD" xmltv_id="CNBC TV18 Prime HD">CNBC TV18 Prime HD</channel>
    <channel site="[ENC]hathway.com_0" site_id="Nick" xmltv_id="Nick">Nick</channel>
    <channel site="[ENC]hathway.com_0" site_id="POGO" xmltv_id="POGO">POGO</channel>
    <channel site="[ENC]hathway.com_0" site_id="Discovery Kids" xmltv_id="Discovery Kids">Discovery Kids</channel>
    <channel site="[ENC]hathway.com_0" site_id="Cartoon Network" xmltv_id="Cartoon Network">Cartoon Network</channel>
    <channel site="[ENC]hathway.com_0" site_id="Disney Channel" xmltv_id="Disney Channel">Disney Channel</channel>
    <channel site="[ENC]hathway.com_0" site_id="Marvel HQ" xmltv_id="Marvel HQ">Marvel HQ</channel>
    <channel site="[ENC]hathway.com_0" site_id="Hungama" xmltv_id="Hungama">Hungama</channel>
    <channel site="[ENC]hathway.com_0" site_id="Disney Junior" xmltv_id="Disney Junior">Disney Junior</channel>
    <channel site="[ENC]hathway.com_0" site_id="Sonic" xmltv_id="Sonic">Sonic</channel>
    <channel site="[ENC]hathway.com_0" site_id="Nick Junior" xmltv_id="Nick Junior">Nick Junior</channel>
    <channel site="[ENC]hathway.com_0" site_id="National Geographic Channel HD" xmltv_id="National Geographic Channel HD">National Geographic Channel HD</channel>
    <channel site="[ENC]hathway.com_0" site_id="National Geographic Channel" xmltv_id="National Geographic Channel">National Geographic Channel</channel>
    <channel site="[ENC]hathway.com_0" site_id="Discovery HD World" xmltv_id="Discovery HD World">Discovery HD World</channel>
    <channel site="[ENC]hathway.com_0" site_id="Discovery Channel" xmltv_id="Discovery Channel">Discovery Channel</channel>
    <channel site="[ENC]hathway.com_0" site_id="History TV18 HD" xmltv_id="History TV18 HD">History TV18 HD</channel>
    <channel site="[ENC]hathway.com_0" site_id="History TV18" xmltv_id="History TV18">History TV18</channel>
    <channel site="[ENC]hathway.com_0" site_id="Animal Planet" xmltv_id="Animal Planet">Animal Planet</channel>
    <channel site="[ENC]hathway.com_0" site_id="Discovery Science" xmltv_id="Discovery Science">Discovery Science</channel>
    <channel site="[ENC]hathway.com_0" site_id="Epic" xmltv_id="Epic">Epic</channel>
    <channel site="[ENC]hathway.com_0" site_id="Nat Geo Wild HD" xmltv_id="Nat Geo Wild HD">Nat Geo Wild HD</channel>
    <channel site="[ENC]hathway.com_0" site_id="Nat Geo Wild" xmltv_id="Nat Geo Wild">Nat Geo Wild</channel>
    <channel site="[ENC]hathway.com_0" site_id="Zee Zest" xmltv_id="Zee Zest">Zee Zest</channel>
    <channel site="[ENC]hathway.com_0" site_id="NDTV Good Times" xmltv_id="NDTV Good Times">NDTV Good Times</channel>
    <channel site="[ENC]hathway.com_0" site_id="Fox Life HD" xmltv_id="Fox Life HD">Fox Life HD</channel>
    <channel site="[ENC]hathway.com_0" site_id="Fox Life" xmltv_id="Fox Life">Fox Life</channel>
    <channel site="[ENC]hathway.com_0" site_id="TLC HD" xmltv_id="TLC HD">TLC HD</channel>
    <channel site="[ENC]hathway.com_0" site_id="TLC" xmltv_id="TLC">TLC</channel>
    <channel site="[ENC]hathway.com_0" site_id="Discovery Turbo" xmltv_id="Discovery Turbo">Discovery Turbo</channel>
    <channel site="[ENC]hathway.com_0" site_id="Travel XP HD" xmltv_id="Travel XP HD">Travel XP HD</channel>
    <channel site="[ENC]hathway.com_0" site_id="Travel XP" xmltv_id="Travel XP">Travel XP</channel>
    <channel site="[ENC]hathway.com_0" site_id="Food Food" xmltv_id="Food Food">Food Food</channel>
    <channel site="[ENC]hathway.com_0" site_id="DD Bharati" xmltv_id="DD Bharati">DD Bharati</channel>
    <channel site="[ENC]hathway.com_0" site_id="DD India" xmltv_id="DD India">DD India</channel>
    <channel site="[ENC]hathway.com_0" site_id="Gyandarshan" xmltv_id="Gyandarshan">Gyandarshan</channel>
    <channel site="[ENC]hathway.com_0" site_id="Star Pravah" xmltv_id="Star Pravah">Star Pravah</channel>
    <channel site="[ENC]hathway.com_0" site_id="Colors Marathi" xmltv_id="Colors Marathi">Colors Marathi</channel>
    <channel site="[ENC]hathway.com_0" site_id="Zee Marathi" xmltv_id="Zee Marathi">Zee Marathi</channel>
    <channel site="[ENC]hathway.com_0" site_id="DD Sahyadri" xmltv_id="DD Sahyadri">DD Sahyadri</channel>
    <channel site="[ENC]hathway.com_0" site_id="Fakt Marathi" xmltv_id="Fakt Marathi">Fakt Marathi</channel>
    <channel site="[ENC]hathway.com_0" site_id="Zee Talkies" xmltv_id="Zee Talkies">Zee Talkies</channel>
    <channel site="[ENC]hathway.com_0" site_id="Mast Marathi" xmltv_id="Mast Marathi">Mast Marathi</channel>
    <channel site="[ENC]hathway.com_0" site_id="Saam TV" xmltv_id="Saam TV">Saam TV</channel>
    <channel site="[ENC]hathway.com_0" site_id="TV9 Marathi" xmltv_id="TV9 Marathi">TV9 Marathi</channel>
    <channel site="[ENC]hathway.com_0" site_id="News18 Lokmat" xmltv_id="News18 Lokmat">News18 Lokmat</channel>
    <channel site="[ENC]hathway.com_0" site_id="Zee 24 Taas" xmltv_id="Zee 24 Taas">Zee 24 Taas</channel>
    <channel site="[ENC]hathway.com_0" site_id="ABP Majha" xmltv_id="ABP Majha">ABP Majha</channel>
    <channel site="[ENC]hathway.com_0" site_id="Colors Gujarati" xmltv_id="Colors Gujarati">Colors Gujarati</channel>
    <channel site="[ENC]hathway.com_0" site_id="DD Girnar" xmltv_id="DD Girnar">DD Girnar</channel>
    <channel site="[ENC]hathway.com_0" site_id="TV9 Gujarati" xmltv_id="TV9 Gujarati">TV9 Gujarati</channel>
    <channel site="[ENC]hathway.com_0" site_id="Sun TV" xmltv_id="Sun TV">Sun TV</channel>
    <channel site="[ENC]hathway.com_0" site_id="Vijay TV" xmltv_id="Vijay TV">Vijay TV</channel>
    <channel site="[ENC]hathway.com_0" site_id="Raj TV" xmltv_id="Raj TV">Raj TV</channel>
    <channel site="[ENC]hathway.com_0" site_id="Kalaignar TV" xmltv_id="Kalaignar TV">Kalaignar TV</channel>
    <channel site="[ENC]hathway.com_0" site_id="DD Podhigai" xmltv_id="DD Podhigai">DD Podhigai</channel>
    <channel site="[ENC]hathway.com_0" site_id="Jaya TV" xmltv_id="Jaya TV">Jaya TV</channel>
    <channel site="[ENC]hathway.com_0" site_id="KTV" xmltv_id="KTV">KTV</channel>
    <channel site="[ENC]hathway.com_0" site_id="DTamil" xmltv_id="DTamil">DTamil</channel>
    <channel site="[ENC]hathway.com_0" site_id="Makkal TV" xmltv_id="Makkal TV">Makkal TV</channel>
    <channel site="[ENC]hathway.com_0" site_id="J Movies" xmltv_id="J Movies">J Movies</channel>
    <channel site="[ENC]hathway.com_0" site_id="Sun Music" xmltv_id="Sun Music">Sun Music</channel>
    <channel site="[ENC]hathway.com_0" site_id="Jaya Max" xmltv_id="Jaya Max">Jaya Max</channel>
    <channel site="[ENC]hathway.com_0" site_id="Sun News" xmltv_id="Sun News">Sun News</channel>
    <channel site="[ENC]hathway.com_0" site_id="Jaya Plus" xmltv_id="Jaya Plus">Jaya Plus</channel>
    <channel site="[ENC]hathway.com_0" site_id="Sri Sankara" xmltv_id="Sri Sankara">Sri Sankara</channel>
    <channel site="[ENC]hathway.com_0" site_id="News18 Urdu" xmltv_id="News18 Urdu">News18 Urdu</channel>
    <channel site="[ENC]hathway.com_0" site_id="Zee Salaam" xmltv_id="Zee Salaam">Zee Salaam</channel>
    <channel site="[ENC]hathway.com_0" site_id="DD Urdu" xmltv_id="DD Urdu">DD Urdu</channel>
    <channel site="[ENC]hathway.com_0" site_id="DD Kashir" xmltv_id="DD Kashir">DD Kashir</channel>
    <channel site="[ENC]hathway.com_0" site_id="Udaya TV" xmltv_id="Udaya TV">Udaya TV</channel>
    <channel site="[ENC]hathway.com_0" site_id="Colors Kannada" xmltv_id="Colors Kannada">Colors Kannada</channel>
    <channel site="[ENC]hathway.com_0" site_id="Zee Kannada" xmltv_id="Zee Kannada">Zee Kannada</channel>
    <channel site="[ENC]hathway.com_0" site_id="Star Suvarna" xmltv_id="Star Suvarna">Star Suvarna</channel>
    <channel site="[ENC]hathway.com_0" site_id="DD Chandana" xmltv_id="DD Chandana">DD Chandana</channel>
    <channel site="[ENC]hathway.com_0" site_id="Udaya Movies" xmltv_id="Udaya Movies">Udaya Movies</channel>
    <channel site="[ENC]hathway.com_0" site_id="Asianet Suvarna News" xmltv_id="Asianet Suvarna News">Asianet Suvarna News</channel>
    <channel site="[ENC]hathway.com_0" site_id="TV9 Kannada" xmltv_id="TV9 Kannada">TV9 Kannada</channel>
    <channel site="[ENC]hathway.com_0" site_id="Zee Ganga" xmltv_id="Zee Ganga">Zee Ganga</channel>
    <channel site="[ENC]hathway.com_0" site_id="Sangeet Bhojpuri" xmltv_id="Sangeet Bhojpuri">Sangeet Bhojpuri</channel>
    <channel site="[ENC]hathway.com_0" site_id="PTC Punjabi" xmltv_id="PTC Punjabi">PTC Punjabi</channel>
    <channel site="[ENC]hathway.com_0" site_id="DD Punjabi" xmltv_id="DD Punjabi">DD Punjabi</channel>
    <channel site="[ENC]hathway.com_0" site_id="Zee Punjab Haryana Himachal" xmltv_id="Zee Punjab Haryana Himachal">Zee Punjab Haryana Himachal</channel>
    <channel site="[ENC]hathway.com_0" site_id="PTC News" xmltv_id="PTC News">PTC News</channel>
    <channel site="[ENC]hathway.com_0" site_id="PTC Chakde" xmltv_id="PTC Chakde">PTC Chakde</channel>
    <channel site="[ENC]hathway.com_0" site_id="News18 Bihar Jharkhand" xmltv_id="News18 Bihar Jharkhand">News18 Bihar Jharkhand</channel>
    <channel site="[ENC]hathway.com_0" site_id="DD Bihar" xmltv_id="DD Bihar">DD Bihar</channel>
    <channel site="[ENC]hathway.com_0" site_id="News18 Rajasthan" xmltv_id="News18 Rajasthan">News18 Rajasthan</channel>
    <channel site="[ENC]hathway.com_0" site_id="DD Rajasthan" xmltv_id="DD Rajasthan">DD Rajasthan</channel>
    <channel site="[ENC]hathway.com_0" site_id="News18 Madhya Pradesh Chhattisgarh" xmltv_id="News18 Madhya Pradesh Chhattisgarh">News18 Madhya Pradesh Chhattisgarh</channel>
    <channel site="[ENC]hathway.com_0" site_id="DD Madhya Pradesh" xmltv_id="DD Madhya Pradesh">DD Madhya Pradesh</channel>
    <channel site="[ENC]hathway.com_0" site_id="DD UP" xmltv_id="DD UP">DD UP</channel>
    <channel site="[ENC]hathway.com_0" site_id="Nepal 1" xmltv_id="Nepal 1">Nepal 1</channel>
    <channel site="[ENC]hathway.com_0" site_id="DD Assam" xmltv_id="DD Assam">DD Assam</channel>
    <channel site="[ENC]hathway.com_0" site_id="Gemini TV" xmltv_id="Gemini TV">Gemini TV</channel>
    <channel site="[ENC]hathway.com_0" site_id="ETV Telugu" xmltv_id="ETV Telugu">ETV Telugu</channel>
    <channel site="[ENC]hathway.com_0" site_id="Zee Telugu" xmltv_id="Zee Telugu">Zee Telugu</channel>
    <channel site="[ENC]hathway.com_0" site_id="Star Maa" xmltv_id="Star Maa">Star Maa</channel>
    <channel site="[ENC]hathway.com_0" site_id="DD Saptagiri" xmltv_id="DD Saptagiri">DD Saptagiri</channel>
    <channel site="[ENC]hathway.com_0" site_id="Gemini Movies" xmltv_id="Gemini Movies">Gemini Movies</channel>
    <channel site="[ENC]hathway.com_0" site_id="Star Maa Movies" xmltv_id="Star Maa Movies">Star Maa Movies</channel>
    <channel site="[ENC]hathway.com_0" site_id="Star Maa Gold" xmltv_id="Star Maa Gold">Star Maa Gold</channel>
    <channel site="[ENC]hathway.com_0" site_id="Star Maa Music" xmltv_id="Star Maa Music">Star Maa Music</channel>
    <channel site="[ENC]hathway.com_0" site_id="ETV Andhra Pradesh" xmltv_id="ETV Andhra Pradesh">ETV Andhra Pradesh</channel>
    <channel site="[ENC]hathway.com_0" site_id="TV9 Telugu News" xmltv_id="TV9 Telugu News">TV9 Telugu News</channel>
    <channel site="[ENC]hathway.com_0" site_id="SVBC" xmltv_id="SVBC">SVBC</channel>
    <channel site="[ENC]hathway.com_0" site_id="Surya TV" xmltv_id="Surya TV">Surya TV</channel>
    <channel site="[ENC]hathway.com_0" site_id="Asianet" xmltv_id="Asianet">Asianet</channel>
    <channel site="[ENC]hathway.com_0" site_id="Asianet Plus" xmltv_id="Asianet Plus">Asianet Plus</channel>
    <channel site="[ENC]hathway.com_0" site_id="Kairali TV" xmltv_id="Kairali TV">Kairali TV</channel>
    <channel site="[ENC]hathway.com_0" site_id="Amrita TV" xmltv_id="Amrita TV">Amrita TV</channel>
    <channel site="[ENC]hathway.com_0" site_id="DD Malayalam" xmltv_id="DD Malayalam">DD Malayalam</channel>
    <channel site="[ENC]hathway.com_0" site_id="Surya Music" xmltv_id="Surya Music">Surya Music</channel>
    <channel site="[ENC]hathway.com_0" site_id="Asianet Movies" xmltv_id="Asianet Movies">Asianet Movies</channel>
    <channel site="[ENC]hathway.com_0" site_id="Asianet News" xmltv_id="Asianet News">Asianet News</channel>
    <channel site="[ENC]hathway.com_0" site_id="Kairali News" xmltv_id="Kairali News">Kairali News</channel>
    <channel site="[ENC]hathway.com_0" site_id="Star Jalsha" xmltv_id="Star Jalsha">Star Jalsha</channel>
    <channel site="[ENC]hathway.com_0" site_id="Zee Bangla" xmltv_id="Zee Bangla">Zee Bangla</channel>
    <channel site="[ENC]hathway.com_0" site_id="Sony AATH" xmltv_id="Sony AATH">Sony AATH</channel>
    <channel site="[ENC]hathway.com_0" site_id="Colors Bangla" xmltv_id="Colors Bangla">Colors Bangla</channel>
    <channel site="[ENC]hathway.com_0" site_id="Aakash Aath" xmltv_id="Aakash Aath">Aakash Aath</channel>
    <channel site="[ENC]hathway.com_0" site_id="DD Bangla" xmltv_id="DD Bangla">DD Bangla</channel>
    <channel site="[ENC]hathway.com_0" site_id="ABP Ananda" xmltv_id="ABP Ananda">ABP Ananda</channel>
    <channel site="[ENC]hathway.com_0" site_id="Colors Odia" xmltv_id="Colors Odia">Colors Odia</channel>
    <channel site="[ENC]hathway.com_0" site_id="DD Oriya" xmltv_id="DD Oriya">DD Oriya</channel>
    <channel site="[ENC]hathway.com_0" site_id="MBC TV" xmltv_id="MBC TV">MBC TV</channel>
    <channel site="[ENC]hathway.com_0" site_id="Sanskar" xmltv_id="Sanskar">Sanskar</channel>
    <channel site="[ENC]hathway.com_0" site_id="Aastha" xmltv_id="Aastha">Aastha</channel>
    <channel site="[ENC]hathway.com_0" site_id="Divya TV" xmltv_id="Divya TV">Divya TV</channel>
    <channel site="[ENC]hathway.com_0" site_id="Aastha Bhajan" xmltv_id="Aastha Bhajan">Aastha Bhajan</channel>
    <channel site="[ENC]hathway.com_0" site_id="Bhakti Sagar2" xmltv_id="Bhakti Sagar2">Bhakti Sagar2</channel>
    <channel site="[ENC]hathway.com_0" site_id="Shubhsandesh TV" xmltv_id="Shubhsandesh TV">Shubhsandesh TV</channel>
    <channel site="[ENC]hathway.com_0" site_id="Disha TV" xmltv_id="Disha TV">Disha TV</channel>
    <channel site="[ENC]hathway.com_0" site_id="Peace of Mind" xmltv_id="Peace of Mind">Peace of Mind</channel>
    <channel site="[ENC]hathway.com_0" site_id="Arihant" xmltv_id="Arihant">Arihant</channel>
    <channel site="[ENC]hathway.com_0" site_id="Paras Gold" xmltv_id="Paras Gold">Paras Gold</channel>
    <channel site="[ENC]hathway.com_0" site_id="Channel WIN" xmltv_id="Channel WIN">Channel WIN</channel>
    <channel site="[ENC]hathway.com_0" site_id="Ali Channel" xmltv_id="Ali Channel">Ali Channel</channel>
    <channel site="[ENC]hathway.com_0" site_id="GOD TV" xmltv_id="GOD TV">GOD TV</channel>
    <channel site="[ENC]hathway.com_0" site_id="Goodness TV" xmltv_id="Goodness TV">Goodness TV</channel>
    <channel site="[ENC]hathway.com_0" site_id="MH One Shraddha" xmltv_id="MH One Shraddha">MH One Shraddha</channel>
  </channels>
</site>