<?xml version="1.0" encoding="UTF-8"?>
<site generator-info-name="Tempest EPG Generator (made by Kvanc)" generator-info-url="https://github.com/K-vanc/Tempest-EPG-Generator.git" site="dthhelp.net_0">
  <channels>
    <channel site="dthhelp.net_0" site_id="10tv_tv" xmltv_id="10TV">10TV</channel>
    <channel site="dthhelp.net_0" site_id="1sports_tv" xmltv_id="1Sports">1Sports</channel>
    <channel site="dthhelp.net_0" site_id="7s_music_tv" xmltv_id="7S Music">7S Music</channel>
    <channel site="dthhelp.net_0" site_id="9x_jalwa_tv" xmltv_id="9X Jalwa">9X Jalwa</channel>
    <channel site="dthhelp.net_0" site_id="9x_tashan_tv" xmltv_id="9X Tashan">9X Tashan</channel>
    <channel site="dthhelp.net_0" site_id="9xm_tv" xmltv_id="9XM">9XM</channel>
    <channel site="dthhelp.net_0" site_id="a1_tv_tv" xmltv_id="A1 TV">A1 TV</channel>
    <channel site="dthhelp.net_0" site_id="aadinath_tv_tv" xmltv_id="AADINATH TV">AADINATH TV</channel>
    <channel site="dthhelp.net_0" site_id="aaj_tak_tv" xmltv_id="Aaj Tak">Aaj Tak</channel>
    <channel site="dthhelp.net_0" site_id="aaj_tak_hd_tv" xmltv_id="Aaj Tak HD">Aaj Tak HD</channel>
    <channel site="dthhelp.net_0" site_id="aakash_aath_tv" xmltv_id="Aakash Aath">Aakash Aath</channel>
    <channel site="dthhelp.net_0" site_id="aalami_samay_tv" xmltv_id="AALAMI SAMAY">AALAMI SAMAY</channel>
    <channel site="dthhelp.net_0" site_id="aaseervatham_tv_tv" xmltv_id="Aaseervatham TV">Aaseervatham TV</channel>
    <channel site="dthhelp.net_0" site_id="aastha_tv" xmltv_id="Aastha">Aastha</channel>
    <channel site="dthhelp.net_0" site_id="aastha_bhajan_tv" xmltv_id="Aastha Bhajan">Aastha Bhajan</channel>
    <channel site="dthhelp.net_0" site_id="abn_telugu_news_tv" xmltv_id="ABN Telugu News">ABN Telugu News</channel>
    <channel site="dthhelp.net_0" site_id="abp_ananda_tv" xmltv_id="ABP Ananda">ABP Ananda</channel>
    <channel site="dthhelp.net_0" site_id="abp_asmita_tv" xmltv_id="ABP Asmita">ABP Asmita</channel>
    <channel site="dthhelp.net_0" site_id="abp_ganga_tv" xmltv_id="ABP Ganga">ABP Ganga</channel>
    <channel site="dthhelp.net_0" site_id="abp_majha_tv" xmltv_id="ABP Majha">ABP Majha</channel>
    <channel site="dthhelp.net_0" site_id="abp_news_tv" xmltv_id="ABP News">ABP News</channel>
    <channel site="dthhelp.net_0" site_id="abp_sanjha_tv" xmltv_id="ABP Sanjha">ABP Sanjha</channel>
    <channel site="dthhelp.net_0" site_id="adithya_tv_tv" xmltv_id="Adithya TV">Adithya TV</channel>
    <channel site="dthhelp.net_0" site_id="airtel_aakash_byju's__edutv___jee_tv" xmltv_id="Airtel Aakash BYJU'S EduTv">Airtel Aakash BYJU'S EduTv</channel>
    <channel site="dthhelp.net_0" site_id="airtel_aakash_byju's__edutv___neet_tv" xmltv_id="Airtel Aakash BYJU'S EduTv">Airtel Aakash BYJU'S EduTv</channel>
    <channel site="dthhelp.net_0" site_id="airtel_astrovaani_tv" xmltv_id="Airtel Astrovaani">Airtel Astrovaani</channel>
    <channel site="dthhelp.net_0" site_id="airtel_bangla_cinema_tv" xmltv_id="Airtel Bangla Cinema">Airtel Bangla Cinema</channel>
    <channel site="dthhelp.net_0" site_id="airtel_bhakti_tv" xmltv_id="Airtel Bhakti">Airtel Bhakti</channel>
    <channel site="dthhelp.net_0" site_id="airtel_bhojpuri_cinema_tv" xmltv_id="Airtel Bhojpuri Cinema">Airtel Bhojpuri Cinema</channel>
    <channel site="dthhelp.net_0" site_id="airtel_classic_tv_tv" xmltv_id="Airtel Classic TV">Airtel Classic TV</channel>
    <channel site="dthhelp.net_0" site_id="airtel_comedy_tv" xmltv_id="Airtel Comedy">Airtel Comedy</channel>
    <channel site="dthhelp.net_0" site_id="airtel_customer_care_2_tv" xmltv_id="Airtel Customer Care 2">Airtel Customer Care 2</channel>
    <channel site="dthhelp.net_0" site_id="airtel_entertainment_home_tv" xmltv_id="Airtel Entertainment Home">Airtel Entertainment Home</channel>
    <channel site="dthhelp.net_0" site_id="airtel_entertainment_home_1_tv" xmltv_id="Airtel Entertainment Home 1">Airtel Entertainment Home 1</channel>
    <channel site="dthhelp.net_0" site_id="airtel_entertainment_home_2_tv" xmltv_id="Airtel Entertainment Home 2">Airtel Entertainment Home 2</channel>
    <channel site="dthhelp.net_0" site_id="airtel_fitness_studio_tv" xmltv_id="Airtel Fitness Studio">Airtel Fitness Studio</channel>
    <channel site="dthhelp.net_0" site_id="airtel_funschool_tv" xmltv_id="Airtel FunSchool">Airtel FunSchool</channel>
    <channel site="dthhelp.net_0" site_id="airtel_funschool_tv" xmltv_id="Airtel Funschool">Airtel Funschool</channel>
    <channel site="dthhelp.net_0" site_id="airtel_gujarati_cinema_tv" xmltv_id="Airtel Gujarati Cinema">Airtel Gujarati Cinema</channel>
    <channel site="dthhelp.net_0" site_id="airtel_hd_home_tv" xmltv_id="Airtel HD Home">Airtel HD Home</channel>
    <channel site="dthhelp.net_0" site_id="airtel_hits_tv" xmltv_id="Airtel Hits">Airtel Hits</channel>
    <channel site="dthhelp.net_0" site_id="airtel_hollywood_diaries_tv" xmltv_id="Airtel Hollywood Diaries">Airtel Hollywood Diaries</channel>
    <channel site="dthhelp.net_0" site_id="airtel_hollywood_diaries_tv" xmltv_id="Airtel Hollywood Diaries">Airtel Hollywood Diaries</channel>
    <channel site="dthhelp.net_0" site_id="airtel_hollywood_masala_tv" xmltv_id="Airtel Hollywood Masala">Airtel Hollywood Masala</channel>
    <channel site="dthhelp.net_0" site_id="airtel_home_channel_2_tv" xmltv_id="Airtel Home Channel 2">Airtel Home Channel 2</channel>
    <channel site="dthhelp.net_0" site_id="airtel_ibaadat_tv" xmltv_id="Airtel Ibaadat">Airtel Ibaadat</channel>
    <channel site="dthhelp.net_0" site_id="airtel_info_home_tv" xmltv_id="Airtel Info Home">Airtel Info Home</channel>
    <channel site="dthhelp.net_0" site_id="airtel_info_home_2_tv" xmltv_id="Airtel Info Home 2">Airtel Info Home 2</channel>
    <channel site="dthhelp.net_0" site_id="airtel_korean_tvplus_tv" xmltv_id="Airtel Korean TV+">Airtel Korean TV+</channel>
    <channel site="dthhelp.net_0" site_id="airtel_make_your_pack_tv" xmltv_id="Airtel Make Your Pack">Airtel Make Your Pack</channel>
    <channel site="dthhelp.net_0" site_id="airtel_make_your_pack_10_tv" xmltv_id="Airtel Make Your Pack 10">Airtel Make Your Pack 10</channel>
    <channel site="dthhelp.net_0" site_id="airtel_make_your_pack_11_tv" xmltv_id="Airtel Make Your Pack 11">Airtel Make Your Pack 11</channel>
    <channel site="dthhelp.net_0" site_id="airtel_make_your_pack_2_tv" xmltv_id="Airtel Make Your Pack 2">Airtel Make Your Pack 2</channel>
    <channel site="dthhelp.net_0" site_id="airtel_make_your_pack_4_tv" xmltv_id="Airtel Make Your Pack 4">Airtel Make Your Pack 4</channel>
    <channel site="dthhelp.net_0" site_id="airtel_make_your_pack_7_tv" xmltv_id="Airtel Make Your Pack 7">Airtel Make Your Pack 7</channel>
    <channel site="dthhelp.net_0" site_id="airtel_make_your_pack_9_tv" xmltv_id="Airtel Make Your Pack 9">Airtel Make Your Pack 9</channel>
    <channel site="dthhelp.net_0" site_id="airtel_marathi_cinema_tv" xmltv_id="Airtel Marathi Cinema">Airtel Marathi Cinema</channel>
    <channel site="dthhelp.net_0" site_id="airtel_miniplex_tv" xmltv_id="Airtel Miniplex">Airtel Miniplex</channel>
    <channel site="dthhelp.net_0" site_id="airtel_miniplex_hd_tv" xmltv_id="Airtel Miniplex HD">Airtel Miniplex HD</channel>
    <channel site="dthhelp.net_0" site_id="airtel_movies_home_tv" xmltv_id="Airtel Movies Home">Airtel Movies Home</channel>
    <channel site="dthhelp.net_0" site_id="airtel_movies_home_1_tv" xmltv_id="Airtel Movies Home 1">Airtel Movies Home 1</channel>
    <channel site="dthhelp.net_0" site_id="airtel_movies_home_2_tv" xmltv_id="Airtel Movies Home 2">Airtel Movies Home 2</channel>
    <channel site="dthhelp.net_0" site_id="airtel_music_tv" xmltv_id="Airtel Music">Airtel Music</channel>
    <channel site="dthhelp.net_0" site_id="airtel_music_tv" xmltv_id="Airtel Music">Airtel Music</channel>
    <channel site="dthhelp.net_0" site_id="airtel_news_home_1_tv" xmltv_id="Airtel News Home 1">Airtel News Home 1</channel>
    <channel site="dthhelp.net_0" site_id="airtel_news_home_4_tv" xmltv_id="Airtel News Home 4">Airtel News Home 4</channel>
    <channel site="dthhelp.net_0" site_id="airtel_offers_1_tv" xmltv_id="Airtel Offers 1">Airtel Offers 1</channel>
    <channel site="dthhelp.net_0" site_id="airtel_punjabi_cinema_tv" xmltv_id="Airtel Punjabi Cinema">Airtel Punjabi Cinema</channel>
    <channel site="dthhelp.net_0" site_id="airtel_rahasyamaya_kahaniya_tv" xmltv_id="Airtel Rahasyamaya Kahaniya">Airtel Rahasyamaya Kahaniya</channel>
    <channel site="dthhelp.net_0" site_id="airtel_sadabahar_cinema_tv" xmltv_id="Airtel Sadabahar Cinema">Airtel Sadabahar Cinema</channel>
    <channel site="dthhelp.net_0" site_id="airtel_sd_home_tv" xmltv_id="Airtel SD Home">Airtel SD Home</channel>
    <channel site="dthhelp.net_0" site_id="airtel_shortstv_tv" xmltv_id="Airtel ShortsTv">Airtel ShortsTv</channel>
    <channel site="dthhelp.net_0" site_id="airtel_south_masala_tv" xmltv_id="Airtel South Masala">Airtel South Masala</channel>
    <channel site="dthhelp.net_0" site_id="airtel_special_offers_tv" xmltv_id="Airtel Special offers">Airtel Special offers</channel>
    <channel site="dthhelp.net_0" site_id="airtel_star_promo_home_tv" xmltv_id="Airtel Star Promo Home">Airtel Star Promo Home</channel>
    <channel site="dthhelp.net_0" site_id="airtel_star_promo_home_2_tv" xmltv_id="Airtel Star Promo Home 2">Airtel Star Promo Home 2</channel>
    <channel site="dthhelp.net_0" site_id="airtel_tamil_info_1_tv" xmltv_id="Airtel Tamil Info 1">Airtel Tamil Info 1</channel>
    <channel site="dthhelp.net_0" site_id="airtel_tamil_info_2_tv" xmltv_id="Airtel Tamil Info 2">Airtel Tamil Info 2</channel>
    <channel site="dthhelp.net_0" site_id="airtel_telugu_cinema_tv" xmltv_id="Airtel Telugu Cinema">Airtel Telugu Cinema</channel>
    <channel site="dthhelp.net_0" site_id="airtel_telugu_info_1_tv" xmltv_id="Airtel Telugu Info 1">Airtel Telugu Info 1</channel>
    <channel site="dthhelp.net_0" site_id="airtel_telugu_info_2_tv" xmltv_id="Airtel Telugu Info 2">Airtel Telugu Info 2</channel>
    <channel site="dthhelp.net_0" site_id="airtel_theatre_tv" xmltv_id="Airtel Theatre">Airtel Theatre</channel>
    <channel site="dthhelp.net_0" site_id="airtel_tn_home_tv" xmltv_id="Airtel TN Home">Airtel TN Home</channel>
    <channel site="dthhelp.net_0" site_id="airtel_toons_tv" xmltv_id="Airtel Toons">Airtel Toons</channel>
    <channel site="dthhelp.net_0" site_id="airtel_zindagi_tv" xmltv_id="Airtel Zindagi">Airtel Zindagi</channel>
    <channel site="dthhelp.net_0" site_id="alankar_tv" xmltv_id="Alankar">Alankar</channel>
    <channel site="dthhelp.net_0" site_id="amrita_tv_tv" xmltv_id="Amrita TV">Amrita TV</channel>
    <channel site="dthhelp.net_0" site_id="anb_news_tv" xmltv_id="ANB News">ANB News</channel>
    <channel site="dthhelp.net_0" site_id="and_pictures_hd_tv" xmltv_id="&amp; Pictures HD">&amp; Pictures HD</channel>
    <channel site="dthhelp.net_0" site_id="and_tv_hd_tv" xmltv_id="&amp; TV HD">&amp; TV HD</channel>
    <channel site="dthhelp.net_0" site_id="andflix_tv" xmltv_id="&amp;flix">&amp;flix</channel>
    <channel site="dthhelp.net_0" site_id="andflix_hd_tv" xmltv_id="&amp;flix HD">&amp;flix HD</channel>
    <channel site="dthhelp.net_0" site_id="andpictures_tv" xmltv_id="andpictures">andpictures</channel>
    <channel site="dthhelp.net_0" site_id="andprive_hd_tv" xmltv_id="&amp;Prive HD">&amp;Prive HD</channel>
    <channel site="dthhelp.net_0" site_id="andtv_tv" xmltv_id="ANDTV">ANDTV</channel>
    <channel site="dthhelp.net_0" site_id="andxplor_hd_tv" xmltv_id="&amp;Xplor HD">&amp;Xplor HD</channel>
    <channel site="dthhelp.net_0" site_id="angel_tv_tv" xmltv_id="Angel TV">Angel TV</channel>
    <channel site="dthhelp.net_0" site_id="animal_planet_tv" xmltv_id="Animal Planet">Animal Planet</channel>
    <channel site="dthhelp.net_0" site_id="animal_planet_world_hd_tv" xmltv_id="Animal Planet World HD">Animal Planet World HD</channel>
    <channel site="dthhelp.net_0" site_id="aradana_tv" xmltv_id="ARADANA">ARADANA</channel>
    <channel site="dthhelp.net_0" site_id="argus_tv" xmltv_id="ARGUS">ARGUS</channel>
    <channel site="dthhelp.net_0" site_id="arihant_tv" xmltv_id="Arihant">Arihant</channel>
    <channel site="dthhelp.net_0" site_id="ashirwad_tv" xmltv_id="Ashirwad">Ashirwad</channel>
    <channel site="dthhelp.net_0" site_id="asianet_tv" xmltv_id="Asianet">Asianet</channel>
    <channel site="dthhelp.net_0" site_id="asianet_hd_tv" xmltv_id="Asianet HD">Asianet HD</channel>
    <channel site="dthhelp.net_0" site_id="asianet_movies_tv" xmltv_id="Asianet Movies">Asianet Movies</channel>
    <channel site="dthhelp.net_0" site_id="asianet_news_tv" xmltv_id="Asianet News">Asianet News</channel>
    <channel site="dthhelp.net_0" site_id="asianet_plus_tv" xmltv_id="Asianet Plus">Asianet Plus</channel>
    <channel site="dthhelp.net_0" site_id="asianet_suvarna_news_tv" xmltv_id="Asianet Suvarna News">Asianet Suvarna News</channel>
    <channel site="dthhelp.net_0" site_id="assam_talks_tv" xmltv_id="Assam Talks">Assam Talks</channel>
    <channel site="dthhelp.net_0" site_id="atrangii_tv" xmltv_id="ATRANGII">ATRANGII</channel>
    <channel site="dthhelp.net_0" site_id="ayush_tv_tv" xmltv_id="Ayush TV">Ayush TV</channel>
    <channel site="dthhelp.net_0" site_id="b4u_bhojpuri_tv" xmltv_id="B4U Bhojpuri">B4U Bhojpuri</channel>
    <channel site="dthhelp.net_0" site_id="b4u_music_tv" xmltv_id="B4U Music">B4U Music</channel>
    <channel site="dthhelp.net_0" site_id="bangla_talkies_tv" xmltv_id="Bangla Talkies">Bangla Talkies</channel>
    <channel site="dthhelp.net_0" site_id="bansal_news_tv" xmltv_id="Bansal News">Bansal News</channel>
    <channel site="dthhelp.net_0" site_id="bbc_world_news_tv" xmltv_id="BBC WORLD NEWS">BBC WORLD NEWS</channel>
    <channel site="dthhelp.net_0" site_id="bflix_tv" xmltv_id="BFLIX">BFLIX</channel>
    <channel site="dthhelp.net_0" site_id="bhakti_tv_tv" xmltv_id="Bhakti TV">Bhakti TV</channel>
    <channel site="dthhelp.net_0" site_id="bharat_24_tv" xmltv_id="Bharat 24">Bharat 24</channel>
    <channel site="dthhelp.net_0" site_id="bhojpuri_cinema_tv" xmltv_id="BHOJPURI CINEMA">BHOJPURI CINEMA</channel>
    <channel site="dthhelp.net_0" site_id="big_magic_tv" xmltv_id="Big Magic">Big Magic</channel>
    <channel site="dthhelp.net_0" site_id="bindass_tv" xmltv_id="Bindass">Bindass</channel>
    <channel site="dthhelp.net_0" site_id="bol_hadippa_tv" xmltv_id="Bol Hadippa">Bol Hadippa</channel>
    <channel site="dthhelp.net_0" site_id="calcutta_news_tv" xmltv_id="Calcutta News">Calcutta News</channel>
    <channel site="dthhelp.net_0" site_id="cartoon_network_tv" xmltv_id="Cartoon Network">Cartoon Network</channel>
    <channel site="dthhelp.net_0" site_id="cartoon_network_hdplus_tv" xmltv_id="CARTOON NETWORK HD+">CARTOON NETWORK HD+</channel>
    <channel site="dthhelp.net_0" site_id="cbeebies_tv" xmltv_id="CBeebies">CBeebies</channel>
    <channel site="dthhelp.net_0" site_id="channel_win_tv" xmltv_id="Channel WIN">Channel WIN</channel>
    <channel site="dthhelp.net_0" site_id="chardikla_time_tv_tv" xmltv_id="Chardikla Time TV">Chardikla Time TV</channel>
    <channel site="dthhelp.net_0" site_id="chintu_tv_tv" xmltv_id="Chintu TV">Chintu TV</channel>
    <channel site="dthhelp.net_0" site_id="chutti_tv_tv" xmltv_id="Chutti TV">Chutti TV</channel>
    <channel site="dthhelp.net_0" site_id="cinema_tv_india_tv" xmltv_id="Cinema TV India">Cinema TV India</channel>
    <channel site="dthhelp.net_0" site_id="cnbc_awaaz_tv" xmltv_id="CNBC AWAAZ">CNBC AWAAZ</channel>
    <channel site="dthhelp.net_0" site_id="cnbc_bajar_tv" xmltv_id="CNBC Bajar">CNBC Bajar</channel>
    <channel site="dthhelp.net_0" site_id="cnbc_tv18_tv" xmltv_id="CNBC TV18">CNBC TV18</channel>
    <channel site="dthhelp.net_0" site_id="cnn_international_tv" xmltv_id="CNN International">CNN International</channel>
    <channel site="dthhelp.net_0" site_id="cnn_news18_tv" xmltv_id="CNN News18">CNN News18</channel>
    <channel site="dthhelp.net_0" site_id="colors_tv" xmltv_id="Colors">Colors</channel>
    <channel site="dthhelp.net_0" site_id="colors_bangla_tv" xmltv_id="Colors Bangla">Colors Bangla</channel>
    <channel site="dthhelp.net_0" site_id="colors_bangla_hd_tv" xmltv_id="Colors Bangla HD">Colors Bangla HD</channel>
    <channel site="dthhelp.net_0" site_id="colors_cineplex_tv" xmltv_id="Colors Cineplex">Colors Cineplex</channel>
    <channel site="dthhelp.net_0" site_id="colors_cineplex_hd_tv" xmltv_id="Colors Cineplex HD">Colors Cineplex HD</channel>
    <channel site="dthhelp.net_0" site_id="colors_cineplex_superhits_tv" xmltv_id="Colors Cineplex Superhits">Colors Cineplex Superhits</channel>
    <channel site="dthhelp.net_0" site_id="colors_gujarati_tv" xmltv_id="COLORS GUJARATI">COLORS GUJARATI</channel>
    <channel site="dthhelp.net_0" site_id="colors_gujarati_cinema_tv" xmltv_id="Colors Gujarati Cinema">Colors Gujarati Cinema</channel>
    <channel site="dthhelp.net_0" site_id="colors_hd_tv" xmltv_id="Colors HD">Colors HD</channel>
    <channel site="dthhelp.net_0" site_id="colors_infinity_tv" xmltv_id="Colors Infinity">Colors Infinity</channel>
    <channel site="dthhelp.net_0" site_id="colors_infinity_hd_tv" xmltv_id="COLORS INFINITY HD">COLORS INFINITY HD</channel>
    <channel site="dthhelp.net_0" site_id="colors_kannada_tv" xmltv_id="Colors kannada">Colors kannada</channel>
    <channel site="dthhelp.net_0" site_id="colors_kannada_cinema_tv" xmltv_id="Colors Kannada Cinema">Colors Kannada Cinema</channel>
    <channel site="dthhelp.net_0" site_id="colors_kannada_hd_tv" xmltv_id="Colors Kannada HD">Colors Kannada HD</channel>
    <channel site="dthhelp.net_0" site_id="colors_marathi_tv" xmltv_id="Colors Marathi">Colors Marathi</channel>
    <channel site="dthhelp.net_0" site_id="colors_marathi_hd_tv" xmltv_id="Colors Marathi HD">Colors Marathi HD</channel>
    <channel site="dthhelp.net_0" site_id="colors_odia_tv" xmltv_id="Colors Odia">Colors Odia</channel>
    <channel site="dthhelp.net_0" site_id="colors_rishtey_tv" xmltv_id="Colors Rishtey">Colors Rishtey</channel>
    <channel site="dthhelp.net_0" site_id="colors_super_tv" xmltv_id="Colors Super">Colors Super</channel>
    <channel site="dthhelp.net_0" site_id="colors_tamil_tv" xmltv_id="Colors Tamil">Colors Tamil</channel>
    <channel site="dthhelp.net_0" site_id="colors_tamil_hd_tv" xmltv_id="Colors Tamil HD">Colors Tamil HD</channel>
    <channel site="dthhelp.net_0" site_id="comedy_central_tv" xmltv_id="Comedy Central">Comedy Central</channel>
    <channel site="dthhelp.net_0" site_id="comedy_central_hd_tv" xmltv_id="Comedy Central HD">Comedy Central HD</channel>
    <channel site="dthhelp.net_0" site_id="ctvn_akd_plus_tv" xmltv_id="CTVN AKD Plus">CTVN AKD Plus</channel>
    <channel site="dthhelp.net_0" site_id="customer_care_tv" xmltv_id="Customer Care">Customer Care</channel>
    <channel site="dthhelp.net_0" site_id="d_tamil_tv" xmltv_id="D Tamil">D Tamil</channel>
    <channel site="dthhelp.net_0" site_id="da_news_plus_tv" xmltv_id="DA News Plus">DA News Plus</channel>
    <channel site="dthhelp.net_0" site_id="dabangg_tv_tv" xmltv_id="Dabangg TV">Dabangg TV</channel>
    <channel site="dthhelp.net_0" site_id="dangal_tv" xmltv_id="Dangal">Dangal</channel>
    <channel site="dthhelp.net_0" site_id="dangal_2_tv" xmltv_id="Dangal 2">Dangal 2</channel>
    <channel site="dthhelp.net_0" site_id="darshana_tv_tv" xmltv_id="Darshana TV">Darshana TV</channel>
    <channel site="dthhelp.net_0" site_id="dd_arunprabha_tv" xmltv_id="DD Arunprabha">DD Arunprabha</channel>
    <channel site="dthhelp.net_0" site_id="dd_bangla_tv" xmltv_id="DD Bangla">DD Bangla</channel>
    <channel site="dthhelp.net_0" site_id="dd_bharati_tv" xmltv_id="DD Bharati">DD Bharati</channel>
    <channel site="dthhelp.net_0" site_id="dd_bihar_tv" xmltv_id="DD Bihar">DD Bihar</channel>
    <channel site="dthhelp.net_0" site_id="dd_chandana_tv" xmltv_id="DD Chandana">DD Chandana</channel>
    <channel site="dthhelp.net_0" site_id="dd_girnar_tv" xmltv_id="DD Girnar">DD Girnar</channel>
    <channel site="dthhelp.net_0" site_id="dd_imphal_tv" xmltv_id="DD Imphal">DD Imphal</channel>
    <channel site="dthhelp.net_0" site_id="dd_india_tv" xmltv_id="DD India">DD India</channel>
    <channel site="dthhelp.net_0" site_id="dd_kashir_tv" xmltv_id="DD Kashir">DD Kashir</channel>
    <channel site="dthhelp.net_0" site_id="dd_kisan_tv" xmltv_id="DD Kisan">DD Kisan</channel>
    <channel site="dthhelp.net_0" site_id="dd_kishore_manch_tv" xmltv_id="DD KISHORE MANCH">DD KISHORE MANCH</channel>
    <channel site="dthhelp.net_0" site_id="dd_madhya_pradesh_tv" xmltv_id="DD Madhya Pradesh">DD Madhya Pradesh</channel>
    <channel site="dthhelp.net_0" site_id="dd_malayalam_tv" xmltv_id="DD Malayalam">DD Malayalam</channel>
    <channel site="dthhelp.net_0" site_id="dd_national_tv" xmltv_id="DD National">DD National</channel>
    <channel site="dthhelp.net_0" site_id="dd_news_tv" xmltv_id="DD News">DD News</channel>
    <channel site="dthhelp.net_0" site_id="dd_north_east_tv" xmltv_id="DD North East">DD North East</channel>
    <channel site="dthhelp.net_0" site_id="dd_oriya_tv" xmltv_id="DD Oriya">DD Oriya</channel>
    <channel site="dthhelp.net_0" site_id="dd_panini_tv" xmltv_id="DD PANINI">DD PANINI</channel>
    <channel site="dthhelp.net_0" site_id="dd_podhigai_tv" xmltv_id="DD Podhigai">DD Podhigai</channel>
    <channel site="dthhelp.net_0" site_id="dd_punjabi_tv" xmltv_id="DD Punjabi">DD Punjabi</channel>
    <channel site="dthhelp.net_0" site_id="dd_rajasthan_tv" xmltv_id="DD Rajasthan">DD Rajasthan</channel>
    <channel site="dthhelp.net_0" site_id="dd_retro_tv" xmltv_id="DD Retro">DD Retro</channel>
    <channel site="dthhelp.net_0" site_id="dd_sahyadri_tv" xmltv_id="DD Sahyadri">DD Sahyadri</channel>
    <channel site="dthhelp.net_0" site_id="dd_saptagiri_tv" xmltv_id="DD Saptagiri">DD Saptagiri</channel>
    <channel site="dthhelp.net_0" site_id="dd_sharda_tv" xmltv_id="DD SHARDA">DD SHARDA</channel>
    <channel site="dthhelp.net_0" site_id="dd_shillong_tv" xmltv_id="DD Shillong">DD Shillong</channel>
    <channel site="dthhelp.net_0" site_id="dd_shimla_tv" xmltv_id="DD Shimla">DD Shimla</channel>
    <channel site="dthhelp.net_0" site_id="dd_sports_tv" xmltv_id="DD Sports">DD Sports</channel>
    <channel site="dthhelp.net_0" site_id="dd_tripura_tv" xmltv_id="DD Tripura">DD Tripura</channel>
    <channel site="dthhelp.net_0" site_id="dd_up_tv" xmltv_id="DD UP">DD UP</channel>
    <channel site="dthhelp.net_0" site_id="dd_urdu_tv" xmltv_id="DD Urdu">DD Urdu</channel>
    <channel site="dthhelp.net_0" site_id="dd_yadagiri_tv" xmltv_id="DD Yadagiri">DD Yadagiri</channel>
    <channel site="dthhelp.net_0" site_id="dhinchak_2_tv" xmltv_id="Dhinchak 2">Dhinchak 2</channel>
    <channel site="dthhelp.net_0" site_id="dhoom_music_tv" xmltv_id="Dhoom Music">Dhoom Music</channel>
    <channel site="dthhelp.net_0" site_id="dighvijay_news_24x7_tv" xmltv_id="Dighvijay News 24X7">Dighvijay News 24X7</channel>
    <channel site="dthhelp.net_0" site_id="discovery_channel_tv" xmltv_id="Discovery Channel">Discovery Channel</channel>
    <channel site="dthhelp.net_0" site_id="discovery_hd_world_tv" xmltv_id="Discovery HD World">Discovery HD World</channel>
    <channel site="dthhelp.net_0" site_id="discovery_kids_tv" xmltv_id="Discovery Kids">Discovery Kids</channel>
    <channel site="dthhelp.net_0" site_id="discovery_science_tv" xmltv_id="Discovery Science">Discovery Science</channel>
    <channel site="dthhelp.net_0" site_id="discovery_turbo_tv" xmltv_id="Discovery Turbo">Discovery Turbo</channel>
    <channel site="dthhelp.net_0" site_id="disney_channel_tv" xmltv_id="Disney Channel">Disney Channel</channel>
    <channel site="dthhelp.net_0" site_id="disney_international_hd_tv" xmltv_id="Disney International HD">Disney International HD</channel>
    <channel site="dthhelp.net_0" site_id="disney_junior_tv" xmltv_id="Disney Junior">Disney Junior</channel>
    <channel site="dthhelp.net_0" site_id="disney_stories_tv" xmltv_id="Disney Stories">Disney Stories</channel>
    <channel site="dthhelp.net_0" site_id="divya_tv_tv" xmltv_id="Divya TV">Divya TV</channel>
    <channel site="dthhelp.net_0" site_id="divyavani_tv_tv" xmltv_id="Divyavani TV">Divyavani TV</channel>
    <channel site="dthhelp.net_0" site_id="dy365_tv" xmltv_id="DY365">DY365</channel>
    <channel site="dthhelp.net_0" site_id="e24_tv" xmltv_id="E24">E24</channel>
    <channel site="dthhelp.net_0" site_id="enterr10_bangla_tv" xmltv_id="Enterr10 Bangla">Enterr10 Bangla</channel>
    <channel site="dthhelp.net_0" site_id="epic_tv" xmltv_id="Epic">Epic</channel>
    <channel site="dthhelp.net_0" site_id="et_now_tv" xmltv_id="ET NOW">ET NOW</channel>
    <channel site="dthhelp.net_0" site_id="et_now_swadesh_tv" xmltv_id="ET NOW SWADESH">ET NOW SWADESH</channel>
    <channel site="dthhelp.net_0" site_id="etv_tv" xmltv_id="ETV">ETV</channel>
    <channel site="dthhelp.net_0" site_id="etv_2_tv" xmltv_id="ETV 2">ETV 2</channel>
    <channel site="dthhelp.net_0" site_id="etv_abhiruchi_tv" xmltv_id="ETV Abhiruchi">ETV Abhiruchi</channel>
    <channel site="dthhelp.net_0" site_id="etv_bal_bharat_tv" xmltv_id="ETV Bal Bharat">ETV Bal Bharat</channel>
    <channel site="dthhelp.net_0" site_id="etv_cinema_tv" xmltv_id="ETV Cinema">ETV Cinema</channel>
    <channel site="dthhelp.net_0" site_id="etv_hd_tv" xmltv_id="ETV HD">ETV HD</channel>
    <channel site="dthhelp.net_0" site_id="etv_life_tv" xmltv_id="ETV Life">ETV Life</channel>
    <channel site="dthhelp.net_0" site_id="etv_plus_tv" xmltv_id="ETV PLUS">ETV PLUS</channel>
    <channel site="dthhelp.net_0" site_id="etv_telangana_tv" xmltv_id="ETV Telangana">ETV Telangana</channel>
    <channel site="dthhelp.net_0" site_id="eurosport_tv" xmltv_id="Eurosport">Eurosport</channel>
    <channel site="dthhelp.net_0" site_id="eurosport_hd_tv" xmltv_id="Eurosport HD">Eurosport HD</channel>
    <channel site="dthhelp.net_0" site_id="ez_mall_tv" xmltv_id="EZ Mall">EZ Mall</channel>
    <channel site="dthhelp.net_0" site_id="fakt_marathi_tv" xmltv_id="Fakt Marathi">Fakt Marathi</channel>
    <channel site="dthhelp.net_0" site_id="filamchi_bhojpuri_tv" xmltv_id="Filamchi Bhojpuri">Filamchi Bhojpuri</channel>
    <channel site="dthhelp.net_0" site_id="first_india_news_rajasthan_tv" xmltv_id="First India News Rajasthan">First India News Rajasthan</channel>
    <channel site="dthhelp.net_0" site_id="flowers_tv_tv" xmltv_id="Flowers TV">Flowers TV</channel>
    <channel site="dthhelp.net_0" site_id="fox_life_tv" xmltv_id="FOX LIFE">FOX LIFE</channel>
    <channel site="dthhelp.net_0" site_id="fox_life_hd_tv" xmltv_id="Fox Life HD">Fox Life HD</channel>
    <channel site="dthhelp.net_0" site_id="france_24_tv" xmltv_id="France 24">France 24</channel>
    <channel site="dthhelp.net_0" site_id="gangaur_tv" xmltv_id="Gangaur">Gangaur</channel>
    <channel site="dthhelp.net_0" site_id="gemini_comedy_tv" xmltv_id="Gemini Comedy">Gemini Comedy</channel>
    <channel site="dthhelp.net_0" site_id="gemini_life_tv" xmltv_id="Gemini Life">Gemini Life</channel>
    <channel site="dthhelp.net_0" site_id="gemini_movies_tv" xmltv_id="Gemini Movies">Gemini Movies</channel>
    <channel site="dthhelp.net_0" site_id="gemini_movies_hd_tv" xmltv_id="Gemini Movies HD">Gemini Movies HD</channel>
    <channel site="dthhelp.net_0" site_id="gemini_music_tv" xmltv_id="Gemini Music">Gemini Music</channel>
    <channel site="dthhelp.net_0" site_id="gemini_music_hd_tv" xmltv_id="Gemini Music HD">Gemini Music HD</channel>
    <channel site="dthhelp.net_0" site_id="gemini_tv_tv" xmltv_id="Gemini TV">Gemini TV</channel>
    <channel site="dthhelp.net_0" site_id="gemini_tv_hd_tv" xmltv_id="Gemini TV HD">Gemini TV HD</channel>
    <channel site="dthhelp.net_0" site_id="goldmines_tv" xmltv_id="Goldmines">Goldmines</channel>
    <channel site="dthhelp.net_0" site_id="goldmines_bollywood_tv" xmltv_id="Goldmines Bollywood">Goldmines Bollywood</channel>
    <channel site="dthhelp.net_0" site_id="good_news_today_tv" xmltv_id="Good News Today">Good News Today</channel>
    <channel site="dthhelp.net_0" site_id="good_times_tv" xmltv_id="GOOD TiMES">GOOD TiMES</channel>
    <channel site="dthhelp.net_0" site_id="goodness_tv_tv" xmltv_id="Goodness TV">Goodness TV</channel>
    <channel site="dthhelp.net_0" site_id="goodnews_tv_tv" xmltv_id="Goodnews TV">Goodnews TV</channel>
    <channel site="dthhelp.net_0" site_id="grace_tv_tv" xmltv_id="Grace TV">Grace TV</channel>
    <channel site="dthhelp.net_0" site_id="gs_tv_tv" xmltv_id="GS TV">GS TV</channel>
    <channel site="dthhelp.net_0" site_id="gubbare_tv" xmltv_id="Gubbare">Gubbare</channel>
    <channel site="dthhelp.net_0" site_id="gujarat_first_24x7_news_tv" xmltv_id="GUJARAT FIRST 24X7 NEWS">GUJARAT FIRST 24X7 NEWS</channel>
    <channel site="dthhelp.net_0" site_id="gulistan_news_tv" xmltv_id="Gulistan News">Gulistan News</channel>
    <channel site="dthhelp.net_0" site_id="harvest_tv_24x7_tv" xmltv_id="Harvest TV 24x7">Harvest TV 24x7</channel>
    <channel site="dthhelp.net_0" site_id="hindi_khabar_tv" xmltv_id="Hindi Khabar">Hindi Khabar</channel>
    <channel site="dthhelp.net_0" site_id="history_tv18_tv" xmltv_id="History TV18">History TV18</channel>
    <channel site="dthhelp.net_0" site_id="history_tv18_hd_tv" xmltv_id="History TV18 HD">History TV18 HD</channel>
    <channel site="dthhelp.net_0" site_id="hm_tv_tv" xmltv_id="HM TV">HM TV</channel>
    <channel site="dthhelp.net_0" site_id="hornbill_tv" xmltv_id="HORNBILL">HORNBILL</channel>
    <channel site="dthhelp.net_0" site_id="hungama_tv" xmltv_id="HUNGAMA">HUNGAMA</channel>
    <channel site="dthhelp.net_0" site_id="ibc24_tv" xmltv_id="IBC24">IBC24</channel>
    <channel site="dthhelp.net_0" site_id="imusicspace_tv" xmltv_id="iMusicSpace">iMusicSpace</channel>
    <channel site="dthhelp.net_0" site_id="ind24_tv" xmltv_id="IND24">IND24</channel>
    <channel site="dthhelp.net_0" site_id="india_ahead_tv" xmltv_id="INDIA AHEAD">INDIA AHEAD</channel>
    <channel site="dthhelp.net_0" site_id="india_news_tv" xmltv_id="INDIA NEWS">INDIA NEWS</channel>
    <channel site="dthhelp.net_0" site_id="india_news_gujarat_tv" xmltv_id="India News Gujarat">India News Gujarat</channel>
    <channel site="dthhelp.net_0" site_id="india_news_haryana_tv" xmltv_id="INDIA NEWS HARYANA">INDIA NEWS HARYANA</channel>
    <channel site="dthhelp.net_0" site_id="india_news_up_uk_tv" xmltv_id="India News UP UK">India News UP UK</channel>
    <channel site="dthhelp.net_0" site_id="india_today_tv" xmltv_id="INDIA TODAY">INDIA TODAY</channel>
    <channel site="dthhelp.net_0" site_id="india_tv_tv" xmltv_id="India TV">India TV</channel>
    <channel site="dthhelp.net_0" site_id="inh_24x7_tv" xmltv_id="INH 24X7">INH 24X7</channel>
    <channel site="dthhelp.net_0" site_id="international_mix_tv" xmltv_id="International Mix">International Mix</channel>
    <channel site="dthhelp.net_0" site_id="investigation_discovery_tv" xmltv_id="Investigation Discovery">Investigation Discovery</channel>
    <channel site="dthhelp.net_0" site_id="investigation_discovery_hd_tv" xmltv_id="Investigation Discovery HD">Investigation Discovery HD</channel>
    <channel site="dthhelp.net_0" site_id="isai_aruvi_tv" xmltv_id="Isai Aruvi">Isai Aruvi</channel>
    <channel site="dthhelp.net_0" site_id="ishara_tv_tv" xmltv_id="Ishara TV">Ishara TV</channel>
    <channel site="dthhelp.net_0" site_id="ishwar_tv_tv" xmltv_id="Ishwar TV">Ishwar TV</channel>
    <channel site="dthhelp.net_0" site_id="j_movies_tv" xmltv_id="J Movies">J Movies</channel>
    <channel site="dthhelp.net_0" site_id="jai_maharashtra_tv" xmltv_id="Jai Maharashtra">Jai Maharashtra</channel>
    <channel site="dthhelp.net_0" site_id="jaihind_tv_tv" xmltv_id="Jaihind TV">Jaihind TV</channel>
    <channel site="dthhelp.net_0" site_id="jalsha_movies_tv" xmltv_id="Jalsha Movies">Jalsha Movies</channel>
    <channel site="dthhelp.net_0" site_id="jalsha_movies_hd_tv" xmltv_id="JALSHA MOVIES HD">JALSHA MOVIES HD</channel>
    <channel site="dthhelp.net_0" site_id="jan_tv_tv" xmltv_id="JAN TV">JAN TV</channel>
    <channel site="dthhelp.net_0" site_id="janam_tv_tv" xmltv_id="JANAM TV">JANAM TV</channel>
    <channel site="dthhelp.net_0" site_id="janta_tv_tv" xmltv_id="Janta TV">Janta TV</channel>
    <channel site="dthhelp.net_0" site_id="jantantra_tv_tv" xmltv_id="Jantantra TV">Jantantra TV</channel>
    <channel site="dthhelp.net_0" site_id="jaya_max_tv" xmltv_id="Jaya Max">Jaya Max</channel>
    <channel site="dthhelp.net_0" site_id="jaya_plus_tv" xmltv_id="Jaya Plus">Jaya Plus</channel>
    <channel site="dthhelp.net_0" site_id="jaya_tv_tv" xmltv_id="Jaya TV">Jaya TV</channel>
    <channel site="dthhelp.net_0" site_id="jinvani_tv_tv" xmltv_id="Jinvani TV">Jinvani TV</channel>
    <channel site="dthhelp.net_0" site_id="jk_24x7_news_tv" xmltv_id="JK 24x7 News">JK 24x7 News</channel>
    <channel site="dthhelp.net_0" site_id="jonack_tv" xmltv_id="Jonack">Jonack</channel>
    <channel site="dthhelp.net_0" site_id="jothi_tv_tv" xmltv_id="JOTHI TV">JOTHI TV</channel>
    <channel site="dthhelp.net_0" site_id="k_news_tv" xmltv_id="K News">K News</channel>
    <channel site="dthhelp.net_0" site_id="kairali_news_tv" xmltv_id="Kairali News">Kairali News</channel>
    <channel site="dthhelp.net_0" site_id="kairali_tv_tv" xmltv_id="Kairali TV">Kairali TV</channel>
    <channel site="dthhelp.net_0" site_id="kairali_we_tv" xmltv_id="Kairali We">Kairali We</channel>
    <channel site="dthhelp.net_0" site_id="kalaignar_tv_tv" xmltv_id="Kalaignar TV">Kalaignar TV</channel>
    <channel site="dthhelp.net_0" site_id="kalinga_tv_tv" xmltv_id="Kalinga TV">Kalinga TV</channel>
    <channel site="dthhelp.net_0" site_id="kalvi_tv" xmltv_id="Kalvi">Kalvi</channel>
    <channel site="dthhelp.net_0" site_id="kanak_news_tv" xmltv_id="KANAK NEWS">KANAK NEWS</channel>
    <channel site="dthhelp.net_0" site_id="kannada_naaptol_tv" xmltv_id="Kannada Naaptol">Kannada Naaptol</channel>
    <channel site="dthhelp.net_0" site_id="kappa_tv_tv" xmltv_id="Kappa TV">Kappa TV</channel>
    <channel site="dthhelp.net_0" site_id="kasthuri_tv_tv" xmltv_id="Kasthuri TV">Kasthuri TV</channel>
    <channel site="dthhelp.net_0" site_id="kaumudy_tv_tv" xmltv_id="Kaumudy TV">Kaumudy TV</channel>
    <channel site="dthhelp.net_0" site_id="khabar_fast_tv" xmltv_id="Khabar Fast">Khabar Fast</channel>
    <channel site="dthhelp.net_0" site_id="khabrain_abhi_tak_tv" xmltv_id="Khabrain Abhi Tak">Khabrain Abhi Tak</channel>
    <channel site="dthhelp.net_0" site_id="kite_victers_tv" xmltv_id="KITE VICTERS">KITE VICTERS</channel>
    <channel site="dthhelp.net_0" site_id="kochu_tv_tv" xmltv_id="Kochu TV">Kochu TV</channel>
    <channel site="dthhelp.net_0" site_id="ktv_tv" xmltv_id="KTV">KTV</channel>
    <channel site="dthhelp.net_0" site_id="ktv_hd_tv" xmltv_id="KTV HD">KTV HD</channel>
    <channel site="dthhelp.net_0" site_id="kushi_tv_tv" xmltv_id="Kushi TV">Kushi TV</channel>
    <channel site="dthhelp.net_0" site_id="let's_dance_tv" xmltv_id="Let's Dance">Let's Dance</channel>
    <channel site="dthhelp.net_0" site_id="living_india_news_tv" xmltv_id="Living India News">Living India News</channel>
    <channel site="dthhelp.net_0" site_id="lokshahi_tv" xmltv_id="Lokshahi">Lokshahi</channel>
    <channel site="dthhelp.net_0" site_id="madha_tv_tv" xmltv_id="Madha tv">Madha tv</channel>
    <channel site="dthhelp.net_0" site_id="maha_punjabi_tv" xmltv_id="Maha Punjabi">Maha Punjabi</channel>
    <channel site="dthhelp.net_0" site_id="maiboli_tv" xmltv_id="Maiboli">Maiboli</channel>
    <channel site="dthhelp.net_0" site_id="makkal_tv_tv" xmltv_id="Makkal TV">Makkal TV</channel>
    <channel site="dthhelp.net_0" site_id="malayalam_naaptol_tv" xmltv_id="Malayalam Naaptol">Malayalam Naaptol</channel>
    <channel site="dthhelp.net_0" site_id="manorama_news_tv" xmltv_id="Manorama News">Manorama News</channel>
    <channel site="dthhelp.net_0" site_id="mastiii_tv" xmltv_id="Mastiii">Mastiii</channel>
    <channel site="dthhelp.net_0" site_id="mathrubhumi_news_tv" xmltv_id="Mathrubhumi News">Mathrubhumi News</channel>
    <channel site="dthhelp.net_0" site_id="mazhavil_manorama_tv" xmltv_id="Mazhavil Manorama">Mazhavil Manorama</channel>
    <channel site="dthhelp.net_0" site_id="mazhavil_manorama_hd_tv" xmltv_id="Mazhavil Manorama HD">Mazhavil Manorama HD</channel>
    <channel site="dthhelp.net_0" site_id="media_one_tv" xmltv_id="MEDIA ONE">MEDIA ONE</channel>
    <channel site="dthhelp.net_0" site_id="mega_24_tv" xmltv_id="Mega 24">Mega 24</channel>
    <channel site="dthhelp.net_0" site_id="mega_musiq_tv" xmltv_id="Mega Musiq">Mega Musiq</channel>
    <channel site="dthhelp.net_0" site_id="mega_tv_tv" xmltv_id="Mega TV">Mega TV</channel>
    <channel site="dthhelp.net_0" site_id="mercy_tv_tv" xmltv_id="Mercy TV">Mercy TV</channel>
    <channel site="dthhelp.net_0" site_id="mh1_tv" xmltv_id="MH1">MH1</channel>
    <channel site="dthhelp.net_0" site_id="mh_one_dil_se_tv" xmltv_id="MH One Dil Se">MH One Dil Se</channel>
    <channel site="dthhelp.net_0" site_id="mh_one_shraddha_tv" xmltv_id="MH One Shraddha">MH One Shraddha</channel>
    <channel site="dthhelp.net_0" site_id="mirror_now_tv" xmltv_id="MIRROR NOW">MIRROR NOW</channel>
    <channel site="dthhelp.net_0" site_id="mk_news_tv" xmltv_id="MK News">MK News</channel>
    <channel site="dthhelp.net_0" site_id="mnplus_tv" xmltv_id="MN+">MN+</channel>
    <channel site="dthhelp.net_0" site_id="mnx_tv" xmltv_id="MNX">MNX</channel>
    <channel site="dthhelp.net_0" site_id="mnx_hd_tv" xmltv_id="MNX HD">MNX HD</channel>
    <channel site="dthhelp.net_0" site_id="movies_now_tv" xmltv_id="Movies Now">Movies Now</channel>
    <channel site="dthhelp.net_0" site_id="movies_now_hd_tv" xmltv_id="MOVIES NOW HD">MOVIES NOW HD</channel>
    <channel site="dthhelp.net_0" site_id="mtv_tv" xmltv_id="MTV">MTV</channel>
    <channel site="dthhelp.net_0" site_id="mtv_beats_tv" xmltv_id="MTV Beats">MTV Beats</channel>
    <channel site="dthhelp.net_0" site_id="murasu_tv" xmltv_id="Murasu">Murasu</channel>
    <channel site="dthhelp.net_0" site_id="music_zone_tv" xmltv_id="Music Zone">Music Zone</channel>
    <channel site="dthhelp.net_0" site_id="naaptol_tv" xmltv_id="Naaptol">Naaptol</channel>
    <channel site="dthhelp.net_0" site_id="nambikkai_tv_tv" xmltv_id="Nambikkai TV">Nambikkai TV</channel>
    <channel site="dthhelp.net_0" site_id="nandighosha_tv_tv" xmltv_id="Nandighosha TV">Nandighosha TV</channel>
    <channel site="dthhelp.net_0" site_id="nat_geo_wild_tv" xmltv_id="Nat Geo wild">Nat Geo wild</channel>
    <channel site="dthhelp.net_0" site_id="nat_geo_wild_hd_tv" xmltv_id="Nat Geo Wild HD">Nat Geo Wild HD</channel>
    <channel site="dthhelp.net_0" site_id="national_geographic_channel_tv" xmltv_id="National Geographic Channel">National Geographic Channel</channel>
    <channel site="dthhelp.net_0" site_id="national_geographic_channel_hd_tv" xmltv_id="National Geographic Channel HD">National Geographic Channel HD</channel>
    <channel site="dthhelp.net_0" site_id="nazraana_tv" xmltv_id="Nazraana">Nazraana</channel>
    <channel site="dthhelp.net_0" site_id="nd24_newsdaily24.in_tv" xmltv_id="ND24">ND24</channel>
    <channel site="dthhelp.net_0" site_id="ndtv_24x7_tv" xmltv_id="NDTV 24x7">NDTV 24x7</channel>
    <channel site="dthhelp.net_0" site_id="ndtv_india_tv" xmltv_id="NDTV India">NDTV India</channel>
    <channel site="dthhelp.net_0" site_id="ndtv_profit_prime_tv" xmltv_id="NDTV Profit Prime">NDTV Profit Prime</channel>
    <channel site="dthhelp.net_0" site_id="network_10_tv" xmltv_id="Network 10">Network 10</channel>
    <channel site="dthhelp.net_0" site_id="news18_assam_north_east_tv" xmltv_id="News18 Assam North">News18 Assam North</channel>
    <channel site="dthhelp.net_0" site_id="news18_bangla_tv" xmltv_id="News18 Bangla">News18 Bangla</channel>
    <channel site="dthhelp.net_0" site_id="news18_bihar_jharkhand_tv" xmltv_id="News18 Bihar Jharkhand">News18 Bihar Jharkhand</channel>
    <channel site="dthhelp.net_0" site_id="news18_gujarati_tv" xmltv_id="News18 Gujarati">News18 Gujarati</channel>
    <channel site="dthhelp.net_0" site_id="news18_india_tv" xmltv_id="News18 India">News18 India</channel>
    <channel site="dthhelp.net_0" site_id="news18_jk_himachal_tv" xmltv_id="News18 JK Himachal">News18 JK Himachal</channel>
    <channel site="dthhelp.net_0" site_id="news18_kannada_tv" xmltv_id="News18 Kannada">News18 Kannada</channel>
    <channel site="dthhelp.net_0" site_id="news18_kerala_tv" xmltv_id="News18 Kerala">News18 Kerala</channel>
    <channel site="dthhelp.net_0" site_id="news18_lokmat_tv" xmltv_id="News18 Lokmat">News18 Lokmat</channel>
    <channel site="dthhelp.net_0" site_id="news18_madhya_pradesh_chhattisgarh_tv" xmltv_id="News18 Madhya Pradesh Chhattisgarh">News18 Madhya Pradesh Chhattisgarh</channel>
    <channel site="dthhelp.net_0" site_id="news18_odia_tv" xmltv_id="News18 Odia">News18 Odia</channel>
    <channel site="dthhelp.net_0" site_id="news18_punjab_haryana_tv" xmltv_id="News18 Punjab Haryana">News18 Punjab Haryana</channel>
    <channel site="dthhelp.net_0" site_id="news18_rajasthan_tv" xmltv_id="News18 Rajasthan">News18 Rajasthan</channel>
    <channel site="dthhelp.net_0" site_id="news18_tamil_nadu_tv" xmltv_id="News18 Tamil Nadu">News18 Tamil Nadu</channel>
    <channel site="dthhelp.net_0" site_id="news18_uttar_pradesh_uttarakhand_tv" xmltv_id="News18 Uttar Pradesh Uttarakhand">News18 Uttar Pradesh Uttarakhand</channel>
    <channel site="dthhelp.net_0" site_id="news24_tv" xmltv_id="News24">News24</channel>
    <channel site="dthhelp.net_0" site_id="news24_mpcg_tv" xmltv_id="News24 MPCG">News24 MPCG</channel>
    <channel site="dthhelp.net_0" site_id="news7_tv" xmltv_id="News7">News7</channel>
    <channel site="dthhelp.net_0" site_id="news_11_bharat_tv" xmltv_id="News 11 Bharat">News 11 Bharat</channel>
    <channel site="dthhelp.net_0" site_id="news_1_india_tv" xmltv_id="News 1 India">News 1 India</channel>
    <channel site="dthhelp.net_0" site_id="news_1st_tv" xmltv_id="News 1st">News 1st</channel>
    <channel site="dthhelp.net_0" site_id="news_7_tamil_tv" xmltv_id="News 7 Tamil">News 7 Tamil</channel>
    <channel site="dthhelp.net_0" site_id="news_india_24x7_tv" xmltv_id="News India 24x7">News India 24x7</channel>
    <channel site="dthhelp.net_0" site_id="news_j_tv" xmltv_id="News J">News J</channel>
    <channel site="dthhelp.net_0" site_id="news_live_tv" xmltv_id="News Live">News Live</channel>
    <channel site="dthhelp.net_0" site_id="news_nation_tv" xmltv_id="News Nation">News Nation</channel>
    <channel site="dthhelp.net_0" site_id="news_state_bihar_jharkhand_tv" xmltv_id="News State Bihar Jharkhand">News State Bihar Jharkhand</channel>
    <channel site="dthhelp.net_0" site_id="news_state_madhya_pradesh_chhattisgarh_tv" xmltv_id="News State Madhya Pradesh Chhattisgarh">News State Madhya Pradesh Chhattisgarh</channel>
    <channel site="dthhelp.net_0" site_id="news_state_up_uk_tv" xmltv_id="News State UP UK">News State UP UK</channel>
    <channel site="dthhelp.net_0" site_id="news_tamil_24x7_tv" xmltv_id="News Tamil 24X7">News Tamil 24X7</channel>
    <channel site="dthhelp.net_0" site_id="news_time_bangla_tv" xmltv_id="News Time Bangla">News Time Bangla</channel>
    <channel site="dthhelp.net_0" site_id="nick_tv" xmltv_id="Nick">Nick</channel>
    <channel site="dthhelp.net_0" site_id="nick_hdplus_tv" xmltv_id="NICK HD+">NICK HD+</channel>
    <channel site="dthhelp.net_0" site_id="nick_junior_tv" xmltv_id="Nick Junior">Nick Junior</channel>
    <channel site="dthhelp.net_0" site_id="nipuna_tv" xmltv_id="Nipuna">Nipuna</channel>
    <channel site="dthhelp.net_0" site_id="nk_tv_24x7_tv" xmltv_id="NK TV 24x7">NK TV 24x7</channel>
    <channel site="dthhelp.net_0" site_id="north_east_live_tv" xmltv_id="North East Live">North East Live</channel>
    <channel site="dthhelp.net_0" site_id="ntv_tv" xmltv_id="NTV">NTV</channel>
    <channel site="dthhelp.net_0" site_id="otv_tv" xmltv_id="OTV">OTV</channel>
    <channel site="dthhelp.net_0" site_id="paras_gold_one_tv" xmltv_id="Paras Gold One">Paras Gold One</channel>
    <channel site="dthhelp.net_0" site_id="peace_of_mind_tv" xmltv_id="Peace of Mind">Peace of Mind</channel>
    <channel site="dthhelp.net_0" site_id="pitaara_tv" xmltv_id="Pitaara">Pitaara</channel>
    <channel site="dthhelp.net_0" site_id="pogo_tv" xmltv_id="Pogo">Pogo</channel>
    <channel site="dthhelp.net_0" site_id="polimer_news_tv" xmltv_id="Polimer News">Polimer News</channel>
    <channel site="dthhelp.net_0" site_id="polimer_tv_tv" xmltv_id="Polimer TV">Polimer TV</channel>
    <channel site="dthhelp.net_0" site_id="power_tv_tv" xmltv_id="Power TV">Power TV</channel>
    <channel site="dthhelp.net_0" site_id="powervision_tv" xmltv_id="Powervision">Powervision</channel>
    <channel site="dthhelp.net_0" site_id="prag_news_tv" xmltv_id="Prag News">Prag News</channel>
    <channel site="dthhelp.net_0" site_id="prarthana_bhawan_tv" xmltv_id="Prarthana Bhawan">Prarthana Bhawan</channel>
    <channel site="dthhelp.net_0" site_id="prarthana_tv_tv" xmltv_id="Prarthana TV">Prarthana TV</channel>
    <channel site="dthhelp.net_0" site_id="pratham_khabar_24x7_tv" xmltv_id="Pratham Khabar 24X7">Pratham Khabar 24X7</channel>
    <channel site="dthhelp.net_0" site_id="pratidin_time_tv" xmltv_id="Pratidin Time">Pratidin Time</channel>
    <channel site="dthhelp.net_0" site_id="pravah_picture_tv" xmltv_id="Pravah Picture">Pravah Picture</channel>
    <channel site="dthhelp.net_0" site_id="prime_9_news_tv" xmltv_id="PRIME 9 NEWS">PRIME 9 NEWS</channel>
    <channel site="dthhelp.net_0" site_id="ptc_chakde_tv" xmltv_id="PTC Chakde">PTC Chakde</channel>
    <channel site="dthhelp.net_0" site_id="ptc_music_tv" xmltv_id="PTC Music">PTC Music</channel>
    <channel site="dthhelp.net_0" site_id="ptc_news_tv" xmltv_id="PTC News">PTC News</channel>
    <channel site="dthhelp.net_0" site_id="ptc_punjabi_tv" xmltv_id="PTC Punjabi">PTC Punjabi</channel>
    <channel site="dthhelp.net_0" site_id="ptc_punjabi_gold_tv" xmltv_id="PTC Punjabi Gold">PTC Punjabi Gold</channel>
    <channel site="dthhelp.net_0" site_id="ptc_simran_tv" xmltv_id="PTC Simran">PTC Simran</channel>
    <channel site="dthhelp.net_0" site_id="public_movies_tv" xmltv_id="PUBLIC MOVIES">PUBLIC MOVIES</channel>
    <channel site="dthhelp.net_0" site_id="public_music_tv" xmltv_id="PUBLIC MUSIC">PUBLIC MUSIC</channel>
    <channel site="dthhelp.net_0" site_id="public_tv_tv" xmltv_id="Public TV">Public TV</channel>
    <channel site="dthhelp.net_0" site_id="punjabi_hits_tv" xmltv_id="PUNJABI HITS">PUNJABI HITS</channel>
    <channel site="dthhelp.net_0" site_id="puthiya_thalaimurai_tv" xmltv_id="Puthiya Thalaimurai">Puthiya Thalaimurai</channel>
    <channel site="dthhelp.net_0" site_id="puthu_yugam_tv" xmltv_id="Puthu Yugam">Puthu Yugam</channel>
    <channel site="dthhelp.net_0" site_id="r._bangla_tv" xmltv_id="R. Bangla">R. Bangla</channel>
    <channel site="dthhelp.net_0" site_id="r_bharat_tv" xmltv_id="R Bharat">R Bharat</channel>
    <channel site="dthhelp.net_0" site_id="raftaar_media_tv" xmltv_id="RAFTAAR MEDIA">RAFTAAR MEDIA</channel>
    <channel site="dthhelp.net_0" site_id="raj_digital_plus_tv" xmltv_id="RAJ Digital Plus">RAJ Digital Plus</channel>
    <channel site="dthhelp.net_0" site_id="raj_musix_kannada_tv" xmltv_id="Raj Musix Kannada">Raj Musix Kannada</channel>
    <channel site="dthhelp.net_0" site_id="raj_musix_malayalam_tv" xmltv_id="Raj Musix Malayalam">Raj Musix Malayalam</channel>
    <channel site="dthhelp.net_0" site_id="raj_musix_tamil_tv" xmltv_id="Raj Musix Tamil">Raj Musix Tamil</channel>
    <channel site="dthhelp.net_0" site_id="raj_musix_telugu_tv" xmltv_id="Raj Musix Telugu">Raj Musix Telugu</channel>
    <channel site="dthhelp.net_0" site_id="raj_news_kannada_tv" xmltv_id="Raj News Kannada">Raj News Kannada</channel>
    <channel site="dthhelp.net_0" site_id="raj_news_malayalam_tv" xmltv_id="Raj News Malayalam">Raj News Malayalam</channel>
    <channel site="dthhelp.net_0" site_id="raj_news_tamil_tv" xmltv_id="Raj News Tamil">Raj News Tamil</channel>
    <channel site="dthhelp.net_0" site_id="raj_news_telugu_tv" xmltv_id="Raj News Telugu">Raj News Telugu</channel>
    <channel site="dthhelp.net_0" site_id="raj_tv_tv" xmltv_id="Raj TV">Raj TV</channel>
    <channel site="dthhelp.net_0" site_id="ramdhenu_tv" xmltv_id="Ramdhenu">Ramdhenu</channel>
    <channel site="dthhelp.net_0" site_id="rang_tv" xmltv_id="Rang">Rang</channel>
    <channel site="dthhelp.net_0" site_id="rengoni_tv_tv" xmltv_id="Rengoni TV">Rengoni TV</channel>
    <channel site="dthhelp.net_0" site_id="republic_tv_tv" xmltv_id="Republic TV">Republic TV</channel>
    <channel site="dthhelp.net_0" site_id="romedy_now_tv" xmltv_id="Romedy Now">Romedy Now</channel>
    <channel site="dthhelp.net_0" site_id="rt_tv" xmltv_id="RT">RT</channel>
    <channel site="dthhelp.net_0" site_id="ruposhi_bangla_tv_tv" xmltv_id="Ruposhi Bangla TV">Ruposhi Bangla TV</channel>
    <channel site="dthhelp.net_0" site_id="saam_tv_tv" xmltv_id="Saam TV">Saam TV</channel>
    <channel site="dthhelp.net_0" site_id="sadhna_tv" xmltv_id="Sadhna">Sadhna</channel>
    <channel site="dthhelp.net_0" site_id="safari_tv_tv" xmltv_id="Safari TV">Safari TV</channel>
    <channel site="dthhelp.net_0" site_id="sahara_samay_tv" xmltv_id="Sahara Samay">Sahara Samay</channel>
    <channel site="dthhelp.net_0" site_id="sahara_samay_bihar_tv" xmltv_id="Sahara Samay Bihar">Sahara Samay Bihar</channel>
    <channel site="dthhelp.net_0" site_id="sahara_samay_mp_tv" xmltv_id="Sahara Samay MP">Sahara Samay MP</channel>
    <channel site="dthhelp.net_0" site_id="sahara_samay_rajasthan_tv" xmltv_id="Sahara Samay Rajasthan">Sahara Samay Rajasthan</channel>
    <channel site="dthhelp.net_0" site_id="sahara_samay_up_tv" xmltv_id="Sahara Samay UP">Sahara Samay UP</channel>
    <channel site="dthhelp.net_0" site_id="sai_tv_tv" xmltv_id="SAI TV">SAI TV</channel>
    <channel site="dthhelp.net_0" site_id="sakshi_tv_tv" xmltv_id="Sakshi TV">Sakshi TV</channel>
    <channel site="dthhelp.net_0" site_id="sandesh_news_tv" xmltv_id="Sandesh News">Sandesh News</channel>
    <channel site="dthhelp.net_0" site_id="sangeet_bangla_tv" xmltv_id="Sangeet Bangla">Sangeet Bangla</channel>
    <channel site="dthhelp.net_0" site_id="sangeet_marathi_tv" xmltv_id="Sangeet Marathi">Sangeet Marathi</channel>
    <channel site="dthhelp.net_0" site_id="sansad_tv_tv" xmltv_id="Sansad TV">Sansad TV</channel>
    <channel site="dthhelp.net_0" site_id="sansad_tv___rajya_sabha_tv" xmltv_id="SANSAD TV">SANSAD TV</channel>
    <channel site="dthhelp.net_0" site_id="sansad_tv_hd_tv" xmltv_id="Sansad TV HD">Sansad TV HD</channel>
    <channel site="dthhelp.net_0" site_id="sanskar_tv" xmltv_id="Sanskar">Sanskar</channel>
    <channel site="dthhelp.net_0" site_id="sanskriti_24x7_tv" xmltv_id="Sanskriti 24X7">Sanskriti 24X7</channel>
    <channel site="dthhelp.net_0" site_id="santvani_tv" xmltv_id="Santvani">Santvani</channel>
    <channel site="dthhelp.net_0" site_id="sarv_dharam_sangam_tv" xmltv_id="Sarv Dharam Sangam">Sarv Dharam Sangam</channel>
    <channel site="dthhelp.net_0" site_id="sathiyam_tv_tv" xmltv_id="Sathiyam TV">Sathiyam TV</channel>
    <channel site="dthhelp.net_0" site_id="satsang_tv" xmltv_id="Satsang">Satsang</channel>
    <channel site="dthhelp.net_0" site_id="seithigal_24x7_tv" xmltv_id="Seithigal 24X7">Seithigal 24X7</channel>
    <channel site="dthhelp.net_0" site_id="set_tv" xmltv_id="SET">SET</channel>
    <channel site="dthhelp.net_0" site_id="set_hd_tv" xmltv_id="SET HD">SET HD</channel>
    <channel site="dthhelp.net_0" site_id="shalom_tv_tv" xmltv_id="Shalom TV">Shalom TV</channel>
    <channel site="dthhelp.net_0" site_id="shemaroo_marathibana_tv" xmltv_id="SHEMAROO MARATHIBANA">SHEMAROO MARATHIBANA</channel>
    <channel site="dthhelp.net_0" site_id="shemaroo_tv_tv" xmltv_id="Shemaroo TV">Shemaroo TV</channel>
    <channel site="dthhelp.net_0" site_id="showbox_tv" xmltv_id="Showbox">Showbox</channel>
    <channel site="dthhelp.net_0" site_id="shubh_tv_tv" xmltv_id="Shubh TV">Shubh TV</channel>
    <channel site="dthhelp.net_0" site_id="shubhsandesh_tv_tv" xmltv_id="Shubhsandesh TV">Shubhsandesh TV</channel>
    <channel site="dthhelp.net_0" site_id="sidharth_bhakti_tv" xmltv_id="SIDHARTH BHAKTI">SIDHARTH BHAKTI</channel>
    <channel site="dthhelp.net_0" site_id="sidharth_gold_tv" xmltv_id="SIDHARTH GOLD">SIDHARTH GOLD</channel>
    <channel site="dthhelp.net_0" site_id="sidharth_tv_tv" xmltv_id="SIDHARTH TV">SIDHARTH TV</channel>
    <channel site="dthhelp.net_0" site_id="siri_kannada_all_time_tv" xmltv_id="SIRI KANNADA ALL TIME">SIRI KANNADA ALL TIME</channel>
    <channel site="dthhelp.net_0" site_id="sirippoli_tv" xmltv_id="Sirippoli">Sirippoli</channel>
    <channel site="dthhelp.net_0" site_id="sonic_tv" xmltv_id="Sonic">Sonic</channel>
    <channel site="dthhelp.net_0" site_id="sony_8_tv" xmltv_id="Sony 8">Sony 8</channel>
    <channel site="dthhelp.net_0" site_id="sony_bbc_earth_tv" xmltv_id="Sony BBC earth">Sony BBC earth</channel>
    <channel site="dthhelp.net_0" site_id="sony_bbc_earth_hd_tv" xmltv_id="Sony BBC earth HD">Sony BBC earth HD</channel>
    <channel site="dthhelp.net_0" site_id="sony_marathi_tv" xmltv_id="Sony Marathi">Sony Marathi</channel>
    <channel site="dthhelp.net_0" site_id="sony_max_tv" xmltv_id="SONY Max">SONY Max</channel>
    <channel site="dthhelp.net_0" site_id="sony_max_2_tv" xmltv_id="Sony Max 2">Sony Max 2</channel>
    <channel site="dthhelp.net_0" site_id="sony_max_hd_tv" xmltv_id="SONY MAX HD">SONY MAX HD</channel>
    <channel site="dthhelp.net_0" site_id="sony_pal_tv" xmltv_id="Sony Pal">Sony Pal</channel>
    <channel site="dthhelp.net_0" site_id="sony_pix_tv" xmltv_id="SONY PIX">SONY PIX</channel>
    <channel site="dthhelp.net_0" site_id="sony_pix_hd_tv" xmltv_id="Sony Pix HD">Sony Pix HD</channel>
    <channel site="dthhelp.net_0" site_id="sony_sab_tv" xmltv_id="SONY SAB">SONY SAB</channel>
    <channel site="dthhelp.net_0" site_id="sony_sab_hd_tv" xmltv_id="Sony SAB HD">Sony SAB HD</channel>
    <channel site="dthhelp.net_0" site_id="sony_sports_ten_1_tv" xmltv_id="SONY SPORTS TEN 1">SONY SPORTS TEN 1</channel>
    <channel site="dthhelp.net_0" site_id="sony_sports_ten_1_hd_tv" xmltv_id="SONY SPORTS TEN 1 HD">SONY SPORTS TEN 1 HD</channel>
    <channel site="dthhelp.net_0" site_id="sony_sports_ten_2_tv" xmltv_id="SONY SPORTS TEN 2">SONY SPORTS TEN 2</channel>
    <channel site="dthhelp.net_0" site_id="sony_sports_ten_2_hd_tv" xmltv_id="SONY SPORTS TEN 2 HD">SONY SPORTS TEN 2 HD</channel>
    <channel site="dthhelp.net_0" site_id="sony_sports_ten_3_tv" xmltv_id="SONY SPORTS TEN 3">SONY SPORTS TEN 3</channel>
    <channel site="dthhelp.net_0" site_id="sony_sports_ten_3_hd_tv" xmltv_id="SONY SPORTS TEN 3 HD">SONY SPORTS TEN 3 HD</channel>
    <channel site="dthhelp.net_0" site_id="sony_sports_ten_4_tv" xmltv_id="SONY SPORTS TEN 4">SONY SPORTS TEN 4</channel>
    <channel site="dthhelp.net_0" site_id="sony_sports_ten_5_tv" xmltv_id="SONY SPORTS TEN 5">SONY SPORTS TEN 5</channel>
    <channel site="dthhelp.net_0" site_id="sony_sports_ten_5_hd_tv" xmltv_id="SONY SPORTS TEN 5 HD">SONY SPORTS TEN 5 HD</channel>
    <channel site="dthhelp.net_0" site_id="sony_wah_tv" xmltv_id="Sony Wah">Sony Wah</channel>
    <channel site="dthhelp.net_0" site_id="sony_yay_tv" xmltv_id="Sony Yay">Sony Yay</channel>
    <channel site="dthhelp.net_0" site_id="sports18_1_tv" xmltv_id="SPORTS18">SPORTS18</channel>
    <channel site="dthhelp.net_0" site_id="sports18___1_hd_tv" xmltv_id="SPORTS18">SPORTS18</channel>
    <channel site="dthhelp.net_0" site_id="sri_sankara_tv" xmltv_id="Sri Sankara">Sri Sankara</channel>
    <channel site="dthhelp.net_0" site_id="star_bharat_tv" xmltv_id="Star Bharat">Star Bharat</channel>
    <channel site="dthhelp.net_0" site_id="star_bharat_hd_tv" xmltv_id="Star Bharat HD">Star Bharat HD</channel>
    <channel site="dthhelp.net_0" site_id="star_gold_tv" xmltv_id="STAR GOLD">STAR GOLD</channel>
    <channel site="dthhelp.net_0" site_id="star_gold_hd_tv" xmltv_id="Star Gold HD">Star Gold HD</channel>
    <channel site="dthhelp.net_0" site_id="star_gold_select_tv" xmltv_id="Star Gold Select">Star Gold Select</channel>
    <channel site="dthhelp.net_0" site_id="star_gold_select_hd_tv" xmltv_id="Star Gold Select HD">Star Gold Select HD</channel>
    <channel site="dthhelp.net_0" site_id="star_jalsha_tv" xmltv_id="Star Jalsha">Star Jalsha</channel>
    <channel site="dthhelp.net_0" site_id="star_jalsha_hd_tv" xmltv_id="STAR JALSHA HD">STAR JALSHA HD</channel>
    <channel site="dthhelp.net_0" site_id="star_kiran_tv" xmltv_id="Star Kiran">Star Kiran</channel>
    <channel site="dthhelp.net_0" site_id="star_maa_tv" xmltv_id="Star Maa">Star Maa</channel>
    <channel site="dthhelp.net_0" site_id="star_maa_gold_tv" xmltv_id="STAR MAA GOLD">STAR MAA GOLD</channel>
    <channel site="dthhelp.net_0" site_id="star_maa_hd_tv" xmltv_id="Star MAA HD">Star MAA HD</channel>
    <channel site="dthhelp.net_0" site_id="star_maa_movies_tv" xmltv_id="STAR Maa Movies">STAR Maa Movies</channel>
    <channel site="dthhelp.net_0" site_id="star_maa_movies_hd_tv" xmltv_id="Star Maa Movies HD">Star Maa Movies HD</channel>
    <channel site="dthhelp.net_0" site_id="star_maa_music_tv" xmltv_id="STAR Maa Music">STAR Maa Music</channel>
    <channel site="dthhelp.net_0" site_id="star_movies_tv" xmltv_id="STAR MOVIES">STAR MOVIES</channel>
    <channel site="dthhelp.net_0" site_id="star_movies_hd_tv" xmltv_id="Star Movies HD">Star Movies HD</channel>
    <channel site="dthhelp.net_0" site_id="star_movies_select_hd_tv" xmltv_id="Star Movies Select HD">Star Movies Select HD</channel>
    <channel site="dthhelp.net_0" site_id="star_plus_tv" xmltv_id="Star Plus">Star Plus</channel>
    <channel site="dthhelp.net_0" site_id="star_plus_hd_tv" xmltv_id="Star Plus HD">Star Plus HD</channel>
    <channel site="dthhelp.net_0" site_id="star_pravah_tv" xmltv_id="STAR PRAVAH">STAR PRAVAH</channel>
    <channel site="dthhelp.net_0" site_id="star_pravah_hd_tv" xmltv_id="STAR PRAVAH HD">STAR PRAVAH HD</channel>
    <channel site="dthhelp.net_0" site_id="star_sports_1_tv" xmltv_id="Star Sports 1">Star Sports 1</channel>
    <channel site="dthhelp.net_0" site_id="star_sports_1_bangla_tv" xmltv_id="Star Sports 1 Bangla">Star Sports 1 Bangla</channel>
    <channel site="dthhelp.net_0" site_id="star_sports_1_hd_tv" xmltv_id="Star Sports 1 HD">Star Sports 1 HD</channel>
    <channel site="dthhelp.net_0" site_id="star_sports_1_hd_hindi_tv" xmltv_id="Star Sports 1 HD Hindi">Star Sports 1 HD Hindi</channel>
    <channel site="dthhelp.net_0" site_id="star_sports_1_hindi_tv" xmltv_id="Star Sports 1 Hindi">Star Sports 1 Hindi</channel>
    <channel site="dthhelp.net_0" site_id="star_sports_1_kannada_tv" xmltv_id="Star Sports 1 Kannada">Star Sports 1 Kannada</channel>
    <channel site="dthhelp.net_0" site_id="star_sports_1_tamil_tv" xmltv_id="Star Sports 1 Tamil">Star Sports 1 Tamil</channel>
    <channel site="dthhelp.net_0" site_id="star_sports_1_telugu_tv" xmltv_id="Star Sports 1 Telugu">Star Sports 1 Telugu</channel>
    <channel site="dthhelp.net_0" site_id="star_sports_2_tv" xmltv_id="Star Sports 2">Star Sports 2</channel>
    <channel site="dthhelp.net_0" site_id="star_sports_2_hd_tv" xmltv_id="Star Sports 2 HD">Star Sports 2 HD</channel>
    <channel site="dthhelp.net_0" site_id="star_sports_3_tv" xmltv_id="Star Sports 3">Star Sports 3</channel>
    <channel site="dthhelp.net_0" site_id="star_sports_first_tv" xmltv_id="STAR SPORTS FIRST">STAR SPORTS FIRST</channel>
    <channel site="dthhelp.net_0" site_id="star_sports_select_1_tv" xmltv_id="Star Sports Select 1">Star Sports Select 1</channel>
    <channel site="dthhelp.net_0" site_id="star_sports_select_1_hd_tv" xmltv_id="Star Sports Select 1 HD">Star Sports Select 1 HD</channel>
    <channel site="dthhelp.net_0" site_id="star_sports_select_2_tv" xmltv_id="Star Sports Select 2">Star Sports Select 2</channel>
    <channel site="dthhelp.net_0" site_id="star_sports_select_2_hd_tv" xmltv_id="Star Sports Select 2 HD">Star Sports Select 2 HD</channel>
    <channel site="dthhelp.net_0" site_id="star_suvarna_tv" xmltv_id="STAR SUVARNA">STAR SUVARNA</channel>
    <channel site="dthhelp.net_0" site_id="star_suvarna_hd_tv" xmltv_id="Star Suvarna HD">Star Suvarna HD</channel>
    <channel site="dthhelp.net_0" site_id="star_suvarna_plus_tv" xmltv_id="STAR Suvarna Plus">STAR Suvarna Plus</channel>
    <channel site="dthhelp.net_0" site_id="star_utsav_tv" xmltv_id="STAR UTSAV">STAR UTSAV</channel>
    <channel site="dthhelp.net_0" site_id="star_utsav_movies_tv" xmltv_id="STAR UTSAV MOVIES">STAR UTSAV MOVIES</channel>
    <channel site="dthhelp.net_0" site_id="star_vijay_tv" xmltv_id="STAR VIJAY">STAR VIJAY</channel>
    <channel site="dthhelp.net_0" site_id="star_world_tv" xmltv_id="STAR WORLD">STAR WORLD</channel>
    <channel site="dthhelp.net_0" site_id="star_world_hd_tv" xmltv_id="STAR WORLD HD">STAR WORLD HD</channel>
    <channel site="dthhelp.net_0" site_id="star_world_premiere_hd_tv" xmltv_id="STAR WORLD PREMIERE HD">STAR WORLD PREMIERE HD</channel>
    <channel site="dthhelp.net_0" site_id="stv_haryana_news_tv" xmltv_id="STV HARYANA NEWS">STV HARYANA NEWS</channel>
    <channel site="dthhelp.net_0" site_id="subharti_tv" xmltv_id="Subharti">Subharti</channel>
    <channel site="dthhelp.net_0" site_id="subhavaartha_tv" xmltv_id="Subhavaartha">Subhavaartha</channel>
    <channel site="dthhelp.net_0" site_id="sudarshan_news_tv" xmltv_id="Sudarshan News">Sudarshan News</channel>
    <channel site="dthhelp.net_0" site_id="sun_bangla_tv" xmltv_id="Sun Bangla">Sun Bangla</channel>
    <channel site="dthhelp.net_0" site_id="sun_life_tv" xmltv_id="Sun Life">Sun Life</channel>
    <channel site="dthhelp.net_0" site_id="sun_marathi_tv" xmltv_id="SUN MARATHI">SUN MARATHI</channel>
    <channel site="dthhelp.net_0" site_id="sun_music_tv" xmltv_id="Sun Music">Sun Music</channel>
    <channel site="dthhelp.net_0" site_id="sun_music_hd_tv" xmltv_id="Sun Music HD">Sun Music HD</channel>
    <channel site="dthhelp.net_0" site_id="sun_news_tv" xmltv_id="Sun News">Sun News</channel>
    <channel site="dthhelp.net_0" site_id="sun_tv_tv" xmltv_id="Sun TV">Sun TV</channel>
    <channel site="dthhelp.net_0" site_id="sun_tv_hd_tv" xmltv_id="Sun TV HD">Sun TV HD</channel>
    <channel site="dthhelp.net_0" site_id="super_hungama_tv" xmltv_id="Super Hungama">Super Hungama</channel>
    <channel site="dthhelp.net_0" site_id="surya_comedy_tv" xmltv_id="Surya Comedy">Surya Comedy</channel>
    <channel site="dthhelp.net_0" site_id="surya_hd_tv" xmltv_id="Surya HD">Surya HD</channel>
    <channel site="dthhelp.net_0" site_id="surya_movies_tv" xmltv_id="Surya Movies">Surya Movies</channel>
    <channel site="dthhelp.net_0" site_id="surya_music_tv" xmltv_id="Surya Music">Surya Music</channel>
    <channel site="dthhelp.net_0" site_id="surya_tv_tv" xmltv_id="Surya TV">Surya TV</channel>
    <channel site="dthhelp.net_0" site_id="svbc2_tv" xmltv_id="SVBC2">SVBC2</channel>
    <channel site="dthhelp.net_0" site_id="svbc_tv" xmltv_id="SVBC">SVBC</channel>
    <channel site="dthhelp.net_0" site_id="t_news_tv" xmltv_id="T News">T News</channel>
    <channel site="dthhelp.net_0" site_id="tamil_naaptol_tv" xmltv_id="Tamil Naaptol">Tamil Naaptol</channel>
    <channel site="dthhelp.net_0" site_id="tarang_tv" xmltv_id="Tarang">Tarang</channel>
    <channel site="dthhelp.net_0" site_id="tarang_music_tv" xmltv_id="Tarang Music">Tarang Music</channel>
    <channel site="dthhelp.net_0" site_id="tehzeeb_tv_tv" xmltv_id="Tehzeeb TV">Tehzeeb TV</channel>
    <channel site="dthhelp.net_0" site_id="telugu_naaptol_tv" xmltv_id="Telugu Naaptol">Telugu Naaptol</channel>
    <channel site="dthhelp.net_0" site_id="test2ts21_tv" xmltv_id="TEST2TS21">TEST2TS21</channel>
    <channel site="dthhelp.net_0" site_id="thanthi_tv_tv" xmltv_id="Thanthi TV">Thanthi TV</channel>
    <channel site="dthhelp.net_0" site_id="the_q_tv" xmltv_id="THE Q">THE Q</channel>
    <channel site="dthhelp.net_0" site_id="times_now_tv" xmltv_id="TIMES NOW">TIMES NOW</channel>
    <channel site="dthhelp.net_0" site_id="times_now_navbharat_tv" xmltv_id="Times Now Navbharat">Times Now Navbharat</channel>
    <channel site="dthhelp.net_0" site_id="times_now_navbharat_hd_tv" xmltv_id="Times Now Navbharat HD">Times Now Navbharat HD</channel>
    <channel site="dthhelp.net_0" site_id="times_now_world_hd_tv" xmltv_id="Times Now World HD">Times Now World HD</channel>
    <channel site="dthhelp.net_0" site_id="tlc_tv" xmltv_id="TLC">TLC</channel>
    <channel site="dthhelp.net_0" site_id="tlc_hd_tv" xmltv_id="TLC HD">TLC HD</channel>
    <channel site="dthhelp.net_0" site_id="topper_tv" xmltv_id="Topper">Topper</channel>
    <channel site="dthhelp.net_0" site_id="total_tv_tv" xmltv_id="Total TV">Total TV</channel>
    <channel site="dthhelp.net_0" site_id="travelxp_tv" xmltv_id="Travelxp">Travelxp</channel>
    <channel site="dthhelp.net_0" site_id="tv100_tv" xmltv_id="TV100">TV100</channel>
    <channel site="dthhelp.net_0" site_id="tv5_kannada_tv" xmltv_id="TV5 KANNADA">TV5 KANNADA</channel>
    <channel site="dthhelp.net_0" site_id="tv5_monde_asia_tv" xmltv_id="TV5 Monde Asia">TV5 Monde Asia</channel>
    <channel site="dthhelp.net_0" site_id="tv5_telugu_tv" xmltv_id="TV5 Telugu">TV5 Telugu</channel>
    <channel site="dthhelp.net_0" site_id="tv9_bangla_tv" xmltv_id="TV9 Bangla">TV9 Bangla</channel>
    <channel site="dthhelp.net_0" site_id="tv9_bharatvarsh_tv" xmltv_id="TV9 Bharatvarsh">TV9 Bharatvarsh</channel>
    <channel site="dthhelp.net_0" site_id="tv9_gujarati_tv" xmltv_id="TV9 Gujarati">TV9 Gujarati</channel>
    <channel site="dthhelp.net_0" site_id="tv9_kannada_tv" xmltv_id="TV9 Kannada">TV9 Kannada</channel>
    <channel site="dthhelp.net_0" site_id="tv9_marathi_tv" xmltv_id="TV9 Marathi">TV9 Marathi</channel>
    <channel site="dthhelp.net_0" site_id="tv9_telugu_news_tv" xmltv_id="TV9 Telugu News">TV9 Telugu News</channel>
    <channel site="dthhelp.net_0" site_id="twenty_four_tv" xmltv_id="Twenty Four">Twenty Four</channel>
    <channel site="dthhelp.net_0" site_id="udaya_comedy_tv" xmltv_id="Udaya Comedy">Udaya Comedy</channel>
    <channel site="dthhelp.net_0" site_id="udaya_hd_tv" xmltv_id="Udaya HD">Udaya HD</channel>
    <channel site="dthhelp.net_0" site_id="udaya_movies_tv" xmltv_id="UDAYA MOVIES">UDAYA MOVIES</channel>
    <channel site="dthhelp.net_0" site_id="udaya_music_tv" xmltv_id="UDAYA MUSIC">UDAYA MUSIC</channel>
    <channel site="dthhelp.net_0" site_id="udaya_tv_tv" xmltv_id="UDAYA TV">UDAYA TV</channel>
    <channel site="dthhelp.net_0" site_id="utv_action_tv" xmltv_id="UTV Action">UTV Action</channel>
    <channel site="dthhelp.net_0" site_id="utv_hd_tv" xmltv_id="UTV HD">UTV HD</channel>
    <channel site="dthhelp.net_0" site_id="utv_movies_tv" xmltv_id="UTV Movies">UTV Movies</channel>
    <channel site="dthhelp.net_0" site_id="v6_news_tv" xmltv_id="V6 NEWS">V6 NEWS</channel>
    <channel site="dthhelp.net_0" site_id="vanitha_tv" xmltv_id="Vanitha">Vanitha</channel>
    <channel site="dthhelp.net_0" site_id="vasanth_tv_tv" xmltv_id="Vasanth TV">Vasanth TV</channel>
    <channel site="dthhelp.net_0" site_id="vendhar_tv_tv" xmltv_id="Vendhar TV">Vendhar TV</channel>
    <channel site="dthhelp.net_0" site_id="vh1_tv" xmltv_id="VH1">VH1</channel>
    <channel site="dthhelp.net_0" site_id="vidya_tv" xmltv_id="Vidya">Vidya</channel>
    <channel site="dthhelp.net_0" site_id="vijay_hd_tv" xmltv_id="Vijay HD">Vijay HD</channel>
    <channel site="dthhelp.net_0" site_id="vijay_takkar_tv" xmltv_id="Vijay Takkar">Vijay Takkar</channel>
    <channel site="dthhelp.net_0" site_id="vijaysuper_tv" xmltv_id="VIJAYSUPER">VIJAYSUPER</channel>
    <channel site="dthhelp.net_0" site_id="vip_news_tv" xmltv_id="VIP News">VIP News</channel>
    <channel site="dthhelp.net_0" site_id="vissa_tv_tv" xmltv_id="Vissa TV">Vissa TV</channel>
    <channel site="dthhelp.net_0" site_id="vistara_news_tv" xmltv_id="Vistara News">Vistara News</channel>
    <channel site="dthhelp.net_0" site_id="wion_tv" xmltv_id="WION">WION</channel>
    <channel site="dthhelp.net_0" site_id="wow_cinema_one_tv" xmltv_id="WOW Cinema One">WOW Cinema One</channel>
    <channel site="dthhelp.net_0" site_id="zee_24_ghanta_tv" xmltv_id="Zee 24 Ghanta">Zee 24 Ghanta</channel>
    <channel site="dthhelp.net_0" site_id="zee_24_kalak_tv" xmltv_id="Zee 24 Kalak">Zee 24 Kalak</channel>
    <channel site="dthhelp.net_0" site_id="zee_24_taas_tv" xmltv_id="Zee 24 Taas">Zee 24 Taas</channel>
    <channel site="dthhelp.net_0" site_id="zee_action_tv" xmltv_id="Zee Action">Zee Action</channel>
    <channel site="dthhelp.net_0" site_id="zee_anmol_tv" xmltv_id="Zee Anmol">Zee Anmol</channel>
    <channel site="dthhelp.net_0" site_id="zee_anmol_cinema_tv" xmltv_id="Zee Anmol Cinema">Zee Anmol Cinema</channel>
    <channel site="dthhelp.net_0" site_id="zee_bangla_tv" xmltv_id="Zee Bangla">Zee Bangla</channel>
    <channel site="dthhelp.net_0" site_id="zee_bangla_cinema_tv" xmltv_id="Zee Bangla Cinema">Zee Bangla Cinema</channel>
    <channel site="dthhelp.net_0" site_id="zee_bangla_hd_tv" xmltv_id="Zee Bangla HD">Zee Bangla HD</channel>
    <channel site="dthhelp.net_0" site_id="zee_bihar_jharkhand_tv" xmltv_id="Zee Bihar Jharkhand">Zee Bihar Jharkhand</channel>
    <channel site="dthhelp.net_0" site_id="zee_biskope_tv" xmltv_id="Zee Biskope">Zee Biskope</channel>
    <channel site="dthhelp.net_0" site_id="zee_business_tv" xmltv_id="Zee Business">Zee Business</channel>
    <channel site="dthhelp.net_0" site_id="zee_cafe_tv" xmltv_id="ZEE CAFE">ZEE CAFE</channel>
    <channel site="dthhelp.net_0" site_id="zee_cafe_hd_tv" xmltv_id="ZEE CAFE HD">ZEE CAFE HD</channel>
    <channel site="dthhelp.net_0" site_id="zee_cinema_tv" xmltv_id="ZEE CINEMA">ZEE CINEMA</channel>
    <channel site="dthhelp.net_0" site_id="zee_cinema_hd_tv" xmltv_id="Zee Cinema HD">Zee Cinema HD</channel>
    <channel site="dthhelp.net_0" site_id="zee_cinemalu_tv" xmltv_id="Zee Cinemalu">Zee Cinemalu</channel>
    <channel site="dthhelp.net_0" site_id="zee_cinemalu_hd_tv" xmltv_id="Zee Cinemalu HD">Zee Cinemalu HD</channel>
    <channel site="dthhelp.net_0" site_id="zee_delhi_ncr_haryana_tv" xmltv_id="Zee Delhi NCR Haryana">Zee Delhi NCR Haryana</channel>
    <channel site="dthhelp.net_0" site_id="zee_ganga_tv" xmltv_id="Zee Ganga">Zee Ganga</channel>
    <channel site="dthhelp.net_0" site_id="zee_hindustan_tv" xmltv_id="Zee Hindustan">Zee Hindustan</channel>
    <channel site="dthhelp.net_0" site_id="zee_kannada_tv" xmltv_id="Zee Kannada">Zee Kannada</channel>
    <channel site="dthhelp.net_0" site_id="zee_kannada_hd_tv" xmltv_id="Zee Kannada HD">Zee Kannada HD</channel>
    <channel site="dthhelp.net_0" site_id="zee_keralam_tv" xmltv_id="Zee Keralam">Zee Keralam</channel>
    <channel site="dthhelp.net_0" site_id="zee_keralam_hd_tv" xmltv_id="Zee Keralam HD">Zee Keralam HD</channel>
    <channel site="dthhelp.net_0" site_id="zee_madhya_pradesh_chhattisgarh_tv" xmltv_id="Zee Madhya Pradesh Chhattisgarh">Zee Madhya Pradesh Chhattisgarh</channel>
    <channel site="dthhelp.net_0" site_id="zee_marathi_tv" xmltv_id="Zee Marathi">Zee Marathi</channel>
    <channel site="dthhelp.net_0" site_id="zee_marathi_hd_tv" xmltv_id="Zee Marathi HD">Zee Marathi HD</channel>
    <channel site="dthhelp.net_0" site_id="zee_news_tv" xmltv_id="Zee News">Zee News</channel>
    <channel site="dthhelp.net_0" site_id="zee_picchar_tv" xmltv_id="Zee Picchar">Zee Picchar</channel>
    <channel site="dthhelp.net_0" site_id="zee_punjab_haryana_himachal_tv" xmltv_id="Zee Punjab Haryana Himachal">Zee Punjab Haryana Himachal</channel>
    <channel site="dthhelp.net_0" site_id="zee_punjabi_tv" xmltv_id="Zee Punjabi">Zee Punjabi</channel>
    <channel site="dthhelp.net_0" site_id="zee_rajasthan_news_tv" xmltv_id="Zee Rajasthan News">Zee Rajasthan News</channel>
    <channel site="dthhelp.net_0" site_id="zee_salaam_tv" xmltv_id="Zee Salaam">Zee Salaam</channel>
    <channel site="dthhelp.net_0" site_id="zee_sarthak_tv" xmltv_id="Zee Sarthak">Zee Sarthak</channel>
    <channel site="dthhelp.net_0" site_id="zee_talkies_tv" xmltv_id="Zee Talkies">Zee Talkies</channel>
    <channel site="dthhelp.net_0" site_id="zee_talkies_hd_tv" xmltv_id="Zee Talkies HD">Zee Talkies HD</channel>
    <channel site="dthhelp.net_0" site_id="zee_tamil_hd_tv" xmltv_id="Zee Tamil HD">Zee Tamil HD</channel>
    <channel site="dthhelp.net_0" site_id="zee_tamizh_tv" xmltv_id="ZEE TAMIZH">ZEE TAMIZH</channel>
    <channel site="dthhelp.net_0" site_id="zee_telugu_tv" xmltv_id="Zee Telugu">Zee Telugu</channel>
    <channel site="dthhelp.net_0" site_id="zee_telugu_hd_tv" xmltv_id="Zee Telugu HD">Zee Telugu HD</channel>
    <channel site="dthhelp.net_0" site_id="zee_thirai_tv" xmltv_id="Zee Thirai">Zee Thirai</channel>
    <channel site="dthhelp.net_0" site_id="zee_tv_tv" xmltv_id="Zee TV">Zee TV</channel>
    <channel site="dthhelp.net_0" site_id="zee_tv_hd_tv" xmltv_id="Zee TV HD">Zee TV HD</channel>
    <channel site="dthhelp.net_0" site_id="zee_uttar_pradesh_uttarakhand_tv" xmltv_id="Zee Uttar Pradesh Uttarakhand">Zee Uttar Pradesh Uttarakhand</channel>
    <channel site="dthhelp.net_0" site_id="zee_yuva_tv" xmltv_id="Zee Yuva">Zee Yuva</channel>
    <channel site="dthhelp.net_0" site_id="zee_zest_tv" xmltv_id="Zee Zest">Zee Zest</channel>
    <channel site="dthhelp.net_0" site_id="zing_tv" xmltv_id="Zing">Zing</channel>
    <channel site="dthhelp.net_0" site_id="zoom_tv" xmltv_id="Zoom">Zoom</channel>
  </channels>
</site>