<?xml version="1.0" encoding="UTF-8"?>
<site generator-info-name="Tempest EPG Generator (made by Kvanc)" generator-info-url="https://github.com/K-vanc/Tempest-EPG-Generator.git" site="[ENC]digea.gr[el]_0">
  <channels>
    <channel site="[ENC]digea.gr[el]_0" site_id="100||alpha.png" xmltv_id="ALPHA">ALPHA</channel>
    <channel site="[ENC]digea.gr[el]_0" site_id="600||skai.png" xmltv_id="SKAI">SKAI</channel>
    <channel site="[ENC]digea.gr[el]_0" site_id="300||antenna.png" xmltv_id="ANT1">ANT1</channel>
    <channel site="[ENC]digea.gr[el]_0" site_id="800||etv.png" xmltv_id="OPEN BEYOND">OPEN BEYOND</channel>
    <channel site="[ENC]digea.gr[el]_0" site_id="700||star.png" xmltv_id="STAR">STAR</channel>
    <channel site="[ENC]digea.gr[el]_0" site_id="900||LOGO_MEGA.png" xmltv_id="MEGA">MEGA</channel>
    <channel site="[ENC]digea.gr[el]_0" site_id="400||mak.png" xmltv_id="M.tv">M.tv</channel>
    <channel site="[ENC]digea.gr[el]_0" site_id="5780||epsilon1.png" xmltv_id="ED An. Mak. Thrakis">ED An. Mak. Thrakis</channel>
    <channel site="[ENC]digea.gr[el]_0" site_id="5720||DELTA%20TV%20(id%205720).jpg" xmltv_id="DELTA TV">DELTA TV</channel>
    <channel site="[ENC]digea.gr[el]_0" site_id="5725||DIKTYO%20TV%20(id%205725).jpg" xmltv_id="DIKTYO TV">DIKTYO TV</channel>
    <channel site="[ENC]digea.gr[el]_0" site_id="5735||ENA%20CHANNEL%20(id%205735).jpg" xmltv_id="ENA CHANNEL">ENA CHANNEL</channel>
    <channel site="[ENC]digea.gr[el]_0" site_id="5775||TILE%20EPILOGES%20(id%205775).jpg" xmltv_id="TILE EPILOGES">TILE EPILOGES</channel>
    <channel site="[ENC]digea.gr[el]_0" site_id="5770||THRAKINET%20(id%205770).jpg" xmltv_id="THRAKINET">THRAKINET</channel>
    <channel site="[ENC]digea.gr[el]_0" site_id="5750||ORESTIADA%20TV%20EPG.png" xmltv_id="ORESTIADA TV">ORESTIADA TV</channel>
    <channel site="[ENC]digea.gr[el]_0" site_id="5700||ALFA%20(id%205700).jpg" xmltv_id="ALFA">ALFA</channel>
    <channel site="[ENC]digea.gr[el]_0" site_id="5710||CENTER%20TV%20(id%205710).jpg" xmltv_id="CENTER TV">CENTER TV</channel>
    <channel site="[ENC]digea.gr[el]_0" site_id="5790||next.jpg" xmltv_id="NEXT TV">NEXT TV</channel>
    <channel site="[ENC]digea.gr[el]_0" site_id="5730||SMILE%20(EGNATIA%20id%205730).jpg" xmltv_id="SMILE">SMILE</channel>
    <channel site="[ENC]digea.gr[el]_0" site_id="5765||star_b_ellados.jpg" xmltv_id="STAR B. ELLADOS">STAR B. ELLADOS</channel>
    <channel site="[ENC]digea.gr[el]_0" site_id="5760||rodopi.png" xmltv_id="TV RODOPI">TV RODOPI</channel>
    <channel site="[ENC]digea.gr[el]_0" site_id="5755||LYDIA%20TV%20EPG.jpg" xmltv_id="LYDIA TV">LYDIA TV</channel>
    <channel site="[ENC]digea.gr[el]_0" site_id="5860||Vergina.png" xmltv_id="BERGINA">BERGINA</channel>
    <channel site="[ENC]digea.gr[el]_0" site_id="5855||ATLAS%20TV%20EPG.png" xmltv_id="ATLAS TV">ATLAS TV</channel>
    <channel site="[ENC]digea.gr[el]_0" site_id="5865||DION.jpg" xmltv_id="DION TV">DION TV</channel>
    <channel site="[ENC]digea.gr[el]_0" site_id="5920||SUPER%20TV%20EPG.jpg" xmltv_id="EURO CHANNEL">EURO CHANNEL</channel>
    <channel site="[ENC]digea.gr[el]_0" site_id="5880||EUROPE%20ONE%20EPG.jpg" xmltv_id="EUROPE ONE">EUROPE ONE</channel>
    <channel site="[ENC]digea.gr[el]_0" site_id="5922||GNOMI_TV.jpg" xmltv_id="GNOMI TV">GNOMI TV</channel>
    <channel site="[ENC]digea.gr[el]_0" site_id="5925||TV100.jpg" xmltv_id="TV 100">TV 100</channel>
    <channel site="[ENC]digea.gr[el]_0" site_id="5885||epsilon2_3.png" xmltv_id="AE CHANNEL THESSALONIKI">AE CHANNEL THESSALONIKI</channel>
    <channel site="[ENC]digea.gr[el]_0" site_id="5910||nickelodeon-plus.png" xmltv_id="NICKELODEON PLUS">NICKELODEON PLUS</channel>
    <channel site="[ENC]digea.gr[el]_0" site_id="5850||4E%20EPG.jpg" xmltv_id="4Ε">4Ε</channel>
    <channel site="[ENC]digea.gr[el]_0" site_id="6010||OSIOS%20NIKANOR.jpg" xmltv_id="ΟΣΙΟΣ ΝΙΚΑΝΩΡ">ΟΣΙΟΣ ΝΙΚΑΝΩΡ</channel>
    <channel site="[ENC]digea.gr[el]_0" site_id="6000||DIKTYO%20EPG.jpg" xmltv_id="DIKTYO">DIKTYO</channel>
    <channel site="[ENC]digea.gr[el]_0" site_id="6005||FLASH%20TV%20EPG.jpg" xmltv_id="FLASH TV">FLASH TV</channel>
    <channel site="[ENC]digea.gr[el]_0" site_id="6060||WEST%20CHANNEL%20EPG.jpg" xmltv_id="WEST CHANNEL">WEST CHANNEL</channel>
    <channel site="[ENC]digea.gr[el]_0" site_id="6050||TOP%20CHANNEL%20EPG.jpg" xmltv_id="TOP CHANNEL">TOP CHANNEL</channel>
    <channel site="[ENC]digea.gr[el]_0" site_id="7005||AXELWOS%20TV%20EPG.jpg" xmltv_id="AXELWOS TV">AXELWOS TV</channel>
    <channel site="[ENC]digea.gr[el]_0" site_id="7010||vima.png" xmltv_id="BHMA TV">BHMA TV</channel>
    <channel site="[ENC]digea.gr[el]_0" site_id="7050||ipeiros.png" xmltv_id="EPIRUS TV1">EPIRUS TV1</channel>
    <channel site="[ENC]digea.gr[el]_0" site_id="7000||ART%20TV%20EPG.jpg" xmltv_id="ART TV">ART TV</channel>
    <channel site="[ENC]digea.gr[el]_0" site_id="7015||CORFU%20TV%20EPG.jpg" xmltv_id="CORFU TV">CORFU TV</channel>
    <channel site="[ENC]digea.gr[el]_0" site_id="7055||itv.jpg" xmltv_id="ITV">ITV</channel>
    <channel site="[ENC]digea.gr[el]_0" site_id="7065||START%20EPG.jpg" xmltv_id="START TV">START TV</channel>
    <channel site="[ENC]digea.gr[el]_0" site_id="5036||NET.png" xmltv_id="a.NET">a.NET</channel>
    <channel site="[ENC]digea.gr[el]_0" site_id="5012||ILEKTRA-new.png" xmltv_id="HLEKTRA TV">HLEKTRA TV</channel>
    <channel site="[ENC]digea.gr[el]_0" site_id="5048||LYCHNOS%20EPG%20(white).jpg" xmltv_id="LYCHNOS">LYCHNOS</channel>
    <channel site="[ENC]digea.gr[el]_0" site_id="5034||mesogeios.jpg" xmltv_id="MESOGEIOS TV">MESOGEIOS TV</channel>
    <channel site="[ENC]digea.gr[el]_0" site_id="5038||ORT.png" xmltv_id="ORT">ORT</channel>
    <channel site="[ENC]digea.gr[el]_0" site_id="5000||ACHAIA.png" xmltv_id="ACHAIA CHANNEL">ACHAIA CHANNEL</channel>
    <channel site="[ENC]digea.gr[el]_0" site_id="5002||ARKADIKI.png" xmltv_id="ARKADIKI TV">ARKADIKI TV</channel>
    <channel site="[ENC]digea.gr[el]_0" site_id="5004||AXION.png" xmltv_id="AXION TV">AXION TV</channel>
    <channel site="[ENC]digea.gr[el]_0" site_id="5006||BEST.png" xmltv_id="BEST TV">BEST TV</channel>
    <channel site="[ENC]digea.gr[el]_0" site_id="5014||IONIAN-CHANNEL.png" xmltv_id="IONIAN CHANNEL">IONIAN CHANNEL</channel>
    <channel site="[ENC]digea.gr[el]_0" site_id="5030||LEPANTO.png" xmltv_id="LEPANTO">LEPANTO</channel>
    <channel site="[ENC]digea.gr[el]_0" site_id="5007||PLP%20TV%20EPG.png" xmltv_id="PLP">PLP</channel>
    <channel site="[ENC]digea.gr[el]_0" site_id="5040||RTP.png" xmltv_id="RTP KENTPO">RTP KENTPO</channel>
    <channel site="[ENC]digea.gr[el]_0" site_id="5042||SUPER-TV.png" xmltv_id="SUPER">SUPER</channel>
    <channel site="[ENC]digea.gr[el]_0" site_id="5044||SUPER-B-TV.png" xmltv_id="SUPER B">SUPER B</channel>
    <channel site="[ENC]digea.gr[el]_0" site_id="5955||THESSALIA%20TV%20EPG.jpg" xmltv_id="THESSALIA TV">THESSALIA TV</channel>
    <channel site="[ENC]digea.gr[el]_0" site_id="5950||ASTRA%20TV%20EPG.jpg" xmltv_id="ASTRA TV">ASTRA TV</channel>
    <channel site="[ENC]digea.gr[el]_0" site_id="5970||SMILE%20PLUS%20LOGO%20(ZEYS).jpg" xmltv_id="SMILE PLUS">SMILE PLUS</channel>
    <channel site="[ENC]digea.gr[el]_0" site_id="5960||TRT%20EPG.jpg" xmltv_id="TRT">TRT</channel>
    <channel site="[ENC]digea.gr[el]_0" site_id="5965||TV10.png" xmltv_id="TV 10">TV 10</channel>
    <channel site="[ENC]digea.gr[el]_0" site_id="5104||ENA%20K.E.%20EPG.jpg" xmltv_id="ENA K.E.">ENA K.E.</channel>
    <channel site="[ENC]digea.gr[el]_0" site_id="5108||starke.png" xmltv_id="STAR K.E.">STAR K.E.</channel>
    <channel site="[ENC]digea.gr[el]_0" site_id="5100||E%20TV%20EPG.jpg" xmltv_id="ETV">ETV</channel>
    <channel site="[ENC]digea.gr[el]_0" site_id="3074||ART.png" xmltv_id="ART">ART</channel>
    <channel site="[ENC]digea.gr[el]_0" site_id="3068||alert.png" xmltv_id="ALERT">ALERT</channel>
    <channel site="[ENC]digea.gr[el]_0" site_id="3008||attica.jpg" xmltv_id="ATTICA TV">ATTICA TV</channel>
    <channel site="[ENC]digea.gr[el]_0" site_id="3012||BLUESKY.png" xmltv_id="BLUE SKY">BLUE SKY</channel>
    <channel site="[ENC]digea.gr[el]_0" site_id="3016||channel9.jpg" xmltv_id="CHANNEL 9">CHANNEL 9</channel>
    <channel site="[ENC]digea.gr[el]_0" site_id="3000||EXTRA.png" xmltv_id="EXTRA CHANNEL">EXTRA CHANNEL</channel>
    <channel site="[ENC]digea.gr[el]_0" site_id="3030||ae_channel9.jpg" xmltv_id="AE CHANNEL">AE CHANNEL</channel>
    <channel site="[ENC]digea.gr[el]_0" site_id="3004||action24.jpg" xmltv_id="ACTION24">ACTION24</channel>
    <channel site="[ENC]digea.gr[el]_0" site_id="3034||HIGHTV.png" xmltv_id="HIGH TV">HIGH TV</channel>
    <channel site="[ENC]digea.gr[el]_0" site_id="3038||KONTRACHANNEL.png" xmltv_id="KONTRA">KONTRA</channel>
    <channel site="[ENC]digea.gr[el]_0" site_id="3042||MADTV.png" xmltv_id="MAD TV">MAD TV</channel>
    <channel site="[ENC]digea.gr[el]_0" site_id="3064||NICKELODEON.png" xmltv_id="NICKELODEON">NICKELODEON</channel>
    <channel site="[ENC]digea.gr[el]_0" site_id="3060||RISE%20EPG%20WHITE%203.png" xmltv_id="RISE TV">RISE TV</channel>
    <channel site="[ENC]digea.gr[el]_0" site_id="3072||smile.png" xmltv_id="SMILE">SMILE</channel>
    <channel site="[ENC]digea.gr[el]_0" site_id="7140" xmltv_id="AE TV">AE TV</channel>
    <channel site="[ENC]digea.gr[el]_0" site_id="7110||KRHTH%20TV%20EPG.png" xmltv_id="KPHTH TV">KPHTH TV</channel>
    <channel site="[ENC]digea.gr[el]_0" site_id="7115||KRHTHTV1.png" xmltv_id="KPHTH TV 1">KPHTH TV 1</channel>
    <channel site="[ENC]digea.gr[el]_0" site_id="7130||NEA%20TV%20CRETE%20EPG2.jpg" xmltv_id="NEA TV CRETE">NEA TV CRETE</channel>
    <channel site="[ENC]digea.gr[el]_0" site_id="7105||TILEORASI%20CRETA%20EPG.jpg" xmltv_id="CRETA">CRETA</channel>
    <channel site="[ENC]digea.gr[el]_0" site_id="7100||CHANNEL%204U%20EPG.jpg" xmltv_id="NOTOS TV">NOTOS TV</channel>
    <channel site="[ENC]digea.gr[el]_0" site_id="7135||SITIA%20TV%20EPG%20(NEW).png" xmltv_id="SITIA TV">SITIA TV</channel>
    <channel site="[ENC]digea.gr[el]_0" site_id="7150||AIGAIOTV%20EPG.jpg" xmltv_id="AIGAIOTV">AIGAIOTV</channel>
    <channel site="[ENC]digea.gr[el]_0" site_id="7175||TV%20SAMOS%20EPG.jpg" xmltv_id="SAMIAKI TV">SAMIAKI TV</channel>
    <channel site="[ENC]digea.gr[el]_0" site_id="7160||IRIDA%20TV%20EPG.jpg" xmltv_id="IRIDA TV">IRIDA TV</channel>
    <channel site="[ENC]digea.gr[el]_0" site_id="7155||KOS%20TV.jpg" xmltv_id="DIMOTIKI TILEORASI KO">DIMOTIKI TILEORASI KO</channel>
    <channel site="[ENC]digea.gr[el]_0" site_id="7185||TV%20KOSMOS%20EPG.jpg" xmltv_id="KOSMOS">KOSMOS</channel>
    <channel site="[ENC]digea.gr[el]_0" site_id="7170||tharri.png" xmltv_id="THARRI">THARRI</channel>
    <channel site="[ENC]digea.gr[el]_0" site_id="7205||syros.jpg" xmltv_id="SYROS TV1">SYROS TV1</channel>
    <channel site="[ENC]digea.gr[el]_0" site_id="7210||VOLCANO%20TV%20EPG.jpg" xmltv_id="VOLCANO">VOLCANO</channel>
    <channel site="[ENC]digea.gr[el]_0" site_id="5800||ALITHEIA%20TV%20(EPG).jpg" xmltv_id="ALITHEIA TV">ALITHEIA TV</channel>
    <channel site="[ENC]digea.gr[el]_0" site_id="5810||PATRIDA%20TV%20EPG%20(no%20logo).jpg" xmltv_id="PATRIDA TV">PATRIDA TV</channel>
    <channel site="[ENC]digea.gr[el]_0" site_id="5815||AEOLOS2.png" xmltv_id="TVM">TVM</channel>
  </channels>
</site>