<?xml version="1.0" encoding="UTF-8"?>
<site generator-info-name="Tempest EPG Generator (made by Kvanc)" generator-info-url="https://github.com/K-vanc/Tempest-EPG-Generator.git" site="[ENC][EX]cosmotetv.gr_0">
  <channels>
    <channel site="[ENC][EX]cosmotetv.gr_0" site_id="promohd" xmltv_id="Promo HD">Promo HD</channel>
    <channel site="[ENC][EX]cosmotetv.gr_0" site_id="vouli" xmltv_id="ΒΟΥΛΗ HD">ΒΟΥΛΗ HD</channel>
    <channel site="[ENC][EX]cosmotetv.gr_0" site_id="ertnews" xmltv_id="ΕΡΤ NEWS">ΕΡΤ NEWS</channel>
    <channel site="[ENC][EX]cosmotetv.gr_0" site_id="ert1" xmltv_id="ΕΡΤ1 HD">ΕΡΤ1 HD</channel>
    <channel site="[ENC][EX]cosmotetv.gr_0" site_id="ert2" xmltv_id="ΕΡΤ2 HD">ΕΡΤ2 HD</channel>
    <channel site="[ENC][EX]cosmotetv.gr_0" site_id="ert3" xmltv_id="ΕΡΤ3 HD">ΕΡΤ3 HD</channel>
    <channel site="[ENC][EX]cosmotetv.gr_0" site_id="ant1hd" xmltv_id="ANT1">ANT1</channel>
    <channel site="[ENC][EX]cosmotetv.gr_0" site_id="alphahd" xmltv_id="ALPHA">ALPHA</channel>
    <channel site="[ENC][EX]cosmotetv.gr_0" site_id="starhd" xmltv_id="STAR">STAR</channel>
    <channel site="[ENC][EX]cosmotetv.gr_0" site_id="skaihd" xmltv_id="ΣΚΑΪ">ΣΚΑΪ</channel>
    <channel site="[ENC][EX]cosmotetv.gr_0" site_id="openbeyondhd" xmltv_id="OPEN BEYOND">OPEN BEYOND</channel>
    <channel site="[ENC][EX]cosmotetv.gr_0" site_id="onechannelhd" xmltv_id="ONE Channel HD">ONE Channel HD</channel>
    <channel site="[ENC][EX]cosmotetv.gr_0" site_id="megahd" xmltv_id="MEGA HD">MEGA HD</channel>
    <channel site="[ENC][EX]cosmotetv.gr_0" site_id="makedoniatv" xmltv_id="Μακεδονία TV HD">Μακεδονία TV HD</channel>
    <channel site="[ENC][EX]cosmotetv.gr_0" site_id="naftemporhd" xmltv_id="Naftemporiki">Naftemporiki</channel>
    <channel site="[ENC][EX]cosmotetv.gr_0" site_id="action24" xmltv_id="Action 24">Action 24</channel>
    <channel site="[ENC][EX]cosmotetv.gr_0" site_id="kontrahd" xmltv_id="Kontra">Kontra</channel>
    <channel site="[ENC][EX]cosmotetv.gr_0" site_id="atticatv" xmltv_id="ATTICA TV">ATTICA TV</channel>
    <channel site="[ENC][EX]cosmotetv.gr_0" site_id="euronewsgreek" xmltv_id="Euronews Greek">Euronews Greek</channel>
    <channel site="[ENC][EX]cosmotetv.gr_0" site_id="historyhd" xmltv_id="COSMOTE History HD">COSMOTE History HD</channel>
    <channel site="[ENC][EX]cosmotetv.gr_0" site_id="cinema1hd" xmltv_id="COSMOTE Cinema 1 HD">COSMOTE Cinema 1 HD</channel>
    <channel site="[ENC][EX]cosmotetv.gr_0" site_id="cinema2hd" xmltv_id="COSMOTE Cinema 2 HD">COSMOTE Cinema 2 HD</channel>
    <channel site="[ENC][EX]cosmotetv.gr_0" site_id="cinema3" xmltv_id="COSMOTE Cinema 3">COSMOTE Cinema 3</channel>
    <channel site="[ENC][EX]cosmotetv.gr_0" site_id="cinema4hd" xmltv_id="COSMOTE Series HD">COSMOTE Series HD</channel>
    <channel site="[ENC][EX]cosmotetv.gr_0" site_id="marathonhd" xmltv_id="COSMOTE Series Marathon">COSMOTE Series Marathon</channel>
    <channel site="[ENC][EX]cosmotetv.gr_0" site_id="villagehd" xmltv_id="Village Cinema HD">Village Cinema HD</channel>
    <channel site="[ENC][EX]cosmotetv.gr_0" site_id="tcmhd" xmltv_id="TCM HD">TCM HD</channel>
    <channel site="[ENC][EX]cosmotetv.gr_0" site_id="foxlifehd" xmltv_id="FX Life">FX Life</channel>
    <channel site="[ENC][EX]cosmotetv.gr_0" site_id="foxhd" xmltv_id="FX">FX</channel>
    <channel site="[ENC][EX]cosmotetv.gr_0" site_id="ehd" xmltv_id="E! HD">E! HD</channel>
    <channel site="[ENC][EX]cosmotetv.gr_0" site_id="highlightshd" xmltv_id="COSMOTE Sport Highlights HD">COSMOTE Sport Highlights HD</channel>
    <channel site="[ENC][EX]cosmotetv.gr_0" site_id="sport1hd" xmltv_id="COSMOTE Sport 1 HD">COSMOTE Sport 1 HD</channel>
    <channel site="[ENC][EX]cosmotetv.gr_0" site_id="sport2hd" xmltv_id="COSMOTE Sport 2 HD">COSMOTE Sport 2 HD</channel>
    <channel site="[ENC][EX]cosmotetv.gr_0" site_id="sport3hd" xmltv_id="COSMOTE Sport 3 HD">COSMOTE Sport 3 HD</channel>
    <channel site="[ENC][EX]cosmotetv.gr_0" site_id="sport4hd" xmltv_id="COSMOTE Sport 4 HD">COSMOTE Sport 4 HD</channel>
    <channel site="[ENC][EX]cosmotetv.gr_0" site_id="sport5hd" xmltv_id="COSMOTE Sport 5 HD">COSMOTE Sport 5 HD</channel>
    <channel site="[ENC][EX]cosmotetv.gr_0" site_id="sport6hd" xmltv_id="COSMOTE Sport 6 HD">COSMOTE Sport 6 HD</channel>
    <channel site="[ENC][EX]cosmotetv.gr_0" site_id="sport7hd" xmltv_id="COSMOTE Sport 7 HD">COSMOTE Sport 7 HD</channel>
    <channel site="[ENC][EX]cosmotetv.gr_0" site_id="sport8hd" xmltv_id="COSMOTE Sport 8 HD">COSMOTE Sport 8 HD</channel>
    <channel site="[ENC][EX]cosmotetv.gr_0" site_id="sport9hd" xmltv_id="COSMOTE Sport 9 HD">COSMOTE Sport 9 HD</channel>
    <channel site="[ENC][EX]cosmotetv.gr_0" site_id="sport4k1" xmltv_id="COSMOTE Sport 4K">COSMOTE Sport 4K</channel>
    <channel site="[ENC][EX]cosmotetv.gr_0" site_id="team01hd" xmltv_id="ΑΕΚ SL Pass">ΑΕΚ SL Pass</channel>
    <channel site="[ENC][EX]cosmotetv.gr_0" site_id="team02hd" xmltv_id="ΟΛΥΜΠΙΑΚΟΣ SL Pass">ΟΛΥΜΠΙΑΚΟΣ SL Pass</channel>
    <channel site="[ENC][EX]cosmotetv.gr_0" site_id="team03hd" xmltv_id="ΠΑΝΑΘΗΝΑΪΚΟΣ SL Pass">ΠΑΝΑΘΗΝΑΪΚΟΣ SL Pass</channel>
    <channel site="[ENC][EX]cosmotetv.gr_0" site_id="novanews" xmltv_id="Novasports News HD">Novasports News HD</channel>
    <channel site="[ENC][EX]cosmotetv.gr_0" site_id="novastart" xmltv_id="Novasports Start HD">Novasports Start HD</channel>
    <channel site="[ENC][EX]cosmotetv.gr_0" site_id="novaprime" xmltv_id="Novasports Prime HD">Novasports Prime HD</channel>
    <channel site="[ENC][EX]cosmotetv.gr_0" site_id="nova1" xmltv_id="Novasports1HD">Novasports1HD</channel>
    <channel site="[ENC][EX]cosmotetv.gr_0" site_id="nova2" xmltv_id="Novasports2HD">Novasports2HD</channel>
    <channel site="[ENC][EX]cosmotetv.gr_0" site_id="nova3" xmltv_id="Novasports3HD">Novasports3HD</channel>
    <channel site="[ENC][EX]cosmotetv.gr_0" site_id="nova4" xmltv_id="Novasports4HD">Novasports4HD</channel>
    <channel site="[ENC][EX]cosmotetv.gr_0" site_id="nova5" xmltv_id="Novasports5HD">Novasports5HD</channel>
    <channel site="[ENC][EX]cosmotetv.gr_0" site_id="nova6" xmltv_id="Novasports6HD">Novasports6HD</channel>
    <channel site="[ENC][EX]cosmotetv.gr_0" site_id="novaplg" xmltv_id="Novasports Premier League HD">Novasports Premier League HD</channel>
    <channel site="[ENC][EX]cosmotetv.gr_0" site_id="novaextra1" xmltv_id="Novasportsextra1HD">Novasportsextra1HD</channel>
    <channel site="[ENC][EX]cosmotetv.gr_0" site_id="novaextra2" xmltv_id="Novasportsextra2HD">Novasportsextra2HD</channel>
    <channel site="[ENC][EX]cosmotetv.gr_0" site_id="novaextra3" xmltv_id="Novasportsextra3HD">Novasportsextra3HD</channel>
    <channel site="[ENC][EX]cosmotetv.gr_0" site_id="novaextra4" xmltv_id="Novasportsextra4HD">Novasportsextra4HD</channel>
    <channel site="[ENC][EX]cosmotetv.gr_0" site_id="nauticalhd" xmltv_id="Nautical Channel HD">Nautical Channel HD</channel>
    <channel site="[ENC][EX]cosmotetv.gr_0" site_id="motorvisionhd" xmltv_id="Motorvision+">Motorvision+</channel>
    <channel site="[ENC][EX]cosmotetv.gr_0" site_id="ginxesports" xmltv_id="GINX eSports">GINX eSports</channel>
    <channel site="[ENC][EX]cosmotetv.gr_0" site_id="nationalgeo" xmltv_id="National Geographic HD">National Geographic HD</channel>
    <channel site="[ENC][EX]cosmotetv.gr_0" site_id="natgeowildhd" xmltv_id="Nat Geo Wild HD">Nat Geo Wild HD</channel>
    <channel site="[ENC][EX]cosmotetv.gr_0" site_id="bbcearthhd" xmltv_id="BBC Earth HD">BBC Earth HD</channel>
    <channel site="[ENC][EX]cosmotetv.gr_0" site_id="viasathistory" xmltv_id="Viasat History HD">Viasat History HD</channel>
    <channel site="[ENC][EX]cosmotetv.gr_0" site_id="viasatnature" xmltv_id="Viasat Nature HD">Viasat Nature HD</channel>
    <channel site="[ENC][EX]cosmotetv.gr_0" site_id="viasatexplore" xmltv_id="Viasat Explore HD">Viasat Explore HD</channel>
    <channel site="[ENC][EX]cosmotetv.gr_0" site_id="crimeinvestig" xmltv_id="Crime and Investigation">Crime and Investigation</channel>
    <channel site="[ENC][EX]cosmotetv.gr_0" site_id="museumtv" xmltv_id="Museum TV">Museum TV</channel>
    <channel site="[ENC][EX]cosmotetv.gr_0" site_id="myzentvhd" xmltv_id="MyZen TV">MyZen TV</channel>
    <channel site="[ENC][EX]cosmotetv.gr_0" site_id="luxetvhd" xmltv_id="Luxe TV HD">Luxe TV HD</channel>
    <channel site="[ENC][EX]cosmotetv.gr_0" site_id="fashiontv" xmltv_id="FTV HD">FTV HD</channel>
    <channel site="[ENC][EX]cosmotetv.gr_0" site_id="disneychannel" xmltv_id="Disney Channel">Disney Channel</channel>
    <channel site="[ENC][EX]cosmotetv.gr_0" site_id="disneyjunior" xmltv_id="Disney Junior">Disney Junior</channel>
    <channel site="[ENC][EX]cosmotetv.gr_0" site_id="nickelodeonhd" xmltv_id="Nickelodeon HD">Nickelodeon HD</channel>
    <channel site="[ENC][EX]cosmotetv.gr_0" site_id="babytv" xmltv_id="Baby TV">Baby TV</channel>
    <channel site="[ENC][EX]cosmotetv.gr_0" site_id="smiletv" xmltv_id="Smile TV">Smile TV</channel>
    <channel site="[ENC][EX]cosmotetv.gr_0" site_id="ducktv" xmltv_id="ducktv">ducktv</channel>
    <channel site="[ENC][EX]cosmotetv.gr_0" site_id="madhd" xmltv_id="MAD HD">MAD HD</channel>
    <channel site="[ENC][EX]cosmotetv.gr_0" site_id="madhitshd" xmltv_id="MAD Viral HD">MAD Viral HD</channel>
    <channel site="[ENC][EX]cosmotetv.gr_0" site_id="panikhd" xmltv_id="Panik TV">Panik TV</channel>
    <channel site="[ENC][EX]cosmotetv.gr_0" site_id="mtveurope" xmltv_id="MTV Europe">MTV Europe</channel>
    <channel site="[ENC][EX]cosmotetv.gr_0" site_id="mtvlivehd" xmltv_id="MTV Live">MTV Live</channel>
    <channel site="[ENC][EX]cosmotetv.gr_0" site_id="vh1" xmltv_id="MTV 00s">MTV 00s</channel>
    <channel site="[ENC][EX]cosmotetv.gr_0" site_id="mtvhits" xmltv_id="MTV Hits">MTV Hits</channel>
    <channel site="[ENC][EX]cosmotetv.gr_0" site_id="mezzo" xmltv_id="MEZZO LIVE HD">MEZZO LIVE HD</channel>
    <channel site="[ENC][EX]cosmotetv.gr_0" site_id="stingraycmusic" xmltv_id="Stingray CMusic">Stingray CMusic</channel>
    <channel site="[ENC][EX]cosmotetv.gr_0" site_id="stingrayiconc" xmltv_id="Stingray iConcerts">Stingray iConcerts</channel>
    <channel site="[ENC][EX]cosmotetv.gr_0" site_id="aepsilon" xmltv_id="α.Epsilon">α.Epsilon</channel>
    <channel site="[ENC][EX]cosmotetv.gr_0" site_id="verginatv" xmltv_id="Βεργίνα TV">Βεργίνα TV</channel>
    <channel site="[ENC][EX]cosmotetv.gr_0" site_id="enachannel" xmltv_id="ENA Channel">ENA Channel</channel>
    <channel site="[ENC][EX]cosmotetv.gr_0" site_id="channel4e" xmltv_id="4Ε">4Ε</channel>
    <channel site="[ENC][EX]cosmotetv.gr_0" site_id="kritineatv" xmltv_id="Κρήτη Νέα Τηλεόραση">Κρήτη Νέα Τηλεόραση</channel>
    <channel site="[ENC][EX]cosmotetv.gr_0" site_id="krititv" xmltv_id="ΚΡΗΤΗ TV">ΚΡΗΤΗ TV</channel>
    <channel site="[ENC][EX]cosmotetv.gr_0" site_id="starkentriki" xmltv_id="Star Κεντρικής Ελλάδας">Star Κεντρικής Ελλάδας</channel>
    <channel site="[ENC][EX]cosmotetv.gr_0" site_id="tv100" xmltv_id="TV100">TV100</channel>
    <channel site="[ENC][EX]cosmotetv.gr_0" site_id="cnn" xmltv_id="CNN">CNN</channel>
    <channel site="[ENC][EX]cosmotetv.gr_0" site_id="bbcworldnews" xmltv_id="BBC News">BBC News</channel>
    <channel site="[ENC][EX]cosmotetv.gr_0" site_id="skynews" xmltv_id="Sky News">Sky News</channel>
    <channel site="[ENC][EX]cosmotetv.gr_0" site_id="deutschewelle" xmltv_id="Deutsche Welle">Deutsche Welle</channel>
    <channel site="[ENC][EX]cosmotetv.gr_0" site_id="france24en" xmltv_id="France 24 En">France 24 En</channel>
    <channel site="[ENC][EX]cosmotetv.gr_0" site_id="alarabiya" xmltv_id="Al Arabiya">Al Arabiya</channel>
    <channel site="[ENC][EX]cosmotetv.gr_0" site_id="aljazeera" xmltv_id="Al Jazeera">Al Jazeera</channel>
    <channel site="[ENC][EX]cosmotetv.gr_0" site_id="asharq" xmltv_id="Asharq News">Asharq News</channel>
    <channel site="[ENC][EX]cosmotetv.gr_0" site_id="bloomberg" xmltv_id="Bloomberg">Bloomberg</channel>
    <channel site="[ENC][EX]cosmotetv.gr_0" site_id="cnbc" xmltv_id="CNBC">CNBC</channel>
    <channel site="[ENC][EX]cosmotetv.gr_0" site_id="euronewseng" xmltv_id="Euronews English">Euronews English</channel>
    <channel site="[ENC][EX]cosmotetv.gr_0" site_id="ertworld" xmltv_id="ERT WORLD">ERT WORLD</channel>
  </channels>
</site>