<?xml version="1.0" encoding="UTF-8"?>
<site generator-info-name="Tempest EPG Generator (made by Kvanc)" generator-info-url="https://github.com/K-vanc/Tempest-EPG-Generator.git" site="[ENC][EX]cosmotetv.gr_0">
  <channels>
    <channel site="[ENC][EX]cosmotetv.gr_0" site_id="boule" xmltv_id="ΒΟΥΛΗ">ΒΟΥΛΗ</channel>
    <channel site="[ENC][EX]cosmotetv.gr_0" site_id="ert-news" xmltv_id="ΕΡΤ NEWS">ΕΡΤ NEWS</channel>
    <channel site="[ENC][EX]cosmotetv.gr_0" site_id="ert1-hd" xmltv_id="ΕΡΤ1 HD">ΕΡΤ1 HD</channel>
    <channel site="[ENC][EX]cosmotetv.gr_0" site_id="ert2-hd" xmltv_id="ΕΡΤ2 HD">ΕΡΤ2 HD</channel>
    <channel site="[ENC][EX]cosmotetv.gr_0" site_id="ert3-hd" xmltv_id="ΕΡΤ3 HD">ΕΡΤ3 HD</channel>
    <channel site="[ENC][EX]cosmotetv.gr_0" site_id="ant1-hd" xmltv_id="ANT1 HD">ANT1 HD</channel>
    <channel site="[ENC][EX]cosmotetv.gr_0" site_id="alpha-hd" xmltv_id="ALPHA HD">ALPHA HD</channel>
    <channel site="[ENC][EX]cosmotetv.gr_0" site_id="star-hd" xmltv_id="STAR HD">STAR HD</channel>
    <channel site="[ENC][EX]cosmotetv.gr_0" site_id="skai-hd" xmltv_id="ΣΚΑΪ HD">ΣΚΑΪ HD</channel>
    <channel site="[ENC][EX]cosmotetv.gr_0" site_id="open-beyond-hd" xmltv_id="OPEN BEYOND HD">OPEN BEYOND HD</channel>
    <channel site="[ENC][EX]cosmotetv.gr_0" site_id="one-channel-hd" xmltv_id="ONE Channel HD">ONE Channel HD</channel>
    <channel site="[ENC][EX]cosmotetv.gr_0" site_id="mega-hd" xmltv_id="MEGA HD">MEGA HD</channel>
    <channel site="[ENC][EX]cosmotetv.gr_0" site_id="makedonia-tv-hd" xmltv_id="Μακεδονία TV HD">Μακεδονία TV HD</channel>
    <channel site="[ENC][EX]cosmotetv.gr_0" site_id="naftemporiki" xmltv_id="Naftemporiki">Naftemporiki</channel>
    <channel site="[ENC][EX]cosmotetv.gr_0" site_id="action-24" xmltv_id="Action 24">Action 24</channel>
    <channel site="[ENC][EX]cosmotetv.gr_0" site_id="kontra-channel" xmltv_id="Kontra Channel">Kontra Channel</channel>
    <channel site="[ENC][EX]cosmotetv.gr_0" site_id="euronews-greek" xmltv_id="Euronews Greek">Euronews Greek</channel>
    <channel site="[ENC][EX]cosmotetv.gr_0" site_id="cosmote-history-hd" xmltv_id="COSMOTE HISTORY HD">COSMOTE HISTORY HD</channel>
    <channel site="[ENC][EX]cosmotetv.gr_0" site_id="cosmote-cinema-1hd" xmltv_id="COSMOTE CINEMA 1HD">COSMOTE CINEMA 1HD</channel>
    <channel site="[ENC][EX]cosmotetv.gr_0" site_id="cosmote-cinema-2-hd" xmltv_id="COSMOTE CINEMA 2 HD">COSMOTE CINEMA 2 HD</channel>
    <channel site="[ENC][EX]cosmotetv.gr_0" site_id="cosmote-cinema-3" xmltv_id="COSMOTE CINEMA 3">COSMOTE CINEMA 3</channel>
    <channel site="[ENC][EX]cosmotetv.gr_0" site_id="cosmote-series-hd" xmltv_id="COSMOTE SERIES HD">COSMOTE SERIES HD</channel>
    <channel site="[ENC][EX]cosmotetv.gr_0" site_id="cosmote-series-marathon" xmltv_id="COSMOTE SERIES MARATHON">COSMOTE SERIES MARATHON</channel>
    <channel site="[ENC][EX]cosmotetv.gr_0" site_id="village-cinema-hd" xmltv_id="Village Cinema HD">Village Cinema HD</channel>
    <channel site="[ENC][EX]cosmotetv.gr_0" site_id="tcm-hd" xmltv_id="TCM HD">TCM HD</channel>
    <channel site="[ENC][EX]cosmotetv.gr_0" site_id="fx" xmltv_id="FX">FX</channel>
    <channel site="[ENC][EX]cosmotetv.gr_0" site_id="fx-life" xmltv_id="FX Life">FX Life</channel>
    <channel site="[ENC][EX]cosmotetv.gr_0" site_id="e-hd" xmltv_id="E! HD">E! HD</channel>
    <channel site="[ENC][EX]cosmotetv.gr_0" site_id="cosmote-sport-highlights-hd" xmltv_id="COSMOTE SPORT HIGHLIGHTS HD">COSMOTE SPORT HIGHLIGHTS HD</channel>
    <channel site="[ENC][EX]cosmotetv.gr_0" site_id="cosmote-sport-1hd" xmltv_id="COSMOTE SPORT 1HD">COSMOTE SPORT 1HD</channel>
    <channel site="[ENC][EX]cosmotetv.gr_0" site_id="cosmote-sport-2hd" xmltv_id="COSMOTE SPORT 2HD">COSMOTE SPORT 2HD</channel>
    <channel site="[ENC][EX]cosmotetv.gr_0" site_id="cosmote-sport-3hd" xmltv_id="COSMOTE SPORT 3HD">COSMOTE SPORT 3HD</channel>
    <channel site="[ENC][EX]cosmotetv.gr_0" site_id="cosmote-sport-4hd" xmltv_id="COSMOTE SPORT 4HD">COSMOTE SPORT 4HD</channel>
    <channel site="[ENC][EX]cosmotetv.gr_0" site_id="cosmote-sport-5hd" xmltv_id="COSMOTE SPORT 5HD">COSMOTE SPORT 5HD</channel>
    <channel site="[ENC][EX]cosmotetv.gr_0" site_id="cosmote-sport-6hd" xmltv_id="COSMOTE SPORT 6HD">COSMOTE SPORT 6HD</channel>
    <channel site="[ENC][EX]cosmotetv.gr_0" site_id="cosmote-sport-7hd" xmltv_id="COSMOTE SPORT 7HD">COSMOTE SPORT 7HD</channel>
    <channel site="[ENC][EX]cosmotetv.gr_0" site_id="cosmote-sport-8hd" xmltv_id="COSMOTE SPORT 8HD">COSMOTE SPORT 8HD</channel>
    <channel site="[ENC][EX]cosmotetv.gr_0" site_id="cosmote-sport-9hd" xmltv_id="COSMOTE SPORT 9HD">COSMOTE SPORT 9HD</channel>
    <channel site="[ENC][EX]cosmotetv.gr_0" site_id="cosmote-sport-4k" xmltv_id="COSMOTE Sport 4K">COSMOTE Sport 4K</channel>
    <channel site="[ENC][EX]cosmotetv.gr_0" site_id="cosmote-sport-aek-super-league-pass" xmltv_id="COSMOTE SPORT ΑΕΚ Super League Pass">COSMOTE SPORT ΑΕΚ Super League Pass</channel>
    <channel site="[ENC][EX]cosmotetv.gr_0" site_id="cosmote-sport-olympiakos-super-league-pass" xmltv_id="COSMOTE SPORT ΟΛΥΜΠΙΑΚΟΣ Super League Pass">COSMOTE SPORT ΟΛΥΜΠΙΑΚΟΣ Super League Pass</channel>
    <channel site="[ENC][EX]cosmotetv.gr_0" site_id="cosmote-sport-panathenaikos-super-league-pass" xmltv_id="COSMOTE SPORT ΠΑΝΑΘΗΝΑΪΚΟΣ Super League Pass">COSMOTE SPORT ΠΑΝΑΘΗΝΑΪΚΟΣ Super League Pass</channel>
    <channel site="[ENC][EX]cosmotetv.gr_0" site_id="ginx-esports" xmltv_id="GINX eSports">GINX eSports</channel>
    <channel site="[ENC][EX]cosmotetv.gr_0" site_id="nautical-channel-hd" xmltv_id="Nautical Channel HD">Nautical Channel HD</channel>
    <channel site="[ENC][EX]cosmotetv.gr_0" site_id="national-geographic-hd" xmltv_id="National Geographic HD">National Geographic HD</channel>
    <channel site="[ENC][EX]cosmotetv.gr_0" site_id="motorvision-channel-hd" xmltv_id="Motorvision Channel HD">Motorvision Channel HD</channel>
    <channel site="[ENC][EX]cosmotetv.gr_0" site_id="mad" xmltv_id="MAD">MAD</channel>
    <channel site="[ENC][EX]cosmotetv.gr_0" site_id="nat-geo-wild-hd" xmltv_id="Nat Geo Wild HD">Nat Geo Wild HD</channel>
    <channel site="[ENC][EX]cosmotetv.gr_0" site_id="bbc-earth-hd" xmltv_id="BBC Earth HD">BBC Earth HD</channel>
    <channel site="[ENC][EX]cosmotetv.gr_0" site_id="viasat-history-hd" xmltv_id="Viasat History HD">Viasat History HD</channel>
    <channel site="[ENC][EX]cosmotetv.gr_0" site_id="viasat-nature-hd" xmltv_id="Viasat Nature HD">Viasat Nature HD</channel>
    <channel site="[ENC][EX]cosmotetv.gr_0" site_id="viasat-explore-hd" xmltv_id="Viasat Explore HD">Viasat Explore HD</channel>
    <channel site="[ENC][EX]cosmotetv.gr_0" site_id="crime-and-investigation" xmltv_id="Crime and Investigation">Crime and Investigation</channel>
    <channel site="[ENC][EX]cosmotetv.gr_0" site_id="myzen-tv" xmltv_id="MyZen TV">MyZen TV</channel>
    <channel site="[ENC][EX]cosmotetv.gr_0" site_id="museum-tv" xmltv_id="Museum TV">Museum TV</channel>
    <channel site="[ENC][EX]cosmotetv.gr_0" site_id="cbs-reality" xmltv_id="CBS Reality">CBS Reality</channel>
    <channel site="[ENC][EX]cosmotetv.gr_0" site_id="luxe-tv-hd" xmltv_id="Luxe TV HD">Luxe TV HD</channel>
    <channel site="[ENC][EX]cosmotetv.gr_0" site_id="ftv-hd" xmltv_id="FTV HD">FTV HD</channel>
    <channel site="[ENC][EX]cosmotetv.gr_0" site_id="mad-viral-hd" xmltv_id="MAD Viral HD">MAD Viral HD</channel>
    <channel site="[ENC][EX]cosmotetv.gr_0" site_id="mtv-europe" xmltv_id="MTV Europe">MTV Europe</channel>
    <channel site="[ENC][EX]cosmotetv.gr_0" site_id="panik-tv" xmltv_id="Panik TV">Panik TV</channel>
    <channel site="[ENC][EX]cosmotetv.gr_0" site_id="mtv-live" xmltv_id="MTV Live">MTV Live</channel>
    <channel site="[ENC][EX]cosmotetv.gr_0" site_id="mtv-00s" xmltv_id="MTV 00s">MTV 00s</channel>
    <channel site="[ENC][EX]cosmotetv.gr_0" site_id="stingray-cmusic" xmltv_id="Stingray CMusic">Stingray CMusic</channel>
    <channel site="[ENC][EX]cosmotetv.gr_0" site_id="mezzo-live-hd" xmltv_id="MEZZO LIVE HD">MEZZO LIVE HD</channel>
    <channel site="[ENC][EX]cosmotetv.gr_0" site_id="stingray-iconcerts" xmltv_id="Stingray iConcerts">Stingray iConcerts</channel>
    <channel site="[ENC][EX]cosmotetv.gr_0" site_id="disney-channel" xmltv_id="Disney Channel">Disney Channel</channel>
    <channel site="[ENC][EX]cosmotetv.gr_0" site_id="disney-junior" xmltv_id="Disney Junior">Disney Junior</channel>
    <channel site="[ENC][EX]cosmotetv.gr_0" site_id="nickelodeon-hd" xmltv_id="Nickelodeon HD">Nickelodeon HD</channel>
    <channel site="[ENC][EX]cosmotetv.gr_0" site_id="baby-tv" xmltv_id="Baby TV">Baby TV</channel>
    <channel site="[ENC][EX]cosmotetv.gr_0" site_id="smile-tv" xmltv_id="Smile TV">Smile TV</channel>
    <channel site="[ENC][EX]cosmotetv.gr_0" site_id="ducktv" xmltv_id="ducktv">ducktv</channel>
    <channel site="[ENC][EX]cosmotetv.gr_0" site_id="aigaio-tv" xmltv_id="Αιγαίο TV">Αιγαίο TV</channel>
    <channel site="[ENC][EX]cosmotetv.gr_0" site_id="a-epsilon" xmltv_id="α.Epsilon">α.Epsilon</channel>
    <channel site="[ENC][EX]cosmotetv.gr_0" site_id="bergina-tv" xmltv_id="Βεργίνα TV">Βεργίνα TV</channel>
    <channel site="[ENC][EX]cosmotetv.gr_0" site_id="attica-tv" xmltv_id="ATTICA TV">ATTICA TV</channel>
    <channel site="[ENC][EX]cosmotetv.gr_0" site_id="ena-channel" xmltv_id="ENA Channel">ENA Channel</channel>
    <channel site="[ENC][EX]cosmotetv.gr_0" site_id="4e" xmltv_id="4Ε">4Ε</channel>
    <channel site="[ENC][EX]cosmotetv.gr_0" site_id="krete-nea-teleorase" xmltv_id="Κρήτη Νέα Τηλεόραση">Κρήτη Νέα Τηλεόραση</channel>
    <channel site="[ENC][EX]cosmotetv.gr_0" site_id="krete-tv" xmltv_id="ΚΡΗΤΗ TV">ΚΡΗΤΗ TV</channel>
    <channel site="[ENC][EX]cosmotetv.gr_0" site_id="star-kentrikes-elladas" xmltv_id="Star Κεντρικής Ελλάδας">Star Κεντρικής Ελλάδας</channel>
    <channel site="[ENC][EX]cosmotetv.gr_0" site_id="tv100" xmltv_id="TV100">TV100</channel>
    <channel site="[ENC][EX]cosmotetv.gr_0" site_id="cnn" xmltv_id="CNN">CNN</channel>
    <channel site="[ENC][EX]cosmotetv.gr_0" site_id="bbc-news" xmltv_id="BBC News">BBC News</channel>
    <channel site="[ENC][EX]cosmotetv.gr_0" site_id="sky-news" xmltv_id="Sky News">Sky News</channel>
    <channel site="[ENC][EX]cosmotetv.gr_0" site_id="dw" xmltv_id="DW">DW</channel>
    <channel site="[ENC][EX]cosmotetv.gr_0" site_id="france-24-en" xmltv_id="France 24 En">France 24 En</channel>
    <channel site="[ENC][EX]cosmotetv.gr_0" site_id="france-24-fr" xmltv_id="France 24 Fr">France 24 Fr</channel>
    <channel site="[ENC][EX]cosmotetv.gr_0" site_id="al-jazeera" xmltv_id="Al Jazeera">Al Jazeera</channel>
    <channel site="[ENC][EX]cosmotetv.gr_0" site_id="al-arabiya" xmltv_id="Al Arabiya">Al Arabiya</channel>
    <channel site="[ENC][EX]cosmotetv.gr_0" site_id="bloomberg" xmltv_id="Bloomberg">Bloomberg</channel>
    <channel site="[ENC][EX]cosmotetv.gr_0" site_id="asharq-news" xmltv_id="Asharq News">Asharq News</channel>
    <channel site="[ENC][EX]cosmotetv.gr_0" site_id="cnbc" xmltv_id="CNBC">CNBC</channel>
    <channel site="[ENC][EX]cosmotetv.gr_0" site_id="ert-world" xmltv_id="ERT WORLD">ERT WORLD</channel>
    <channel site="[ENC][EX]cosmotetv.gr_0" site_id="euronews-english" xmltv_id="Euronews English">Euronews English</channel>
    <channel site="[ENC][EX]cosmotetv.gr_0" site_id="blue-hustler" xmltv_id="Blue Hustler">Blue Hustler</channel>
    <channel site="[ENC][EX]cosmotetv.gr_0" site_id="sirina-tv" xmltv_id="Sirina TV">Sirina TV</channel>
    <channel site="[ENC][EX]cosmotetv.gr_0" site_id="edgesport-hd" xmltv_id="EDGEsport HD">EDGEsport HD</channel>
    <channel site="[ENC][EX]cosmotetv.gr_0" site_id="penthouse-gold" xmltv_id="Penthouse Gold">Penthouse Gold</channel>
    <channel site="[ENC][EX]cosmotetv.gr_0" site_id="hustler-tv-hd" xmltv_id="Hustler TV HD">Hustler TV HD</channel>
    <channel site="[ENC][EX]cosmotetv.gr_0" site_id="vixen" xmltv_id="VIXEN">VIXEN</channel>
    <channel site="[ENC][EX]cosmotetv.gr_0" site_id="cosmote-cinema-kids-hd" xmltv_id="COSMOTE Cinema Kids HD">COSMOTE Cinema Kids HD</channel>
  </channels>
</site>