<?xml version="1.0" encoding="UTF-8"?>
<site generator-info-name="Tempest EPG Generator (made by Kvanc)" generator-info-url="https://github.com/K-vanc/Tempest-EPG-Generator.git" site="[ENC]digea.gr[el]_0">
  <channels>
    <channel site="[ENC]digea.gr[el]_0" site_id="4710||2022/05/FORMediaTV-Logo-id-5965.png" xmltv_id="FORMedia TV">FORMedia TV</channel>
    <channel site="[ENC]digea.gr[el]_0" site_id="4110||2022/01/SMILEid-5730.png" xmltv_id="SMILE">SMILE</channel>
    <channel site="[ENC]digea.gr[el]_0" site_id="5150||2021/11/image98-147.png" xmltv_id="AEOLOS">AEOLOS</channel>
    <channel site="[ENC]digea.gr[el]_0" site_id="5140||2021/11/image97-146.jpeg" xmltv_id="ΠΑΤΡΙΔΑ TV">ΠΑΤΡΙΔΑ TV</channel>
    <channel site="[ENC]digea.gr[el]_0" site_id="5130||2021/11/image96-145.jpeg" xmltv_id="ΑΛΗΘΕΙΑ TV">ΑΛΗΘΕΙΑ TV</channel>
    <channel site="[ENC]digea.gr[el]_0" site_id="5860||2021/11/image94-143.jpeg" xmltv_id="VOLCANO">VOLCANO</channel>
    <channel site="[ENC]digea.gr[el]_0" site_id="5850||2021/11/image95-144.jpeg" xmltv_id="SYROS TV1">SYROS TV1</channel>
    <channel site="[ENC]digea.gr[el]_0" site_id="5770||2021/11/tharri.jpg" xmltv_id="ΘΑΡΡΙ">ΘΑΡΡΙ</channel>
    <channel site="[ENC]digea.gr[el]_0" site_id="5760||2021/11/image92-141.jpeg" xmltv_id="TV KOSMOS">TV KOSMOS</channel>
    <channel site="[ENC]digea.gr[el]_0" site_id="5750||2021/11/image91-140.jpeg" xmltv_id="KOS TV">KOS TV</channel>
    <channel site="[ENC]digea.gr[el]_0" site_id="5740||2021/11/image90-139.jpeg" xmltv_id="IRIDA">IRIDA</channel>
    <channel site="[ENC]digea.gr[el]_0" site_id="5730||2021/11/image89-138.jpeg" xmltv_id="ΣΑΤ">ΣΑΤ</channel>
    <channel site="[ENC]digea.gr[el]_0" site_id="5720||2021/11/image88-136.jpeg" xmltv_id="ΑΙΓΑΙΟ">ΑΙΓΑΙΟ</channel>
    <channel site="[ENC]digea.gr[el]_0" site_id="5630||2021/11/image84-131.png" xmltv_id="SITIA">SITIA</channel>
    <channel site="[ENC]digea.gr[el]_0" site_id="5620||2021/11/image85-132.jpeg" xmltv_id="NOTOS TV">NOTOS TV</channel>
    <channel site="[ENC]digea.gr[el]_0" site_id="5610||2021/11/image83-129.png" xmltv_id="TV CRETA">TV CRETA</channel>
    <channel site="[ENC]digea.gr[el]_0" site_id="5600||2021/11/image87-135.png" xmltv_id="ΝΕΑ Τηλεόραση Κρήτης">ΝΕΑ Τηλεόραση Κρήτης</channel>
    <channel site="[ENC]digea.gr[el]_0" site_id="5580||2021/11/image81-126.jpeg" xmltv_id="ΚΡΗΤΗTV">ΚΡΗΤΗTV</channel>
    <channel site="[ENC]digea.gr[el]_0" site_id="5570||2021/11/ae-kritis.png" xmltv_id="ΑΕ TV">ΑΕ TV</channel>
    <channel site="[ENC]digea.gr[el]_0" site_id="5060||2021/11/image76-119.png" xmltv_id="SMILE">SMILE</channel>
    <channel site="[ENC]digea.gr[el]_0" site_id="5050||2021/11/image75-118.png" xmltv_id="RISE TV">RISE TV</channel>
    <channel site="[ENC]digea.gr[el]_0" site_id="5040||2021/11/NICKELODEON.jpeg" xmltv_id="NICKELODEON">NICKELODEON</channel>
    <channel site="[ENC]digea.gr[el]_0" site_id="5030||2021/11/mad.jpeg" xmltv_id="MAD">MAD</channel>
    <channel site="[ENC]digea.gr[el]_0" site_id="5020||2021/11/image73-115.png" xmltv_id="KONTRA">KONTRA</channel>
    <channel site="[ENC]digea.gr[el]_0" site_id="5010||2021/11/image72-114.png" xmltv_id="HIGH TV">HIGH TV</channel>
    <channel site="[ENC]digea.gr[el]_0" site_id="5000||2023/08/ACTION24-id-5000_.png" xmltv_id="ACTION 24">ACTION 24</channel>
    <channel site="[ENC]digea.gr[el]_0" site_id="4990||2022/01/A.EPSILON-id-3030.jpg" xmltv_id="A.EPSILON">A.EPSILON</channel>
    <channel site="[ENC]digea.gr[el]_0" site_id="4950||2021/11/image77-120.png" xmltv_id="EXTRA">EXTRA</channel>
    <channel site="[ENC]digea.gr[el]_0" site_id="4940||2021/11/one-channel.png" xmltv_id="one channel">one channel</channel>
    <channel site="[ENC]digea.gr[el]_0" site_id="4930||2021/11/image68-109.jpeg" xmltv_id="BLUESKY">BLUESKY</channel>
    <channel site="[ENC]digea.gr[el]_0" site_id="4920||2021/11/image70-112.jpeg" xmltv_id="ATTICA">ATTICA</channel>
    <channel site="[ENC]digea.gr[el]_0" site_id="4910||2021/11/image78-121.png" xmltv_id="ALERT">ALERT</channel>
    <channel site="[ENC]digea.gr[el]_0" site_id="4900||2021/11/image69-111.jpeg" xmltv_id="ΑΡΤ">ΑΡΤ</channel>
    <channel site="[ENC]digea.gr[el]_0" site_id="4830||2021/11/image65-104.jpeg" xmltv_id="E ΤV">E ΤV</channel>
    <channel site="[ENC]digea.gr[el]_0" site_id="4810||2022/01/STAR-KE-id-5108.png" xmltv_id="STAR KE">STAR KE</channel>
    <channel site="[ENC]digea.gr[el]_0" site_id="4800||2021/11/image64-103.jpeg" xmltv_id="ΕΝΑ TV KE">ΕΝΑ TV KE</channel>
    <channel site="[ENC]digea.gr[el]_0" site_id="4700||2021/11/image60-97.jpeg" xmltv_id="TRT">TRT</channel>
    <channel site="[ENC]digea.gr[el]_0" site_id="4690||2021/11/smile-plus.png" xmltv_id="SMILE +">SMILE +</channel>
    <channel site="[ENC]digea.gr[el]_0" site_id="4680||2021/11/astra.png" xmltv_id="ASTRA TV">ASTRA TV</channel>
    <channel site="[ENC]digea.gr[el]_0" site_id="4670||2021/11/image62-100.jpeg" xmltv_id="ΘΕΣΣΑΛΙΑ ΤΗΛΕΟΡΑΣΗ">ΘΕΣΣΑΛΙΑ ΤΗΛΕΟΡΑΣΗ</channel>
    <channel site="[ENC]digea.gr[el]_0" site_id="4570||2021/11/PRONEWS-logo-new-4-shadow.png" xmltv_id="PRONEWS">PRONEWS</channel>
    <channel site="[ENC]digea.gr[el]_0" site_id="4560||2023/11/SUPER-id-4560.jpg" xmltv_id="SUPER">SUPER</channel>
    <channel site="[ENC]digea.gr[el]_0" site_id="4550||2021/11/image52-87.jpeg" xmltv_id="RTP ΚΕΝΤΡΟ">RTP ΚΕΝΤΡΟ</channel>
    <channel site="[ENC]digea.gr[el]_0" site_id="4540||2021/11/patratv_LOGO_ypoyrg.jpg" xmltv_id="Patra tv">Patra tv</channel>
    <channel site="[ENC]digea.gr[el]_0" site_id="4530||2021/11/image50-85.jpeg" xmltv_id="LEPANTO ΤΗΛΕΟΡΑΣΗ">LEPANTO ΤΗΛΕΟΡΑΣΗ</channel>
    <channel site="[ENC]digea.gr[el]_0" site_id="4520||2021/11/ΙΟΝΙΑΝ.png" xmltv_id="ΙΟΝΙΑΝ">ΙΟΝΙΑΝ</channel>
    <channel site="[ENC]digea.gr[el]_0" site_id="4510||2021/11/image57-93.jpeg" xmltv_id="BEST">BEST</channel>
    <channel site="[ENC]digea.gr[el]_0" site_id="4500||2021/11/image49-84.jpeg" xmltv_id="AXION">AXION</channel>
    <channel site="[ENC]digea.gr[el]_0" site_id="4490||2021/11/image48-83.jpeg" xmltv_id="ΑRT">ΑRT</channel>
    <channel site="[ENC]digea.gr[el]_0" site_id="4480||2021/11/image47-82.jpeg" xmltv_id="ACHAIA ΤΗΛΕΟΡΑΣΗ">ACHAIA ΤΗΛΕΟΡΑΣΗ</channel>
    <channel site="[ENC]digea.gr[el]_0" site_id="4470||2021/11/image44-79.jpeg" xmltv_id="ΟΡΤ TELEVISION">ΟΡΤ TELEVISION</channel>
    <channel site="[ENC]digea.gr[el]_0" site_id="4460||2021/11/image55-91.jpeg" xmltv_id="ΜΕΣΟΓΕΙΟΣ ΤΗΛΕΟΡΑΣΗ">ΜΕΣΟΓΕΙΟΣ ΤΗΛΕΟΡΑΣΗ</channel>
    <channel site="[ENC]digea.gr[el]_0" site_id="4450||2021/11/image58-94.png" xmltv_id="ΛΥΧΝΟΣ">ΛΥΧΝΟΣ</channel>
    <channel site="[ENC]digea.gr[el]_0" site_id="5480||2021/11/image41-74.jpeg" xmltv_id="START">START</channel>
    <channel site="[ENC]digea.gr[el]_0" site_id="5470||2021/11/image40-73.jpeg" xmltv_id="ΙTV">ΙTV</channel>
    <channel site="[ENC]digea.gr[el]_0" site_id="5460||2021/11/image39-72.jpeg" xmltv_id="CORFU TV">CORFU TV</channel>
    <channel site="[ENC]digea.gr[el]_0" site_id="5450||2021/11/arttv.jpeg" xmltv_id="ART TV">ART TV</channel>
    <channel site="[ENC]digea.gr[el]_0" site_id="5440||2021/11/ipirostv1.png" xmltv_id="ΗΠΕΙΡΟΣ TV1">ΗΠΕΙΡΟΣ TV1</channel>
    <channel site="[ENC]digea.gr[el]_0" site_id="5430||2021/11/vima.png" xmltv_id="ΒΗΜΑ ΤΗΛΕΟΡΑΣΗ">ΒΗΜΑ ΤΗΛΕΟΡΑΣΗ</channel>
    <channel site="[ENC]digea.gr[el]_0" site_id="5420||2021/11/acheloos.jpeg" xmltv_id="ΑΧΕΛΩΟΣ">ΑΧΕΛΩΟΣ</channel>
    <channel site="[ENC]digea.gr[el]_0" site_id="5350||2021/11/top.jpeg" xmltv_id="TOP CHANNEL">TOP CHANNEL</channel>
    <channel site="[ENC]digea.gr[el]_0" site_id="5330||2021/11/west.jpeg" xmltv_id="WEST">WEST</channel>
    <channel site="[ENC]digea.gr[el]_0" site_id="5320||2021/11/flash.jpeg" xmltv_id="FLASH TV">FLASH TV</channel>
    <channel site="[ENC]digea.gr[el]_0" site_id="5310||2021/11/diktio1.jpg" xmltv_id="DIKTYO1">DIKTYO1</channel>
    <channel site="[ENC]digea.gr[el]_0" site_id="5300||2021/11/nakanor.jpeg" xmltv_id="OCIOC ΝΙΚΑΝΩΡ">OCIOC ΝΙΚΑΝΩΡ</channel>
    <channel site="[ENC]digea.gr[el]_0" site_id="4380||2021/11/image29-61.jpeg" xmltv_id="4Ε">4Ε</channel>
    <channel site="[ENC]digea.gr[el]_0" site_id="4370||2021/11/image30-62.png" xmltv_id="NICKELODEON+">NICKELODEON+</channel>
    <channel site="[ENC]digea.gr[el]_0" site_id="4360||2021/11/image31-64.png" xmltv_id="AE CHANNEL Thessaloniki">AE CHANNEL Thessaloniki</channel>
    <channel site="[ENC]digea.gr[el]_0" site_id="4300||2021/11/tv100.jpeg" xmltv_id="TV100 ΘΕΣΣΑΛΟΝΙΚΗ">TV100 ΘΕΣΣΑΛΟΝΙΚΗ</channel>
    <channel site="[ENC]digea.gr[el]_0" site_id="4290||2021/11/gnomi.jpeg" xmltv_id="GNOMI TV">GNOMI TV</channel>
    <channel site="[ENC]digea.gr[el]_0" site_id="4270||2021/11/eurotv.jpeg" xmltv_id="EURO TV">EURO TV</channel>
    <channel site="[ENC]digea.gr[el]_0" site_id="4260||2021/11/dion.jpeg" xmltv_id="DION ΤΗΛΕΟΡΑΣΗ Κεντρικής Μακεδονίας">DION ΤΗΛΕΟΡΑΣΗ Κεντρικής Μακεδονίας</channel>
    <channel site="[ENC]digea.gr[el]_0" site_id="4250||2021/11/atlas.jpeg" xmltv_id="ATLAS TELEVISION">ATLAS TELEVISION</channel>
    <channel site="[ENC]digea.gr[el]_0" site_id="4240||2021/11/vergina.png" xmltv_id="ΒΕΡΓΙΝΑ">ΒΕΡΓΙΝΑ</channel>
    <channel site="[ENC]digea.gr[el]_0" site_id="4170||2021/11/lydia.jpeg" xmltv_id="ΛΥΔΙΑ">ΛΥΔΙΑ</channel>
    <channel site="[ENC]digea.gr[el]_0" site_id="4130||2021/11/tv-rodopi.png" xmltv_id="ΤV ΡΟΔΟΠΗ">ΤV ΡΟΔΟΠΗ</channel>
    <channel site="[ENC]digea.gr[el]_0" site_id="4120||2021/11/star-ve.jpeg" xmltv_id="STAR ΒOΡΕΙΟΥ ΕΛΛΑΔΟΣ">STAR ΒOΡΕΙΟΥ ΕΛΛΑΔΟΣ</channel>
    <channel site="[ENC]digea.gr[el]_0" site_id="4100||2021/11/next-tv.jpeg" xmltv_id="NEXT TV">NEXT TV</channel>
    <channel site="[ENC]digea.gr[el]_0" site_id="4090||2021/11/CENTER-ΤΗΛΕΟΡΑΣΗ-id-5710-scaled.jpg" xmltv_id="CENTER ΤΗΛΕΟΡΑΣΗ">CENTER ΤΗΛΕΟΡΑΣΗ</channel>
    <channel site="[ENC]digea.gr[el]_0" site_id="4080||2021/11/alfa.jpeg" xmltv_id="ALFA">ALFA</channel>
    <channel site="[ENC]digea.gr[el]_0" site_id="4070||2021/11/orestiada.png" xmltv_id="ΟΡΕΣΤΙΑΔΑ">ΟΡΕΣΤΙΑΔΑ</channel>
    <channel site="[ENC]digea.gr[el]_0" site_id="4060||2021/11/thrakinet.jpeg" xmltv_id="ΘΡΑΚΗ ΝΕΤ">ΘΡΑΚΗ ΝΕΤ</channel>
    <channel site="[ENC]digea.gr[el]_0" site_id="4050||2021/11/epiloges.jpeg" xmltv_id="ΕΠΙΛΟΓΕΣ">ΕΠΙΛΟΓΕΣ</channel>
    <channel site="[ENC]digea.gr[el]_0" site_id="4040||2021/11/ena.png" xmltv_id="ENA CHANNEL">ENA CHANNEL</channel>
    <channel site="[ENC]digea.gr[el]_0" site_id="4030||2022/01/ΔΙΚΤΥΟ-id-5725.jpg" xmltv_id="ΔΙΚΤΥΟ">ΔΙΚΤΥΟ</channel>
    <channel site="[ENC]digea.gr[el]_0" site_id="4020||2021/11/diktio-1.jpeg" xmltv_id="ΔΕΛΤΑ ΤΗΛΕΟΡΑΣΗ">ΔΕΛΤΑ ΤΗΛΕΟΡΑΣΗ</channel>
    <channel site="[ENC]digea.gr[el]_0" site_id="4010||2021/11/-ΑΝ.-ΜΑΚ.-ΘΡΑΚΗΣ-e1642703817924.png" xmltv_id="ΕΔ ΑΝ.ΜΑΚ.ΘΡΑΚΗΣ">ΕΔ ΑΝ.ΜΑΚ.ΘΡΑΚΗΣ</channel>
    <channel site="[ENC]digea.gr[el]_0" site_id="3700||2023/08/MAKTV_Logo.jpg" xmltv_id="MAK TV">MAK TV</channel>
    <channel site="[ENC]digea.gr[el]_0" site_id="3600||2021/11/mega.png" xmltv_id="MEGA">MEGA</channel>
    <channel site="[ENC]digea.gr[el]_0" site_id="3500||2021/11/star.png" xmltv_id="STAR">STAR</channel>
    <channel site="[ENC]digea.gr[el]_0" site_id="3400||2021/11/open.png" xmltv_id="OPEN Beyond">OPEN Beyond</channel>
    <channel site="[ENC]digea.gr[el]_0" site_id="3300||2021/11/ant1.png" xmltv_id="ANT1">ANT1</channel>
    <channel site="[ENC]digea.gr[el]_0" site_id="3200||2022/02/skai_logo_rgb-scaled.jpg" xmltv_id="ΣΚAΪ">ΣΚAΪ</channel>
    <channel site="[ENC]digea.gr[el]_0" site_id="3100||2021/11/alpha.png" xmltv_id="ALPHA">ALPHA</channel>
  </channels>
</site>