<?xml version="1.0" encoding="UTF-8"?>
<site generator-info-name="Tempest EPG Generator (made by Kvanc)" generator-info-url="https://github.com/K-vanc/Tempest-EPG-Generator.git" site="[ENC][EX]epg.nova.gr_0">
  <channels>
    <channel site="[ENC][EX]epg.nova.gr_0" site_id="1" xmltv_id="BOYΛΗ">BOYΛΗ</channel>
    <channel site="[ENC][EX]epg.nova.gr_0" site_id="2" xmltv_id="ΕPΤ1 HD">ΕPΤ1 HD</channel>
    <channel site="[ENC][EX]epg.nova.gr_0" site_id="3" xmltv_id="ΕPΤ2 HD">ΕPΤ2 HD</channel>
    <channel site="[ENC][EX]epg.nova.gr_0" site_id="4" xmltv_id="ΕPΤ3 HD">ΕPΤ3 HD</channel>
    <channel site="[ENC][EX]epg.nova.gr_0" site_id="184" xmltv_id="ΕΡΤ NEWS HD">ΕΡΤ NEWS HD</channel>
    <channel site="[ENC][EX]epg.nova.gr_0" site_id="34" xmltv_id="ALPHA HD">ALPHA HD</channel>
    <channel site="[ENC][EX]epg.nova.gr_0" site_id="33" xmltv_id="STAR HD">STAR HD</channel>
    <channel site="[ENC][EX]epg.nova.gr_0" site_id="22" xmltv_id="MEGA HD">MEGA HD</channel>
    <channel site="[ENC][EX]epg.nova.gr_0" site_id="37" xmltv_id="OPEN BEYOND HD">OPEN BEYOND HD</channel>
    <channel site="[ENC][EX]epg.nova.gr_0" site_id="30" xmltv_id="ΣΚΑΪ ΗD">ΣΚΑΪ ΗD</channel>
    <channel site="[ENC][EX]epg.nova.gr_0" site_id="41" xmltv_id="ANT1 HD">ANT1 HD</channel>
    <channel site="[ENC][EX]epg.nova.gr_0" site_id="27" xmltv_id="One Channel HD">One Channel HD</channel>
    <channel site="[ENC][EX]epg.nova.gr_0" site_id="14" xmltv_id="Novalife">Novalife</channel>
    <channel site="[ENC][EX]epg.nova.gr_0" site_id="6" xmltv_id="Novasports News">Novasports News</channel>
    <channel site="[ENC][EX]epg.nova.gr_0" site_id="89" xmltv_id="Novasports Start">Novasports Start</channel>
    <channel site="[ENC][EX]epg.nova.gr_0" site_id="35" xmltv_id="Μακεδονία TV HD">Μακεδονία TV HD</channel>
    <channel site="[ENC][EX]epg.nova.gr_0" site_id="185" xmltv_id="Naftemporiki ΗD">Naftemporiki ΗD</channel>
    <channel site="[ENC][EX]epg.nova.gr_0" site_id="190" xmltv_id="Novachristmas">Novachristmas</channel>
    <channel site="[ENC][EX]epg.nova.gr_0" site_id="18" xmltv_id="Novacinema1">Novacinema1</channel>
    <channel site="[ENC][EX]epg.nova.gr_0" site_id="19" xmltv_id="Novacinema2">Novacinema2</channel>
    <channel site="[ENC][EX]epg.nova.gr_0" site_id="20" xmltv_id="Novacinema3">Novacinema3</channel>
    <channel site="[ENC][EX]epg.nova.gr_0" site_id="21" xmltv_id="Novacinema4">Novacinema4</channel>
    <channel site="[ENC][EX]epg.nova.gr_0" site_id="15" xmltv_id="FX Life">FX Life</channel>
    <channel site="[ENC][EX]epg.nova.gr_0" site_id="16" xmltv_id="FX">FX</channel>
    <channel site="[ENC][EX]epg.nova.gr_0" site_id="186" xmltv_id="Epic Drama HD">Epic Drama HD</channel>
    <channel site="[ENC][EX]epg.nova.gr_0" site_id="91" xmltv_id="Novasports Prime">Novasports Prime</channel>
    <channel site="[ENC][EX]epg.nova.gr_0" site_id="23" xmltv_id="Novasports1">Novasports1</channel>
    <channel site="[ENC][EX]epg.nova.gr_0" site_id="24" xmltv_id="Novasports2">Novasports2</channel>
    <channel site="[ENC][EX]epg.nova.gr_0" site_id="25" xmltv_id="Novasports3">Novasports3</channel>
    <channel site="[ENC][EX]epg.nova.gr_0" site_id="26" xmltv_id="Novasports4">Novasports4</channel>
    <channel site="[ENC][EX]epg.nova.gr_0" site_id="28" xmltv_id="Novasports5">Novasports5</channel>
    <channel site="[ENC][EX]epg.nova.gr_0" site_id="90" xmltv_id="Novasports6">Novasports6</channel>
    <channel site="[ENC][EX]epg.nova.gr_0" site_id="177" xmltv_id="Novasports Premier League">Novasports Premier League</channel>
    <channel site="[ENC][EX]epg.nova.gr_0" site_id="165" xmltv_id="Novasportsextra1HD">Novasportsextra1HD</channel>
    <channel site="[ENC][EX]epg.nova.gr_0" site_id="166" xmltv_id="Novasportsextra2HD">Novasportsextra2HD</channel>
    <channel site="[ENC][EX]epg.nova.gr_0" site_id="167" xmltv_id="Novasportsextra3HD">Novasportsextra3HD</channel>
    <channel site="[ENC][EX]epg.nova.gr_0" site_id="176" xmltv_id="Novasportsextra4HD">Novasportsextra4HD</channel>
    <channel site="[ENC][EX]epg.nova.gr_0" site_id="29" xmltv_id="Eurosport 1 HD">Eurosport 1 HD</channel>
    <channel site="[ENC][EX]epg.nova.gr_0" site_id="31" xmltv_id="Eurosport 2 HD">Eurosport 2 HD</channel>
    <channel site="[ENC][EX]epg.nova.gr_0" site_id="10" xmltv_id="InPlus">InPlus</channel>
    <channel site="[ENC][EX]epg.nova.gr_0" site_id="191" xmltv_id="Extreme Sports">Extreme Sports</channel>
    <channel site="[ENC][EX]epg.nova.gr_0" site_id="39" xmltv_id="National Geographic">National Geographic</channel>
    <channel site="[ENC][EX]epg.nova.gr_0" site_id="40" xmltv_id="Nat Geo Wild">Nat Geo Wild</channel>
    <channel site="[ENC][EX]epg.nova.gr_0" site_id="32" xmltv_id="Discovery">Discovery</channel>
    <channel site="[ENC][EX]epg.nova.gr_0" site_id="36" xmltv_id="Animal Planet">Animal Planet</channel>
    <channel site="[ENC][EX]epg.nova.gr_0" site_id="88" xmltv_id="Viasat Nature">Viasat Nature</channel>
    <channel site="[ENC][EX]epg.nova.gr_0" site_id="87" xmltv_id="Viasat Explore">Viasat Explore</channel>
    <channel site="[ENC][EX]epg.nova.gr_0" site_id="38" xmltv_id="Viasat History">Viasat History</channel>
    <channel site="[ENC][EX]epg.nova.gr_0" site_id="187" xmltv_id="The HISTORY Channel HD">The HISTORY Channel HD</channel>
    <channel site="[ENC][EX]epg.nova.gr_0" site_id="188" xmltv_id="Crime + Investigation">Crime + Investigation</channel>
    <channel site="[ENC][EX]epg.nova.gr_0" site_id="12" xmltv_id="Travel Channel">Travel Channel</channel>
    <channel site="[ENC][EX]epg.nova.gr_0" site_id="183" xmltv_id="CGTN DOCUMENTARY HD">CGTN DOCUMENTARY HD</channel>
    <channel site="[ENC][EX]epg.nova.gr_0" site_id="51" xmltv_id="Disney Channel">Disney Channel</channel>
    <channel site="[ENC][EX]epg.nova.gr_0" site_id="55" xmltv_id="Nickelodeon">Nickelodeon</channel>
    <channel site="[ENC][EX]epg.nova.gr_0" site_id="49" xmltv_id="Cartoonito HD">Cartoonito HD</channel>
    <channel site="[ENC][EX]epg.nova.gr_0" site_id="82" xmltv_id="Disney Junior">Disney Junior</channel>
    <channel site="[ENC][EX]epg.nova.gr_0" site_id="189" xmltv_id="Da Vinci HD">Da Vinci HD</channel>
    <channel site="[ENC][EX]epg.nova.gr_0" site_id="79" xmltv_id="IDJKids HD">IDJKids HD</channel>
    <channel site="[ENC][EX]epg.nova.gr_0" site_id="81" xmltv_id="duck TV">duck TV</channel>
    <channel site="[ENC][EX]epg.nova.gr_0" site_id="56" xmltv_id="Smile TV">Smile TV</channel>
    <channel site="[ENC][EX]epg.nova.gr_0" site_id="164" xmltv_id="TLC">TLC</channel>
    <channel site="[ENC][EX]epg.nova.gr_0" site_id="13" xmltv_id="E! Entertainment HD">E! Entertainment HD</channel>
    <channel site="[ENC][EX]epg.nova.gr_0" site_id="9" xmltv_id="Food Network">Food Network</channel>
    <channel site="[ENC][EX]epg.nova.gr_0" site_id="11" xmltv_id="MyZen TV">MyZen TV</channel>
    <channel site="[ENC][EX]epg.nova.gr_0" site_id="7" xmltv_id="Nova MAD GREEKZ">Nova MAD GREEKZ</channel>
    <channel site="[ENC][EX]epg.nova.gr_0" site_id="58" xmltv_id="MAD TV">MAD TV</channel>
    <channel site="[ENC][EX]epg.nova.gr_0" site_id="59" xmltv_id="NR1 HD">NR1 HD</channel>
    <channel site="[ENC][EX]epg.nova.gr_0" site_id="60" xmltv_id="MTV Europe">MTV Europe</channel>
    <channel site="[ENC][EX]epg.nova.gr_0" site_id="63" xmltv_id="MTV 00s">MTV 00s</channel>
    <channel site="[ENC][EX]epg.nova.gr_0" site_id="62" xmltv_id="MTV Hits">MTV Hits</channel>
    <channel site="[ENC][EX]epg.nova.gr_0" site_id="61" xmltv_id="MTV Live HD">MTV Live HD</channel>
    <channel site="[ENC][EX]epg.nova.gr_0" site_id="45" xmltv_id="RIK Sat">RIK Sat</channel>
    <channel site="[ENC][EX]epg.nova.gr_0" site_id="44" xmltv_id="ERT World">ERT World</channel>
    <channel site="[ENC][EX]epg.nova.gr_0" site_id="43" xmltv_id="Action 24">Action 24</channel>
    <channel site="[ENC][EX]epg.nova.gr_0" site_id="42" xmltv_id="Kontra Channel">Kontra Channel</channel>
    <channel site="[ENC][EX]epg.nova.gr_0" site_id="193" xmltv_id="Blue Sky">Blue Sky</channel>
    <channel site="[ENC][EX]epg.nova.gr_0" site_id="197" xmltv_id="ATTICA TV">ATTICA TV</channel>
    <channel site="[ENC][EX]epg.nova.gr_0" site_id="192" xmltv_id="Ionian TV">Ionian TV</channel>
    <channel site="[ENC][EX]epg.nova.gr_0" site_id="200" xmltv_id="Star Kentrikis Ellados">Star Kentrikis Ellados</channel>
    <channel site="[ENC][EX]epg.nova.gr_0" site_id="5" xmltv_id="Euronews Greek">Euronews Greek</channel>
    <channel site="[ENC][EX]epg.nova.gr_0" site_id="66" xmltv_id="CNN">CNN</channel>
    <channel site="[ENC][EX]epg.nova.gr_0" site_id="68" xmltv_id="Deutsche Welle English HD">Deutsche Welle English HD</channel>
    <channel site="[ENC][EX]epg.nova.gr_0" site_id="67" xmltv_id="Bloomberg">Bloomberg</channel>
    <channel site="[ENC][EX]epg.nova.gr_0" site_id="69" xmltv_id="France 24 English">France 24 English</channel>
    <channel site="[ENC][EX]epg.nova.gr_0" site_id="72" xmltv_id="CGTN">CGTN</channel>
    <channel site="[ENC][EX]epg.nova.gr_0" site_id="73" xmltv_id="Euronews English">Euronews English</channel>
    <channel site="[ENC][EX]epg.nova.gr_0" site_id="76" xmltv_id="Al Jazeera English">Al Jazeera English</channel>
    <channel site="[ENC][EX]epg.nova.gr_0" site_id="75" xmltv_id="Arirang TV HD">Arirang TV HD</channel>
    <channel site="[ENC][EX]epg.nova.gr_0" site_id="157" xmltv_id="FREEDOM">FREEDOM</channel>
    <channel site="[ENC][EX]epg.nova.gr_0" site_id="65" xmltv_id="1+1 Marathon">1+1 Marathon</channel>
    <channel site="[ENC][EX]epg.nova.gr_0" site_id="71" xmltv_id="France 24 Français">France 24 Français</channel>
    <channel site="[ENC][EX]epg.nova.gr_0" site_id="50" xmltv_id="Euronews Italian">Euronews Italian</channel>
    <channel site="[ENC][EX]epg.nova.gr_0" site_id="48" xmltv_id="Euronews Russian">Euronews Russian</channel>
    <channel site="[ENC][EX]epg.nova.gr_0" site_id="64" xmltv_id="Al Jazeera">Al Jazeera</channel>
    <channel site="[ENC][EX]epg.nova.gr_0" site_id="80" xmltv_id="Blue Hustler">Blue Hustler</channel>
    <channel site="[ENC][EX]epg.nova.gr_0" site_id="86" xmltv_id="Private TV">Private TV</channel>
    <channel site="[ENC][EX]epg.nova.gr_0" site_id="57" xmltv_id="Dorcel TV HD">Dorcel TV HD</channel>
    <channel site="[ENC][EX]epg.nova.gr_0" site_id="54" xmltv_id="Hustler HD">Hustler HD</channel>
    <channel site="[ENC][EX]epg.nova.gr_0" site_id="93" xmltv_id="Vivid Red HD">Vivid Red HD</channel>
    <channel site="[ENC][EX]epg.nova.gr_0" site_id="53" xmltv_id="Redlight HD">Redlight HD</channel>
  </channels>
</site>