<?xml version="1.0" encoding="UTF-8"?>
<site generator-info-name="Tempest EPG Generator (made by Kvanc)" generator-info-url="https://github.com/K-vanc/Tempest-EPG-Generator.git" site="[ENC]digea.gr[el]_0">
  <channels>
    <channel site="[ENC]digea.gr[el]_0" site_id="3100||logo-alpha-tv.png" xmltv_id="ALPHA">ALPHA</channel>
    <channel site="[ENC]digea.gr[el]_0" site_id="3200||logo-skai.jpg" xmltv_id="SKAI">SKAI</channel>
    <channel site="[ENC]digea.gr[el]_0" site_id="3300||logo-ant1.png" xmltv_id="ANT1">ANT1</channel>
    <channel site="[ENC]digea.gr[el]_0" site_id="3400||logo-open.jpg" xmltv_id="OPEN BEYOND">OPEN BEYOND</channel>
    <channel site="[ENC]digea.gr[el]_0" site_id="3500||logo-star.jpg" xmltv_id="STAR">STAR</channel>
    <channel site="[ENC]digea.gr[el]_0" site_id="3600||logo-mega.jpg" xmltv_id="MEGA">MEGA</channel>
    <channel site="[ENC]digea.gr[el]_0" site_id="3700||logo-makedonia-tv.png" xmltv_id="ΜΑΚΕΔΟΝΙΑ ΤV">ΜΑΚΕΔΟΝΙΑ ΤV</channel>
    <channel site="[ENC]digea.gr[el]_0" site_id="4020||logo-delta-fv.png" xmltv_id="ΔΕΛΤΑ ΤΗΛΕΟΡΑΣΗ">ΔΕΛΤΑ ΤΗΛΕΟΡΑΣΗ</channel>
    <channel site="[ENC]digea.gr[el]_0" site_id="4030||logo-diktyo.jpg" xmltv_id="ΔΙΚΤΥΟ TV">ΔΙΚΤΥΟ TV</channel>
    <channel site="[ENC]digea.gr[el]_0" site_id="4040||logo-ena.jpg" xmltv_id="ENA CHANNEL">ENA CHANNEL</channel>
    <channel site="[ENC]digea.gr[el]_0" site_id="4050||logo-epiloges.png" xmltv_id="ΕΠΙΛΟΓΕΣ">ΕΠΙΛΟΓΕΣ</channel>
    <channel site="[ENC]digea.gr[el]_0" site_id="4060||logo-thrakinet.jpg" xmltv_id="ΘΡΑΚΗ ΝΕΤ">ΘΡΑΚΗ ΝΕΤ</channel>
    <channel site="[ENC]digea.gr[el]_0" site_id="4070||logo-orestiada.jpg" xmltv_id="ΟΡΕΣΤΙΑΔΑ">ΟΡΕΣΤΙΑΔΑ</channel>
    <channel site="[ENC]digea.gr[el]_0" site_id="4080||logo-alfa.jpg" xmltv_id="ALFA">ALFA</channel>
    <channel site="[ENC]digea.gr[el]_0" site_id="4090||logo-center.jpg" xmltv_id="CENTER TV">CENTER TV</channel>
    <channel site="[ENC]digea.gr[el]_0" site_id="4100||logo-next-tv.jpg" xmltv_id="NEXT TV">NEXT TV</channel>
    <channel site="[ENC]digea.gr[el]_0" site_id="4110||logo-smile-thraki.png" xmltv_id="SMILE (Θράκης)">SMILE (Θράκης)</channel>
    <channel site="[ENC]digea.gr[el]_0" site_id="4120||logo-star-voreiou-ellados.png" xmltv_id="STAR ΒOΡΕΙΟΥ ΕΛΛΑΔΟΣ">STAR ΒOΡΕΙΟΥ ΕΛΛΑΔΟΣ</channel>
    <channel site="[ENC]digea.gr[el]_0" site_id="4130||logo-tv-rodopi.jpg" xmltv_id="ΤV ΡΟΔΟΠΗ">ΤV ΡΟΔΟΠΗ</channel>
    <channel site="[ENC]digea.gr[el]_0" site_id="4170||logo-lydia.jpg" xmltv_id="ΛΥΔΙΑ">ΛΥΔΙΑ</channel>
    <channel site="[ENC]digea.gr[el]_0" site_id="4240||logo-vergina.jpg" xmltv_id="ΒΕΡΓΙΝΑ">ΒΕΡΓΙΝΑ</channel>
    <channel site="[ENC]digea.gr[el]_0" site_id="4250||logo-atlas.jpg" xmltv_id="ATLAS TELEVISION">ATLAS TELEVISION</channel>
    <channel site="[ENC]digea.gr[el]_0" site_id="4260||logo-dion.jpg" xmltv_id="DION ΤΗΛΕΟΡΑΣΗ Κεντρικής Μακεδονίας">DION ΤΗΛΕΟΡΑΣΗ Κεντρικής Μακεδονίας</channel>
    <channel site="[ENC]digea.gr[el]_0" site_id="4270||logo-eurotv.jpg" xmltv_id="EURO TV">EURO TV</channel>
    <channel site="[ENC]digea.gr[el]_0" site_id="4280||logo-europe1.png" xmltv_id="EUROPE 1">EUROPE 1</channel>
    <channel site="[ENC]digea.gr[el]_0" site_id="4290||logo-gnomi-tv.jpg" xmltv_id="GNOMI TV">GNOMI TV</channel>
    <channel site="[ENC]digea.gr[el]_0" site_id="4300||logo-tv100.jpg" xmltv_id="TV100 ΘΕΣΣΑΛΟΝΙΚΗ">TV100 ΘΕΣΣΑΛΟΝΙΚΗ</channel>
    <channel site="[ENC]digea.gr[el]_0" site_id="4360||logo-a-epsilon.png" xmltv_id="AE CHANNEL Thessaloniki">AE CHANNEL Thessaloniki</channel>
    <channel site="[ENC]digea.gr[el]_0" site_id="4370||logo-nickelodeon-plus.png" xmltv_id="NICKELODEON+">NICKELODEON+</channel>
    <channel site="[ENC]digea.gr[el]_0" site_id="4380||logo-4e.jpg" xmltv_id="4E">4E</channel>
    <channel site="[ENC]digea.gr[el]_0" site_id="4450||logo-lyxnos.jpg" xmltv_id="ΛΥΧΝΟΣ">ΛΥΧΝΟΣ</channel>
    <channel site="[ENC]digea.gr[el]_0" site_id="4460||logo-mesogeios.jpg" xmltv_id="ΜΕΣΟΓΕΙΟΣ ΤΗΛΕΟΡΑΣΗ">ΜΕΣΟΓΕΙΟΣ ΤΗΛΕΟΡΑΣΗ</channel>
    <channel site="[ENC]digea.gr[el]_0" site_id="4470||logo-opt-television.jpg" xmltv_id="ΟΡΤ TELEVISION">ΟΡΤ TELEVISION</channel>
    <channel site="[ENC]digea.gr[el]_0" site_id="4490||logo-art-4490.jpg" xmltv_id="ΑRT">ΑRT</channel>
    <channel site="[ENC]digea.gr[el]_0" site_id="4510||logo-best.png" xmltv_id="BEST">BEST</channel>
    <channel site="[ENC]digea.gr[el]_0" site_id="4520||logo-ionian.png" xmltv_id="IONIAN">IONIAN</channel>
    <channel site="[ENC]digea.gr[el]_0" site_id="4530||logo-lepanto.png" xmltv_id="LEPANTO ΤΗΛΕΟΡΑΣΗ">LEPANTO ΤΗΛΕΟΡΑΣΗ</channel>
    <channel site="[ENC]digea.gr[el]_0" site_id="4540||logo-patra-tv.jpg" xmltv_id="Patra tv">Patra tv</channel>
    <channel site="[ENC]digea.gr[el]_0" site_id="4550||logo-rtp-kentro.png" xmltv_id="RTP ΚΕΝΤΡΟ">RTP ΚΕΝΤΡΟ</channel>
    <channel site="[ENC]digea.gr[el]_0" site_id="4560||logo-super.jpg" xmltv_id="SUPER">SUPER</channel>
    <channel site="[ENC]digea.gr[el]_0" site_id="4670||logo-thessalia.png" xmltv_id="ΘΕΣΣΑΛΙΑ ΤΗΛΕΟΡΑΣΗ">ΘΕΣΣΑΛΙΑ ΤΗΛΕΟΡΑΣΗ</channel>
    <channel site="[ENC]digea.gr[el]_0" site_id="4680||logo-astra.png" xmltv_id="ASTRA TV">ASTRA TV</channel>
    <channel site="[ENC]digea.gr[el]_0" site_id="4690||logo-smile-plus.jpg" xmltv_id="SMILE +">SMILE +</channel>
    <channel site="[ENC]digea.gr[el]_0" site_id="4700||logo-trt.jpg" xmltv_id="TRT">TRT</channel>
    <channel site="[ENC]digea.gr[el]_0" site_id="4710||logo-form-media-tv.jpg" xmltv_id="FORMedia TV">FORMedia TV</channel>
    <channel site="[ENC]digea.gr[el]_0" site_id="4800||logo-ena-kentrikis-elladas.jpg" xmltv_id="ENA TV KE">ENA TV KE</channel>
    <channel site="[ENC]digea.gr[el]_0" site_id="4810||logo-star-kentrikis-elladas.png" xmltv_id="STAR K.E.">STAR K.E.</channel>
    <channel site="[ENC]digea.gr[el]_0" site_id="4830||logo-e-tv.jpg" xmltv_id="E ΤV">E ΤV</channel>
    <channel site="[ENC]digea.gr[el]_0" site_id="4900||logo-art-4900.png" xmltv_id="ΑΡΤ">ΑΡΤ</channel>
    <channel site="[ENC]digea.gr[el]_0" site_id="4910||logo-alert.png" xmltv_id="ALERT">ALERT</channel>
    <channel site="[ENC]digea.gr[el]_0" site_id="4920||logo-attica-tv.png" xmltv_id="ATTICA">ATTICA</channel>
    <channel site="[ENC]digea.gr[el]_0" site_id="4930||logo-blue-sky.jpg" xmltv_id="BLUE SKY">BLUE SKY</channel>
    <channel site="[ENC]digea.gr[el]_0" site_id="4940||logo-one-channel.jpg" xmltv_id="One Channel">One Channel</channel>
    <channel site="[ENC]digea.gr[el]_0" site_id="4950||logo-extra-channel.jpg" xmltv_id="EXTRA">EXTRA</channel>
    <channel site="[ENC]digea.gr[el]_0" site_id="4990||logo-a-epsilon.jpg" xmltv_id="A.EPSILON">A.EPSILON</channel>
    <channel site="[ENC]digea.gr[el]_0" site_id="5000||logo-action24.jpg" xmltv_id="ACTION 24">ACTION 24</channel>
    <channel site="[ENC]digea.gr[el]_0" site_id="5010||logo-hight-tv.png" xmltv_id="HIGH TV">HIGH TV</channel>
    <channel site="[ENC]digea.gr[el]_0" site_id="5020||logo-kontra.jpg" xmltv_id="KONTRA">KONTRA</channel>
    <channel site="[ENC]digea.gr[el]_0" site_id="5030||logo-mad.jpg" xmltv_id="MAD">MAD</channel>
    <channel site="[ENC]digea.gr[el]_0" site_id="5040||logo-nickelodeon.jpg" xmltv_id="NICKELODEON">NICKELODEON</channel>
    <channel site="[ENC]digea.gr[el]_0" site_id="5050||logo-rise-tv.jpg" xmltv_id="RISE TV">RISE TV</channel>
    <channel site="[ENC]digea.gr[el]_0" site_id="5060||logo-smile.png" xmltv_id="SMILE">SMILE</channel>
    <channel site="[ENC]digea.gr[el]_0" site_id="5130||logo-alitheia-tv.jpg" xmltv_id="ΑΛΗΘΕΙΑ TV">ΑΛΗΘΕΙΑ TV</channel>
    <channel site="[ENC]digea.gr[el]_0" site_id="5140||logo-patrida.png" xmltv_id="ΠΑΤΡΙΔΑ TV">ΠΑΤΡΙΔΑ TV</channel>
    <channel site="[ENC]digea.gr[el]_0" site_id="5150||logo-aeolos.png" xmltv_id="AEOLOS">AEOLOS</channel>
    <channel site="[ENC]digea.gr[el]_0" site_id="5300||logo-osios-nikanor.jpg" xmltv_id="OCIOC ΝΙΚΑΝΩΡ">OCIOC ΝΙΚΑΝΩΡ</channel>
    <channel site="[ENC]digea.gr[el]_0" site_id="5310||logo-diktyo1.png" xmltv_id="DIKTYO1">DIKTYO1</channel>
    <channel site="[ENC]digea.gr[el]_0" site_id="5320||logo-flash-tv.png" xmltv_id="FLASH TV">FLASH TV</channel>
    <channel site="[ENC]digea.gr[el]_0" site_id="5330||logo-west.jpg" xmltv_id="WEST">WEST</channel>
    <channel site="[ENC]digea.gr[el]_0" site_id="5350||logo-top-channel.png" xmltv_id="TOP CHANNEL">TOP CHANNEL</channel>
    <channel site="[ENC]digea.gr[el]_0" site_id="5420||logo-axeloos.jpg" xmltv_id="ΑΧΕΛΩΟΣ">ΑΧΕΛΩΟΣ</channel>
    <channel site="[ENC]digea.gr[el]_0" site_id="5430||logo-vima-tv.png" xmltv_id="ΒΗΜΑ ΤΗΛΕΟΡΑΣΗ">ΒΗΜΑ ΤΗΛΕΟΡΑΣΗ</channel>
    <channel site="[ENC]digea.gr[el]_0" site_id="5440||logo-ipiros-tv1.png" xmltv_id="ΗΠΕΙΡΟΣ TV1">ΗΠΕΙΡΟΣ TV1</channel>
    <channel site="[ENC]digea.gr[el]_0" site_id="5450||logo-art-tv-4490.jpg" xmltv_id="ART TV">ART TV</channel>
    <channel site="[ENC]digea.gr[el]_0" site_id="5460||logo-corfu-tv.png" xmltv_id="CORFU TV">CORFU TV</channel>
    <channel site="[ENC]digea.gr[el]_0" site_id="5470||logo-itv.jpg" xmltv_id="ΙTV">ΙTV</channel>
    <channel site="[ENC]digea.gr[el]_0" site_id="5480||logo-start.jpg" xmltv_id="START">START</channel>
    <channel site="[ENC]digea.gr[el]_0" site_id="5570||logo-telekriti.png" xmltv_id="TeleKPHTH">TeleKPHTH</channel>
    <channel site="[ENC]digea.gr[el]_0" site_id="5580||logo-kriti-tv.jpg" xmltv_id="ΚΡΗΤΗTV">ΚΡΗΤΗTV</channel>
    <channel site="[ENC]digea.gr[el]_0" site_id="5590||logo-kriti1.png" xmltv_id="KΡHTH1">KΡHTH1</channel>
    <channel site="[ENC]digea.gr[el]_0" site_id="5600||logo-nea-tileorasi-kritis.png" xmltv_id="ΝΕΑ Τηλεόραση Κρήτης">ΝΕΑ Τηλεόραση Κρήτης</channel>
    <channel site="[ENC]digea.gr[el]_0" site_id="5610||logo-creta-tv.png" xmltv_id="TV CRETA">TV CRETA</channel>
    <channel site="[ENC]digea.gr[el]_0" site_id="5620||logo-notos-tv.jpg" xmltv_id="NOTOS TV">NOTOS TV</channel>
    <channel site="[ENC]digea.gr[el]_0" site_id="5630||logo-sitia-tv.png" xmltv_id="SITIA TV">SITIA TV</channel>
    <channel site="[ENC]digea.gr[el]_0" site_id="5720||logo-aigaio.jpg" xmltv_id="ΑΙΓΑΙΟ">ΑΙΓΑΙΟ</channel>
    <channel site="[ENC]digea.gr[el]_0" site_id="5730||logo-sat.jpg" xmltv_id="ΣΑΤ">ΣΑΤ</channel>
    <channel site="[ENC]digea.gr[el]_0" site_id="5740||logo-irida.png" xmltv_id="IRIDA">IRIDA</channel>
    <channel site="[ENC]digea.gr[el]_0" site_id="5750||logo-kos-tv.png" xmltv_id="KOS TV">KOS TV</channel>
    <channel site="[ENC]digea.gr[el]_0" site_id="5760||logo-tv-kosmos.png" xmltv_id="TV KOSMOS">TV KOSMOS</channel>
    <channel site="[ENC]digea.gr[el]_0" site_id="5770||logo-tharri.png" xmltv_id="ΘΑΡΡΙ">ΘΑΡΡΙ</channel>
    <channel site="[ENC]digea.gr[el]_0" site_id="5850||logo-syros-tv.jpg" xmltv_id="SYROS TV1">SYROS TV1</channel>
    <channel site="[ENC]digea.gr[el]_0" site_id="5860||logo-volcano.png" xmltv_id="VOLCANO">VOLCANO</channel>
  </channels>
</site>