<?xml version="1.0" encoding="UTF-8"?>
<site generator-info-name="Tempest EPG Generator (made by Kvanc)" generator-info-url="https://github.com/K-vanc/Tempest-EPG-Generator.git" site="novasports.gr_0">
  <channels>
    <channel site="novasports.gr_0" site_id="Novasports.Premier.League||2022/08/LOGO_NOVASPORTS_PREMIER-vert.svg" xmltv_id="Novasports Premier League">Novasports Premier League</channel>
    <channel site="novasports.gr_0" site_id="Novasports.Prime||2021/08/LOGO-NOVASPORTS-ALT-PRIME-V.svg" xmltv_id="Novasports Prime">Novasports Prime</channel>
    <channel site="novasports.gr_0" site_id="Novasports1HD||2021/08/LOGO-NOVASPORTS-ALT-1-V.svg" xmltv_id="Novasports1HD">Novasports1HD</channel>
    <channel site="novasports.gr_0" site_id="Novasports2HD||2021/08/LOGO-NOVASPORTS-ALT-2-V.svg" xmltv_id="Novasports2HD">Novasports2HD</channel>
    <channel site="novasports.gr_0" site_id="Novasports3HD||2021/08/LOGO-NOVASPORTS-ALT-3-V.svg" xmltv_id="Novasports3HD">Novasports3HD</channel>
    <channel site="novasports.gr_0" site_id="Novasports4HD||2021/08/LOGO-NOVASPORTS-ALT-4-V.svg" xmltv_id="Novasports4HD">Novasports4HD</channel>
    <channel site="novasports.gr_0" site_id="Novasports5HD||2021/08/LOGO-NOVASPORTS-ALT-5-V.svg" xmltv_id="Novasports5HD">Novasports5HD</channel>
    <channel site="novasports.gr_0" site_id="Novasports6HD||2021/08/LOGO-NOVASPORTS-ALT-6-V.svg" xmltv_id="Novasports6HD">Novasports6HD</channel>
    <channel site="novasports.gr_0" site_id="ΝovasportsStart||2021/08/LOGO-NOVASPORTS-ALT-START-V.svg" xmltv_id="ΝovasportsStart">ΝovasportsStart</channel>
    <channel site="novasports.gr_0" site_id="ΝovasportsNews||2021/08/LOGO-NOVASPORTS-ALT-NEWS-V.svg" xmltv_id="ΝovasportsNews">ΝovasportsNews</channel>
    <channel site="novasports.gr_0" site_id="Novasports.Εxtra1||2022/08/NOVASPORTS_EXTRA-for-WP_NS-EXTRA-1-V-ALT.svg" xmltv_id="Novasports Εxtra1">Novasports Εxtra1</channel>
    <channel site="novasports.gr_0" site_id="Novasports.Extra2||2022/08/NOVASPORTS_EXTRA-for-WP_NS-EXTRA-2-V-ALT.svg" xmltv_id="Novasports Extra2">Novasports Extra2</channel>
    <channel site="novasports.gr_0" site_id="Novasports.Extra3||2022/08/NOVASPORTS_EXTRA-for-WP_NS-EXTRA-3-V-ALT.svg" xmltv_id="Novasports Extra3">Novasports Extra3</channel>
    <channel site="novasports.gr_0" site_id="Novasports.Extra4||2022/08/NOVASPORTS_EXTRA-for-WP_NS-EXTRA-4-V-ALT.svg" xmltv_id="Novasports Extra4">Novasports Extra4</channel>
    <channel site="novasports.gr_0" site_id="Eurosport.1.HD||2021/04/ESP_EPG_CMGD_1HD_NVY_RED_RGB.svg" xmltv_id="Eurosport 1 HD">Eurosport 1 HD</channel>
    <channel site="novasports.gr_0" site_id="Eurosport.2.HD||2021/04/ESP_EPG_CMGD_2HD_NVY_RED_RGB.svg" xmltv_id="Eurosport 2 HD">Eurosport 2 HD</channel>
  </channels>
</site>