<?xml version="1.0" encoding="UTF-8"?>
<site generator-info-name="Tempest EPG Generator (made by Kvanc)" generator-info-url="https://github.com/K-vanc/Tempest-EPG-Generator.git" site="[ENC][EX]canalplus.com[ga]_0">
  <channels>
    <channel site="[ENC][EX]canalplus.com[ga]_0" site_id="180001||13EME.RUE" xmltv_id="13EME RUE">13EME RUE</channel>
    <channel site="[ENC][EX]canalplus.com[ga]_0" site_id="180122||2STV" xmltv_id="2STV">2STV</channel>
    <channel site="[ENC][EX]canalplus.com[ga]_0" site_id="180623||3TV" xmltv_id="3TV">3TV</channel>
    <channel site="[ENC][EX]canalplus.com[ga]_0" site_id="180829||7INFO" xmltv_id="7INFO">7INFO</channel>
    <channel site="[ENC][EX]canalplus.com[ga]_0" site_id="180335||A." xmltv_id="A+">A+</channel>
    <channel site="[ENC][EX]canalplus.com[ga]_0" site_id="180074||A..BENIN" xmltv_id="A+ BENIN">A+ BENIN</channel>
    <channel site="[ENC][EX]canalplus.com[ga]_0" site_id="180681||A..IVOIRE.Antenne" xmltv_id="A+ IVOIRE Antenne">A+ IVOIRE Antenne</channel>
    <channel site="[ENC][EX]canalplus.com[ga]_0" site_id="180758||A..KIDS" xmltv_id="A+ KIDS">A+ KIDS</channel>
    <channel site="[ENC][EX]canalplus.com[ga]_0" site_id="180003||AB1" xmltv_id="AB1">AB1</channel>
    <channel site="[ENC][EX]canalplus.com[ga]_0" site_id="180004||ACTION" xmltv_id="ACTION">ACTION</channel>
    <channel site="[ENC][EX]canalplus.com[ga]_0" site_id="180168||AFRICA.24" xmltv_id="AFRICA 24">AFRICA 24</channel>
    <channel site="[ENC][EX]canalplus.com[ga]_0" site_id="180012||AFRICA.24.ENGLISH" xmltv_id="AFRICA 24 ENGLISH">AFRICA 24 ENGLISH</channel>
    <channel site="[ENC][EX]canalplus.com[ga]_0" site_id="180006||AFRICA.24.INFINITY" xmltv_id="AFRICA 24 INFINITY">AFRICA 24 INFINITY</channel>
    <channel site="[ENC][EX]canalplus.com[ga]_0" site_id="180009||AFRICA.24.SPORT" xmltv_id="AFRICA 24 SPORT">AFRICA 24 SPORT</channel>
    <channel site="[ENC][EX]canalplus.com[ga]_0" site_id="180166||AFRICABLE" xmltv_id="AFRICABLE">AFRICABLE</channel>
    <channel site="[ENC][EX]canalplus.com[ga]_0" site_id="180277||AL.JAZEERA" xmltv_id="AL JAZEERA">AL JAZEERA</channel>
    <channel site="[ENC][EX]canalplus.com[ga]_0" site_id="180922||ALAFIA.TV" xmltv_id="ALAFIA TV">ALAFIA TV</channel>
    <channel site="[ENC][EX]canalplus.com[ga]_0" site_id="180776||ALBAYANE" xmltv_id="ALBAYANE">ALBAYANE</channel>
    <channel site="[ENC][EX]canalplus.com[ga]_0" site_id="180759||ANIMAUX" xmltv_id="ANIMAUX">ANIMAUX</channel>
    <channel site="[ENC][EX]canalplus.com[ga]_0" site_id="180322||ANTENNE.A" xmltv_id="ANTENNE A">ANTENNE A</channel>
    <channel site="[ENC][EX]canalplus.com[ga]_0" site_id="180686||AREWA.24" xmltv_id="AREWA 24">AREWA 24</channel>
    <channel site="[ENC][EX]canalplus.com[ga]_0" site_id="180612||ASFIYAHI" xmltv_id="ASFIYAHI">ASFIYAHI</channel>
    <channel site="[ENC][EX]canalplus.com[ga]_0" site_id="180378||ASONGA.TV" xmltv_id="ASONGA TV">ASONGA TV</channel>
    <channel site="[ENC][EX]canalplus.com[ga]_0" site_id="180749||AUTHENTIC.TV" xmltv_id="AUTHENTIC TV">AUTHENTIC TV</channel>
    <channel site="[ENC][EX]canalplus.com[ga]_0" site_id="180565||AUTOMOTO" xmltv_id="AUTOMOTO">AUTOMOTO</channel>
    <channel site="[ENC][EX]canalplus.com[ga]_0" site_id="180273||B-ONE" xmltv_id="B-ONE">B-ONE</channel>
    <channel site="[ENC][EX]canalplus.com[ga]_0" site_id="180569||BANTAMBA.TV" xmltv_id="BANTAMBA TV">BANTAMBA TV</channel>
    <channel site="[ENC][EX]canalplus.com[ga]_0" site_id="180008||BBC.NEWS" xmltv_id="BBC NEWS">BBC NEWS</channel>
    <channel site="[ENC][EX]canalplus.com[ga]_0" site_id="180327||BBLACK.AFRICA" xmltv_id="BBLACK AFRICA">BBLACK AFRICA</channel>
    <channel site="[ENC][EX]canalplus.com[ga]_0" site_id="180337||BF1.TV" xmltv_id="BF1 TV">BF1 TV</channel>
    <channel site="[ENC][EX]canalplus.com[ga]_0" site_id="180840||BLOOMBERG.TV" xmltv_id="BLOOMBERG TV">BLOOMBERG TV</channel>
    <channel site="[ENC][EX]canalplus.com[ga]_0" site_id="180925||BONFEREY" xmltv_id="BONFEREY">BONFEREY</channel>
    <channel site="[ENC][EX]canalplus.com[ga]_0" site_id="180030||BOSOLO.TV" xmltv_id="BOSOLO TV">BOSOLO TV</channel>
    <channel site="[ENC][EX]canalplus.com[ga]_0" site_id="180753||BTN.TV" xmltv_id="BTN TV">BTN TV</channel>
    <channel site="[ENC][EX]canalplus.com[ga]_0" site_id="180556||BURKINA.INFO" xmltv_id="BURKINA INFO">BURKINA INFO</channel>
    <channel site="[ENC][EX]canalplus.com[ga]_0" site_id="180120||C8" xmltv_id="C8">C8</channel>
    <channel site="[ENC][EX]canalplus.com[ga]_0" site_id="180026||CAM10" xmltv_id="CAM10">CAM10</channel>
    <channel site="[ENC][EX]canalplus.com[ga]_0" site_id="180172||CANAL.2.INTER" xmltv_id="CANAL 2 INTER">CANAL 2 INTER</channel>
    <channel site="[ENC][EX]canalplus.com[ga]_0" site_id="180671||CANAL.2.MOVIES" xmltv_id="CANAL 2 MOVIES">CANAL 2 MOVIES</channel>
    <channel site="[ENC][EX]canalplus.com[ga]_0" site_id="180546||CANAL.3.BENIN" xmltv_id="CANAL 3 BENIN">CANAL 3 BENIN</channel>
    <channel site="[ENC][EX]canalplus.com[ga]_0" site_id="180795||CANAL.3.BURKINA" xmltv_id="CANAL 3 BURKINA">CANAL 3 BURKINA</channel>
    <channel site="[ENC][EX]canalplus.com[ga]_0" site_id="180245||CANAL.EVENEMENT.AFRIQUE" xmltv_id="CANAL EVENEMENT AFRIQUE">CANAL EVENEMENT AFRIQUE</channel>
    <channel site="[ENC][EX]canalplus.com[ga]_0" site_id="180626||CANAL..ACTION.CENTRE" xmltv_id="CANAL+ ACTION CENTRE">CANAL+ ACTION CENTRE</channel>
    <channel site="[ENC][EX]canalplus.com[ga]_0" site_id="180645||CANAL..ACTION.OUEST" xmltv_id="CANAL+ ACTION OUEST">CANAL+ ACTION OUEST</channel>
    <channel site="[ENC][EX]canalplus.com[ga]_0" site_id="180125||CANAL..CINEMA.CENTRE" xmltv_id="CANAL+ CINEMA CENTRE">CANAL+ CINEMA CENTRE</channel>
    <channel site="[ENC][EX]canalplus.com[ga]_0" site_id="180016||CANAL..CINEMA.OUEST" xmltv_id="CANAL+ CINEMA OUEST">CANAL+ CINEMA OUEST</channel>
    <channel site="[ENC][EX]canalplus.com[ga]_0" site_id="180980||CANAL..DOCS" xmltv_id="CANAL+ DOCS">CANAL+ DOCS</channel>
    <channel site="[ENC][EX]canalplus.com[ga]_0" site_id="180302||CANAL..ELLES.CENTRE" xmltv_id="CANAL+ ELLES CENTRE">CANAL+ ELLES CENTRE</channel>
    <channel site="[ENC][EX]canalplus.com[ga]_0" site_id="180402||CANAL..ELLES.OUEST" xmltv_id="CANAL+ ELLES OUEST">CANAL+ ELLES OUEST</channel>
    <channel site="[ENC][EX]canalplus.com[ga]_0" site_id="180144||CANAL..FAMILY.CENTRE" xmltv_id="CANAL+ FAMILY CENTRE">CANAL+ FAMILY CENTRE</channel>
    <channel site="[ENC][EX]canalplus.com[ga]_0" site_id="180403||CANAL..FAMILY.OUEST" xmltv_id="CANAL+ FAMILY OUEST">CANAL+ FAMILY OUEST</channel>
    <channel site="[ENC][EX]canalplus.com[ga]_0" site_id="180744||CANAL..FORMULA1" xmltv_id="CANAL+ FORMULA1">CANAL+ FORMULA1</channel>
    <channel site="[ENC][EX]canalplus.com[ga]_0" site_id="180743||CANAL..MOTO.GP" xmltv_id="CANAL+ MOTO GP">CANAL+ MOTO GP</channel>
    <channel site="[ENC][EX]canalplus.com[ga]_0" site_id="180628||CANAL..POP.CENTRE" xmltv_id="CANAL+ POP CENTRE">CANAL+ POP CENTRE</channel>
    <channel site="[ENC][EX]canalplus.com[ga]_0" site_id="180646||CANAL..POP.OUEST" xmltv_id="CANAL+ POP OUEST">CANAL+ POP OUEST</channel>
    <channel site="[ENC][EX]canalplus.com[ga]_0" site_id="180129||CANAL..PREMIERE.CENTRE" xmltv_id="CANAL+ PREMIERE CENTRE">CANAL+ PREMIERE CENTRE</channel>
    <channel site="[ENC][EX]canalplus.com[ga]_0" site_id="180018||CANAL..PREMIERE.OUEST" xmltv_id="CANAL+ PREMIERE OUEST">CANAL+ PREMIERE OUEST</channel>
    <channel site="[ENC][EX]canalplus.com[ga]_0" site_id="180625||CANAL..SPORT.1" xmltv_id="CANAL+ SPORT 1">CANAL+ SPORT 1</channel>
    <channel site="[ENC][EX]canalplus.com[ga]_0" site_id="180124||CANAL..SPORT.2" xmltv_id="CANAL+ SPORT 2">CANAL+ SPORT 2</channel>
    <channel site="[ENC][EX]canalplus.com[ga]_0" site_id="180149||CANAL..SPORT.3" xmltv_id="CANAL+ SPORT 3">CANAL+ SPORT 3</channel>
    <channel site="[ENC][EX]canalplus.com[ga]_0" site_id="180393||CANAL..SPORT.4" xmltv_id="CANAL+ SPORT 4">CANAL+ SPORT 4</channel>
    <channel site="[ENC][EX]canalplus.com[ga]_0" site_id="180394||CANAL..SPORT.5" xmltv_id="CANAL+ SPORT 5">CANAL+ SPORT 5</channel>
    <channel site="[ENC][EX]canalplus.com[ga]_0" site_id="180739||CANAL..TOP.14" xmltv_id="CANAL+ TOP 14">CANAL+ TOP 14</channel>
    <channel site="[ENC][EX]canalplus.com[ga]_0" site_id="180928||CAPITAL.SANTE.TV" xmltv_id="CAPITAL SANTE TV">CAPITAL SANTE TV</channel>
    <channel site="[ENC][EX]canalplus.com[ga]_0" site_id="180756||CARTOON.NETWORK.Africa.SA" xmltv_id="CARTOON NETWORK Africa SA">CARTOON NETWORK Africa SA</channel>
    <channel site="[ENC][EX]canalplus.com[ga]_0" site_id="180765||CDIRECT" xmltv_id="CDIRECT">CDIRECT</channel>
    <channel site="[ENC][EX]canalplus.com[ga]_0" site_id="180669||CHERIFLA.TV" xmltv_id="CHERIFLA TV">CHERIFLA TV</channel>
    <channel site="[ENC][EX]canalplus.com[ga]_0" site_id="180602||CIS.TV" xmltv_id="CIS TV">CIS TV</channel>
    <channel site="[ENC][EX]canalplus.com[ga]_0" site_id="180615||CLIQUE.TV" xmltv_id="CLIQUE TV">CLIQUE TV</channel>
    <channel site="[ENC][EX]canalplus.com[ga]_0" site_id="180571||CNBC.AFRICA" xmltv_id="CNBC AFRICA">CNBC AFRICA</channel>
    <channel site="[ENC][EX]canalplus.com[ga]_0" site_id="180048||CNEWS" xmltv_id="CNEWS">CNEWS</channel>
    <channel site="[ENC][EX]canalplus.com[ga]_0" site_id="180760||CRIME.DISTRICT" xmltv_id="CRIME DISTRICT">CRIME DISTRICT</channel>
    <channel site="[ENC][EX]canalplus.com[ga]_0" site_id="180010||CRTV" xmltv_id="CRTV">CRTV</channel>
    <channel site="[ENC][EX]canalplus.com[ga]_0" site_id="180668||CRTV.NEWS" xmltv_id="CRTV NEWS">CRTV NEWS</channel>
    <channel site="[ENC][EX]canalplus.com[ga]_0" site_id="180717||CRTV.SPORT" xmltv_id="CRTV SPORT">CRTV SPORT</channel>
    <channel site="[ENC][EX]canalplus.com[ga]_0" site_id="180217||CSTAR" xmltv_id="CSTAR">CSTAR</channel>
    <channel site="[ENC][EX]canalplus.com[ga]_0" site_id="180711||CUISINES" xmltv_id="CUISINES">CUISINES</channel>
    <channel site="[ENC][EX]canalplus.com[ga]_0" site_id="180764||CVK" xmltv_id="CVK">CVK</channel>
    <channel site="[ENC][EX]canalplus.com[ga]_0" site_id="180027||DBS" xmltv_id="DBS">DBS</channel>
    <channel site="[ENC][EX]canalplus.com[ga]_0" site_id="180380||DIGITAL.CONGO" xmltv_id="DIGITAL CONGO">DIGITAL CONGO</channel>
    <channel site="[ENC][EX]canalplus.com[ga]_0" site_id="180035||DISNEY.CHANNEL" xmltv_id="DISNEY CHANNEL">DISNEY CHANNEL</channel>
    <channel site="[ENC][EX]canalplus.com[ga]_0" site_id="180075||DISNEY.JUNIOR" xmltv_id="DISNEY JUNIOR">DISNEY JUNIOR</channel>
    <channel site="[ENC][EX]canalplus.com[ga]_0" site_id="180930||DJOMA.TV" xmltv_id="DJOMA TV">DJOMA TV</channel>
    <channel site="[ENC][EX]canalplus.com[ga]_0" site_id="180154||DORCEL.TV" xmltv_id="DORCEL TV">DORCEL TV</channel>
    <channel site="[ENC][EX]canalplus.com[ga]_0" site_id="180702||DORCEL.TV.AFRICA" xmltv_id="DORCEL TV AFRICA">DORCEL TV AFRICA</channel>
    <channel site="[ENC][EX]canalplus.com[ga]_0" site_id="180924||DOUNIA" xmltv_id="DOUNIA">DOUNIA</channel>
    <channel site="[ENC][EX]canalplus.com[ga]_0" site_id="180383||DRTV" xmltv_id="DRTV">DRTV</channel>
    <channel site="[ENC][EX]canalplus.com[ga]_0" site_id="180036||E!" xmltv_id="E!">E!</channel>
    <channel site="[ENC][EX]canalplus.com[ga]_0" site_id="180421||E-TELEVISION" xmltv_id="E-TELEVISION">E-TELEVISION</channel>
    <channel site="[ENC][EX]canalplus.com[ga]_0" site_id="180039||EATV" xmltv_id="EATV">EATV</channel>
    <channel site="[ENC][EX]canalplus.com[ga]_0" site_id="180974||ECCLESIA.TV" xmltv_id="ECCLESIA TV">ECCLESIA TV</channel>
    <channel site="[ENC][EX]canalplus.com[ga]_0" site_id="180387||ELECTRON.TV" xmltv_id="ELECTRON TV">ELECTRON TV</channel>
    <channel site="[ENC][EX]canalplus.com[ga]_0" site_id="180673||EMCI" xmltv_id="EMCI">EMCI</channel>
    <channel site="[ENC][EX]canalplus.com[ga]_0" site_id="180374||ENGLISH.CLUB.TV" xmltv_id="ENGLISH CLUB TV">ENGLISH CLUB TV</channel>
    <channel site="[ENC][EX]canalplus.com[ga]_0" site_id="180170||EQUINOXE.TV" xmltv_id="EQUINOXE TV">EQUINOXE TV</channel>
    <channel site="[ENC][EX]canalplus.com[ga]_0" site_id="180425||ESPACE.TV" xmltv_id="ESPACE TV">ESPACE TV</channel>
    <channel site="[ENC][EX]canalplus.com[ga]_0" site_id="180040||EURONEWS" xmltv_id="EURONEWS">EURONEWS</channel>
    <channel site="[ENC][EX]canalplus.com[ga]_0" site_id="180041||EUROSPORT.1" xmltv_id="EUROSPORT 1">EUROSPORT 1</channel>
    <channel site="[ENC][EX]canalplus.com[ga]_0" site_id="180042||EUROSPORT.2" xmltv_id="EUROSPORT 2">EUROSPORT 2</channel>
    <channel site="[ENC][EX]canalplus.com[ga]_0" site_id="180398||EVASION.TV" xmltv_id="EVASION TV">EVASION TV</channel>
    <channel site="[ENC][EX]canalplus.com[ga]_0" site_id="180740||FARIN.WATA" xmltv_id="FARIN WATA">FARIN WATA</channel>
    <channel site="[ENC][EX]canalplus.com[ga]_0" site_id="180376||FASHION.AFRICA.TV" xmltv_id="FASHION AFRICA TV">FASHION AFRICA TV</channel>
    <channel site="[ENC][EX]canalplus.com[ga]_0" site_id="180750||FLASH.TV" xmltv_id="FLASH TV">FLASH TV</channel>
    <channel site="[ENC][EX]canalplus.com[ga]_0" site_id="180114||FRANCE.24" xmltv_id="FRANCE 24">FRANCE 24</channel>
    <channel site="[ENC][EX]canalplus.com[ga]_0" site_id="180045||FRANCE.3" xmltv_id="FRANCE 3">FRANCE 3</channel>
    <channel site="[ENC][EX]canalplus.com[ga]_0" site_id="180046||FRANCE.5" xmltv_id="FRANCE 5">FRANCE 5</channel>
    <channel site="[ENC][EX]canalplus.com[ga]_0" site_id="180057||France.2.INT" xmltv_id="France 2 INT">France 2 INT</channel>
    <channel site="[ENC][EX]canalplus.com[ga]_0" site_id="180187||GABON.1ERE" xmltv_id="GABON 1ERE">GABON 1ERE</channel>
    <channel site="[ENC][EX]canalplus.com[ga]_0" site_id="180427||GABON.24" xmltv_id="GABON 24">GABON 24</channel>
    <channel site="[ENC][EX]canalplus.com[ga]_0" site_id="180830||GABON.CULTURE" xmltv_id="GABON CULTURE">GABON CULTURE</channel>
    <channel site="[ENC][EX]canalplus.com[ga]_0" site_id="180136||GAME.ONE" xmltv_id="GAME ONE">GAME ONE</channel>
    <channel site="[ENC][EX]canalplus.com[ga]_0" site_id="180752||GENESIS.TV" xmltv_id="GENESIS TV">GENESIS TV</channel>
    <channel site="[ENC][EX]canalplus.com[ga]_0" site_id="180379||GOLFE.TV" xmltv_id="GOLFE TV">GOLFE TV</channel>
    <channel site="[ENC][EX]canalplus.com[ga]_0" site_id="180367||GULLI.AFRICA" xmltv_id="GULLI AFRICA">GULLI AFRICA</channel>
    <channel site="[ENC][EX]canalplus.com[ga]_0" site_id="180034||HERITAGE.TV" xmltv_id="HERITAGE TV">HERITAGE TV</channel>
    <channel site="[ENC][EX]canalplus.com[ga]_0" site_id="180158||HISTOIRE" xmltv_id="HISTOIRE">HISTOIRE</channel>
    <channel site="[ENC][EX]canalplus.com[ga]_0" site_id="180033||HK6" xmltv_id="HK6">HK6</channel>
    <channel site="[ENC][EX]canalplus.com[ga]_0" site_id="180061||HOPE.TV" xmltv_id="HOPE TV">HOPE TV</channel>
    <channel site="[ENC][EX]canalplus.com[ga]_0" site_id="180064||HOREB.TV" xmltv_id="HOREB TV">HOREB TV</channel>
    <channel site="[ENC][EX]canalplus.com[ga]_0" site_id="180025||INFO.TV" xmltv_id="INFO TV">INFO TV</channel>
    <channel site="[ENC][EX]canalplus.com[ga]_0" site_id="180050||INFOSPORT." xmltv_id="INFOSPORT+">INFOSPORT+</channel>
    <channel site="[ENC][EX]canalplus.com[ga]_0" site_id="180279||IQRAA" xmltv_id="IQRAA">IQRAA</channel>
    <channel site="[ENC][EX]canalplus.com[ga]_0" site_id="180751||ISANGO.STAR.TV" xmltv_id="ISANGO STAR TV">ISANGO STAR TV</channel>
    <channel site="[ENC][EX]canalplus.com[ga]_0" site_id="180038||ITV" xmltv_id="ITV">ITV</channel>
    <channel site="[ENC][EX]canalplus.com[ga]_0" site_id="180722||ITV" xmltv_id="ITV">ITV</channel>
    <channel site="[ENC][EX]canalplus.com[ga]_0" site_id="180580||IVOIRE.TV.Music" xmltv_id="IVOIRE TV Music">IVOIRE TV Music</channel>
    <channel site="[ENC][EX]canalplus.com[ga]_0" site_id="180568||J-ONE" xmltv_id="J-ONE">J-ONE</channel>
    <channel site="[ENC][EX]canalplus.com[ga]_0" site_id="180527||JOLIBA" xmltv_id="JOLIBA">JOLIBA</channel>
    <channel site="[ENC][EX]canalplus.com[ga]_0" site_id="180019||KABACK.TV" xmltv_id="KABACK TV">KABACK TV</channel>
    <channel site="[ENC][EX]canalplus.com[ga]_0" site_id="180640||KALAC.TV" xmltv_id="KALAC TV">KALAC TV</channel>
    <channel site="[ENC][EX]canalplus.com[ga]_0" site_id="180747||KC2" xmltv_id="KC2">KC2</channel>
    <channel site="[ENC][EX]canalplus.com[ga]_0" site_id="180070||KTN.HOME" xmltv_id="KTN HOME">KTN HOME</channel>
    <channel site="[ENC][EX]canalplus.com[ga]_0" site_id="180068||KTN.NEWS" xmltv_id="KTN NEWS">KTN NEWS</channel>
    <channel site="[ENC][EX]canalplus.com[ga]_0" site_id="180278||KTO" xmltv_id="KTO">KTO</channel>
    <channel site="[ENC][EX]canalplus.com[ga]_0" site_id="180761||LA3" xmltv_id="LA3">LA3</channel>
    <channel site="[ENC][EX]canalplus.com[ga]_0" site_id="180921||LAMP.FALL.TV" xmltv_id="LAMP FALL TV">LAMP FALL TV</channel>
    <channel site="[ENC][EX]canalplus.com[ga]_0" site_id="180777||LCA" xmltv_id="LCA">LCA</channel>
    <channel site="[ENC][EX]canalplus.com[ga]_0" site_id="180054||LCI" xmltv_id="LCI">LCI</channel>
    <channel site="[ENC][EX]canalplus.com[ga]_0" site_id="180446||LEDJELY.TV" xmltv_id="LEDJELY TV">LEDJELY TV</channel>
    <channel site="[ENC][EX]canalplus.com[ga]_0" site_id="180015||LERAL.TV" xmltv_id="LERAL TV">LERAL TV</channel>
    <channel site="[ENC][EX]canalplus.com[ga]_0" site_id="180762||LIFE.TV" xmltv_id="LIFE TV">LIFE TV</channel>
    <channel site="[ENC][EX]canalplus.com[ga]_0" site_id="180178||LIPTAKO.TV" xmltv_id="LIPTAKO TV">LIPTAKO TV</channel>
    <channel site="[ENC][EX]canalplus.com[ga]_0" site_id="180323||LMTV" xmltv_id="LMTV">LMTV</channel>
    <channel site="[ENC][EX]canalplus.com[ga]_0" site_id="180755||LOVE.NATURE" xmltv_id="LOVE NATURE">LOVE NATURE</channel>
    <channel site="[ENC][EX]canalplus.com[ga]_0" site_id="180573||LTM" xmltv_id="LTM">LTM</channel>
    <channel site="[ENC][EX]canalplus.com[ga]_0" site_id="180931||LUDIKIDS.OI" xmltv_id="LUDIKIDS OI">LUDIKIDS OI</channel>
    <channel site="[ENC][EX]canalplus.com[ga]_0" site_id="180639||LUX.TV" xmltv_id="LUX TV">LUX TV</channel>
    <channel site="[ENC][EX]canalplus.com[ga]_0" site_id="180712||M6.INTERNATIONAL" xmltv_id="M6 INTERNATIONAL">M6 INTERNATIONAL</channel>
    <channel site="[ENC][EX]canalplus.com[ga]_0" site_id="180973||MABOKE.TV" xmltv_id="MABOKE TV">MABOKE TV</channel>
    <channel site="[ENC][EX]canalplus.com[ga]_0" site_id="180972||MADI.TV" xmltv_id="MADI TV">MADI TV</channel>
    <channel site="[ENC][EX]canalplus.com[ga]_0" site_id="180032||MALAIKA.TV" xmltv_id="MALAIKA TV">MALAIKA TV</channel>
    <channel site="[ENC][EX]canalplus.com[ga]_0" site_id="180585||MANDE.TV" xmltv_id="MANDE TV">MANDE TV</channel>
    <channel site="[ENC][EX]canalplus.com[ga]_0" site_id="180059||MANGAS" xmltv_id="MANGAS">MANGAS</channel>
    <channel site="[ENC][EX]canalplus.com[ga]_0" site_id="180412||MCR.TV" xmltv_id="MCR TV">MCR TV</channel>
    <channel site="[ENC][EX]canalplus.com[ga]_0" site_id="180372||MEDIA.PRIME" xmltv_id="MEDIA PRIME">MEDIA PRIME</channel>
    <channel site="[ENC][EX]canalplus.com[ga]_0" site_id="180265||MELODY.D'AFRIQUE" xmltv_id="MELODY D'AFRIQUE">MELODY D'AFRIQUE</channel>
    <channel site="[ENC][EX]canalplus.com[ga]_0" site_id="180063||MEZZO" xmltv_id="MEZZO">MEZZO</channel>
    <channel site="[ENC][EX]canalplus.com[ga]_0" site_id="180667||MGG.TV" xmltv_id="MGG TV">MGG TV</channel>
    <channel site="[ENC][EX]canalplus.com[ga]_0" site_id="180929||MIKUBA.TV" xmltv_id="MIKUBA TV">MIKUBA TV</channel>
    <channel site="[ENC][EX]canalplus.com[ga]_0" site_id="180627||MISHAPI" xmltv_id="MISHAPI">MISHAPI</channel>
    <channel site="[ENC][EX]canalplus.com[ga]_0" site_id="180665||MOLIERE.TV" xmltv_id="MOLIERE TV">MOLIERE TV</channel>
    <channel site="[ENC][EX]canalplus.com[ga]_0" site_id="180065||MTV.France" xmltv_id="MTV France">MTV France</channel>
    <channel site="[ENC][EX]canalplus.com[ga]_0" site_id="180147||MTV.HITS" xmltv_id="MTV HITS">MTV HITS</channel>
    <channel site="[ENC][EX]canalplus.com[ga]_0" site_id="180670||MUSEUM.TV" xmltv_id="MUSEUM TV">MUSEUM TV</channel>
    <channel site="[ENC][EX]canalplus.com[ga]_0" site_id="180223||NAT.GEO.WILD" xmltv_id="NAT GEO WILD">NAT GEO WILD</channel>
    <channel site="[ENC][EX]canalplus.com[ga]_0" site_id="180959||NATHAN." xmltv_id="NATHAN+">NATHAN+</channel>
    <channel site="[ENC][EX]canalplus.com[ga]_0" site_id="180145||NATIONAL.GEOGRAPHIC" xmltv_id="NATIONAL GEOGRAPHIC">NATIONAL GEOGRAPHIC</channel>
    <channel site="[ENC][EX]canalplus.com[ga]_0" site_id="180555||NBA.TV" xmltv_id="NBA TV">NBA TV</channel>
    <channel site="[ENC][EX]canalplus.com[ga]_0" site_id="180715||NCI" xmltv_id="NCI">NCI</channel>
    <channel site="[ENC][EX]canalplus.com[ga]_0" site_id="180307||NHK.WORLD.TV" xmltv_id="NHK WORLD TV">NHK WORLD TV</channel>
    <channel site="[ENC][EX]canalplus.com[ga]_0" site_id="180224||NICKELODEON" xmltv_id="NICKELODEON">NICKELODEON</channel>
    <channel site="[ENC][EX]canalplus.com[ga]_0" site_id="180941||NICKELODEON.JR" xmltv_id="NICKELODEON JR">NICKELODEON JR</channel>
    <channel site="[ENC][EX]canalplus.com[ga]_0" site_id="180643||NIETA.TV" xmltv_id="NIETA TV">NIETA TV</channel>
    <channel site="[ENC][EX]canalplus.com[ga]_0" site_id="180600||NOLLYWOOD.EPIC" xmltv_id="NOLLYWOOD EPIC">NOLLYWOOD EPIC</channel>
    <channel site="[ENC][EX]canalplus.com[ga]_0" site_id="180270||NOLLYWOOD.TV" xmltv_id="NOLLYWOOD TV">NOLLYWOOD TV</channel>
    <channel site="[ENC][EX]canalplus.com[ga]_0" site_id="180971||NOVELAS..Cameroun." xmltv_id="NOVELAS (Cameroun)">NOVELAS (Cameroun)</channel>
    <channel site="[ENC][EX]canalplus.com[ga]_0" site_id="180368||NOVELAS.TV" xmltv_id="NOVELAS TV">NOVELAS TV</channel>
    <channel site="[ENC][EX]canalplus.com[ga]_0" site_id="180689||NOVELAS.TV..IVOIRE." xmltv_id="NOVELAS TV (IVOIRE)">NOVELAS TV (IVOIRE)</channel>
    <channel site="[ENC][EX]canalplus.com[ga]_0" site_id="180428||NYOTA" xmltv_id="NYOTA">NYOTA</channel>
    <channel site="[ENC][EX]canalplus.com[ga]_0" site_id="180415||OMEGA.TV" xmltv_id="OMEGA TV">OMEGA TV</channel>
    <channel site="[ENC][EX]canalplus.com[ga]_0" site_id="180404||ONE.TV" xmltv_id="ONE TV">ONE TV</channel>
    <channel site="[ENC][EX]canalplus.com[ga]_0" site_id="180207||ORTB" xmltv_id="ORTB">ORTB</channel>
    <channel site="[ENC][EX]canalplus.com[ga]_0" site_id="180069||ORTM1" xmltv_id="ORTM1">ORTM1</channel>
    <channel site="[ENC][EX]canalplus.com[ga]_0" site_id="180397||ORTM2" xmltv_id="ORTM2">ORTM2</channel>
    <channel site="[ENC][EX]canalplus.com[ga]_0" site_id="180371||PACIS.TV" xmltv_id="PACIS TV">PACIS TV</channel>
    <channel site="[ENC][EX]canalplus.com[ga]_0" site_id="180303||PARAMOUNT.TV" xmltv_id="PARAMOUNT TV">PARAMOUNT TV</channel>
    <channel site="[ENC][EX]canalplus.com[ga]_0" site_id="180128||PIWI." xmltv_id="PIWI+">PIWI+</channel>
    <channel site="[ENC][EX]canalplus.com[ga]_0" site_id="180072||PLANETE." xmltv_id="PLANETE+">PLANETE+</channel>
    <channel site="[ENC][EX]canalplus.com[ga]_0" site_id="180073||PLANETE..AVENTURE" xmltv_id="PLANETE+ AVENTURE">PLANETE+ AVENTURE</channel>
    <channel site="[ENC][EX]canalplus.com[ga]_0" site_id="180142||PLANETE..CRIME" xmltv_id="PLANETE+ CRIME">PLANETE+ CRIME</channel>
    <channel site="[ENC][EX]canalplus.com[ga]_0" site_id="180055||POLAR." xmltv_id="POLAR+">POLAR+</channel>
    <channel site="[ENC][EX]canalplus.com[ga]_0" site_id="180728||PSTV" xmltv_id="PSTV">PSTV</channel>
    <channel site="[ENC][EX]canalplus.com[ga]_0" site_id="180947||RAI" xmltv_id="RAI">RAI</channel>
    <channel site="[ENC][EX]canalplus.com[ga]_0" site_id="180164||RATELKI" xmltv_id="RATELKI">RATELKI</channel>
    <channel site="[ENC][EX]canalplus.com[ga]_0" site_id="180778||RENOUVEAU.TV" xmltv_id="RENOUVEAU TV">RENOUVEAU TV</channel>
    <channel site="[ENC][EX]canalplus.com[ga]_0" site_id="180121||RTB" xmltv_id="RTB">RTB</channel>
    <channel site="[ENC][EX]canalplus.com[ga]_0" site_id="180060||RTB.ZENITH" xmltv_id="RTB ZENITH">RTB ZENITH</channel>
    <channel site="[ENC][EX]canalplus.com[ga]_0" site_id="180031||RTCE" xmltv_id="RTCE">RTCE</channel>
    <channel site="[ENC][EX]canalplus.com[ga]_0" site_id="180399||RTD" xmltv_id="RTD">RTD</channel>
    <channel site="[ENC][EX]canalplus.com[ga]_0" site_id="180779||RTDS" xmltv_id="RTDS">RTDS</channel>
    <channel site="[ENC][EX]canalplus.com[ga]_0" site_id="180202||RTG" xmltv_id="RTG">RTG</channel>
    <channel site="[ENC][EX]canalplus.com[ga]_0" site_id="180017||RTG2" xmltv_id="RTG2">RTG2</channel>
    <channel site="[ENC][EX]canalplus.com[ga]_0" site_id="180171||RTI.1" xmltv_id="RTI 1">RTI 1</channel>
    <channel site="[ENC][EX]canalplus.com[ga]_0" site_id="180271||RTI2" xmltv_id="RTI2">RTI2</channel>
    <channel site="[ENC][EX]canalplus.com[ga]_0" site_id="180077||RTL9" xmltv_id="RTL9">RTL9</channel>
    <channel site="[ENC][EX]canalplus.com[ga]_0" site_id="180716||RTNB" xmltv_id="RTNB">RTNB</channel>
    <channel site="[ENC][EX]canalplus.com[ga]_0" site_id="180208||RTNC" xmltv_id="RTNC">RTNC</channel>
    <channel site="[ENC][EX]canalplus.com[ga]_0" site_id="180062||RTNK" xmltv_id="RTNK">RTNK</channel>
    <channel site="[ENC][EX]canalplus.com[ga]_0" site_id="180076||RTS" xmltv_id="RTS">RTS</channel>
    <channel site="[ENC][EX]canalplus.com[ga]_0" site_id="180666||RTS.2" xmltv_id="RTS 2">RTS 2</channel>
    <channel site="[ENC][EX]canalplus.com[ga]_0" site_id="180251||RWANDA.TV" xmltv_id="RWANDA TV">RWANDA TV</channel>
    <channel site="[ENC][EX]canalplus.com[ga]_0" site_id="180700||SAHARA.TV" xmltv_id="SAHARA TV">SAHARA TV</channel>
    <channel site="[ENC][EX]canalplus.com[ga]_0" site_id="180238||SARAOUNIA.TV" xmltv_id="SARAOUNIA TV">SARAOUNIA TV</channel>
    <channel site="[ENC][EX]canalplus.com[ga]_0" site_id="180664||SAVANE.TV" xmltv_id="SAVANE TV">SAVANE TV</channel>
    <channel site="[ENC][EX]canalplus.com[ga]_0" site_id="180373||SCIENCE.ET.VIE.TV" xmltv_id="SCIENCE ET VIE TV">SCIENCE ET VIE TV</channel>
    <channel site="[ENC][EX]canalplus.com[ga]_0" site_id="180377||SEN.TV" xmltv_id="SEN TV">SEN TV</channel>
    <channel site="[ENC][EX]canalplus.com[ga]_0" site_id="180080||SERIE.CLUB" xmltv_id="SERIE CLUB">SERIE CLUB</channel>
    <channel site="[ENC][EX]canalplus.com[ga]_0" site_id="180047||SINEMA.ZETU" xmltv_id="SINEMA ZETU">SINEMA ZETU</channel>
    <channel site="[ENC][EX]canalplus.com[ga]_0" site_id="180976||SOS.DOCTEUR.TV" xmltv_id="SOS DOCTEUR TV">SOS DOCTEUR TV</channel>
    <channel site="[ENC][EX]canalplus.com[ga]_0" site_id="180411||SSM.TV" xmltv_id="SSM TV">SSM TV</channel>
    <channel site="[ENC][EX]canalplus.com[ga]_0" site_id="180192||STV" xmltv_id="STV">STV</channel>
    <channel site="[ENC][EX]canalplus.com[ga]_0" site_id="180828||SUD.1ERE" xmltv_id="SUD 1ERE">SUD 1ERE</channel>
    <channel site="[ENC][EX]canalplus.com[ga]_0" site_id="180926||SUNNA.TV" xmltv_id="SUNNA TV">SUNNA TV</channel>
    <channel site="[ENC][EX]canalplus.com[ga]_0" site_id="180710||SUNU.YEUF" xmltv_id="SUNU YEUF">SUNU YEUF</channel>
    <channel site="[ENC][EX]canalplus.com[ga]_0" site_id="180078||SYFY" xmltv_id="SYFY">SYFY</channel>
    <channel site="[ENC][EX]canalplus.com[ga]_0" site_id="180116||TAMBARIN.HAUSA.TV" xmltv_id="TAMBARIN HAUSA TV">TAMBARIN HAUSA TV</channel>
    <channel site="[ENC][EX]canalplus.com[ga]_0" site_id="180043||TBC1" xmltv_id="TBC1">TBC1</channel>
    <channel site="[ENC][EX]canalplus.com[ga]_0" site_id="180066||TBC2" xmltv_id="TBC2">TBC2</channel>
    <channel site="[ENC][EX]canalplus.com[ga]_0" site_id="180079||TCHAD.INFOS" xmltv_id="TCHAD INFOS">TCHAD INFOS</channel>
    <channel site="[ENC][EX]canalplus.com[ga]_0" site_id="180381||TELE.50" xmltv_id="TELE 50">TELE 50</channel>
    <channel site="[ENC][EX]canalplus.com[ga]_0" site_id="180235||TELE.AFRICA" xmltv_id="TELE AFRICA">TELE AFRICA</channel>
    <channel site="[ENC][EX]canalplus.com[ga]_0" site_id="180204||TELE.CONGO" xmltv_id="TELE CONGO">TELE CONGO</channel>
    <channel site="[ENC][EX]canalplus.com[ga]_0" site_id="180274||TELE.SAHEL" xmltv_id="TELE SAHEL">TELE SAHEL</channel>
    <channel site="[ENC][EX]canalplus.com[ga]_0" site_id="180148||TELETOON." xmltv_id="TELETOON+">TELETOON+</channel>
    <channel site="[ENC][EX]canalplus.com[ga]_0" site_id="180095||TF1" xmltv_id="TF1">TF1</channel>
    <channel site="[ENC][EX]canalplus.com[ga]_0" site_id="180613||TF1.SERIES.FILMS" xmltv_id="TF1 SERIES FILMS">TF1 SERIES FILMS</channel>
    <channel site="[ENC][EX]canalplus.com[ga]_0" site_id="180234||TFM" xmltv_id="TFM">TFM</channel>
    <channel site="[ENC][EX]canalplus.com[ga]_0" site_id="180067||TFX" xmltv_id="TFX">TFX</channel>
    <channel site="[ENC][EX]canalplus.com[ga]_0" site_id="180499||TGB" xmltv_id="TGB">TGB</channel>
    <channel site="[ENC][EX]canalplus.com[ga]_0" site_id="180097||TIJI" xmltv_id="TIJI">TIJI</channel>
    <channel site="[ENC][EX]canalplus.com[ga]_0" site_id="180545||TIVI5.MONDE" xmltv_id="TIVI5 MONDE">TIVI5 MONDE</channel>
    <channel site="[ENC][EX]canalplus.com[ga]_0" site_id="180723||TM1" xmltv_id="TM1">TM1</channel>
    <channel site="[ENC][EX]canalplus.com[ga]_0" site_id="180098||TMC" xmltv_id="TMC">TMC</channel>
    <channel site="[ENC][EX]canalplus.com[ga]_0" site_id="180757||TNT.Africa" xmltv_id="TNT Africa">TNT Africa</channel>
    <channel site="[ENC][EX]canalplus.com[ga]_0" site_id="180727||TOUTE.L.HISTOIRE" xmltv_id="TOUTE L HISTOIRE">TOUTE L HISTOIRE</channel>
    <channel site="[ENC][EX]canalplus.com[ga]_0" site_id="180341||TOZALI.TV" xmltv_id="TOZALI TV">TOZALI TV</channel>
    <channel site="[ENC][EX]canalplus.com[ga]_0" site_id="180214||TRACE.AFRICA.AFRIQUE" xmltv_id="TRACE AFRICA AFRIQUE">TRACE AFRICA AFRIQUE</channel>
    <channel site="[ENC][EX]canalplus.com[ga]_0" site_id="180000||TRACE.CHRISTMAS" xmltv_id="TRACE CHRISTMAS">TRACE CHRISTMAS</channel>
    <channel site="[ENC][EX]canalplus.com[ga]_0" site_id="180620||TRACE.GOSPEL" xmltv_id="TRACE GOSPEL">TRACE GOSPEL</channel>
    <channel site="[ENC][EX]canalplus.com[ga]_0" site_id="180621||TRACE.KITOKO" xmltv_id="TRACE KITOKO">TRACE KITOKO</channel>
    <channel site="[ENC][EX]canalplus.com[ga]_0" site_id="180266||TRACE.MBOA" xmltv_id="TRACE MBOA">TRACE MBOA</channel>
    <channel site="[ENC][EX]canalplus.com[ga]_0" site_id="180570||TRACE.MZIKI" xmltv_id="TRACE MZIKI">TRACE MZIKI</channel>
    <channel site="[ENC][EX]canalplus.com[ga]_0" site_id="180714||TRACE.TERANGA" xmltv_id="TRACE TERANGA">TRACE TERANGA</channel>
    <channel site="[ENC][EX]canalplus.com[ga]_0" site_id="180186||TRACE.Urban.Afrique" xmltv_id="TRACE Urban Afrique">TRACE Urban Afrique</channel>
    <channel site="[ENC][EX]canalplus.com[ga]_0" site_id="180996||TRAVELXP" xmltv_id="TRAVELXP">TRAVELXP</channel>
    <channel site="[ENC][EX]canalplus.com[ga]_0" site_id="180566||TREK" xmltv_id="TREK">TREK</channel>
    <channel site="[ENC][EX]canalplus.com[ga]_0" site_id="180384||TV.MAURITANIE" xmltv_id="TV MAURITANIE">TV MAURITANIE</channel>
    <channel site="[ENC][EX]canalplus.com[ga]_0" site_id="180275||TV.TCHAD" xmltv_id="TV TCHAD">TV TCHAD</channel>
    <channel site="[ENC][EX]canalplus.com[ga]_0" site_id="180272||TV.TOGO" xmltv_id="TV TOGO">TV TOGO</channel>
    <channel site="[ENC][EX]canalplus.com[ga]_0" site_id="180748||TV1" xmltv_id="TV1">TV1</channel>
    <channel site="[ENC][EX]canalplus.com[ga]_0" site_id="180326||TV10" xmltv_id="TV10">TV10</channel>
    <channel site="[ENC][EX]canalplus.com[ga]_0" site_id="180105||TV5.MONDE..Afrique." xmltv_id="TV5 MONDE (Afrique)">TV5 MONDE (Afrique)</channel>
    <channel site="[ENC][EX]canalplus.com[ga]_0" site_id="180763||TV7" xmltv_id="TV7">TV7</channel>
    <channel site="[ENC][EX]canalplus.com[ga]_0" site_id="180923||TVC" xmltv_id="TVC">TVC</channel>
    <channel site="[ENC][EX]canalplus.com[ga]_0" site_id="180339||TVCA" xmltv_id="TVCA">TVCA</channel>
    <channel site="[ENC][EX]canalplus.com[ga]_0" site_id="180927||TVGE" xmltv_id="TVGE">TVGE</channel>
    <channel site="[ENC][EX]canalplus.com[ga]_0" site_id="180138||USHUAÏA.TV" xmltv_id="USHUAÏA TV">USHUAÏA TV</channel>
    <channel site="[ENC][EX]canalplus.com[ga]_0" site_id="180051||UTV" xmltv_id="UTV">UTV</channel>
    <channel site="[ENC][EX]canalplus.com[ga]_0" site_id="180682||VISION.4.RCA" xmltv_id="VISION 4 RCA">VISION 4 RCA</channel>
    <channel site="[ENC][EX]canalplus.com[ga]_0" site_id="180934||VIXEN" xmltv_id="VIXEN">VIXEN</channel>
    <channel site="[ENC][EX]canalplus.com[ga]_0" site_id="180215||VOIR." xmltv_id="VOIR+">VOIR+</channel>
    <channel site="[ENC][EX]canalplus.com[ga]_0" site_id="180193||VOX.AFRICA" xmltv_id="VOX AFRICA">VOX AFRICA</channel>
    <channel site="[ENC][EX]canalplus.com[ga]_0" site_id="180561||VOX.TV" xmltv_id="VOX TV">VOX TV</channel>
    <channel site="[ENC][EX]canalplus.com[ga]_0" site_id="180011||W-SPORT" xmltv_id="W-SPORT">W-SPORT</channel>
    <channel site="[ENC][EX]canalplus.com[ga]_0" site_id="180572||WALF.TV" xmltv_id="WALF TV">WALF TV</channel>
    <channel site="[ENC][EX]canalplus.com[ga]_0" site_id="180614||WATAAA" xmltv_id="WATAAA">WATAAA</channel>
    <channel site="[ENC][EX]canalplus.com[ga]_0" site_id="180110||XXL" xmltv_id="XXL">XXL</channel>
    <channel site="[ENC][EX]canalplus.com[ga]_0" site_id="180005||ZACU.TV" xmltv_id="ZACU TV">ZACU TV</channel>
    <channel site="[ENC][EX]canalplus.com[ga]_0" site_id="180396||ZEE.MAGIC" xmltv_id="ZEE MAGIC">ZEE MAGIC</channel>
  </channels>
</site>