<?xml version="1.0" encoding="UTF-8"?>
<site generator-info-name="Tempest EPG Generator (made by Kvanc)" generator-info-url="https://github.com/K-vanc/Tempest-EPG-Generator.git" site="sportsnet.ca_0">
  <channels>
    <channel site="sportsnet.ca_0" site_id="155049||2138303" xmltv_id="Sportsnet Ontario">Sportsnet Ontario</channel>
    <channel site="sportsnet.ca_0" site_id="155046||2138295" xmltv_id="Sportsnet East">Sportsnet East</channel>
    <channel site="sportsnet.ca_0" site_id="155047||2138313" xmltv_id="Sportsnet One">Sportsnet One</channel>
    <channel site="sportsnet.ca_0" site_id="155068||2138267" xmltv_id="Sportsnet 360">Sportsnet 360</channel>
    <channel site="sportsnet.ca_0" site_id="155050||2138283" xmltv_id="Sportsnet West">Sportsnet West</channel>
    <channel site="sportsnet.ca_0" site_id="155048||2138275" xmltv_id="Sportsnet Pacific">Sportsnet Pacific</channel>
    <channel site="sportsnet.ca_0" site_id="155080||2138321" xmltv_id="Sportsnet World">Sportsnet World</channel>
    <channel site="sportsnet.ca_0" site_id="155097||2138329" xmltv_id="Sportsnet WWE Network">Sportsnet WWE Network</channel>
  </channels>
</site>