<?xml version="1.0" encoding="UTF-8"?>
<site generator-info-name="Tempest EPG Generator (made by Kvanc)" generator-info-url="https://github.com/K-vanc/Tempest-EPG-Generator.git" site="sportsnet.ca_0">
  <channels>
    <channel site="sportsnet.ca_0" site_id="24533||327542" xmltv_id="SN Ontario">SN Ontario</channel>
    <channel site="sportsnet.ca_0" site_id="24469||327550" xmltv_id="SN One">SN One</channel>
    <channel site="sportsnet.ca_0" site_id="24467||327510" xmltv_id="SN 360">SN 360</channel>
    <channel site="sportsnet.ca_0" site_id="24468||327526" xmltv_id="SN West">SN West</channel>
    <channel site="sportsnet.ca_0" site_id="24466||327534" xmltv_id="SN East">SN East</channel>
    <channel site="sportsnet.ca_0" site_id="24530||327518" xmltv_id="SN Pacific">SN Pacific</channel>
    <channel site="sportsnet.ca_0" site_id="5895||327558" xmltv_id="SN World">SN World</channel>
    <channel site="sportsnet.ca_0" site_id="29659||426319" xmltv_id="WWE Network">WWE Network</channel>
  </channels>
</site>