<?xml version="1.0" encoding="UTF-8"?>
<site generator-info-name="Tempest EPG Generator (made by Kvanc)" generator-info-url="https://github.com/K-vanc/Tempest-EPG-Generator.git" site="[ENC]elcinema.com[en]_0">
  <channels>
    <channel site="[ENC]elcinema.com[en]_0" site_id="1158" xmltv_id="Nile Comedy">Nile Comedy</channel>
    <channel site="[ENC]elcinema.com[en]_0" site_id="1145" xmltv_id="Mehwar">Mehwar</channel>
    <channel site="[ENC]elcinema.com[en]_0" site_id="1269" xmltv_id="AlSharqiya">AlSharqiya</channel>
    <channel site="[ENC]elcinema.com[en]_0" site_id="1300" xmltv_id="Syria Drama">Syria Drama</channel>
    <channel site="[ENC]elcinema.com[en]_0" site_id="1128" xmltv_id="MBC 2">MBC 2</channel>
    <channel site="[ENC]elcinema.com[en]_0" site_id="1226" xmltv_id="Sada El Balad">Sada El Balad</channel>
    <channel site="[ENC]elcinema.com[en]_0" site_id="1136" xmltv_id="Abu Dhabi TV">Abu Dhabi TV</channel>
    <channel site="[ENC]elcinema.com[en]_0" site_id="1317" xmltv_id="Oman">Oman</channel>
    <channel site="[ENC]elcinema.com[en]_0" site_id="1272" xmltv_id="Discovery">Discovery</channel>
    <channel site="[ENC]elcinema.com[en]_0" site_id="1366" xmltv_id="Thikrayat Tv">Thikrayat Tv</channel>
    <channel site="[ENC]elcinema.com[en]_0" site_id="1373" xmltv_id="Mix ONE">Mix ONE</channel>
    <channel site="[ENC]elcinema.com[en]_0" site_id="1193" xmltv_id="Al Nahar TV">Al Nahar TV</channel>
    <channel site="[ENC]elcinema.com[en]_0" site_id="1204" xmltv_id="iFILM TV">iFILM TV</channel>
    <channel site="[ENC]elcinema.com[en]_0" site_id="1301" xmltv_id="Alsumaria">Alsumaria</channel>
    <channel site="[ENC]elcinema.com[en]_0" site_id="1169" xmltv_id="Dubai TV">Dubai TV</channel>
    <channel site="[ENC]elcinema.com[en]_0" site_id="1252" xmltv_id="Al Kahera Wal Nas TV 2">Al Kahera Wal Nas TV 2</channel>
    <channel site="[ENC]elcinema.com[en]_0" site_id="1353" xmltv_id="2M TV">2M TV</channel>
    <channel site="[ENC]elcinema.com[en]_0" site_id="1308" xmltv_id="Watania1">Watania1</channel>
    <channel site="[ENC]elcinema.com[en]_0" site_id="1322" xmltv_id="BEIN MOVIES PREMIERE">BEIN MOVIES PREMIERE</channel>
    <channel site="[ENC]elcinema.com[en]_0" site_id="1328" xmltv_id="beIN Series HD 2">beIN Series HD 2</channel>
    <channel site="[ENC]elcinema.com[en]_0" site_id="1289" xmltv_id="Rotana Cinema">Rotana Cinema</channel>
    <channel site="[ENC]elcinema.com[en]_0" site_id="1129" xmltv_id="MBC 4">MBC 4</channel>
    <channel site="[ENC]elcinema.com[en]_0" site_id="1313" xmltv_id="LTV">LTV</channel>
    <channel site="[ENC]elcinema.com[en]_0" site_id="1367" xmltv_id="Utv">Utv</channel>
    <channel site="[ENC]elcinema.com[en]_0" site_id="1119" xmltv_id="Egyptian TV">Egyptian TV</channel>
    <channel site="[ENC]elcinema.com[en]_0" site_id="1368" xmltv_id="Bahrain TV">Bahrain TV</channel>
    <channel site="[ENC]elcinema.com[en]_0" site_id="1218" xmltv_id="Rotana Movies+">Rotana Movies+</channel>
    <channel site="[ENC]elcinema.com[en]_0" site_id="1194" xmltv_id="MBC Drama">MBC Drama</channel>
    <channel site="[ENC]elcinema.com[en]_0" site_id="1232" xmltv_id="OSN TV Kids">OSN TV Kids</channel>
    <channel site="[ENC]elcinema.com[en]_0" site_id="1239" xmltv_id="MBC Egypt">MBC Egypt</channel>
    <channel site="[ENC]elcinema.com[en]_0" site_id="1228" xmltv_id="Fox">Fox</channel>
    <channel site="[ENC]elcinema.com[en]_0" site_id="1312" xmltv_id="Al Aoula Morocco">Al Aoula Morocco</channel>
    <channel site="[ENC]elcinema.com[en]_0" site_id="1173" xmltv_id="Dubai One">Dubai One</channel>
    <channel site="[ENC]elcinema.com[en]_0" site_id="1261" xmltv_id="Zee alwan">Zee alwan</channel>
    <channel site="[ENC]elcinema.com[en]_0" site_id="1314" xmltv_id="Jordan TV">Jordan TV</channel>
    <channel site="[ENC]elcinema.com[en]_0" site_id="1149" xmltv_id="Rotana Khalejia">Rotana Khalejia</channel>
    <channel site="[ENC]elcinema.com[en]_0" site_id="1148" xmltv_id="Rotana Cinema Masr">Rotana Cinema Masr</channel>
    <channel site="[ENC]elcinema.com[en]_0" site_id="1278" xmltv_id="MBC MASR 2">MBC MASR 2</channel>
    <channel site="[ENC]elcinema.com[en]_0" site_id="1391" xmltv_id="OSN TV Movies Hollywood">OSN TV Movies Hollywood</channel>
    <channel site="[ENC]elcinema.com[en]_0" site_id="1383" xmltv_id="WTV">WTV</channel>
    <channel site="[ENC]elcinema.com[en]_0" site_id="1199" xmltv_id="CBC Drama">CBC Drama</channel>
    <channel site="[ENC]elcinema.com[en]_0" site_id="1177" xmltv_id="Sama Dubai">Sama Dubai</channel>
    <channel site="[ENC]elcinema.com[en]_0" site_id="1213" xmltv_id="OSN TV Movies Premiere">OSN TV Movies Premiere</channel>
    <channel site="[ENC]elcinema.com[en]_0" site_id="1319" xmltv_id="Qatar">Qatar</channel>
    <channel site="[ENC]elcinema.com[en]_0" site_id="1266" xmltv_id="National Geographic Abu Dhabi">National Geographic Abu Dhabi</channel>
    <channel site="[ENC]elcinema.com[en]_0" site_id="1134" xmltv_id="ON Drama">ON Drama</channel>
    <channel site="[ENC]elcinema.com[en]_0" site_id="1323" xmltv_id="BEIN MOVIES ACTION">BEIN MOVIES ACTION</channel>
    <channel site="[ENC]elcinema.com[en]_0" site_id="1137" xmltv_id="Alhayat TV">Alhayat TV</channel>
    <channel site="[ENC]elcinema.com[en]_0" site_id="1358" xmltv_id="Rotana Comedy">Rotana Comedy</channel>
    <channel site="[ENC]elcinema.com[en]_0" site_id="1374" xmltv_id="Hadhramaut TV">Hadhramaut TV</channel>
    <channel site="[ENC]elcinema.com[en]_0" site_id="1321" xmltv_id="Al-Manar">Al-Manar</channel>
    <channel site="[ENC]elcinema.com[en]_0" site_id="1264" xmltv_id="Al Dafrah">Al Dafrah</channel>
    <channel site="[ENC]elcinema.com[en]_0" site_id="1309" xmltv_id="beIN Drama">beIN Drama</channel>
    <channel site="[ENC]elcinema.com[en]_0" site_id="1216" xmltv_id="Al Jadeed TV">Al Jadeed TV</channel>
    <channel site="[ENC]elcinema.com[en]_0" site_id="1279" xmltv_id="Sada El Balad 2">Sada El Balad 2</channel>
    <channel site="[ENC]elcinema.com[en]_0" site_id="1324" xmltv_id="BEIN MOVIES DRAMA">BEIN MOVIES DRAMA</channel>
    <channel site="[ENC]elcinema.com[en]_0" site_id="1360" xmltv_id="Salam TV">Salam TV</channel>
    <channel site="[ENC]elcinema.com[en]_0" site_id="1325" xmltv_id="BEIN MOVIES FAMILY">BEIN MOVIES FAMILY</channel>
    <channel site="[ENC]elcinema.com[en]_0" site_id="1212" xmltv_id="Star Movies">Star Movies</channel>
    <channel site="[ENC]elcinema.com[en]_0" site_id="1356" xmltv_id="Rotana Kids">Rotana Kids</channel>
    <channel site="[ENC]elcinema.com[en]_0" site_id="1394" xmltv_id="OSN TV Showcase">OSN TV Showcase</channel>
    <channel site="[ENC]elcinema.com[en]_0" site_id="1341" xmltv_id="LBC">LBC</channel>
    <channel site="[ENC]elcinema.com[en]_0" site_id="1246" xmltv_id="LDC">LDC</channel>
    <channel site="[ENC]elcinema.com[en]_0" site_id="1382" xmltv_id="Alaraby TV 2">Alaraby TV 2</channel>
    <channel site="[ENC]elcinema.com[en]_0" site_id="1231" xmltv_id="OSN TV Movies Comedy">OSN TV Movies Comedy</channel>
    <channel site="[ENC]elcinema.com[en]_0" site_id="1392" xmltv_id="OSN TV Movies Family">OSN TV Movies Family</channel>
    <channel site="[ENC]elcinema.com[en]_0" site_id="1388" xmltv_id="Al Shams">Al Shams</channel>
    <channel site="[ENC]elcinema.com[en]_0" site_id="1315" xmltv_id="Echorouk TV">Echorouk TV</channel>
    <channel site="[ENC]elcinema.com[en]_0" site_id="1135" xmltv_id="Emirates">Emirates</channel>
    <channel site="[ENC]elcinema.com[en]_0" site_id="1156" xmltv_id="Nile Drama">Nile Drama</channel>
    <channel site="[ENC]elcinema.com[en]_0" site_id="1205" xmltv_id="OSN Ya Hala">OSN Ya Hala</channel>
    <channel site="[ENC]elcinema.com[en]_0" site_id="1198" xmltv_id="CBC">CBC</channel>
    <channel site="[ENC]elcinema.com[en]_0" site_id="1395" xmltv_id="OSN TV Crime">OSN TV Crime</channel>
    <channel site="[ENC]elcinema.com[en]_0" site_id="1349" xmltv_id="Iraqia TV">Iraqia TV</channel>
    <channel site="[ENC]elcinema.com[en]_0" site_id="1386" xmltv_id="Dijlah Zaman">Dijlah Zaman</channel>
    <channel site="[ENC]elcinema.com[en]_0" site_id="1174" xmltv_id="Al Kahera Wal Nas TV">Al Kahera Wal Nas TV</channel>
    <channel site="[ENC]elcinema.com[en]_0" site_id="1259" xmltv_id="MBC Bollywood">MBC Bollywood</channel>
    <channel site="[ENC]elcinema.com[en]_0" site_id="1242" xmltv_id="Network Arabic">Network Arabic</channel>
    <channel site="[ENC]elcinema.com[en]_0" site_id="1365" xmltv_id="Rotana+ HD">Rotana+ HD</channel>
    <channel site="[ENC]elcinema.com[en]_0" site_id="1299" xmltv_id="Roya">Roya</channel>
    <channel site="[ENC]elcinema.com[en]_0" site_id="1285" xmltv_id="Osn Ya Hala Aflam">Osn Ya Hala Aflam</channel>
    <channel site="[ENC]elcinema.com[en]_0" site_id="1338" xmltv_id="Syria TV">Syria TV</channel>
    <channel site="[ENC]elcinema.com[en]_0" site_id="1340" xmltv_id="MBC Iraq">MBC Iraq</channel>
    <channel site="[ENC]elcinema.com[en]_0" site_id="1330" xmltv_id="FOX ACTION MOVIES">FOX ACTION MOVIES</channel>
    <channel site="[ENC]elcinema.com[en]_0" site_id="1132" xmltv_id="MBC MAX">MBC MAX</channel>
    <channel site="[ENC]elcinema.com[en]_0" site_id="1329" xmltv_id="Star World">Star World</channel>
    <channel site="[ENC]elcinema.com[en]_0" site_id="1396" xmltv_id="OSN TV Now">OSN TV Now</channel>
    <channel site="[ENC]elcinema.com[en]_0" site_id="1336" xmltv_id="Maspero Zaman">Maspero Zaman</channel>
    <channel site="[ENC]elcinema.com[en]_0" site_id="1130" xmltv_id="MBC Action">MBC Action</channel>
    <channel site="[ENC]elcinema.com[en]_0" site_id="1371" xmltv_id="Mix Bel Araby">Mix Bel Araby</channel>
    <channel site="[ENC]elcinema.com[en]_0" site_id="1159" xmltv_id="Nile Life">Nile Life</channel>
    <channel site="[ENC]elcinema.com[en]_0" site_id="1168" xmltv_id="LBCI">LBCI</channel>
    <channel site="[ENC]elcinema.com[en]_0" site_id="1390" xmltv_id="OSN TV Yahala Bil Arabi">OSN TV Yahala Bil Arabi</channel>
    <channel site="[ENC]elcinema.com[en]_0" site_id="1260" xmltv_id="CBC sofra">CBC sofra</channel>
    <channel site="[ENC]elcinema.com[en]_0" site_id="1203" xmltv_id="ON E">ON E</channel>
    <channel site="[ENC]elcinema.com[en]_0" site_id="1176" xmltv_id="Cima">Cima</channel>
    <channel site="[ENC]elcinema.com[en]_0" site_id="1290" xmltv_id="DMC">DMC</channel>
    <channel site="[ENC]elcinema.com[en]_0" site_id="1380" xmltv_id="atv">atv</channel>
    <channel site="[ENC]elcinema.com[en]_0" site_id="1147" xmltv_id="Rotana Drama">Rotana Drama</channel>
    <channel site="[ENC]elcinema.com[en]_0" site_id="1334" xmltv_id="Watania 2">Watania 2</channel>
    <channel site="[ENC]elcinema.com[en]_0" site_id="1227" xmltv_id="Sada El Balad Drama">Sada El Balad Drama</channel>
    <channel site="[ENC]elcinema.com[en]_0" site_id="1385" xmltv_id="Dijlah TV">Dijlah TV</channel>
    <channel site="[ENC]elcinema.com[en]_0" site_id="1280" xmltv_id="TeN TV">TeN TV</channel>
    <channel site="[ENC]elcinema.com[en]_0" site_id="1217" xmltv_id="Rotana Classic">Rotana Classic</channel>
    <channel site="[ENC]elcinema.com[en]_0" site_id="1298" xmltv_id="Amman">Amman</channel>
    <channel site="[ENC]elcinema.com[en]_0" site_id="1211" xmltv_id="OSN TV Movies Action">OSN TV Movies Action</channel>
    <channel site="[ENC]elcinema.com[en]_0" site_id="1127" xmltv_id="MBC">MBC</channel>
    <channel site="[ENC]elcinema.com[en]_0" site_id="1375" xmltv_id="ETC TV">ETC TV</channel>
    <channel site="[ENC]elcinema.com[en]_0" site_id="1297" xmltv_id="SBC">SBC</channel>
    <channel site="[ENC]elcinema.com[en]_0" site_id="1304" xmltv_id="Nessma">Nessma</channel>
    <channel site="[ENC]elcinema.com[en]_0" site_id="1241" xmltv_id="MBC 3">MBC 3</channel>
    <channel site="[ENC]elcinema.com[en]_0" site_id="1292" xmltv_id="DMC DRAMA">DMC DRAMA</channel>
    <channel site="[ENC]elcinema.com[en]_0" site_id="1352" xmltv_id="Saudiya TV">Saudiya TV</channel>
    <channel site="[ENC]elcinema.com[en]_0" site_id="1101" xmltv_id="Aloula">Aloula</channel>
    <channel site="[ENC]elcinema.com[en]_0" site_id="1327" xmltv_id="BeIn Series HD 1">BeIn Series HD 1</channel>
    <channel site="[ENC]elcinema.com[en]_0" site_id="1223" xmltv_id="Al Nahar Drama">Al Nahar Drama</channel>
    <channel site="[ENC]elcinema.com[en]_0" site_id="1296" xmltv_id="MTV">MTV</channel>
    <channel site="[ENC]elcinema.com[en]_0" site_id="1354" xmltv_id="MBC 5">MBC 5</channel>
    <channel site="[ENC]elcinema.com[en]_0" site_id="1355" xmltv_id="Mix">Mix</channel>
    <channel site="[ENC]elcinema.com[en]_0" site_id="1283" xmltv_id="Dubai Zaman">Dubai Zaman</channel>
    <channel site="[ENC]elcinema.com[en]_0" site_id="1188" xmltv_id="Sharjah TV">Sharjah TV</channel>
    <channel site="[ENC]elcinema.com[en]_0" site_id="1306" xmltv_id="Alrasheed">Alrasheed</channel>
    <channel site="[ENC]elcinema.com[en]_0" site_id="1350" xmltv_id="Sama TV">Sama TV</channel>
    <channel site="[ENC]elcinema.com[en]_0" site_id="1131" xmltv_id="MBC Drama +">MBC Drama +</channel>
    <channel site="[ENC]elcinema.com[en]_0" site_id="1125" xmltv_id="Fox Movies">Fox Movies</channel>
    <channel site="[ENC]elcinema.com[en]_0" site_id="1275" xmltv_id="National Geographic">National Geographic</channel>
    <channel site="[ENC]elcinema.com[en]_0" site_id="1339" xmltv_id="AlSaeedah">AlSaeedah</channel>
  </channels>
</site>