<?xml version="1.0" encoding="UTF-8"?>
<site generator-info-name="Tempest EPG Generator (made by Kvanc)" generator-info-url="https://github.com/K-vanc/Tempest-EPG-Generator.git" site="[ENC]elcinema.com[ar]_0">
  <channels>
    <channel site="[ENC]elcinema.com[ar]_0" site_id="1173" xmltv_id="دبي وان">دبي وان</channel>
    <channel site="[ENC]elcinema.com[ar]_0" site_id="1176" xmltv_id="سيما">سيما</channel>
    <channel site="[ENC]elcinema.com[ar]_0" site_id="1132" xmltv_id="إم بي سي ماكس">إم بي سي ماكس</channel>
    <channel site="[ENC]elcinema.com[ar]_0" site_id="1182" xmltv_id="إيه آر تي حكايات 2">إيه آر تي حكايات 2</channel>
    <channel site="[ENC]elcinema.com[ar]_0" site_id="1259" xmltv_id="إم بي سي بوليوود">إم بي سي بوليوود</channel>
    <channel site="[ENC]elcinema.com[ar]_0" site_id="1161" xmltv_id="مسلسلات">مسلسلات</channel>
    <channel site="[ENC]elcinema.com[ar]_0" site_id="1227" xmltv_id="صدى البلد دراما">صدى البلد دراما</channel>
    <channel site="[ENC]elcinema.com[ar]_0" site_id="1193" xmltv_id="النهار">النهار</channel>
    <channel site="[ENC]elcinema.com[ar]_0" site_id="1211" xmltv_id="أو إس إن أكشن">أو إس إن أكشن</channel>
    <channel site="[ENC]elcinema.com[ar]_0" site_id="1209" xmltv_id="أو إس إن موفيز">أو إس إن موفيز</channel>
    <channel site="[ENC]elcinema.com[ar]_0" site_id="1228" xmltv_id="فوكس">فوكس</channel>
    <channel site="[ENC]elcinema.com[ar]_0" site_id="1246" xmltv_id="ال دي سي">ال دي سي</channel>
    <channel site="[ENC]elcinema.com[ar]_0" site_id="1216" xmltv_id="الجديد">الجديد</channel>
    <channel site="[ENC]elcinema.com[ar]_0" site_id="1254" xmltv_id="أو إس إن مسلسلات إتش دي">أو إس إن مسلسلات إتش دي</channel>
    <channel site="[ENC]elcinema.com[ar]_0" site_id="1159" xmltv_id="نايل لايف">نايل لايف</channel>
    <channel site="[ENC]elcinema.com[ar]_0" site_id="1226" xmltv_id="صدى البلد">صدى البلد</channel>
    <channel site="[ENC]elcinema.com[ar]_0" site_id="1168" xmltv_id="إل بي سي آي">إل بي سي آي</channel>
    <channel site="[ENC]elcinema.com[ar]_0" site_id="1214" xmltv_id="أو إس إن موفيز فرست +2">أو إس إن موفيز فرست +2</channel>
    <channel site="[ENC]elcinema.com[ar]_0" site_id="1257" xmltv_id="أو إس إن كوميدي">أو إس إن كوميدي</channel>
    <channel site="[ENC]elcinema.com[ar]_0" site_id="1252" xmltv_id="القاهرة والناس 2">القاهرة والناس 2</channel>
    <channel site="[ENC]elcinema.com[ar]_0" site_id="1130" xmltv_id="إم بي سي أكشن">إم بي سي أكشن</channel>
    <channel site="[ENC]elcinema.com[ar]_0" site_id="1264" xmltv_id="الظفرة">الظفرة</channel>
    <channel site="[ENC]elcinema.com[ar]_0" site_id="1256" xmltv_id="أو إس إن مسلسلات فرست إتش دي">أو إس إن مسلسلات فرست إتش دي</channel>
    <channel site="[ENC]elcinema.com[ar]_0" site_id="1101" xmltv_id="قناة مصر الأولى">قناة مصر الأولى</channel>
    <channel site="[ENC]elcinema.com[ar]_0" site_id="1283" xmltv_id="دبي زمان">دبي زمان</channel>
    <channel site="[ENC]elcinema.com[ar]_0" site_id="1147" xmltv_id="روتانا دراما">روتانا دراما</channel>
    <channel site="[ENC]elcinema.com[ar]_0" site_id="1188" xmltv_id="الشارقة">الشارقة</channel>
    <channel site="[ENC]elcinema.com[ar]_0" site_id="1232" xmltv_id="أو إس إن كيدز">أو إس إن كيدز</channel>
    <channel site="[ENC]elcinema.com[ar]_0" site_id="1279" xmltv_id="صدى البلد 2">صدى البلد 2</channel>
    <channel site="[ENC]elcinema.com[ar]_0" site_id="1149" xmltv_id="روتانا خليجية">روتانا خليجية</channel>
    <channel site="[ENC]elcinema.com[ar]_0" site_id="1148" xmltv_id="روتانا سينما مصر">روتانا سينما مصر</channel>
    <channel site="[ENC]elcinema.com[ar]_0" site_id="1260" xmltv_id="سي بي سي سفرة">سي بي سي سفرة</channel>
    <channel site="[ENC]elcinema.com[ar]_0" site_id="1322" xmltv_id="بي إن موفيز بريمير">بي إن موفيز بريمير</channel>
    <channel site="[ENC]elcinema.com[ar]_0" site_id="1289" xmltv_id="روتانا سينما">روتانا سينما</channel>
    <channel site="[ENC]elcinema.com[ar]_0" site_id="1313" xmltv_id="ال تي في">ال تي في</channel>
    <channel site="[ENC]elcinema.com[ar]_0" site_id="1269" xmltv_id="الشرقية">الشرقية</channel>
    <channel site="[ENC]elcinema.com[ar]_0" site_id="1213" xmltv_id="أو إس إن موفيز فرست">أو إس إن موفيز فرست</channel>
    <channel site="[ENC]elcinema.com[ar]_0" site_id="1323" xmltv_id="بي إن موفيز أكشن">بي إن موفيز أكشن</channel>
    <channel site="[ENC]elcinema.com[ar]_0" site_id="1242" xmltv_id="نتورك بالعربية">نتورك بالعربية</channel>
    <channel site="[ENC]elcinema.com[ar]_0" site_id="1330" xmltv_id="فوكس أكشن موفيز">فوكس أكشن موفيز</channel>
    <channel site="[ENC]elcinema.com[ar]_0" site_id="1309" xmltv_id="بي إن دراما">بي إن دراما</channel>
    <channel site="[ENC]elcinema.com[ar]_0" site_id="1280" xmltv_id="تن">تن</channel>
    <channel site="[ENC]elcinema.com[ar]_0" site_id="1233" xmltv_id="فن">فن</channel>
    <channel site="[ENC]elcinema.com[ar]_0" site_id="1273" xmltv_id="إي إنترتينمنت">إي إنترتينمنت</channel>
    <channel site="[ENC]elcinema.com[ar]_0" site_id="1272" xmltv_id="ديسكفري">ديسكفري</channel>
    <channel site="[ENC]elcinema.com[ar]_0" site_id="1298" xmltv_id="عَمان">عَمان</channel>
    <channel site="[ENC]elcinema.com[ar]_0" site_id="1239" xmltv_id="إم بي سي مصر">إم بي سي مصر</channel>
    <channel site="[ENC]elcinema.com[ar]_0" site_id="1324" xmltv_id="بي إن موفيز دراما">بي إن موفيز دراما</channel>
    <channel site="[ENC]elcinema.com[ar]_0" site_id="1275" xmltv_id="ناشيونال جيوجرافيك">ناشيونال جيوجرافيك</channel>
    <channel site="[ENC]elcinema.com[ar]_0" site_id="1331" xmltv_id="فوكس فاميلي موفيز">فوكس فاميلي موفيز</channel>
    <channel site="[ENC]elcinema.com[ar]_0" site_id="1297" xmltv_id="إس بي سي">إس بي سي</channel>
    <channel site="[ENC]elcinema.com[ar]_0" site_id="1301" xmltv_id="السومرية">السومرية</channel>
    <channel site="[ENC]elcinema.com[ar]_0" site_id="1300" xmltv_id="سوريا دراما">سوريا دراما</channel>
    <channel site="[ENC]elcinema.com[ar]_0" site_id="1325" xmltv_id="بي إن موفيز فاميلي">بي إن موفيز فاميلي</channel>
    <channel site="[ENC]elcinema.com[ar]_0" site_id="1299" xmltv_id="رؤيا">رؤيا</channel>
    <channel site="[ENC]elcinema.com[ar]_0" site_id="1266" xmltv_id="ناشونال جيوجرافيك أبو ظبي">ناشونال جيوجرافيك أبو ظبي</channel>
    <channel site="[ENC]elcinema.com[ar]_0" site_id="1326" xmltv_id="بي إن بوكس أوفيس">بي إن بوكس أوفيس</channel>
    <channel site="[ENC]elcinema.com[ar]_0" site_id="1310" xmltv_id="الكويت">الكويت</channel>
    <channel site="[ENC]elcinema.com[ar]_0" site_id="1327" xmltv_id="بي إن سيريس">بي إن سيريس</channel>
    <channel site="[ENC]elcinema.com[ar]_0" site_id="1277" xmltv_id="ديزني">ديزني</channel>
    <channel site="[ENC]elcinema.com[ar]_0" site_id="1336" xmltv_id="ماسبيرو زمان">ماسبيرو زمان</channel>
    <channel site="[ENC]elcinema.com[ar]_0" site_id="1328" xmltv_id="بي إن سيريس إتش دي 2">بي إن سيريس إتش دي 2</channel>
    <channel site="[ENC]elcinema.com[ar]_0" site_id="1317" xmltv_id="عمان">عمان</channel>
    <channel site="[ENC]elcinema.com[ar]_0" site_id="1296" xmltv_id="إم تي في">إم تي في</channel>
    <channel site="[ENC]elcinema.com[ar]_0" site_id="1329" xmltv_id="ستار ورلد">ستار ورلد</channel>
    <channel site="[ENC]elcinema.com[ar]_0" site_id="1308" xmltv_id="الوطنية 1">الوطنية 1</channel>
    <channel site="[ENC]elcinema.com[ar]_0" site_id="1126" xmltv_id="أف إكس">أف إكس</channel>
    <channel site="[ENC]elcinema.com[ar]_0" site_id="1334" xmltv_id="الوطنية 2">الوطنية 2</channel>
    <channel site="[ENC]elcinema.com[ar]_0" site_id="1204" xmltv_id="آي فيلم">آي فيلم</channel>
    <channel site="[ENC]elcinema.com[ar]_0" site_id="1306" xmltv_id="الرشيد">الرشيد</channel>
    <channel site="[ENC]elcinema.com[ar]_0" site_id="1340" xmltv_id="إم بي سي العراق">إم بي سي العراق</channel>
    <channel site="[ENC]elcinema.com[ar]_0" site_id="1312" xmltv_id="الأولى المغربية">الأولى المغربية</channel>
    <channel site="[ENC]elcinema.com[ar]_0" site_id="1321" xmltv_id="المنار">المنار</channel>
    <channel site="[ENC]elcinema.com[ar]_0" site_id="1276" xmltv_id="تي إل سي">تي إل سي</channel>
    <channel site="[ENC]elcinema.com[ar]_0" site_id="1338" xmltv_id="تلفزيون سوريا">تلفزيون سوريا</channel>
    <channel site="[ENC]elcinema.com[ar]_0" site_id="1345" xmltv_id="أو إس إن موفيز ديزني">أو إس إن موفيز ديزني</channel>
    <channel site="[ENC]elcinema.com[ar]_0" site_id="1339" xmltv_id="السعيدة">السعيدة</channel>
    <channel site="[ENC]elcinema.com[ar]_0" site_id="1341" xmltv_id="إل بي سي">إل بي سي</channel>
    <channel site="[ENC]elcinema.com[ar]_0" site_id="1315" xmltv_id="الشروق الجزائرية">الشروق الجزائرية</channel>
    <channel site="[ENC]elcinema.com[ar]_0" site_id="1343" xmltv_id="مساواة">مساواة</channel>
    <channel site="[ENC]elcinema.com[ar]_0" site_id="1156" xmltv_id="نايل دراما">نايل دراما</channel>
    <channel site="[ENC]elcinema.com[ar]_0" site_id="1205" xmltv_id="أو إس إن ياهلا">أو إس إن ياهلا</channel>
    <channel site="[ENC]elcinema.com[ar]_0" site_id="1160" xmltv_id="الصفوة">الصفوة</channel>
    <channel site="[ENC]elcinema.com[ar]_0" site_id="1285" xmltv_id="أو إس إن ياهلا سينما">أو إس إن ياهلا سينما</channel>
    <channel site="[ENC]elcinema.com[ar]_0" site_id="1135" xmltv_id="اﻹمارات">اﻹمارات</channel>
    <channel site="[ENC]elcinema.com[ar]_0" site_id="1382" xmltv_id="التلفزيون العربي 2">التلفزيون العربي 2</channel>
    <channel site="[ENC]elcinema.com[ar]_0" site_id="1356" xmltv_id="روتانا كيدز">روتانا كيدز</channel>
    <channel site="[ENC]elcinema.com[ar]_0" site_id="1212" xmltv_id="ستار موفيز">ستار موفيز</channel>
    <channel site="[ENC]elcinema.com[ar]_0" site_id="1170" xmltv_id="الراي">الراي</channel>
    <channel site="[ENC]elcinema.com[ar]_0" site_id="1360" xmltv_id="سلام">سلام</channel>
    <channel site="[ENC]elcinema.com[ar]_0" site_id="1371" xmltv_id="ميكس بالعربي">ميكس بالعربي</channel>
    <channel site="[ENC]elcinema.com[ar]_0" site_id="1358" xmltv_id="روتانا كوميدي">روتانا كوميدي</channel>
    <channel site="[ENC]elcinema.com[ar]_0" site_id="1137" xmltv_id="الحياة">الحياة</channel>
    <channel site="[ENC]elcinema.com[ar]_0" site_id="1134" xmltv_id="أون دراما">أون دراما</channel>
    <channel site="[ENC]elcinema.com[ar]_0" site_id="1203" xmltv_id="أون إي">أون إي</channel>
    <channel site="[ENC]elcinema.com[ar]_0" site_id="1250" xmltv_id="أو إس إن ياهلا الأولى">أو إس إن ياهلا الأولى</channel>
    <channel site="[ENC]elcinema.com[ar]_0" site_id="1186" xmltv_id="مسلسلات +2">مسلسلات +2</channel>
    <channel site="[ENC]elcinema.com[ar]_0" site_id="1290" xmltv_id="دي إم سي">دي إم سي</channel>
    <channel site="[ENC]elcinema.com[ar]_0" site_id="1380" xmltv_id="إيه تي في">إيه تي في</channel>
    <channel site="[ENC]elcinema.com[ar]_0" site_id="1177" xmltv_id="سما دبي">سما دبي</channel>
    <channel site="[ENC]elcinema.com[ar]_0" site_id="1121" xmltv_id="إيه آر تي افلام 2">إيه آر تي افلام 2</channel>
    <channel site="[ENC]elcinema.com[ar]_0" site_id="1369" xmltv_id="القرين">القرين</channel>
    <channel site="[ENC]elcinema.com[ar]_0" site_id="1199" xmltv_id="سي بي سي دراما">سي بي سي دراما</channel>
    <channel site="[ENC]elcinema.com[ar]_0" site_id="1278" xmltv_id="إم بي سي مصر 2">إم بي سي مصر 2</channel>
    <channel site="[ENC]elcinema.com[ar]_0" site_id="1370" xmltv_id="خلك بالبيت">خلك بالبيت</channel>
    <channel site="[ENC]elcinema.com[ar]_0" site_id="1261" xmltv_id="زي ألوان">زي ألوان</channel>
    <channel site="[ENC]elcinema.com[ar]_0" site_id="1217" xmltv_id="روتانا كلاسيك">روتانا كلاسيك</channel>
    <channel site="[ENC]elcinema.com[ar]_0" site_id="1162" xmltv_id="اليوم">اليوم</channel>
    <channel site="[ENC]elcinema.com[ar]_0" site_id="1194" xmltv_id="إم بي سي دراما">إم بي سي دراما</channel>
    <channel site="[ENC]elcinema.com[ar]_0" site_id="1150" xmltv_id="سينما 1">سينما 1</channel>
    <channel site="[ENC]elcinema.com[ar]_0" site_id="1127" xmltv_id="إم بي سي">إم بي سي</channel>
    <channel site="[ENC]elcinema.com[ar]_0" site_id="1367" xmltv_id="يو تي في">يو تي في</channel>
    <channel site="[ENC]elcinema.com[ar]_0" site_id="1241" xmltv_id="إم بي سي 3">إم بي سي 3</channel>
    <channel site="[ENC]elcinema.com[ar]_0" site_id="1129" xmltv_id="إم بي سي 4">إم بي سي 4</channel>
    <channel site="[ENC]elcinema.com[ar]_0" site_id="1151" xmltv_id="سينما 2">سينما 2</channel>
    <channel site="[ENC]elcinema.com[ar]_0" site_id="1292" xmltv_id="دي إم سي دراما">دي إم سي دراما</channel>
    <channel site="[ENC]elcinema.com[ar]_0" site_id="1352" xmltv_id="السعودية">السعودية</channel>
    <channel site="[ENC]elcinema.com[ar]_0" site_id="1372" xmltv_id="بور تي في">بور تي في</channel>
    <channel site="[ENC]elcinema.com[ar]_0" site_id="1122" xmltv_id="إيه آر تي حكايات">إيه آر تي حكايات</channel>
    <channel site="[ENC]elcinema.com[ar]_0" site_id="1353" xmltv_id="المغربية الثانية">المغربية الثانية</channel>
    <channel site="[ENC]elcinema.com[ar]_0" site_id="1223" xmltv_id="النهار دراما">النهار دراما</channel>
    <channel site="[ENC]elcinema.com[ar]_0" site_id="1169" xmltv_id="دبي">دبي</channel>
    <channel site="[ENC]elcinema.com[ar]_0" site_id="1373" xmltv_id="ميكس وان">ميكس وان</channel>
    <channel site="[ENC]elcinema.com[ar]_0" site_id="1354" xmltv_id="إم بي سي 5">إم بي سي 5</channel>
    <channel site="[ENC]elcinema.com[ar]_0" site_id="1120" xmltv_id="إيه آر تي أفلام 1">إيه آر تي أفلام 1</channel>
    <channel site="[ENC]elcinema.com[ar]_0" site_id="1355" xmltv_id="ميكس">ميكس</channel>
    <channel site="[ENC]elcinema.com[ar]_0" site_id="1366" xmltv_id="ذكريات">ذكريات</channel>
    <channel site="[ENC]elcinema.com[ar]_0" site_id="1136" xmltv_id="أبو ظبي">أبو ظبي</channel>
    <channel site="[ENC]elcinema.com[ar]_0" site_id="1128" xmltv_id="إم بي سي 2">إم بي سي 2</channel>
    <channel site="[ENC]elcinema.com[ar]_0" site_id="1362" xmltv_id="بي إن بوكس أوفيس 2">بي إن بوكس أوفيس 2</channel>
    <channel site="[ENC]elcinema.com[ar]_0" site_id="1350" xmltv_id="سما">سما</channel>
    <channel site="[ENC]elcinema.com[ar]_0" site_id="1131" xmltv_id="إم بي سي دراما +">إم بي سي دراما +</channel>
    <channel site="[ENC]elcinema.com[ar]_0" site_id="1158" xmltv_id="نايل كوميدي">نايل كوميدي</channel>
    <channel site="[ENC]elcinema.com[ar]_0" site_id="1195" xmltv_id="إيه آر تي سينما">إيه آر تي سينما</channel>
    <channel site="[ENC]elcinema.com[ar]_0" site_id="1145" xmltv_id="المحور">المحور</channel>
    <channel site="[ENC]elcinema.com[ar]_0" site_id="1174" xmltv_id="القاهرة والناس">القاهرة والناس</channel>
    <channel site="[ENC]elcinema.com[ar]_0" site_id="1198" xmltv_id="سي بي سي">سي بي سي</channel>
  </channels>
</site>