<?xml version="1.0" encoding="UTF-8"?>
<site generator-info-name="Tempest EPG Generator (made by Kvanc)" generator-info-url="https://github.com/K-vanc/Tempest-EPG-Generator.git" site="[ENC][EX]startvmexico.com_0">
  <channels>
    <channel site="[ENC][EX]startvmexico.com_0" site_id="1134||633346.jpg" xmltv_id="AZTECA UNO">AZTECA UNO</channel>
    <channel site="[ENC][EX]startvmexico.com_0" site_id="1079||11599961.jpg" xmltv_id="CANAL DE LAS ESTRELLAS">CANAL DE LAS ESTRELLAS</channel>
    <channel site="[ENC][EX]startvmexico.com_0" site_id="2253||4147285.jpg" xmltv_id="IMAGEN TELEVISION">IMAGEN TELEVISION</channel>
    <channel site="[ENC][EX]startvmexico.com_0" site_id="1081||11083970.jpg" xmltv_id="CANAL 5">CANAL 5</channel>
    <channel site="[ENC][EX]startvmexico.com_0" site_id="1091||14122195.jpg" xmltv_id="AZTECA 7">AZTECA 7</channel>
    <channel site="[ENC][EX]startvmexico.com_0" site_id="4260||13777032.jpg" xmltv_id="A+">A+</channel>
    <channel site="[ENC][EX]startvmexico.com_0" site_id="1088||11084056.jpg" xmltv_id="CANAL 11">CANAL 11</channel>
    <channel site="[ENC][EX]startvmexico.com_0" site_id="2779||11215306.jpg" xmltv_id="UNA VOZ CON TODOS">UNA VOZ CON TODOS</channel>
    <channel site="[ENC][EX]startvmexico.com_0" site_id="1109||9845065.jpg" xmltv_id="TV UNAM">TV UNAM</channel>
    <channel site="[ENC][EX]startvmexico.com_0" site_id="1087||498307.jpg" xmltv_id="CANAL 22 CONACULTA">CANAL 22 CONACULTA</channel>
    <channel site="[ENC][EX]startvmexico.com_0" site_id="3282||4292050.jpg" xmltv_id="ADN 40">ADN 40</channel>
    <channel site="[ENC][EX]startvmexico.com_0" site_id="1344||1045727.jpg" xmltv_id="CANAL DEL CONGRESO">CANAL DEL CONGRESO</channel>
    <channel site="[ENC][EX]startvmexico.com_0" site_id="1440||11076874.jpg" xmltv_id="CANAL JUDICIAL">CANAL JUDICIAL</channel>
    <channel site="[ENC][EX]startvmexico.com_0" site_id="2780||4256135.jpg" xmltv_id="INGENIO">INGENIO</channel>
    <channel site="[ENC][EX]startvmexico.com_0" site_id="3711||9850972.jpg" xmltv_id="CANAL 22.2">CANAL 22.2</channel>
    <channel site="[ENC][EX]startvmexico.com_0" site_id="296||578568.jpg" xmltv_id="MTV">MTV</channel>
    <channel site="[ENC][EX]startvmexico.com_0" site_id="1058||6532043.jpg" xmltv_id="TELERITMO">TELERITMO</channel>
    <channel site="[ENC][EX]startvmexico.com_0" site_id="1565||12164243.jpg" xmltv_id="TELEHIT MUSICA">TELEHIT MUSICA</channel>
    <channel site="[ENC][EX]startvmexico.com_0" site_id="1564||12251560.jpg" xmltv_id="TELEHIT">TELEHIT</channel>
    <channel site="[ENC][EX]startvmexico.com_0" site_id="502||12251542.jpg" xmltv_id="BANDAMAX">BANDAMAX</channel>
    <channel site="[ENC][EX]startvmexico.com_0" site_id="319||15661568.jpg" xmltv_id="MTV 00S">MTV 00S</channel>
    <channel site="[ENC][EX]startvmexico.com_0" site_id="1410||11599961.jpg" xmltv_id="CANAL DE LAS ESTRELLAS +2">CANAL DE LAS ESTRELLAS +2</channel>
    <channel site="[ENC][EX]startvmexico.com_0" site_id="1080||11084448.jpg" xmltv_id="FORO TV">FORO TV</channel>
    <channel site="[ENC][EX]startvmexico.com_0" site_id="1201||7443932.jpg" xmltv_id="TELEFORMULA">TELEFORMULA</channel>
    <channel site="[ENC][EX]startvmexico.com_0" site_id="1047||7470275.jpg" xmltv_id="NUEVE">NUEVE</channel>
    <channel site="[ENC][EX]startvmexico.com_0" site_id="2280||498339.jpg" xmltv_id="AGROTENDENCIA">AGROTENDENCIA</channel>
    <channel site="[ENC][EX]startvmexico.com_0" site_id="1212||13375783.jpg" xmltv_id="STAR CHANNEL">STAR CHANNEL</channel>
    <channel site="[ENC][EX]startvmexico.com_0" site_id="447||10020492.jpg" xmltv_id="SONY">SONY</channel>
    <channel site="[ENC][EX]startvmexico.com_0" site_id="3173||14210747.jpg" xmltv_id="SEIS +">SEIS +</channel>
    <channel site="[ENC][EX]startvmexico.com_0" site_id="1068||6755874.jpg" xmltv_id="UNICABLE">UNICABLE</channel>
    <channel site="[ENC][EX]startvmexico.com_0" site_id="1133||10640422.jpg" xmltv_id="WARNER">WARNER</channel>
    <channel site="[ENC][EX]startvmexico.com_0" site_id="490||12396700.jpg" xmltv_id="ENTERTAINMENT">ENTERTAINMENT</channel>
    <channel site="[ENC][EX]startvmexico.com_0" site_id="498||500536.jpg" xmltv_id="FX">FX</channel>
    <channel site="[ENC][EX]startvmexico.com_0" site_id="449||8133114.jpg" xmltv_id="UNIVERSAL CHANNEL">UNIVERSAL CHANNEL</channel>
    <channel site="[ENC][EX]startvmexico.com_0" site_id="1122||12396845.jpg" xmltv_id="AXN">AXN</channel>
    <channel site="[ENC][EX]startvmexico.com_0" site_id="430||498323.jpg" xmltv_id="A&amp;E MUNDO">A&amp;E MUNDO</channel>
    <channel site="[ENC][EX]startvmexico.com_0" site_id="1114||6505560.jpg" xmltv_id="SYFY">SYFY</channel>
    <channel site="[ENC][EX]startvmexico.com_0" site_id="1112||500923.jpg" xmltv_id="TRU TV">TRU TV</channel>
    <channel site="[ENC][EX]startvmexico.com_0" site_id="1563||12531650.jpg" xmltv_id="TLNOVELAS">TLNOVELAS</channel>
    <channel site="[ENC][EX]startvmexico.com_0" site_id="3040||1365835.jpg" xmltv_id="TNT SERIES">TNT SERIES</channel>
    <channel site="[ENC][EX]startvmexico.com_0" site_id="1152||500885.jpg" xmltv_id="TELEMUNDO">TELEMUNDO</channel>
    <channel site="[ENC][EX]startvmexico.com_0" site_id="2879||11695252.jpg" xmltv_id="LIFETIME">LIFETIME</channel>
    <channel site="[ENC][EX]startvmexico.com_0" site_id="815||17327161.jpg" xmltv_id="AZ CORAZON">AZ CORAZON</channel>
    <channel site="[ENC][EX]startvmexico.com_0" site_id="1806||17327148.jpg" xmltv_id="AZ CLIC">AZ CLIC</channel>
    <channel site="[ENC][EX]startvmexico.com_0" site_id="703||8372300.jpg" xmltv_id="DISTRITO COMEDIA">DISTRITO COMEDIA</channel>
    <channel site="[ENC][EX]startvmexico.com_0" site_id="4217||496249.jpg" xmltv_id="COMEDY CENTRAL">COMEDY CENTRAL</channel>
    <channel site="[ENC][EX]startvmexico.com_0" site_id="1966||500852.jpg" xmltv_id="TBS VERYFUNNY">TBS VERYFUNNY</channel>
    <channel site="[ENC][EX]startvmexico.com_0" site_id="444||19233375.jpg" xmltv_id="HISTORY">HISTORY</channel>
    <channel site="[ENC][EX]startvmexico.com_0" site_id="472||500692.jpg" xmltv_id="NATIONAL GEOGRAPHIC">NATIONAL GEOGRAPHIC</channel>
    <channel site="[ENC][EX]startvmexico.com_0" site_id="2473||19233509.jpg" xmltv_id="H2">H2</channel>
    <channel site="[ENC][EX]startvmexico.com_0" site_id="4718||12572331.jpg" xmltv_id="LOVE NATURE">LOVE NATURE</channel>
    <channel site="[ENC][EX]startvmexico.com_0" site_id="283||504511.jpg" xmltv_id="MARIAVISIÃ&quot;N">MARIAVISIÃ&quot;N</channel>
    <channel site="[ENC][EX]startvmexico.com_0" site_id="413||498539.jpg" xmltv_id="ENLACE">ENLACE</channel>
    <channel site="[ENC][EX]startvmexico.com_0" site_id="874||498492.jpg" xmltv_id="DISNEY">DISNEY</channel>
    <channel site="[ENC][EX]startvmexico.com_0" site_id="817||498494.jpg" xmltv_id="DISNEY JR">DISNEY JR</channel>
    <channel site="[ENC][EX]startvmexico.com_0" site_id="297||11585955.jpg" xmltv_id="NICKELODEON">NICKELODEON</channel>
    <channel site="[ENC][EX]startvmexico.com_0" site_id="1227||500697.jpg" xmltv_id="NICK JR">NICK JR</channel>
    <channel site="[ENC][EX]startvmexico.com_0" site_id="1959||9823485.jpg" xmltv_id="BITIME">BITIME</channel>
    <channel site="[ENC][EX]startvmexico.com_0" site_id="3136||4256320.jpg" xmltv_id="CANAL 11.2">CANAL 11.2</channel>
    <channel site="[ENC][EX]startvmexico.com_0" site_id="3271||11266887.jpg" xmltv_id="ZOOMOO">ZOOMOO</channel>
    <channel site="[ENC][EX]startvmexico.com_0" site_id="402||496261.jpg" xmltv_id="CARTOON NETWORK">CARTOON NETWORK</channel>
    <channel site="[ENC][EX]startvmexico.com_0" site_id="422||17771588.jpg" xmltv_id="CARTOONITO">CARTOONITO</channel>
    <channel site="[ENC][EX]startvmexico.com_0" site_id="695||11006210.jpg" xmltv_id="BABY TV">BABY TV</channel>
    <channel site="[ENC][EX]startvmexico.com_0" site_id="137||13178525.jpg" xmltv_id="DE PELICULA">DE PELICULA</channel>
    <channel site="[ENC][EX]startvmexico.com_0" site_id="4249||11285286.jpg" xmltv_id="PARAMOUNT">PARAMOUNT</channel>
    <channel site="[ENC][EX]startvmexico.com_0" site_id="474||12665433.jpg" xmltv_id="GOLDEN">GOLDEN</channel>
    <channel site="[ENC][EX]startvmexico.com_0" site_id="1069||12665566.jpg" xmltv_id="GOLDEN EDGE">GOLDEN EDGE</channel>
    <channel site="[ENC][EX]startvmexico.com_0" site_id="242||7923673.jpg" xmltv_id="CINECANAL">CINECANAL</channel>
    <channel site="[ENC][EX]startvmexico.com_0" site_id="516||500838.jpg" xmltv_id="STUDIO UNIVERSAL">STUDIO UNIVERSAL</channel>
    <channel site="[ENC][EX]startvmexico.com_0" site_id="442||500919.jpg" xmltv_id="TNT">TNT</channel>
    <channel site="[ENC][EX]startvmexico.com_0" site_id="1576||496267.jpg" xmltv_id="CINEMAX">CINEMAX</channel>
    <channel site="[ENC][EX]startvmexico.com_0" site_id="1370||500826.jpg" xmltv_id="SPACE">SPACE</channel>
    <channel site="[ENC][EX]startvmexico.com_0" site_id="1083||500853.jpg" xmltv_id="TCM">TCM</channel>
    <channel site="[ENC][EX]startvmexico.com_0" site_id="3159||17327139.jpg" xmltv_id="AZ CINEMA">AZ CINEMA</channel>
    <channel site="[ENC][EX]startvmexico.com_0" site_id="4991||9896274.jpg" xmltv_id="MORBIDO TV">MORBIDO TV</channel>
    <channel site="[ENC][EX]startvmexico.com_0" site_id="246||500592.jpg" xmltv_id="HBO">HBO</channel>
    <channel site="[ENC][EX]startvmexico.com_0" site_id="2900||500584.jpg" xmltv_id="HBO 2">HBO 2</channel>
    <channel site="[ENC][EX]startvmexico.com_0" site_id="1570||10973506.jpg" xmltv_id="HBO MUNDI">HBO MUNDI</channel>
    <channel site="[ENC][EX]startvmexico.com_0" site_id="335||13715713.jpg" xmltv_id="HBO FAMILY">HBO FAMILY</channel>
    <channel site="[ENC][EX]startvmexico.com_0" site_id="2361||10973532.jpg" xmltv_id="HBO XREME">HBO XREME</channel>
    <channel site="[ENC][EX]startvmexico.com_0" site_id="1379||10973521.jpg" xmltv_id="HBO POP">HBO POP</channel>
    <channel site="[ENC][EX]startvmexico.com_0" site_id="6950||18749537.jpg" xmltv_id="UNIVERSAL PREMIERE">UNIVERSAL PREMIERE</channel>
    <channel site="[ENC][EX]startvmexico.com_0" site_id="6958||18749267.jpg" xmltv_id="UNIVERSAL CINEMA">UNIVERSAL CINEMA</channel>
    <channel site="[ENC][EX]startvmexico.com_0" site_id="6948||18749423.jpg" xmltv_id="UNIVERSAL COMEDY">UNIVERSAL COMEDY</channel>
    <channel site="[ENC][EX]startvmexico.com_0" site_id="6949||18749483.jpg" xmltv_id="UNIVERSAL CRIME">UNIVERSAL CRIME</channel>
    <channel site="[ENC][EX]startvmexico.com_0" site_id="6951||18749595.jpg" xmltv_id="UNIVERSAL REALITY">UNIVERSAL REALITY</channel>
    <channel site="[ENC][EX]startvmexico.com_0" site_id="1150||12502613.jpg" xmltv_id="ESPN">ESPN</channel>
    <channel site="[ENC][EX]startvmexico.com_0" site_id="1149||12501497.jpg" xmltv_id="ESPN 2">ESPN 2</channel>
    <channel site="[ENC][EX]startvmexico.com_0" site_id="2336||12502464.jpg" xmltv_id="ESPN 3">ESPN 3</channel>
    <channel site="[ENC][EX]startvmexico.com_0" site_id="577||500509.jpg" xmltv_id="FOX SPORTS">FOX SPORTS</channel>
    <channel site="[ENC][EX]startvmexico.com_0" site_id="1266||498671.jpg" xmltv_id="FOX SPORTS 2">FOX SPORTS 2</channel>
    <channel site="[ENC][EX]startvmexico.com_0" site_id="1101||498675.jpg" xmltv_id="FOX SPORTS 3">FOX SPORTS 3</channel>
    <channel site="[ENC][EX]startvmexico.com_0" site_id="2793||8808829.jpg" xmltv_id="ADRENALINA SPORTS">ADRENALINA SPORTS</channel>
    <channel site="[ENC][EX]startvmexico.com_0" site_id="947||9863744.jpg" xmltv_id="TUDN">TUDN</channel>
    <channel site="[ENC][EX]startvmexico.com_0" site_id="5300||9844939.jpg" xmltv_id="CLAROSPORTS">CLAROSPORTS</channel>
    <channel site="[ENC][EX]startvmexico.com_0" site_id="3554||9844939.jpg" xmltv_id="CLAROSPORTS 2">CLAROSPORTS 2</channel>
    <channel site="[ENC][EX]startvmexico.com_0" site_id="3555||9844939.jpg" xmltv_id="CLAROSPORTS 3">CLAROSPORTS 3</channel>
    <channel site="[ENC][EX]startvmexico.com_0" site_id="3556||9844939.jpg" xmltv_id="CLAROSPORTS 4">CLAROSPORTS 4</channel>
    <channel site="[ENC][EX]startvmexico.com_0" site_id="1386||498420.jpg" xmltv_id="AYM SPORTS">AYM SPORTS</channel>
    <channel site="[ENC][EX]startvmexico.com_0" site_id="441||496351.jpg" xmltv_id="CNN EN ESPAÃ'OL">CNN EN ESPAÃ'OL</channel>
    <channel site="[ENC][EX]startvmexico.com_0" site_id="1048||11515377.jpg" xmltv_id="MILENIO">MILENIO</channel>
    <channel site="[ENC][EX]startvmexico.com_0" site_id="3085||2747526.jpg" xmltv_id="EL FINANCIERO">EL FINANCIERO</channel>
    <channel site="[ENC][EX]startvmexico.com_0" site_id="3257||1829436.jpg" xmltv_id="NTR">NTR</channel>
    <channel site="[ENC][EX]startvmexico.com_0" site_id="2310||11083900.jpg" xmltv_id="STINGRAY POP LATINO ACTUAL">STINGRAY POP LATINO ACTUAL</channel>
    <channel site="[ENC][EX]startvmexico.com_0" site_id="2121||11083900.jpg" xmltv_id="STINGRAY LATINO TROPICAL">STINGRAY LATINO TROPICAL</channel>
    <channel site="[ENC][EX]startvmexico.com_0" site_id="2079||11083900.jpg" xmltv_id="STINGRAY ROCK EN ESPAÃ'OL">STINGRAY ROCK EN ESPAÃ'OL</channel>
    <channel site="[ENC][EX]startvmexico.com_0" site_id="2754||11083900.jpg" xmltv_id="STINGRAY MARIACHI PARA SIEMPRE">STINGRAY MARIACHI PARA SIEMPRE</channel>
    <channel site="[ENC][EX]startvmexico.com_0" site_id="2126||11083900.jpg" xmltv_id="STINGRAY VIVA MEXICO">STINGRAY VIVA MEXICO</channel>
    <channel site="[ENC][EX]startvmexico.com_0" site_id="2318||11083900.jpg" xmltv_id="STINGRAY REGGAETÃ&quot;N">STINGRAY REGGAETÃ&quot;N</channel>
    <channel site="[ENC][EX]startvmexico.com_0" site_id="2758||11083900.jpg" xmltv_id="STINGRAY ROMANCE LATINO">STINGRAY ROMANCE LATINO</channel>
    <channel site="[ENC][EX]startvmexico.com_0" site_id="2323||11083900.jpg" xmltv_id="STINGRAY SALSA Y MERENGUE">STINGRAY SALSA Y MERENGUE</channel>
    <channel site="[ENC][EX]startvmexico.com_0" site_id="2759||11083900.jpg" xmltv_id="STINGRAY LATIN LOUNGE">STINGRAY LATIN LOUNGE</channel>
    <channel site="[ENC][EX]startvmexico.com_0" site_id="2761||11083900.jpg" xmltv_id="STINGRAY VIEJITAS PERO BUENÃ SIMAS">STINGRAY VIEJITAS PERO BUENÃ SIMAS</channel>
    <channel site="[ENC][EX]startvmexico.com_0" site_id="2081||11083900.jpg" xmltv_id="STINGRAY HARD ROCK">STINGRAY HARD ROCK</channel>
    <channel site="[ENC][EX]startvmexico.com_0" site_id="2080||11083900.jpg" xmltv_id="STINGRAY ROCK ALTERNATIVO">STINGRAY ROCK ALTERNATIVO</channel>
    <channel site="[ENC][EX]startvmexico.com_0" site_id="2082||11083900.jpg" xmltv_id="STINGRAY CLÃ SICOS INDIE">STINGRAY CLÃ SICOS INDIE</channel>
    <channel site="[ENC][EX]startvmexico.com_0" site_id="2115||11083900.jpg" xmltv_id="STINGRAY AÃ'OS 80">STINGRAY AÃ'OS 80</channel>
    <channel site="[ENC][EX]startvmexico.com_0" site_id="2116||11083900.jpg" xmltv_id="STINGRAY AÃ'OS 90">STINGRAY AÃ'OS 90</channel>
    <channel site="[ENC][EX]startvmexico.com_0" site_id="2113||11083900.jpg" xmltv_id="STINGRAY EXITOS RECIENTES">STINGRAY EXITOS RECIENTES</channel>
    <channel site="[ENC][EX]startvmexico.com_0" site_id="2109||11083900.jpg" xmltv_id="STINGRAY POP ADULTO">STINGRAY POP ADULTO</channel>
    <channel site="[ENC][EX]startvmexico.com_0" site_id="2319||11083900.jpg" xmltv_id="STINGRAY SÃ&quot;LO PARA PEQUES">STINGRAY SÃ&quot;LO PARA PEQUES</channel>
    <channel site="[ENC][EX]startvmexico.com_0" site_id="2317||11083900.jpg" xmltv_id="STINGRAY JAZZ LATINO">STINGRAY JAZZ LATINO</channel>
    <channel site="[ENC][EX]startvmexico.com_0" site_id="2089||11083900.jpg" xmltv_id="STINGRAY MAESTROS DEL JAZZ">STINGRAY MAESTROS DEL JAZZ</channel>
    <channel site="[ENC][EX]startvmexico.com_0" site_id="2762||11083900.jpg" xmltv_id="STINGRAY COCKTAIL LOUNGE">STINGRAY COCKTAIL LOUNGE</channel>
    <channel site="[ENC][EX]startvmexico.com_0" site_id="2108||11083900.jpg" xmltv_id="STINGRAY EL SALON CHILL">STINGRAY EL SALON CHILL</channel>
    <channel site="[ENC][EX]startvmexico.com_0" site_id="2098||11083900.jpg" xmltv_id="STINGRAY Ã&quot;PERA PLUS">STINGRAY Ã&quot;PERA PLUS</channel>
    <channel site="[ENC][EX]startvmexico.com_0" site_id="2097||11083900.jpg" xmltv_id="STINGRAY CLÃ SICOS PARA TODOS">STINGRAY CLÃ SICOS PARA TODOS</channel>
    <channel site="[ENC][EX]startvmexico.com_0" site_id="2107||11083900.jpg" xmltv_id="STINGRAY ESPECIALES">STINGRAY ESPECIALES</channel>
  </channels>
</site>