<?xml version="1.0" encoding="UTF-8"?>
<site generator-info-name="Tempest EPG Generator (made by Kvanc)" generator-info-url="https://github.com/K-vanc/Tempest-EPG-Generator.git" site="zuragt.mn_0">
  <channels>
    <channel site="zuragt.mn_0" site_id="mnb" xmltv_id="МҮОНТ">МҮОНТ</channel>
    <channel site="zuragt.mn_0" site_id="ubs-1" xmltv_id="UBS-1">UBS-1</channel>
    <channel site="zuragt.mn_0" site_id="mn25" xmltv_id="MN25">MN25</channel>
    <channel site="zuragt.mn_0" site_id="tv5" xmltv_id="TV5">TV5</channel>
    <channel site="zuragt.mn_0" site_id="tv9" xmltv_id="TV9">TV9</channel>
    <channel site="zuragt.mn_0" site_id="c1" xmltv_id="C1">C1</channel>
    <channel site="zuragt.mn_0" site_id="sbn" xmltv_id="SBN">SBN</channel>
    <channel site="zuragt.mn_0" site_id="ntv" xmltv_id="NTV">NTV</channel>
    <channel site="zuragt.mn_0" site_id="bolovsrol" xmltv_id="Боловсрол ТВ">Боловсрол ТВ</channel>
    <channel site="zuragt.mn_0" site_id="central_tv" xmltv_id="Central TV">Central TV</channel>
    <channel site="zuragt.mn_0" site_id="mongol_tv" xmltv_id="Монгол ТВ">Монгол ТВ</channel>
    <channel site="zuragt.mn_0" site_id="tv8" xmltv_id="TV8">TV8</channel>
    <channel site="zuragt.mn_0" site_id="etv" xmltv_id="ETV HD">ETV HD</channel>
    <channel site="zuragt.mn_0" site_id="moviebox" xmltv_id="MovieBox">MovieBox</channel>
    <channel site="zuragt.mn_0" site_id="star-tv" xmltv_id="Star TV">Star TV</channel>
    <channel site="zuragt.mn_0" site_id="tv7" xmltv_id="TV7">TV7</channel>
    <channel site="zuragt.mn_0" site_id="niislel-tv" xmltv_id="Нийслэл ТВ">Нийслэл ТВ</channel>
    <channel site="zuragt.mn_0" site_id="eco_suvag" xmltv_id="Eco Channel">Eco Channel</channel>
    <channel site="zuragt.mn_0" site_id="dream" xmltv_id="Dream">Dream</channel>
    <channel site="zuragt.mn_0" site_id="mongolyn-medee" xmltv_id="Mонголын Мэдээ">Mонголын Мэдээ</channel>
    <channel site="zuragt.mn_0" site_id="mnc" xmltv_id="MNC">MNC</channel>
    <channel site="zuragt.mn_0" site_id="premier sports 1" xmltv_id="Premier Sports 1">Premier Sports 1</channel>
    <channel site="zuragt.mn_0" site_id="premier sports 2" xmltv_id="Premier Sports 2">Premier Sports 2</channel>
    <channel site="zuragt.mn_0" site_id="premier sports 5" xmltv_id="Premier sports 5">Premier sports 5</channel>
    <channel site="zuragt.mn_0" site_id="Bloomberg_TV_Mongolia" xmltv_id="Bloomberg TV MGL">Bloomberg TV MGL</channel>
    <channel site="zuragt.mn_0" site_id="premier sports 3" xmltv_id="Premier Sports 3">Premier Sports 3</channel>
    <channel site="zuragt.mn_0" site_id="suld_tv_mongolia" xmltv_id="Сүлд ТВ">Сүлд ТВ</channel>
    <channel site="zuragt.mn_0" site_id="asianbox" xmltv_id="AsianBox">AsianBox</channel>
    <channel site="zuragt.mn_0" site_id="premier sports 4" xmltv_id="Premier sports 4">Premier sports 4</channel>
    <channel site="zuragt.mn_0" site_id="tm" xmltv_id="TM">TM</channel>
    <channel site="zuragt.mn_0" site_id="ntn" xmltv_id="NTN">NTN</channel>
    <channel site="zuragt.mn_0" site_id="mnb-sport" xmltv_id="MNB Sport">MNB Sport</channel>
    <channel site="zuragt.mn_0" site_id="parlament-televiz" xmltv_id="Парламент телевиз">Парламент телевиз</channel>
    <channel site="zuragt.mn_0" site_id="suvag-1" xmltv_id="Суваг 1">Суваг 1</channel>
    <channel site="zuragt.mn_0" site_id="mnb-ger-bl" xmltv_id="MNB Гэр Бүл">MNB Гэр Бүл</channel>
    <channel site="zuragt.mn_0" site_id="tenger" xmltv_id="TenGer">TenGer</channel>
  </channels>
</site>