<?xml version="1.0" encoding="UTF-8"?>
<site generator-info-name="Tempest EPG Generator (made by Kvanc)" generator-info-url="https://github.com/K-vanc/Tempest-EPG-Generator.git" site="[ENC]saorview.ie_0">
  <channels>
    <channel site="[ENC]saorview.ie_0" site_id="17" xmltv_id="RTÉJr">RTÉJr</channel>
    <channel site="[ENC]saorview.ie_0" site_id="18" xmltv_id="Cúla4">Cúla4</channel>
    <channel site="[ENC]saorview.ie_0" site_id="1" xmltv_id="RTÉ One">RTÉ One</channel>
    <channel site="[ENC]saorview.ie_0" site_id="2" xmltv_id="RTÉ 2">RTÉ 2</channel>
    <channel site="[ENC]saorview.ie_0" site_id="3" xmltv_id="Virgin Media One">Virgin Media One</channel>
    <channel site="[ENC]saorview.ie_0" site_id="4" xmltv_id="TG4">TG4</channel>
    <channel site="[ENC]saorview.ie_0" site_id="5" xmltv_id="Virgin Media Two">Virgin Media Two</channel>
    <channel site="[ENC]saorview.ie_0" site_id="6" xmltv_id="Virgin Media Three">Virgin Media Three</channel>
    <channel site="[ENC]saorview.ie_0" site_id="7" xmltv_id="Virgin Media Four">Virgin Media Four</channel>
    <channel site="[ENC]saorview.ie_0" site_id="8" xmltv_id="Challenge">Challenge</channel>
    <channel site="[ENC]saorview.ie_0" site_id="11" xmltv_id="RTÉ One +1">RTÉ One +1</channel>
    <channel site="[ENC]saorview.ie_0" site_id="12" xmltv_id="RTÉ 2 +1">RTÉ 2 +1</channel>
    <channel site="[ENC]saorview.ie_0" site_id="14" xmltv_id="TG4+1">TG4+1</channel>
    <channel site="[ENC]saorview.ie_0" site_id="21" xmltv_id="RTÉ News">RTÉ News</channel>
    <channel site="[ENC]saorview.ie_0" site_id="22" xmltv_id="Tithe an Oireachtas">Tithe an Oireachtas</channel>
    <channel site="[ENC]saorview.ie_0" site_id="23" xmltv_id="Sky News">Sky News</channel>
    <channel site="[ENC]saorview.ie_0" site_id="200" xmltv_id="RTÉ Radio 1">RTÉ Radio 1</channel>
    <channel site="[ENC]saorview.ie_0" site_id="201" xmltv_id="RTÉ Radio 1 Extra">RTÉ Radio 1 Extra</channel>
    <channel site="[ENC]saorview.ie_0" site_id="202" xmltv_id="RTÉ 2fm">RTÉ 2fm</channel>
    <channel site="[ENC]saorview.ie_0" site_id="203" xmltv_id="RTÉ Lyric">RTÉ Lyric</channel>
    <channel site="[ENC]saorview.ie_0" site_id="204" xmltv_id="RTÉ Raidió na Gaeltachta">RTÉ Raidió na Gaeltachta</channel>
    <channel site="[ENC]saorview.ie_0" site_id="205" xmltv_id="RTÉ Pulse">RTÉ Pulse</channel>
    <channel site="[ENC]saorview.ie_0" site_id="206" xmltv_id="RTÉ 2XM">RTÉ 2XM</channel>
    <channel site="[ENC]saorview.ie_0" site_id="207" xmltv_id="RTÉ Jr Radio">RTÉ Jr Radio</channel>
    <channel site="[ENC]saorview.ie_0" site_id="208" xmltv_id="RTÉ Gold">RTÉ Gold</channel>
    <channel site="[ENC]saorview.ie_0" site_id="210" xmltv_id="Radio Maria Ireland">Radio Maria Ireland</channel>
    <channel site="[ENC]saorview.ie_0" site_id="211" xmltv_id="UBC Ireland">UBC Ireland</channel>
  </channels>
</site>