<?xml version="1.0" encoding="UTF-8"?>
<site generator-info-name="Tempest EPG Generator (made by Kvanc)" generator-info-url="https://github.com/K-vanc/Tempest-EPG-Generator.git" site="[ENC]rakuten.tv[ie]_0">
  <channels>
    <channel site="[ENC]rakuten.tv[ie]_0" site_id="the-guardian" xmltv_id="The Guardian">The Guardian</channel>
    <channel site="[ENC]rakuten.tv[ie]_0" site_id="cgtn" xmltv_id="CGTN">CGTN</channel>
    <channel site="[ENC]rakuten.tv[ie]_0" site_id="africanews-en" xmltv_id="Africanews English">Africanews English</channel>
    <channel site="[ENC]rakuten.tv[ie]_0" site_id="bloomberg-tv-new" xmltv_id="Bloomberg Television">Bloomberg Television</channel>
    <channel site="[ENC]rakuten.tv[ie]_0" site_id="bloomberg-originals" xmltv_id="Bloomberg Originals">Bloomberg Originals</channel>
    <channel site="[ENC]rakuten.tv[ie]_0" site_id="ticker-news" xmltv_id="ticker NEWS">ticker NEWS</channel>
    <channel site="[ENC]rakuten.tv[ie]_0" site_id="revry-news" xmltv_id="Revry News">Revry News</channel>
    <channel site="[ENC]rakuten.tv[ie]_0" site_id="washington-post-television" xmltv_id="Washington Post Television">Washington Post Television</channel>
    <channel site="[ENC]rakuten.tv[ie]_0" site_id="reuters" xmltv_id="Reuters">Reuters</channel>
    <channel site="[ENC]rakuten.tv[ie]_0" site_id="euronews-live-uk" xmltv_id="Euronews LIVE">Euronews LIVE</channel>
    <channel site="[ENC]rakuten.tv[ie]_0" site_id="world-war-tv" xmltv_id="World War TV">World War TV</channel>
    <channel site="[ENC]rakuten.tv[ie]_0" site_id="cgtn-documentary" xmltv_id="CGTN Documentary">CGTN Documentary</channel>
    <channel site="[ENC]rakuten.tv[ie]_0" site_id="space-science-now" xmltv_id="Space &amp; Science Now">Space &amp; Science Now</channel>
    <channel site="[ENC]rakuten.tv[ie]_0" site_id="adventure-earth" xmltv_id="Adventure Earth">Adventure Earth</channel>
    <channel site="[ENC]rakuten.tv[ie]_0" site_id="waterbear" xmltv_id="Waterbear">Waterbear</channel>
    <channel site="[ENC]rakuten.tv[ie]_0" site_id="earth-touch-tv" xmltv_id="Earth Touch TV">Earth Touch TV</channel>
    <channel site="[ENC]rakuten.tv[ie]_0" site_id="documentary" xmltv_id="Documentary+">Documentary+</channel>
    <channel site="[ENC]rakuten.tv[ie]_0" site_id="wonder" xmltv_id="Wonder">Wonder</channel>
    <channel site="[ENC]rakuten.tv[ie]_0" site_id="real-life" xmltv_id="Real Life">Real Life</channel>
    <channel site="[ENC]rakuten.tv[ie]_0" site_id="real-stories" xmltv_id="Real Stories">Real Stories</channel>
    <channel site="[ENC]rakuten.tv[ie]_0" site_id="real-wild" xmltv_id="Real Wild">Real Wild</channel>
    <channel site="[ENC]rakuten.tv[ie]_0" site_id="history-hit" xmltv_id="History Hit - Golden Cinema">History Hit - Golden Cinema</channel>
    <channel site="[ENC]rakuten.tv[ie]_0" site_id="documentaries-uk-rakuten-tv" xmltv_id="Documentaries - Rakuten TV">Documentaries - Rakuten TV</channel>
    <channel site="[ENC]rakuten.tv[ie]_0" site_id="wild-earth" xmltv_id="WildEarth">WildEarth</channel>
    <channel site="[ENC]rakuten.tv[ie]_0" site_id="weather-spy-new" xmltv_id="Weather Spy">Weather Spy</channel>
    <channel site="[ENC]rakuten.tv[ie]_0" site_id="stingray-naturescape" xmltv_id="Stingray Naturescape">Stingray Naturescape</channel>
    <channel site="[ENC]rakuten.tv[ie]_0" site_id="dennis-and-gnasher" xmltv_id="Dennis &amp; Gnasher">Dennis &amp; Gnasher</channel>
    <channel site="[ENC]rakuten.tv[ie]_0" site_id="beano-tv" xmltv_id="Beano TV">Beano TV</channel>
    <channel site="[ENC]rakuten.tv[ie]_0" site_id="cool-school" xmltv_id="Cool School">Cool School</channel>
    <channel site="[ENC]rakuten.tv[ie]_0" site_id="brat-tv" xmltv_id="Brat TV">Brat TV</channel>
    <channel site="[ENC]rakuten.tv[ie]_0" site_id="baby-shark-tv" xmltv_id="Baby Shark TV">Baby Shark TV</channel>
    <channel site="[ENC]rakuten.tv[ie]_0" site_id="trace-urban" xmltv_id="Trace Urban">Trace Urban</channel>
    <channel site="[ENC]rakuten.tv[ie]_0" site_id="now-90s" xmltv_id="NOW Rock">NOW Rock</channel>
    <channel site="[ENC]rakuten.tv[ie]_0" site_id="now-80s" xmltv_id="NOW 80s">NOW 80s</channel>
    <channel site="[ENC]rakuten.tv[ie]_0" site_id="now-70s" xmltv_id="NOW 70s">NOW 70s</channel>
    <channel site="[ENC]rakuten.tv[ie]_0" site_id="deluxe-lounge-hd" xmltv_id="Deluxe Lounge HD">Deluxe Lounge HD</channel>
    <channel site="[ENC]rakuten.tv[ie]_0" site_id="qello-concerts-by-stingray" xmltv_id="Qello Concerts by Stingray">Qello Concerts by Stingray</channel>
    <channel site="[ENC]rakuten.tv[ie]_0" site_id="stingray-remember-the-80-s" xmltv_id="Stingray: Remember the 80’s">Stingray: Remember the 80’s</channel>
    <channel site="[ENC]rakuten.tv[ie]_0" site_id="stingray-hit-list" xmltv_id="Stingray: Hitlist">Stingray: Hitlist</channel>
    <channel site="[ENC]rakuten.tv[ie]_0" site_id="stingray-greatest-hits" xmltv_id="Stingray Greatest Hits">Stingray Greatest Hits</channel>
    <channel site="[ENC]rakuten.tv[ie]_0" site_id="qwest-tv" xmltv_id="Qwest TV">Qwest TV</channel>
    <channel site="[ENC]rakuten.tv[ie]_0" site_id="clubbing-tv" xmltv_id="CLUBBING TV">CLUBBING TV</channel>
    <channel site="[ENC]rakuten.tv[ie]_0" site_id="gusto-tv-new" xmltv_id="Gusto TV">Gusto TV</channel>
    <channel site="[ENC]rakuten.tv[ie]_0" site_id="bon-appetit" xmltv_id="Bon Appétit">Bon Appétit</channel>
    <channel site="[ENC]rakuten.tv[ie]_0" site_id="tastemade-intl" xmltv_id="Tastemade">Tastemade</channel>
    <channel site="[ENC]rakuten.tv[ie]_0" site_id="gousa-tv" xmltv_id="GoUSA TV">GoUSA TV</channel>
    <channel site="[ENC]rakuten.tv[ie]_0" site_id="love-stories-tv" xmltv_id="Love Stories TV">Love Stories TV</channel>
    <channel site="[ENC]rakuten.tv[ie]_0" site_id="powernation" xmltv_id="Powernation">Powernation</channel>
    <channel site="[ENC]rakuten.tv[ie]_0" site_id="myzen-fit-uk" xmltv_id="Wellbeing TV">Wellbeing TV</channel>
    <channel site="[ENC]rakuten.tv[ie]_0" site_id="museum-fast-uk" xmltv_id="BelAir TV">BelAir TV</channel>
    <channel site="[ENC]rakuten.tv[ie]_0" site_id="vogue" xmltv_id="Vogue">Vogue</channel>
    <channel site="[ENC]rakuten.tv[ie]_0" site_id="vanity-fair" xmltv_id="Vanity Fair">Vanity Fair</channel>
    <channel site="[ENC]rakuten.tv[ie]_0" site_id="travelxp-eng" xmltv_id="Travelxp">Travelxp</channel>
    <channel site="[ENC]rakuten.tv[ie]_0" site_id="the-design-network" xmltv_id="The Design Network">The Design Network</channel>
    <channel site="[ENC]rakuten.tv[ie]_0" site_id="fashion-tv" xmltv_id="Fashion TV">Fashion TV</channel>
    <channel site="[ENC]rakuten.tv[ie]_0" site_id="gq" xmltv_id="GQ">GQ</channel>
    <channel site="[ENC]rakuten.tv[ie]_0" site_id="pga-tour-golf" xmltv_id="PGA Tour LIVE">PGA Tour LIVE</channel>
    <channel site="[ENC]rakuten.tv[ie]_0" site_id="nitro-circus" xmltv_id="Nitro Circus">Nitro Circus</channel>
    <channel site="[ENC]rakuten.tv[ie]_0" site_id="mavtv-motorsports-network-new" xmltv_id="MAVTV Motorsports Network">MAVTV Motorsports Network</channel>
    <channel site="[ENC]rakuten.tv[ie]_0" site_id="motorsport-tv-en" xmltv_id="Motorsport.tv">Motorsport.tv</channel>
    <channel site="[ENC]rakuten.tv[ie]_0" site_id="strongman-champions-league" xmltv_id="Strongman Champions League">Strongman Champions League</channel>
    <channel site="[ENC]rakuten.tv[ie]_0" site_id="world-of-free-sports-en" xmltv_id="World of Freesports">World of Freesports</channel>
    <channel site="[ENC]rakuten.tv[ie]_0" site_id="motorracing-english-feed" xmltv_id="Motor Racing">Motor Racing</channel>
    <channel site="[ENC]rakuten.tv[ie]_0" site_id="horizonsports-english" xmltv_id="Horizon Sports">Horizon Sports</channel>
    <channel site="[ENC]rakuten.tv[ie]_0" site_id="fite-24-7" xmltv_id="Fite 24/7">Fite 24/7</channel>
    <channel site="[ENC]rakuten.tv[ie]_0" site_id="dazn-combat" xmltv_id="DAZN Combat">DAZN Combat</channel>
    <channel site="[ENC]rakuten.tv[ie]_0" site_id="edgesport" xmltv_id="EDGEsport">EDGEsport</channel>
    <channel site="[ENC]rakuten.tv[ie]_0" site_id="world-poker-tour" xmltv_id="World Poker Tour">World Poker Tour</channel>
    <channel site="[ENC]rakuten.tv[ie]_0" site_id="glory-kickboxing" xmltv_id="GLORY Kickboxing">GLORY Kickboxing</channel>
    <channel site="[ENC]rakuten.tv[ie]_0" site_id="impact-wrestling" xmltv_id="Impact! Wrestling">Impact! Wrestling</channel>
    <channel site="[ENC]rakuten.tv[ie]_0" site_id="hard-knocks-fighting-championship" xmltv_id="Hard Knocks Fighting Championship">Hard Knocks Fighting Championship</channel>
    <channel site="[ENC]rakuten.tv[ie]_0" site_id="estv" xmltv_id="ESTV">ESTV</channel>
    <channel site="[ENC]rakuten.tv[ie]_0" site_id="billiards-tv" xmltv_id="World Billiards TV">World Billiards TV</channel>
    <channel site="[ENC]rakuten.tv[ie]_0" site_id="fuel-tv-new" xmltv_id="Fuel TV">Fuel TV</channel>
    <channel site="[ENC]rakuten.tv[ie]_0" site_id="fifa-plus-en-2" xmltv_id="FIFA+">FIFA+</channel>
    <channel site="[ENC]rakuten.tv[ie]_0" site_id="dazn-women-s-football" xmltv_id="DAZN Women's Football">DAZN Women's Football</channel>
    <channel site="[ENC]rakuten.tv[ie]_0" site_id="next-up-live-comedy" xmltv_id="Next Up Live Comedy">Next Up Live Comedy</channel>
    <channel site="[ENC]rakuten.tv[ie]_0" site_id="just-for-laughs-tv-en" xmltv_id="Just for Laughs TV">Just for Laughs TV</channel>
    <channel site="[ENC]rakuten.tv[ie]_0" site_id="da-vinci" xmltv_id="Da Vinci">Da Vinci</channel>
    <channel site="[ENC]rakuten.tv[ie]_0" site_id="love-pets" xmltv_id="Love Pets">Love Pets</channel>
    <channel site="[ENC]rakuten.tv[ie]_0" site_id="jail" xmltv_id="Jail">Jail</channel>
    <channel site="[ENC]rakuten.tv[ie]_0" site_id="mech-plus" xmltv_id="Robot Wars by Mech+">Robot Wars by Mech+</channel>
    <channel site="[ENC]rakuten.tv[ie]_0" site_id="5-minutes-craft-en" xmltv_id="5-Minute Crafts">5-Minute Crafts</channel>
    <channel site="[ENC]rakuten.tv[ie]_0" site_id="filmrise-forensic-files" xmltv_id="Forensic Files">Forensic Files</channel>
    <channel site="[ENC]rakuten.tv[ie]_0" site_id="filmrise-dr-g-medical-examiner" xmltv_id="Dr. G: Medical Examiner">Dr. G: Medical Examiner</channel>
    <channel site="[ENC]rakuten.tv[ie]_0" site_id="great-british-menu" xmltv_id="Great British Menu">Great British Menu</channel>
    <channel site="[ENC]rakuten.tv[ie]_0" site_id="shades-of-black" xmltv_id="Shades of Black">Shades of Black</channel>
    <channel site="[ENC]rakuten.tv[ie]_0" site_id="cops" xmltv_id="COPS">COPS</channel>
    <channel site="[ENC]rakuten.tv[ie]_0" site_id="homes-under-the-hammer" xmltv_id="Homes Under the Hammer">Homes Under the Hammer</channel>
    <channel site="[ENC]rakuten.tv[ie]_0" site_id="ted-en" xmltv_id="TED">TED</channel>
    <channel site="[ENC]rakuten.tv[ie]_0" site_id="haunt-tv" xmltv_id="Haunt TV">Haunt TV</channel>
    <channel site="[ENC]rakuten.tv[ie]_0" site_id="jukin-fail-army-new" xmltv_id="Fail Army">Fail Army</channel>
    <channel site="[ENC]rakuten.tv[ie]_0" site_id="young-hollywood" xmltv_id="Young Hollywood">Young Hollywood</channel>
    <channel site="[ENC]rakuten.tv[ie]_0" site_id="revry" xmltv_id="Revry">Revry</channel>
    <channel site="[ENC]rakuten.tv[ie]_0" site_id="true-crime-now-bd6a1fb1-0bd1-483c-9c55-d31a11c1a146" xmltv_id="True Crime Now">True Crime Now</channel>
    <channel site="[ENC]rakuten.tv[ie]_0" site_id="afv-family" xmltv_id="AFV Family">AFV Family</channel>
    <channel site="[ENC]rakuten.tv[ie]_0" site_id="people-are-awesome-new" xmltv_id="People Are Awesome">People Are Awesome</channel>
    <channel site="[ENC]rakuten.tv[ie]_0" site_id="the-pet-collective-new" xmltv_id="The Pet Collective">The Pet Collective</channel>
    <channel site="[ENC]rakuten.tv[ie]_0" site_id="yu-gi-oh-en" xmltv_id="Yu-Gi-Oh!">Yu-Gi-Oh!</channel>
    <channel site="[ENC]rakuten.tv[ie]_0" site_id="filmrise-beyblade" xmltv_id="Beyblade">Beyblade</channel>
    <channel site="[ENC]rakuten.tv[ie]_0" site_id="filmrise-world-s-wildest-police-videos" xmltv_id="World's Wildest Police Videos">World's Wildest Police Videos</channel>
    <channel site="[ENC]rakuten.tv[ie]_0" site_id="rakuten-viki-new" xmltv_id="Rakuten VIKI">Rakuten VIKI</channel>
    <channel site="[ENC]rakuten.tv[ie]_0" site_id="inside-crime-uk" xmltv_id="Inside Crime">Inside Crime</channel>
    <channel site="[ENC]rakuten.tv[ie]_0" site_id="mystery-tv" xmltv_id="Mystery TV">Mystery TV</channel>
    <channel site="[ENC]rakuten.tv[ie]_0" site_id="real-crime-new" xmltv_id="Real Crime">Real Crime</channel>
    <channel site="[ENC]rakuten.tv[ie]_0" site_id="filmrise-free-series" xmltv_id="FilmRise Free Series">FilmRise Free Series</channel>
    <channel site="[ENC]rakuten.tv[ie]_0" site_id="filmrise-unsolved-mysteries" xmltv_id="Unsolved Mysteries">Unsolved Mysteries</channel>
    <channel site="[ENC]rakuten.tv[ie]_0" site_id="wutang-collection-eng" xmltv_id="Wu Tang Collection TV">Wu Tang Collection TV</channel>
    <channel site="[ENC]rakuten.tv[ie]_0" site_id="popflix" xmltv_id="Popflix">Popflix</channel>
    <channel site="[ENC]rakuten.tv[ie]_0" site_id="grjngo-en" xmltv_id="Grjngo - Western Films">Grjngo - Western Films</channel>
    <channel site="[ENC]rakuten.tv[ie]_0" site_id="bjg-tjme" xmltv_id="Bigtime">Bigtime</channel>
    <channel site="[ENC]rakuten.tv[ie]_0" site_id="shorts-tv-uk" xmltv_id="Shorts">Shorts</channel>
    <channel site="[ENC]rakuten.tv[ie]_0" site_id="lone-star" xmltv_id="Lone Star">Lone Star</channel>
    <channel site="[ENC]rakuten.tv[ie]_0" site_id="filmstream-spi" xmltv_id="Filmstream">Filmstream</channel>
    <channel site="[ENC]rakuten.tv[ie]_0" site_id="filmrise-free-movies" xmltv_id="FilmRise Free Movies">FilmRise Free Movies</channel>
    <channel site="[ENC]rakuten.tv[ie]_0" site_id="filmzie" xmltv_id="Filmzie">Filmzie</channel>
    <channel site="[ENC]rakuten.tv[ie]_0" site_id="mytime-movie-network" xmltv_id="MyTime Movie Network">MyTime Movie Network</channel>
    <channel site="[ENC]rakuten.tv[ie]_0" site_id="family-uk-rakuten-tv" xmltv_id="100% Christmas - Rakuten TV">100% Christmas - Rakuten TV</channel>
    <channel site="[ENC]rakuten.tv[ie]_0" site_id="drama-uk-rakuten-tv" xmltv_id="Drama Movies - Rakuten TV">Drama Movies - Rakuten TV</channel>
    <channel site="[ENC]rakuten.tv[ie]_0" site_id="comedy-uk-rakuten-tv" xmltv_id="Comedy Movies - Rakuten TV">Comedy Movies - Rakuten TV</channel>
    <channel site="[ENC]rakuten.tv[ie]_0" site_id="action-uk-rakuten-tv" xmltv_id="Action Movies - Rakuten TV">Action Movies - Rakuten TV</channel>
    <channel site="[ENC]rakuten.tv[ie]_0" site_id="top-free-uk-rakuten-tv" xmltv_id="Top Movies - Rakuten TV">Top Movies - Rakuten TV</channel>
  </channels>
</site>