<?xml version="1.0" encoding="UTF-8"?>
<site generator-info-name="Tempest EPG Generator (made by Kvanc)" generator-info-url="https://github.com/K-vanc/Tempest-EPG-Generator.git" site="[ENC][EX]virginmediatv.ie_0">
  <channels>
    <channel site="[ENC][EX]virginmediatv.ie_0" site_id="IESVC1305" xmltv_id="Virgin Media More">Virgin Media More</channel>
    <channel site="[ENC][EX]virginmediatv.ie_0" site_id="IESVC1272" xmltv_id="RTE One HD">RTE One HD</channel>
    <channel site="[ENC][EX]virginmediatv.ie_0" site_id="IESVC1230" xmltv_id="RTE Two HD">RTE Two HD</channel>
    <channel site="[ENC][EX]virginmediatv.ie_0" site_id="IESVC1239" xmltv_id="Virgin Media One HD">Virgin Media One HD</channel>
    <channel site="[ENC][EX]virginmediatv.ie_0" site_id="IESVC1229" xmltv_id="TG4 HD">TG4 HD</channel>
    <channel site="[ENC][EX]virginmediatv.ie_0" site_id="IESVC1240" xmltv_id="Virgin Media Two HD">Virgin Media Two HD</channel>
    <channel site="[ENC][EX]virginmediatv.ie_0" site_id="IESVC1238" xmltv_id="Virgin Media Three HD">Virgin Media Three HD</channel>
    <channel site="[ENC][EX]virginmediatv.ie_0" site_id="IESVC1013" xmltv_id="RTE One +1">RTE One +1</channel>
    <channel site="[ENC][EX]virginmediatv.ie_0" site_id="IESVC1227" xmltv_id="BBC1 HD">BBC1 HD</channel>
    <channel site="[ENC][EX]virginmediatv.ie_0" site_id="IESVC1228" xmltv_id="BBC TWO HD">BBC TWO HD</channel>
    <channel site="[ENC][EX]virginmediatv.ie_0" site_id="IESVC1325" xmltv_id="Virgin Media Four HD">Virgin Media Four HD</channel>
    <channel site="[ENC][EX]virginmediatv.ie_0" site_id="IESVC1289" xmltv_id="Channel 4 HD">Channel 4 HD</channel>
    <channel site="[ENC][EX]virginmediatv.ie_0" site_id="IESVC1105" xmltv_id="E4">E4</channel>
    <channel site="[ENC][EX]virginmediatv.ie_0" site_id="IESVC1147" xmltv_id="More4">More4</channel>
    <channel site="[ENC][EX]virginmediatv.ie_0" site_id="IESVC1248" xmltv_id="Sky Showcase HD">Sky Showcase HD</channel>
    <channel site="[ENC][EX]virginmediatv.ie_0" site_id="IESVC1258" xmltv_id="Sky Witness HD">Sky Witness HD</channel>
    <channel site="[ENC][EX]virginmediatv.ie_0" site_id="IESVC1095" xmltv_id="Virgin Media One +1">Virgin Media One +1</channel>
    <channel site="[ENC][EX]virginmediatv.ie_0" site_id="IESVC1303" xmltv_id="SKY Max HD">SKY Max HD</channel>
    <channel site="[ENC][EX]virginmediatv.ie_0" site_id="IESVC1295" xmltv_id="Sky Comedy HD">Sky Comedy HD</channel>
    <channel site="[ENC][EX]virginmediatv.ie_0" site_id="IESVC1345" xmltv_id="Sky Crime HD">Sky Crime HD</channel>
    <channel site="[ENC][EX]virginmediatv.ie_0" site_id="IESVC1255" xmltv_id="Sky Arts HD">Sky Arts HD</channel>
    <channel site="[ENC][EX]virginmediatv.ie_0" site_id="IESVC1327" xmltv_id="Sky Nature HD">Sky Nature HD</channel>
    <channel site="[ENC][EX]virginmediatv.ie_0" site_id="IESVC1329" xmltv_id="Sky Documentaries HD">Sky Documentaries HD</channel>
    <channel site="[ENC][EX]virginmediatv.ie_0" site_id="IESVC1323" xmltv_id="AMC HD">AMC HD</channel>
    <channel site="[ENC][EX]virginmediatv.ie_0" site_id="IESVC1203" xmltv_id="Sky Replay">Sky Replay</channel>
    <channel site="[ENC][EX]virginmediatv.ie_0" site_id="IESVC1287" xmltv_id="Comedy HD">Comedy HD</channel>
    <channel site="[ENC][EX]virginmediatv.ie_0" site_id="IESVC1291" xmltv_id="Sky Sci-Fi HD">Sky Sci-Fi HD</channel>
    <channel site="[ENC][EX]virginmediatv.ie_0" site_id="IESVC1163" xmltv_id="E4 Extra">E4 Extra</channel>
    <channel site="[ENC][EX]virginmediatv.ie_0" site_id="IESVC1180" xmltv_id="BBC FOUR">BBC FOUR</channel>
    <channel site="[ENC][EX]virginmediatv.ie_0" site_id="IESVC1042" xmltv_id="G.O.L.D.">G.O.L.D.</channel>
    <channel site="[ENC][EX]virginmediatv.ie_0" site_id="IESVC1087" xmltv_id="TLC">TLC</channel>
    <channel site="[ENC][EX]virginmediatv.ie_0" site_id="IESVC1128" xmltv_id="Dave">Dave</channel>
    <channel site="[ENC][EX]virginmediatv.ie_0" site_id="IESVC1156" xmltv_id="True Crime">True Crime</channel>
    <channel site="[ENC][EX]virginmediatv.ie_0" site_id="IESVC1076" xmltv_id="ITV3">ITV3</channel>
    <channel site="[ENC][EX]virginmediatv.ie_0" site_id="IESVC1077" xmltv_id="ITV4">ITV4</channel>
    <channel site="[ENC][EX]virginmediatv.ie_0" site_id="IESVC1168" xmltv_id="Sky Mix">Sky Mix</channel>
    <channel site="[ENC][EX]virginmediatv.ie_0" site_id="IESVC1064" xmltv_id="Comedy Extra">Comedy Extra</channel>
    <channel site="[ENC][EX]virginmediatv.ie_0" site_id="IESVC1225" xmltv_id="True Crime Xtra">True Crime Xtra</channel>
    <channel site="[ENC][EX]virginmediatv.ie_0" site_id="IESVC1192" xmltv_id="Legend">Legend</channel>
    <channel site="[ENC][EX]virginmediatv.ie_0" site_id="IESVC1226" xmltv_id="Legend Xtra">Legend Xtra</channel>
    <channel site="[ENC][EX]virginmediatv.ie_0" site_id="IESVC1214" xmltv_id="Discovery Quest">Discovery Quest</channel>
    <channel site="[ENC][EX]virginmediatv.ie_0" site_id="IESVC1222" xmltv_id="Discovery Turbo">Discovery Turbo</channel>
    <channel site="[ENC][EX]virginmediatv.ie_0" site_id="IESVC1224" xmltv_id="Challenge">Challenge</channel>
    <channel site="[ENC][EX]virginmediatv.ie_0" site_id="IESVC1173" xmltv_id="Quest Red">Quest Red</channel>
    <channel site="[ENC][EX]virginmediatv.ie_0" site_id="IESVC1135" xmltv_id="Drama">Drama</channel>
    <channel site="[ENC][EX]virginmediatv.ie_0" site_id="IESVC1136" xmltv_id="Really">Really</channel>
    <channel site="[ENC][EX]virginmediatv.ie_0" site_id="IESVC1044" xmltv_id="E!">E!</channel>
    <channel site="[ENC][EX]virginmediatv.ie_0" site_id="IESVC1120" xmltv_id="Alibi">Alibi</channel>
    <channel site="[ENC][EX]virginmediatv.ie_0" site_id="IESVC1004" xmltv_id="Fashion TV">Fashion TV</channel>
    <channel site="[ENC][EX]virginmediatv.ie_0" site_id="IESVC1213" xmltv_id="ID">ID</channel>
    <channel site="[ENC][EX]virginmediatv.ie_0" site_id="IESVC1215" xmltv_id="QVC">QVC</channel>
    <channel site="[ENC][EX]virginmediatv.ie_0" site_id="IESVC1117" xmltv_id="Food Network">Food Network</channel>
    <channel site="[ENC][EX]virginmediatv.ie_0" site_id="IESVC1102" xmltv_id="RTE News Now">RTE News Now</channel>
    <channel site="[ENC][EX]virginmediatv.ie_0" site_id="IESVC1184" xmltv_id="BBC News 24">BBC News 24</channel>
    <channel site="[ENC][EX]virginmediatv.ie_0" site_id="IESVC1254" xmltv_id="Sky News HD">Sky News HD</channel>
    <channel site="[ENC][EX]virginmediatv.ie_0" site_id="IESVC1119" xmltv_id="Euronews">Euronews</channel>
    <channel site="[ENC][EX]virginmediatv.ie_0" site_id="IESVC1172" xmltv_id="CNBC Europe">CNBC Europe</channel>
    <channel site="[ENC][EX]virginmediatv.ie_0" site_id="IESVC1332" xmltv_id="CNN HD">CNN HD</channel>
    <channel site="[ENC][EX]virginmediatv.ie_0" site_id="IESVC1129" xmltv_id="BBC News">BBC News</channel>
    <channel site="[ENC][EX]virginmediatv.ie_0" site_id="IESVC1012" xmltv_id="Oireachtas TV">Oireachtas TV</channel>
    <channel site="[ENC][EX]virginmediatv.ie_0" site_id="IESVC1234" xmltv_id="Discovery HD">Discovery HD</channel>
    <channel site="[ENC][EX]virginmediatv.ie_0" site_id="IESVC1298" xmltv_id="HGTV">HGTV</channel>
    <channel site="[ENC][EX]virginmediatv.ie_0" site_id="IESVC1007" xmltv_id="Discovery Science">Discovery Science</channel>
    <channel site="[ENC][EX]virginmediatv.ie_0" site_id="IESVC1086" xmltv_id="Discovery History">Discovery History</channel>
    <channel site="[ENC][EX]virginmediatv.ie_0" site_id="IESVC1088" xmltv_id="Animal Planet">Animal Planet</channel>
    <channel site="[ENC][EX]virginmediatv.ie_0" site_id="IESVC1216" xmltv_id="DMAX">DMAX</channel>
    <channel site="[ENC][EX]virginmediatv.ie_0" site_id="IESVC1232" xmltv_id="National Geographic HD">National Geographic HD</channel>
    <channel site="[ENC][EX]virginmediatv.ie_0" site_id="IESVC1242" xmltv_id="Nat Geo Wild HD">Nat Geo Wild HD</channel>
    <channel site="[ENC][EX]virginmediatv.ie_0" site_id="IESVC1243" xmltv_id="Sky History HD">Sky History HD</channel>
    <channel site="[ENC][EX]virginmediatv.ie_0" site_id="IESVC1030" xmltv_id="Sky History 2">Sky History 2</channel>
    <channel site="[ENC][EX]virginmediatv.ie_0" site_id="IESVC1244" xmltv_id="Crime &amp; Investigation HD">Crime &amp; Investigation HD</channel>
    <channel site="[ENC][EX]virginmediatv.ie_0" site_id="IESVC1112" xmltv_id="Bloomberg">Bloomberg</channel>
    <channel site="[ENC][EX]virginmediatv.ie_0" site_id="IESVC1015" xmltv_id="Netflix 300">Netflix 300</channel>
    <channel site="[ENC][EX]virginmediatv.ie_0" site_id="IESVC1262" xmltv_id="Sky Premiere HD">Sky Premiere HD</channel>
    <channel site="[ENC][EX]virginmediatv.ie_0" site_id="IESVC1264" xmltv_id="Sky Select HD">Sky Select HD</channel>
    <channel site="[ENC][EX]virginmediatv.ie_0" site_id="IESVC1282" xmltv_id="Sky Hits HD">Sky Hits HD</channel>
    <channel site="[ENC][EX]virginmediatv.ie_0" site_id="IESVC1267" xmltv_id="Sky Greats HD">Sky Greats HD</channel>
    <channel site="[ENC][EX]virginmediatv.ie_0" site_id="IESVC1261" xmltv_id="Sky Adventure HD">Sky Adventure HD</channel>
    <channel site="[ENC][EX]virginmediatv.ie_0" site_id="IESVC1270" xmltv_id="Sky Horror HD">Sky Horror HD</channel>
    <channel site="[ENC][EX]virginmediatv.ie_0" site_id="IESVC1269" xmltv_id="Sky Cinema Comedy HD">Sky Cinema Comedy HD</channel>
    <channel site="[ENC][EX]virginmediatv.ie_0" site_id="IESVC1263" xmltv_id="Sky Thriller HD">Sky Thriller HD</channel>
    <channel site="[ENC][EX]virginmediatv.ie_0" site_id="IESVC1268" xmltv_id="Sky Drama HD">Sky Drama HD</channel>
    <channel site="[ENC][EX]virginmediatv.ie_0" site_id="IESVC1245" xmltv_id="Sky Action HD">Sky Action HD</channel>
    <channel site="[ENC][EX]virginmediatv.ie_0" site_id="IESVC1296" xmltv_id="Sky Animation HD">Sky Animation HD</channel>
    <channel site="[ENC][EX]virginmediatv.ie_0" site_id="IESVC1153" xmltv_id="Film Four">Film Four</channel>
    <channel site="[ENC][EX]virginmediatv.ie_0" site_id="IESVC1297" xmltv_id="Sky Animation">Sky Animation</channel>
    <channel site="[ENC][EX]virginmediatv.ie_0" site_id="IESVC1017" xmltv_id="Sky Premiere">Sky Premiere</channel>
    <channel site="[ENC][EX]virginmediatv.ie_0" site_id="IESVC1059" xmltv_id="Sky Select">Sky Select</channel>
    <channel site="[ENC][EX]virginmediatv.ie_0" site_id="IESVC1010" xmltv_id="Sky Hits">Sky Hits</channel>
    <channel site="[ENC][EX]virginmediatv.ie_0" site_id="IESVC1019" xmltv_id="Sky Greats">Sky Greats</channel>
    <channel site="[ENC][EX]virginmediatv.ie_0" site_id="IESVC1056" xmltv_id="Sky Adventure">Sky Adventure</channel>
    <channel site="[ENC][EX]virginmediatv.ie_0" site_id="IESVC1057" xmltv_id="Sky Horror">Sky Horror</channel>
    <channel site="[ENC][EX]virginmediatv.ie_0" site_id="IESVC1060" xmltv_id="Sky Cinema Comedy">Sky Cinema Comedy</channel>
    <channel site="[ENC][EX]virginmediatv.ie_0" site_id="IESVC1167" xmltv_id="Sky Thriller">Sky Thriller</channel>
    <channel site="[ENC][EX]virginmediatv.ie_0" site_id="IESVC1061" xmltv_id="Sky Drama">Sky Drama</channel>
    <channel site="[ENC][EX]virginmediatv.ie_0" site_id="IESVC1062" xmltv_id="Sky Action">Sky Action</channel>
    <channel site="[ENC][EX]virginmediatv.ie_0" site_id="IESVC1285" xmltv_id="Film4 HD">Film4 HD</channel>
    <channel site="[ENC][EX]virginmediatv.ie_0" site_id="IESVC1253" xmltv_id="Sky Sports Main Event HD">Sky Sports Main Event HD</channel>
    <channel site="[ENC][EX]virginmediatv.ie_0" site_id="IESVC1256" xmltv_id="Sky Sports Premier League HD">Sky Sports Premier League HD</channel>
    <channel site="[ENC][EX]virginmediatv.ie_0" site_id="IESVC1241" xmltv_id="Sky Sports Football HD">Sky Sports Football HD</channel>
    <channel site="[ENC][EX]virginmediatv.ie_0" site_id="IESVC1257" xmltv_id="Sky Sports Cricket HD">Sky Sports Cricket HD</channel>
    <channel site="[ENC][EX]virginmediatv.ie_0" site_id="IESVC1250" xmltv_id="Sky Sports Golf HD">Sky Sports Golf HD</channel>
    <channel site="[ENC][EX]virginmediatv.ie_0" site_id="IESVC1259" xmltv_id="Sky Sports Action HD">Sky Sports Action HD</channel>
    <channel site="[ENC][EX]virginmediatv.ie_0" site_id="IESVC1246" xmltv_id="Sky Sports Arena HD">Sky Sports Arena HD</channel>
    <channel site="[ENC][EX]virginmediatv.ie_0" site_id="IESVC1249" xmltv_id="Sky Sports News HD">Sky Sports News HD</channel>
    <channel site="[ENC][EX]virginmediatv.ie_0" site_id="IESVC1290" xmltv_id="Sky Sports Mix HD">Sky Sports Mix HD</channel>
    <channel site="[ENC][EX]virginmediatv.ie_0" site_id="IESVC1106" xmltv_id="Sky Sports Racing">Sky Sports Racing</channel>
    <channel site="[ENC][EX]virginmediatv.ie_0" site_id="IESVC1186" xmltv_id="Racing UK">Racing UK</channel>
    <channel site="[ENC][EX]virginmediatv.ie_0" site_id="IESVC1233" xmltv_id="Eurosport HD">Eurosport HD</channel>
    <channel site="[ENC][EX]virginmediatv.ie_0" site_id="IESVC1235" xmltv_id="Eurosport 2 HD">Eurosport 2 HD</channel>
    <channel site="[ENC][EX]virginmediatv.ie_0" site_id="IESVC1082" xmltv_id="MUTV">MUTV</channel>
    <channel site="[ENC][EX]virginmediatv.ie_0" site_id="IESVC1315" xmltv_id="Sky Sports F1 HD">Sky Sports F1 HD</channel>
    <channel site="[ENC][EX]virginmediatv.ie_0" site_id="IESVC1307" xmltv_id="TNT Sports 1 HD">TNT Sports 1 HD</channel>
    <channel site="[ENC][EX]virginmediatv.ie_0" site_id="IESVC1309" xmltv_id="TNT Sports 2 HD">TNT Sports 2 HD</channel>
    <channel site="[ENC][EX]virginmediatv.ie_0" site_id="IESVC1311" xmltv_id="TNT Sports 3 HD">TNT Sports 3 HD</channel>
    <channel site="[ENC][EX]virginmediatv.ie_0" site_id="IESVC1313" xmltv_id="TNT Sports 4 HD">TNT Sports 4 HD</channel>
    <channel site="[ENC][EX]virginmediatv.ie_0" site_id="IESVC1317" xmltv_id="Premier Sports 1 HD">Premier Sports 1 HD</channel>
    <channel site="[ENC][EX]virginmediatv.ie_0" site_id="IESVC1321" xmltv_id="Premier Sports 2 HD">Premier Sports 2 HD</channel>
    <channel site="[ENC][EX]virginmediatv.ie_0" site_id="IESVC1037" xmltv_id="Sky Sports Main Event">Sky Sports Main Event</channel>
    <channel site="[ENC][EX]virginmediatv.ie_0" site_id="IESVC1091" xmltv_id="Sky Sports Premier League">Sky Sports Premier League</channel>
    <channel site="[ENC][EX]virginmediatv.ie_0" site_id="IESVC1109" xmltv_id="Sky Sports Football">Sky Sports Football</channel>
    <channel site="[ENC][EX]virginmediatv.ie_0" site_id="IESVC1148" xmltv_id="Sky Sports Cricket">Sky Sports Cricket</channel>
    <channel site="[ENC][EX]virginmediatv.ie_0" site_id="IESVC1023" xmltv_id="Sky Sports Golf">Sky Sports Golf</channel>
    <channel site="[ENC][EX]virginmediatv.ie_0" site_id="IESVC1151" xmltv_id="Sky Sports Action">Sky Sports Action</channel>
    <channel site="[ENC][EX]virginmediatv.ie_0" site_id="IESVC1110" xmltv_id="Sky Sports Arena">Sky Sports Arena</channel>
    <channel site="[ENC][EX]virginmediatv.ie_0" site_id="IESVC1040" xmltv_id="Sky Sports News">Sky Sports News</channel>
    <channel site="[ENC][EX]virginmediatv.ie_0" site_id="IESVC1210" xmltv_id="Sky Sports Mix">Sky Sports Mix</channel>
    <channel site="[ENC][EX]virginmediatv.ie_0" site_id="IESVC1316" xmltv_id="Sky Sports F1">Sky Sports F1</channel>
    <channel site="[ENC][EX]virginmediatv.ie_0" site_id="IESVC1308" xmltv_id="TNT Sports 1">TNT Sports 1</channel>
    <channel site="[ENC][EX]virginmediatv.ie_0" site_id="IESVC1310" xmltv_id="TNT Sports 2">TNT Sports 2</channel>
    <channel site="[ENC][EX]virginmediatv.ie_0" site_id="IESVC1312" xmltv_id="TNT Sports 3">TNT Sports 3</channel>
    <channel site="[ENC][EX]virginmediatv.ie_0" site_id="IESVC1314" xmltv_id="TNT Sports 4">TNT Sports 4</channel>
    <channel site="[ENC][EX]virginmediatv.ie_0" site_id="IESVC1318" xmltv_id="Premier Sports 1">Premier Sports 1</channel>
    <channel site="[ENC][EX]virginmediatv.ie_0" site_id="IESVC1320" xmltv_id="Premier Sports 2">Premier Sports 2</channel>
    <channel site="[ENC][EX]virginmediatv.ie_0" site_id="IESVC1347" xmltv_id="TG4+1 HD">TG4+1 HD</channel>
    <channel site="[ENC][EX]virginmediatv.ie_0" site_id="IESVC1009" xmltv_id="Disc Channel +1">Disc Channel +1</channel>
    <channel site="[ENC][EX]virginmediatv.ie_0" site_id="IESVC1159" xmltv_id="Channel 4 +1">Channel 4 +1</channel>
    <channel site="[ENC][EX]virginmediatv.ie_0" site_id="IESVC1150" xmltv_id="E4+1">E4+1</channel>
    <channel site="[ENC][EX]virginmediatv.ie_0" site_id="IESVC1212" xmltv_id="Sky Witness +1">Sky Witness +1</channel>
    <channel site="[ENC][EX]virginmediatv.ie_0" site_id="IESVC1114" xmltv_id="More4+1">More4+1</channel>
    <channel site="[ENC][EX]virginmediatv.ie_0" site_id="IESVC1219" xmltv_id="G.O.L.D. +1">G.O.L.D. +1</channel>
    <channel site="[ENC][EX]virginmediatv.ie_0" site_id="IESVC1149" xmltv_id="FILMFOUR +1">FILMFOUR +1</channel>
    <channel site="[ENC][EX]virginmediatv.ie_0" site_id="IESVC1199" xmltv_id="Comedy +1">Comedy +1</channel>
    <channel site="[ENC][EX]virginmediatv.ie_0" site_id="IESVC1014" xmltv_id="RTEjr">RTEjr</channel>
    <channel site="[ENC][EX]virginmediatv.ie_0" site_id="IESVC1145" xmltv_id="TRTE">TRTE</channel>
    <channel site="[ENC][EX]virginmediatv.ie_0" site_id="IESVC1346" xmltv_id="Cula4 HD">Cula4 HD</channel>
    <channel site="[ENC][EX]virginmediatv.ie_0" site_id="IESVC1039" xmltv_id="Boomerang">Boomerang</channel>
    <channel site="[ENC][EX]virginmediatv.ie_0" site_id="IESVC1288" xmltv_id="Nickelodeon HD">Nickelodeon HD</channel>
    <channel site="[ENC][EX]virginmediatv.ie_0" site_id="IESVC1211" xmltv_id="Nick Toons">Nick Toons</channel>
    <channel site="[ENC][EX]virginmediatv.ie_0" site_id="IESVC1041" xmltv_id="Nick Junior">Nick Junior</channel>
    <channel site="[ENC][EX]virginmediatv.ie_0" site_id="IESVC1188" xmltv_id="CBBC">CBBC</channel>
    <channel site="[ENC][EX]virginmediatv.ie_0" site_id="IESVC1189" xmltv_id="Cbeebies">Cbeebies</channel>
    <channel site="[ENC][EX]virginmediatv.ie_0" site_id="IESVC1043" xmltv_id="Cartoon Network">Cartoon Network</channel>
    <channel site="[ENC][EX]virginmediatv.ie_0" site_id="IESVC1174" xmltv_id="Cartoonito">Cartoonito</channel>
    <channel site="[ENC][EX]virginmediatv.ie_0" site_id="IESVC1183" xmltv_id="MTV">MTV</channel>
    <channel site="[ENC][EX]virginmediatv.ie_0" site_id="IESVC1020" xmltv_id="MTV Hits">MTV Hits</channel>
    <channel site="[ENC][EX]virginmediatv.ie_0" site_id="IESVC1006" xmltv_id="MTV 90s">MTV 90s</channel>
    <channel site="[ENC][EX]virginmediatv.ie_0" site_id="IESVC1162" xmltv_id="MTV 80s">MTV 80s</channel>
    <channel site="[ENC][EX]virginmediatv.ie_0" site_id="IESVC1171" xmltv_id="MTV MUSIC">MTV MUSIC</channel>
    <channel site="[ENC][EX]virginmediatv.ie_0" site_id="IESVC1002" xmltv_id="Kerrang!">Kerrang!</channel>
    <channel site="[ENC][EX]virginmediatv.ie_0" site_id="IESVC1003" xmltv_id="Magic">Magic</channel>
    <channel site="[ENC][EX]virginmediatv.ie_0" site_id="IESVC1116" xmltv_id="The Box">The Box</channel>
    <channel site="[ENC][EX]virginmediatv.ie_0" site_id="IESVC1001" xmltv_id="4Music">4Music</channel>
    <channel site="[ENC][EX]virginmediatv.ie_0" site_id="IESVC1005" xmltv_id="KISS">KISS</channel>
    <channel site="[ENC][EX]virginmediatv.ie_0" site_id="IESVC1197" xmltv_id="BBC 2">BBC 2</channel>
    <channel site="[ENC][EX]virginmediatv.ie_0" site_id="IESVC1202" xmltv_id="Channel 4">Channel 4</channel>
    <channel site="[ENC][EX]virginmediatv.ie_0" site_id="IESVC1283" xmltv_id="E4 HD">E4 HD</channel>
    <channel site="[ENC][EX]virginmediatv.ie_0" site_id="IESVC1284" xmltv_id="More4 HD">More4 HD</channel>
    <channel site="[ENC][EX]virginmediatv.ie_0" site_id="IESVC1204" xmltv_id="Sky Showcase">Sky Showcase</channel>
    <channel site="[ENC][EX]virginmediatv.ie_0" site_id="IESVC1104" xmltv_id="Sky Witness">Sky Witness</channel>
    <channel site="[ENC][EX]virginmediatv.ie_0" site_id="IESVC1294" xmltv_id="Sky Comedy">Sky Comedy</channel>
    <channel site="[ENC][EX]virginmediatv.ie_0" site_id="IESVC1154" xmltv_id="Sky Crime">Sky Crime</channel>
    <channel site="[ENC][EX]virginmediatv.ie_0" site_id="IESVC1169" xmltv_id="Sky Arts">Sky Arts</channel>
    <channel site="[ENC][EX]virginmediatv.ie_0" site_id="IESVC1063" xmltv_id="Sky News">Sky News</channel>
    <channel site="[ENC][EX]virginmediatv.ie_0" site_id="IESVC1164" xmltv_id="Watch">Watch</channel>
    <channel site="[ENC][EX]virginmediatv.ie_0" site_id="IESVC1302" xmltv_id="SKY Max">SKY Max</channel>
    <channel site="[ENC][EX]virginmediatv.ie_0" site_id="IESVC1085" xmltv_id="Discovery">Discovery</channel>
    <channel site="[ENC][EX]virginmediatv.ie_0" site_id="IESVC1021" xmltv_id="National Geographic">National Geographic</channel>
    <channel site="[ENC][EX]virginmediatv.ie_0" site_id="IESVC1113" xmltv_id="Nat Geo Wild">Nat Geo Wild</channel>
    <channel site="[ENC][EX]virginmediatv.ie_0" site_id="IESVC1181" xmltv_id="Sky History">Sky History</channel>
    <channel site="[ENC][EX]virginmediatv.ie_0" site_id="IESVC1107" xmltv_id="Comedy">Comedy</channel>
    <channel site="[ENC][EX]virginmediatv.ie_0" site_id="IESVC1121" xmltv_id="Sky Sci-Fi">Sky Sci-Fi</channel>
    <channel site="[ENC][EX]virginmediatv.ie_0" site_id="IESVC1331" xmltv_id="Sky Nature">Sky Nature</channel>
    <channel site="[ENC][EX]virginmediatv.ie_0" site_id="IESVC1330" xmltv_id="Sky Documentaries">Sky Documentaries</channel>
    <channel site="[ENC][EX]virginmediatv.ie_0" site_id="IESVC1115" xmltv_id="DCTV">DCTV</channel>
    <channel site="[ENC][EX]virginmediatv.ie_0" site_id="IESVC1165" xmltv_id="CCTv">CCTv</channel>
    <channel site="[ENC][EX]virginmediatv.ie_0" site_id="IESVC1198" xmltv_id="EWTN">EWTN</channel>
    <channel site="[ENC][EX]virginmediatv.ie_0" site_id="IESVC1160" xmltv_id="The God Channel">The God Channel</channel>
    <channel site="[ENC][EX]virginmediatv.ie_0" site_id="IESVC1220" xmltv_id="Zee TV">Zee TV</channel>
    <channel site="[ENC][EX]virginmediatv.ie_0" site_id="IESVC1065" xmltv_id="TV5">TV5</channel>
    <channel site="[ENC][EX]virginmediatv.ie_0" site_id="IESVC1247" xmltv_id="Virgin Media Extra 1">Virgin Media Extra 1</channel>
    <channel site="[ENC][EX]virginmediatv.ie_0" site_id="IESVC1251" xmltv_id="Virgin Media Extra 2">Virgin Media Extra 2</channel>
    <channel site="[ENC][EX]virginmediatv.ie_0" site_id="IESVC1096" xmltv_id="PPV HD">PPV HD</channel>
    <channel site="[ENC][EX]virginmediatv.ie_0" site_id="IESVC1108" xmltv_id="Christmas FM">Christmas FM</channel>
    <channel site="[ENC][EX]virginmediatv.ie_0" site_id="IESVC1046" xmltv_id="RTE Radio 1">RTE Radio 1</channel>
    <channel site="[ENC][EX]virginmediatv.ie_0" site_id="IESVC1047" xmltv_id="RTE 2 FM">RTE 2 FM</channel>
    <channel site="[ENC][EX]virginmediatv.ie_0" site_id="IESVC1048" xmltv_id="RTE Lyric FM">RTE Lyric FM</channel>
    <channel site="[ENC][EX]virginmediatv.ie_0" site_id="IESVC1050" xmltv_id="Today FM">Today FM</channel>
    <channel site="[ENC][EX]virginmediatv.ie_0" site_id="IESVC1049" xmltv_id="RTE R Na G">RTE R Na G</channel>
    <channel site="[ENC][EX]virginmediatv.ie_0" site_id="IESVC1070" xmltv_id="BBC Radio Ulster">BBC Radio Ulster</channel>
    <channel site="[ENC][EX]virginmediatv.ie_0" site_id="IESVC1074" xmltv_id="BBC Radio 1">BBC Radio 1</channel>
    <channel site="[ENC][EX]virginmediatv.ie_0" site_id="IESVC1075" xmltv_id="BBC Radio 2">BBC Radio 2</channel>
    <channel site="[ENC][EX]virginmediatv.ie_0" site_id="IESVC1066" xmltv_id="BBC Radio 3">BBC Radio 3</channel>
    <channel site="[ENC][EX]virginmediatv.ie_0" site_id="IESVC1067" xmltv_id="BBC Radio 4">BBC Radio 4</channel>
    <channel site="[ENC][EX]virginmediatv.ie_0" site_id="IESVC1068" xmltv_id="BBC Radio 5Live">BBC Radio 5Live</channel>
    <channel site="[ENC][EX]virginmediatv.ie_0" site_id="IESVC1071" xmltv_id="BBC 6 Music">BBC 6 Music</channel>
    <channel site="[ENC][EX]virginmediatv.ie_0" site_id="IESVC1069" xmltv_id="BBC World Svce">BBC World Svce</channel>
    <channel site="[ENC][EX]virginmediatv.ie_0" site_id="IESVC1097" xmltv_id="Galway Bay FM">Galway Bay FM</channel>
    <channel site="[ENC][EX]virginmediatv.ie_0" site_id="IESVC1051" xmltv_id="WRN">WRN</channel>
    <channel site="[ENC][EX]virginmediatv.ie_0" site_id="IESVC1072" xmltv_id="BBC 5Live Extra">BBC 5Live Extra</channel>
    <channel site="[ENC][EX]virginmediatv.ie_0" site_id="IESVC1073" xmltv_id="BBC Radio 4 Extra">BBC Radio 4 Extra</channel>
    <channel site="[ENC][EX]virginmediatv.ie_0" site_id="IESVC1025" xmltv_id="FM104">FM104</channel>
    <channel site="[ENC][EX]virginmediatv.ie_0" site_id="IESVC1028" xmltv_id="98FM">98FM</channel>
    <channel site="[ENC][EX]virginmediatv.ie_0" site_id="IESVC1024" xmltv_id="NewsTalk 106">NewsTalk 106</channel>
    <channel site="[ENC][EX]virginmediatv.ie_0" site_id="IESVC1026" xmltv_id="Sunshine 106.8">Sunshine 106.8</channel>
    <channel site="[ENC][EX]virginmediatv.ie_0" site_id="IESVC1027" xmltv_id="Spin 1038">Spin 1038</channel>
    <channel site="[ENC][EX]virginmediatv.ie_0" site_id="IESVC1029" xmltv_id="4FM">4FM</channel>
    <channel site="[ENC][EX]virginmediatv.ie_0" site_id="IESVC1122" xmltv_id="Radio Nova">Radio Nova</channel>
    <channel site="[ENC][EX]virginmediatv.ie_0" site_id="IESVC1093" xmltv_id="RTE Radio 1 Extra">RTE Radio 1 Extra</channel>
    <channel site="[ENC][EX]virginmediatv.ie_0" site_id="IESVC1205" xmltv_id="RTE Gold">RTE Gold</channel>
    <channel site="[ENC][EX]virginmediatv.ie_0" site_id="IESVC1206" xmltv_id="RTEjr Radio">RTEjr Radio</channel>
    <channel site="[ENC][EX]virginmediatv.ie_0" site_id="IESVC1207" xmltv_id="RTE Pulse">RTE Pulse</channel>
    <channel site="[ENC][EX]virginmediatv.ie_0" site_id="IESVC1208" xmltv_id="RTE 2XM">RTE 2XM</channel>
    <channel site="[ENC][EX]virginmediatv.ie_0" site_id="IESVC1299" xmltv_id="B2B Dummy Dog">B2B Dummy Dog</channel>
    <channel site="[ENC][EX]virginmediatv.ie_0" site_id="IESVC1016" xmltv_id="Netflix 999">Netflix 999</channel>
  </channels>
</site>