<?xml version="1.0" encoding="UTF-8"?>
<site generator-info-name="Tempest EPG Generator (made by Kvanc)" generator-info-url="https://github.com/K-vanc/Tempest-EPG-Generator.git" site="[ENC][EX]canalplus.com[gp]_0">
  <channels>
    <channel site="[ENC][EX]canalplus.com[gp]_0" site_id="150001||13EME.RUE" xmltv_id="13EME RUE">13EME RUE</channel>
    <channel site="[ENC][EX]canalplus.com[gp]_0" site_id="150624||6TER" xmltv_id="6TER">6TER</channel>
    <channel site="[ENC][EX]canalplus.com[gp]_0" site_id="150416||A." xmltv_id="A+">A+</channel>
    <channel site="[ENC][EX]canalplus.com[gp]_0" site_id="150004||ACTION" xmltv_id="ACTION">ACTION</channel>
    <channel site="[ENC][EX]canalplus.com[gp]_0" site_id="150168||AFRICA.24" xmltv_id="AFRICA 24">AFRICA 24</channel>
    <channel site="[ENC][EX]canalplus.com[gp]_0" site_id="150365||ALIZES.GUADELOUPE" xmltv_id="ALIZES GUADELOUPE">ALIZES GUADELOUPE</channel>
    <channel site="[ENC][EX]canalplus.com[gp]_0" site_id="150007||ARTE.France" xmltv_id="ARTE France">ARTE France</channel>
    <channel site="[ENC][EX]canalplus.com[gp]_0" site_id="150006||ATV.Martinique" xmltv_id="ATV Martinique">ATV Martinique</channel>
    <channel site="[ENC][EX]canalplus.com[gp]_0" site_id="150565||AUTOMOTO" xmltv_id="AUTOMOTO">AUTOMOTO</channel>
    <channel site="[ENC][EX]canalplus.com[gp]_0" site_id="150008||BBC.NEWS" xmltv_id="BBC NEWS">BBC NEWS</channel>
    <channel site="[ENC][EX]canalplus.com[gp]_0" site_id="150557||BBLACK.CARIBBEAN" xmltv_id="BBLACK CARIBBEAN">BBLACK CARIBBEAN</channel>
    <channel site="[ENC][EX]canalplus.com[gp]_0" site_id="150115||BEIN.SPORTS.1.HD" xmltv_id="BEIN SPORTS 1 HD">BEIN SPORTS 1 HD</channel>
    <channel site="[ENC][EX]canalplus.com[gp]_0" site_id="150243||BEIN.SPORTS.2.HD" xmltv_id="BEIN SPORTS 2 HD">BEIN SPORTS 2 HD</channel>
    <channel site="[ENC][EX]canalplus.com[gp]_0" site_id="150347||BEIN.SPORTS.3.HD" xmltv_id="BEIN SPORTS 3 HD">BEIN SPORTS 3 HD</channel>
    <channel site="[ENC][EX]canalplus.com[gp]_0" site_id="150558||BEIN.SPORTS.MAX.4" xmltv_id="BEIN SPORTS MAX 4">BEIN SPORTS MAX 4</channel>
    <channel site="[ENC][EX]canalplus.com[gp]_0" site_id="150559||BEIN.SPORTS.MAX.5" xmltv_id="BEIN SPORTS MAX 5">BEIN SPORTS MAX 5</channel>
    <channel site="[ENC][EX]canalplus.com[gp]_0" site_id="150964||BFM.BUSINESS" xmltv_id="BFM BUSINESS">BFM BUSINESS</channel>
    <channel site="[ENC][EX]canalplus.com[gp]_0" site_id="150963||BFM.TV" xmltv_id="BFM TV">BFM TV</channel>
    <channel site="[ENC][EX]canalplus.com[gp]_0" site_id="150120||C8" xmltv_id="C8">C8</channel>
    <channel site="[ENC][EX]canalplus.com[gp]_0" site_id="150176||CANAL.10" xmltv_id="CANAL 10">CANAL 10</channel>
    <channel site="[ENC][EX]canalplus.com[gp]_0" site_id="150967||CANAL.EVENEMENT.CARA" xmltv_id="CANAL EVENEMENT CARA">CANAL EVENEMENT CARA</channel>
    <channel site="[ENC][EX]canalplus.com[gp]_0" site_id="150011||CANAL.J" xmltv_id="CANAL J">CANAL J</channel>
    <channel site="[ENC][EX]canalplus.com[gp]_0" site_id="150422||CANAL.SONY" xmltv_id="CANAL SONY">CANAL SONY</channel>
    <channel site="[ENC][EX]canalplus.com[gp]_0" site_id="150966||CANAL..AYITI" xmltv_id="CANAL+ AYITI">CANAL+ AYITI</channel>
    <channel site="[ENC][EX]canalplus.com[gp]_0" site_id="150263||CANAL..BOX.OFFICE" xmltv_id="CANAL+ BOX OFFICE">CANAL+ BOX OFFICE</channel>
    <channel site="[ENC][EX]canalplus.com[gp]_0" site_id="150014||CANAL..CINEMA.S." xmltv_id="CANAL+ CINEMA(S)">CANAL+ CINEMA(S)</channel>
    <channel site="[ENC][EX]canalplus.com[gp]_0" site_id="150980||CANAL..DOCS" xmltv_id="CANAL+ DOCS">CANAL+ DOCS</channel>
    <channel site="[ENC][EX]canalplus.com[gp]_0" site_id="150544||CANAL..FOOT" xmltv_id="CANAL+ FOOT">CANAL+ FOOT</channel>
    <channel site="[ENC][EX]canalplus.com[gp]_0" site_id="150744||CANAL..FORMULA1" xmltv_id="CANAL+ FORMULA1">CANAL+ FORMULA1</channel>
    <channel site="[ENC][EX]canalplus.com[gp]_0" site_id="150012||CANAL..HD" xmltv_id="CANAL+ HD">CANAL+ HD</channel>
    <channel site="[ENC][EX]canalplus.com[gp]_0" site_id="150401||CANAL..KIDS.HD" xmltv_id="CANAL+ KIDS HD">CANAL+ KIDS HD</channel>
    <channel site="[ENC][EX]canalplus.com[gp]_0" site_id="150743||CANAL..MOTO.GP" xmltv_id="CANAL+ MOTO GP">CANAL+ MOTO GP</channel>
    <channel site="[ENC][EX]canalplus.com[gp]_0" site_id="150738||CANAL..Premier.League" xmltv_id="CANAL+ Premier League">CANAL+ Premier League</channel>
    <channel site="[ENC][EX]canalplus.com[gp]_0" site_id="150312||CANAL..SERIES.HD" xmltv_id="CANAL+ SERIES HD">CANAL+ SERIES HD</channel>
    <channel site="[ENC][EX]canalplus.com[gp]_0" site_id="150543||CANAL..SPORT.360" xmltv_id="CANAL+ SPORT 360">CANAL+ SPORT 360</channel>
    <channel site="[ENC][EX]canalplus.com[gp]_0" site_id="150358||CANAL..SPORT.AYITI.1" xmltv_id="CANAL+ SPORT AYITI 1">CANAL+ SPORT AYITI 1</channel>
    <channel site="[ENC][EX]canalplus.com[gp]_0" site_id="150022||CANAL..SPORT.HD" xmltv_id="CANAL+ SPORT HD">CANAL+ SPORT HD</channel>
    <channel site="[ENC][EX]canalplus.com[gp]_0" site_id="150739||CANAL..TOP.14.Plurimedia" xmltv_id="CANAL+ TOP 14 Plurimedia">CANAL+ TOP 14 Plurimedia</channel>
    <channel site="[ENC][EX]canalplus.com[gp]_0" site_id="150997||CHEVAL.TV" xmltv_id="CHEVAL TV">CHEVAL TV</channel>
    <channel site="[ENC][EX]canalplus.com[gp]_0" site_id="150328||CINE...CLASSIC" xmltv_id="CINE + CLASSIC">CINE + CLASSIC</channel>
    <channel site="[ENC][EX]canalplus.com[gp]_0" site_id="150024||CINE..CLUB" xmltv_id="CINE+ CLUB">CINE+ CLUB</channel>
    <channel site="[ENC][EX]canalplus.com[gp]_0" site_id="150025||CINE..EMOTION" xmltv_id="CINE+ EMOTION">CINE+ EMOTION</channel>
    <channel site="[ENC][EX]canalplus.com[gp]_0" site_id="150026||CINE..FAMIZ" xmltv_id="CINE+ FAMIZ">CINE+ FAMIZ</channel>
    <channel site="[ENC][EX]canalplus.com[gp]_0" site_id="150027||CINE..FRISSON.HD" xmltv_id="CINE+ FRISSON HD">CINE+ FRISSON HD</channel>
    <channel site="[ENC][EX]canalplus.com[gp]_0" site_id="150028||CINE..PREMIER.HD" xmltv_id="CINE+ PREMIER HD">CINE+ PREMIER HD</channel>
    <channel site="[ENC][EX]canalplus.com[gp]_0" site_id="150048||CNEWS" xmltv_id="CNEWS">CNEWS</channel>
    <channel site="[ENC][EX]canalplus.com[gp]_0" site_id="150032||CNN" xmltv_id="CNN">CNN</channel>
    <channel site="[ENC][EX]canalplus.com[gp]_0" site_id="150033||COMEDIE." xmltv_id="COMEDIE+">COMEDIE+</channel>
    <channel site="[ENC][EX]canalplus.com[gp]_0" site_id="150217||CSTAR" xmltv_id="CSTAR">CSTAR</channel>
    <channel site="[ENC][EX]canalplus.com[gp]_0" site_id="150711||CUISINES" xmltv_id="CUISINES">CUISINES</channel>
    <channel site="[ENC][EX]canalplus.com[gp]_0" site_id="150035||DISNEY.CHANNEL" xmltv_id="DISNEY CHANNEL">DISNEY CHANNEL</channel>
    <channel site="[ENC][EX]canalplus.com[gp]_0" site_id="150075||DISNEY.JUNIOR" xmltv_id="DISNEY JUNIOR">DISNEY JUNIOR</channel>
    <channel site="[ENC][EX]canalplus.com[gp]_0" site_id="150154||DORCEL.TV" xmltv_id="DORCEL TV">DORCEL TV</channel>
    <channel site="[ENC][EX]canalplus.com[gp]_0" site_id="150702||DORCEL.TV.AFRICA" xmltv_id="DORCEL TV AFRICA">DORCEL TV AFRICA</channel>
    <channel site="[ENC][EX]canalplus.com[gp]_0" site_id="150036||E!.ENTERTAINMENT" xmltv_id="E! ENTERTAINMENT">E! ENTERTAINMENT</channel>
    <channel site="[ENC][EX]canalplus.com[gp]_0" site_id="150286||ECLAIR.TV" xmltv_id="ECLAIR TV">ECLAIR TV</channel>
    <channel site="[ENC][EX]canalplus.com[gp]_0" site_id="150374||ENGLISH.CLUB.TV" xmltv_id="ENGLISH CLUB TV">ENGLISH CLUB TV</channel>
    <channel site="[ENC][EX]canalplus.com[gp]_0" site_id="150037||EQUIDIA.LIVE" xmltv_id="EQUIDIA LIVE">EQUIDIA LIVE</channel>
    <channel site="[ENC][EX]canalplus.com[gp]_0" site_id="150038||ESPN" xmltv_id="ESPN">ESPN</channel>
    <channel site="[ENC][EX]canalplus.com[gp]_0" site_id="150290||ESPN2.LATIN.NETWORK" xmltv_id="ESPN2 LATIN NETWORK">ESPN2 LATIN NETWORK</channel>
    <channel site="[ENC][EX]canalplus.com[gp]_0" site_id="150041||EUROSPORT.1.HD" xmltv_id="EUROSPORT 1 HD">EUROSPORT 1 HD</channel>
    <channel site="[ENC][EX]canalplus.com[gp]_0" site_id="150042||EUROSPORT.2.HD" xmltv_id="EUROSPORT 2 HD">EUROSPORT 2 HD</channel>
    <channel site="[ENC][EX]canalplus.com[gp]_0" site_id="150745||EVENEMENT.4K" xmltv_id="EVENEMENT 4K">EVENEMENT 4K</channel>
    <channel site="[ENC][EX]canalplus.com[gp]_0" site_id="150188||FRANCE.2" xmltv_id="FRANCE 2">FRANCE 2</channel>
    <channel site="[ENC][EX]canalplus.com[gp]_0" site_id="150114||FRANCE.24" xmltv_id="FRANCE 24">FRANCE 24</channel>
    <channel site="[ENC][EX]canalplus.com[gp]_0" site_id="150045||FRANCE.3" xmltv_id="FRANCE 3">FRANCE 3</channel>
    <channel site="[ENC][EX]canalplus.com[gp]_0" site_id="150196||FRANCE.4" xmltv_id="FRANCE 4">FRANCE 4</channel>
    <channel site="[ENC][EX]canalplus.com[gp]_0" site_id="150046||FRANCE.5" xmltv_id="FRANCE 5">FRANCE 5</channel>
    <channel site="[ENC][EX]canalplus.com[gp]_0" site_id="150704||FRANCE.INFO:" xmltv_id="FRANCE INFO:">FRANCE INFO:</channel>
    <channel site="[ENC][EX]canalplus.com[gp]_0" site_id="150961||FUSION.TV" xmltv_id="FUSION TV">FUSION TV</channel>
    <channel site="[ENC][EX]canalplus.com[gp]_0" site_id="150136||GAME.ONE" xmltv_id="GAME ONE">GAME ONE</channel>
    <channel site="[ENC][EX]canalplus.com[gp]_0" site_id="150414||GOLF." xmltv_id="GOLF+">GOLF+</channel>
    <channel site="[ENC][EX]canalplus.com[gp]_0" site_id="150937||GRAPHE.TV" xmltv_id="GRAPHE TV">GRAPHE TV</channel>
    <channel site="[ENC][EX]canalplus.com[gp]_0" site_id="150083||GUADELOUPE.1ERE" xmltv_id="GUADELOUPE 1ERE">GUADELOUPE 1ERE</channel>
    <channel site="[ENC][EX]canalplus.com[gp]_0" site_id="150146||GULLI" xmltv_id="GULLI">GULLI</channel>
    <channel site="[ENC][EX]canalplus.com[gp]_0" site_id="150084||GUYANE.1ERE" xmltv_id="GUYANE 1ERE">GUYANE 1ERE</channel>
    <channel site="[ENC][EX]canalplus.com[gp]_0" site_id="150359||HAITI.SPORT.2" xmltv_id="HAITI SPORT 2">HAITI SPORT 2</channel>
    <channel site="[ENC][EX]canalplus.com[gp]_0" site_id="150361||HBO" xmltv_id="HBO">HBO</channel>
    <channel site="[ENC][EX]canalplus.com[gp]_0" site_id="150362||HBO.Family" xmltv_id="HBO Family">HBO Family</channel>
    <channel site="[ENC][EX]canalplus.com[gp]_0" site_id="150363||HBO.XTREME" xmltv_id="HBO XTREME">HBO XTREME</channel>
    <channel site="[ENC][EX]canalplus.com[gp]_0" site_id="150304||HUSTLER" xmltv_id="HUSTLER">HUSTLER</channel>
    <channel site="[ENC][EX]canalplus.com[gp]_0" site_id="150050||INFOSPORT." xmltv_id="INFOSPORT+">INFOSPORT+</channel>
    <channel site="[ENC][EX]canalplus.com[gp]_0" site_id="150611||IOTV" xmltv_id="IOTV">IOTV</channel>
    <channel site="[ENC][EX]canalplus.com[gp]_0" site_id="150210||KMT" xmltv_id="KMT">KMT</channel>
    <channel site="[ENC][EX]canalplus.com[gp]_0" site_id="150288||KOUROU.TV" xmltv_id="KOUROU TV">KOUROU TV</channel>
    <channel site="[ENC][EX]canalplus.com[gp]_0" site_id="150278||KTO" xmltv_id="KTO">KTO</channel>
    <channel site="[ENC][EX]canalplus.com[gp]_0" site_id="150056||L.Equipe" xmltv_id="L Equipe">L Equipe</channel>
    <channel site="[ENC][EX]canalplus.com[gp]_0" site_id="150054||LCI" xmltv_id="LCI">LCI</channel>
    <channel site="[ENC][EX]canalplus.com[gp]_0" site_id="150055||LCP.ASSEMBLEE.NATIONALE" xmltv_id="LCP ASSEMBLEE NATIONALE">LCP ASSEMBLEE NATIONALE</channel>
    <channel site="[ENC][EX]canalplus.com[gp]_0" site_id="150931||LUDIKIDS.OI" xmltv_id="LUDIKIDS OI">LUDIKIDS OI</channel>
    <channel site="[ENC][EX]canalplus.com[gp]_0" site_id="150057||M6.HD" xmltv_id="M6 HD">M6 HD</channel>
    <channel site="[ENC][EX]canalplus.com[gp]_0" site_id="150085||MARTINIQUE.1ERE" xmltv_id="MARTINIQUE 1ERE">MARTINIQUE 1ERE</channel>
    <channel site="[ENC][EX]canalplus.com[gp]_0" site_id="150586||MEZZO" xmltv_id="MEZZO">MEZZO</channel>
    <channel site="[ENC][EX]canalplus.com[gp]_0" site_id="150998||MEZZO.LIVE" xmltv_id="MEZZO LIVE">MEZZO LIVE</channel>
    <channel site="[ENC][EX]canalplus.com[gp]_0" site_id="150667||MGG.TV" xmltv_id="MGG TV">MGG TV</channel>
    <channel site="[ENC][EX]canalplus.com[gp]_0" site_id="150065||MTV.France" xmltv_id="MTV France">MTV France</channel>
    <channel site="[ENC][EX]canalplus.com[gp]_0" site_id="150147||MTV.HITS" xmltv_id="MTV HITS">MTV HITS</channel>
    <channel site="[ENC][EX]canalplus.com[gp]_0" site_id="150955||MULTISPORTS.1" xmltv_id="MULTISPORTS 1">MULTISPORTS 1</channel>
    <channel site="[ENC][EX]canalplus.com[gp]_0" site_id="150956||MULTISPORTS.2" xmltv_id="MULTISPORTS 2">MULTISPORTS 2</channel>
    <channel site="[ENC][EX]canalplus.com[gp]_0" site_id="150957||MULTISPORTS.3" xmltv_id="MULTISPORTS 3">MULTISPORTS 3</channel>
    <channel site="[ENC][EX]canalplus.com[gp]_0" site_id="150958||MULTISPORTS.4" xmltv_id="MULTISPORTS 4">MULTISPORTS 4</channel>
    <channel site="[ENC][EX]canalplus.com[gp]_0" site_id="150670||MUSEUM.TV" xmltv_id="MUSEUM TV">MUSEUM TV</channel>
    <channel site="[ENC][EX]canalplus.com[gp]_0" site_id="150962||MY.TV.CARAIBES" xmltv_id="MY TV CARAIBES">MY TV CARAIBES</channel>
    <channel site="[ENC][EX]canalplus.com[gp]_0" site_id="150223||NAT.GEO.WILD" xmltv_id="NAT GEO WILD">NAT GEO WILD</channel>
    <channel site="[ENC][EX]canalplus.com[gp]_0" site_id="150959||NATHAN." xmltv_id="NATHAN+">NATHAN+</channel>
    <channel site="[ENC][EX]canalplus.com[gp]_0" site_id="150145||NATIONAL.GEOGRAPHIC.HD" xmltv_id="NATIONAL GEOGRAPHIC HD">NATIONAL GEOGRAPHIC HD</channel>
    <channel site="[ENC][EX]canalplus.com[gp]_0" site_id="150224||NICKELODEON" xmltv_id="NICKELODEON">NICKELODEON</channel>
    <channel site="[ENC][EX]canalplus.com[gp]_0" site_id="150941||NICKELODEON.JR" xmltv_id="NICKELODEON JR">NICKELODEON JR</channel>
    <channel site="[ENC][EX]canalplus.com[gp]_0" site_id="150418||NOLLYWOOD.TV.france" xmltv_id="NOLLYWOOD TV france">NOLLYWOOD TV france</channel>
    <channel site="[ENC][EX]canalplus.com[gp]_0" site_id="150548||NOVELAS.TV" xmltv_id="NOVELAS TV">NOVELAS TV</channel>
    <channel site="[ENC][EX]canalplus.com[gp]_0" site_id="150216||NRJ.12" xmltv_id="NRJ 12">NRJ 12</channel>
    <channel site="[ENC][EX]canalplus.com[gp]_0" site_id="150319||OCS.GEANTS" xmltv_id="OCS GEANTS">OCS GEANTS</channel>
    <channel site="[ENC][EX]canalplus.com[gp]_0" site_id="150316||OCS.MAX" xmltv_id="OCS MAX">OCS MAX</channel>
    <channel site="[ENC][EX]canalplus.com[gp]_0" site_id="150318||OCS.PULP" xmltv_id="OCS PULP">OCS PULP</channel>
    <channel site="[ENC][EX]canalplus.com[gp]_0" site_id="150731||OLYMPIA.TV" xmltv_id="OLYMPIA TV">OLYMPIA TV</channel>
    <channel site="[ENC][EX]canalplus.com[gp]_0" site_id="150303||PARAMOUNT.TV" xmltv_id="PARAMOUNT TV">PARAMOUNT TV</channel>
    <channel site="[ENC][EX]canalplus.com[gp]_0" site_id="150070||PARIS.PREMIERE" xmltv_id="PARIS PREMIERE">PARIS PREMIERE</channel>
    <channel site="[ENC][EX]canalplus.com[gp]_0" site_id="150280||PENTHOUSE.BLACK" xmltv_id="PENTHOUSE BLACK">PENTHOUSE BLACK</channel>
    <channel site="[ENC][EX]canalplus.com[gp]_0" site_id="150071||PINK.TV" xmltv_id="PINK TV">PINK TV</channel>
    <channel site="[ENC][EX]canalplus.com[gp]_0" site_id="150128||PIWI." xmltv_id="PIWI+">PIWI+</channel>
    <channel site="[ENC][EX]canalplus.com[gp]_0" site_id="150072||PLANETE." xmltv_id="PLANETE+">PLANETE+</channel>
    <channel site="[ENC][EX]canalplus.com[gp]_0" site_id="150073||PLANETE..AVENTURE" xmltv_id="PLANETE+ AVENTURE">PLANETE+ AVENTURE</channel>
    <channel site="[ENC][EX]canalplus.com[gp]_0" site_id="150142||PLANETE..CRIME" xmltv_id="PLANETE+ CRIME">PLANETE+ CRIME</channel>
    <channel site="[ENC][EX]canalplus.com[gp]_0" site_id="150591||PRIVATE" xmltv_id="PRIVATE">PRIVATE</channel>
    <channel site="[ENC][EX]canalplus.com[gp]_0" site_id="150999||RMC.DECOUVERTE" xmltv_id="RMC DECOUVERTE">RMC DECOUVERTE</channel>
    <channel site="[ENC][EX]canalplus.com[gp]_0" site_id="150965||RMC.STORY" xmltv_id="RMC STORY">RMC STORY</channel>
    <channel site="[ENC][EX]canalplus.com[gp]_0" site_id="150077||RTL9" xmltv_id="RTL9">RTL9</channel>
    <channel site="[ENC][EX]canalplus.com[gp]_0" site_id="150079||SEASONS" xmltv_id="SEASONS">SEASONS</channel>
    <channel site="[ENC][EX]canalplus.com[gp]_0" site_id="150978||SPORT.EN.FRANCE" xmltv_id="SPORT EN FRANCE">SPORT EN FRANCE</channel>
    <channel site="[ENC][EX]canalplus.com[gp]_0" site_id="150942||STUDIOCANAL" xmltv_id="STUDIOCANAL">STUDIOCANAL</channel>
    <channel site="[ENC][EX]canalplus.com[gp]_0" site_id="150616||STVS" xmltv_id="STVS">STVS</channel>
    <channel site="[ENC][EX]canalplus.com[gp]_0" site_id="150078||SYFY" xmltv_id="SYFY">SYFY</channel>
    <channel site="[ENC][EX]canalplus.com[gp]_0" site_id="150618||TELE.20" xmltv_id="TELE 20">TELE 20</channel>
    <channel site="[ENC][EX]canalplus.com[gp]_0" site_id="150292||TELE.MICRO" xmltv_id="TELE MICRO">TELE MICRO</channel>
    <channel site="[ENC][EX]canalplus.com[gp]_0" site_id="150617||TELE.PACIFIC" xmltv_id="TELE PACIFIC">TELE PACIFIC</channel>
    <channel site="[ENC][EX]canalplus.com[gp]_0" site_id="150936||TELE.SOLEIL" xmltv_id="TELE SOLEIL">TELE SOLEIL</channel>
    <channel site="[ENC][EX]canalplus.com[gp]_0" site_id="150725||TELEMUNDO" xmltv_id="TELEMUNDO">TELEMUNDO</channel>
    <channel site="[ENC][EX]canalplus.com[gp]_0" site_id="150148||TELETOON." xmltv_id="TELETOON+">TELETOON+</channel>
    <channel site="[ENC][EX]canalplus.com[gp]_0" site_id="150636||TEST.DROM" xmltv_id="TEST DROM">TEST DROM</channel>
    <channel site="[ENC][EX]canalplus.com[gp]_0" site_id="150094||TEVA" xmltv_id="TEVA">TEVA</channel>
    <channel site="[ENC][EX]canalplus.com[gp]_0" site_id="150095||TF1.HD" xmltv_id="TF1 HD">TF1 HD</channel>
    <channel site="[ENC][EX]canalplus.com[gp]_0" site_id="150613||TF1.SERIES.FILMS" xmltv_id="TF1 SERIES FILMS">TF1 SERIES FILMS</channel>
    <channel site="[ENC][EX]canalplus.com[gp]_0" site_id="150067||TFX" xmltv_id="TFX">TFX</channel>
    <channel site="[ENC][EX]canalplus.com[gp]_0" site_id="150098||TMC" xmltv_id="TMC">TMC</channel>
    <channel site="[ENC][EX]canalplus.com[gp]_0" site_id="150291||TNH.HAITI" xmltv_id="TNH HAITI">TNH HAITI</channel>
    <channel site="[ENC][EX]canalplus.com[gp]_0" site_id="150727||TOUTE.L.HISTOIRE" xmltv_id="TOUTE L HISTOIRE">TOUTE L HISTOIRE</channel>
    <channel site="[ENC][EX]canalplus.com[gp]_0" site_id="150654||TRACE.AYITI" xmltv_id="TRACE AYITI">TRACE AYITI</channel>
    <channel site="[ENC][EX]canalplus.com[gp]_0" site_id="150155||TRACE.CARIBBEAN" xmltv_id="TRACE CARIBBEAN">TRACE CARIBBEAN</channel>
    <channel site="[ENC][EX]canalplus.com[gp]_0" site_id="150102||TRACE.URBAN" xmltv_id="TRACE URBAN">TRACE URBAN</channel>
    <channel site="[ENC][EX]canalplus.com[gp]_0" site_id="150996||TRAVELXP" xmltv_id="TRAVELXP">TRAVELXP</channel>
    <channel site="[ENC][EX]canalplus.com[gp]_0" site_id="150960||TROTTERS.TV" xmltv_id="TROTTERS TV">TROTTERS TV</channel>
    <channel site="[ENC][EX]canalplus.com[gp]_0" site_id="150104||TV.BREIZH" xmltv_id="TV BREIZH">TV BREIZH</channel>
    <channel site="[ENC][EX]canalplus.com[gp]_0" site_id="150423||TV.CARAIBES" xmltv_id="TV CARAIBES">TV CARAIBES</channel>
    <channel site="[ENC][EX]canalplus.com[gp]_0" site_id="150230||TV.GLOBO" xmltv_id="TV GLOBO">TV GLOBO</channel>
    <channel site="[ENC][EX]canalplus.com[gp]_0" site_id="150306||TV.Métropole" xmltv_id="TV Métropole">TV Métropole</channel>
    <channel site="[ENC][EX]canalplus.com[gp]_0" site_id="150002||TV.PEYI" xmltv_id="TV PEYI">TV PEYI</channel>
    <channel site="[ENC][EX]canalplus.com[gp]_0" site_id="150106||TV5.MONDE..Amérique.Latine." xmltv_id="TV5 MONDE (Amérique Latine)">TV5 MONDE (Amérique Latine)</channel>
    <channel site="[ENC][EX]canalplus.com[gp]_0" site_id="150138||USHUAÏA.TV" xmltv_id="USHUAÏA TV">USHUAÏA TV</channel>
    <channel site="[ENC][EX]canalplus.com[gp]_0" site_id="150934||VIXEN" xmltv_id="VIXEN">VIXEN</channel>
    <channel site="[ENC][EX]canalplus.com[gp]_0" site_id="150284||VOIR." xmltv_id="VOIR+">VOIR+</channel>
    <channel site="[ENC][EX]canalplus.com[gp]_0" site_id="150140||W9" xmltv_id="W9">W9</channel>
    <channel site="[ENC][EX]canalplus.com[gp]_0" site_id="150110||XXL" xmltv_id="XXL">XXL</channel>
    <channel site="[ENC][EX]canalplus.com[gp]_0" site_id="150801||ZITATA.TV" xmltv_id="ZITATA TV">ZITATA TV</channel>
    <channel site="[ENC][EX]canalplus.com[gp]_0" site_id="150285||ZOUK.TV" xmltv_id="ZOUK TV">ZOUK TV</channel>
  </channels>
</site>