<?xml version="1.0" encoding="UTF-8"?>
<site generator-info-name="Tempest EPG Generator (made by Kvanc)" generator-info-url="https://github.com/K-vanc/Tempest-EPG-Generator.git" site="[ENC]areena.yle.fi_0">
  <channels>
    <channel site="[ENC]areena.yle.fi_0" site_id="-web-items&amp;app_key=v9No1mV0omg2BppmDkmDL6tGKw1pRFZt|##|yle-tv1||v1675410392/yle-tv1_vtc" xmltv_id="Yle TV1">Yle TV1</channel>
    <channel site="[ENC]areena.yle.fi_0" site_id="-web-items&amp;app_key=v9No1mV0omg2BppmDkmDL6tGKw1pRFZt|##|yle-tv2||v1675410392/yle-tv2_vtc" xmltv_id="Yle TV2">Yle TV2</channel>
    <channel site="[ENC]areena.yle.fi_0" site_id="-web-items&amp;app_key=v9No1mV0omg2BppmDkmDL6tGKw1pRFZt|##|yle-teema-fem||v1675410392/yle-teema-fem_vtc" xmltv_id="Yle Teema Fem">Yle Teema Fem</channel>
    <channel site="[ENC]areena.yle.fi_0" site_id="-web-items&amp;app_key=v9No1mV0omg2BppmDkmDL6tGKw1pRFZt|##|yle-areena||v1675410392/yle-areena_vtc" xmltv_id="Yle Areena">Yle Areena</channel>
    <channel site="[ENC]areena.yle.fi_0" site_id="-web-items&amp;app_key=v9No1mV0omg2BppmDkmDL6tGKw1pRFZt|##|MTV3||v1675410392/MTV3_vtc" xmltv_id="MTV3">MTV3</channel>
    <channel site="[ENC]areena.yle.fi_0" site_id="-web-items&amp;app_key=v9No1mV0omg2BppmDkmDL6tGKw1pRFZt|##|Nelonen||v1675410392/Nelonen_vtc" xmltv_id="Nelonen">Nelonen</channel>
    <channel site="[ENC]areena.yle.fi_0" site_id="-web-items&amp;app_key=v9No1mV0omg2BppmDkmDL6tGKw1pRFZt|##|Sub||v1675410392/Sub_vtc" xmltv_id="Sub">Sub</channel>
    <channel site="[ENC]areena.yle.fi_0" site_id="-web-items&amp;app_key=v9No1mV0omg2BppmDkmDL6tGKw1pRFZt|##|TV5||v1675410392/TV5_vtc" xmltv_id="TV5">TV5</channel>
    <channel site="[ENC]areena.yle.fi_0" site_id="-web-items&amp;app_key=v9No1mV0omg2BppmDkmDL6tGKw1pRFZt|##|Liv||v1675410392/Liv_vtc" xmltv_id="Liv">Liv</channel>
    <channel site="[ENC]areena.yle.fi_0" site_id="-web-items&amp;app_key=v9No1mV0omg2BppmDkmDL6tGKw1pRFZt|##|JIM||v1675410392/JIM_vtc" xmltv_id="JIM">JIM</channel>
    <channel site="[ENC]areena.yle.fi_0" site_id="-web-items&amp;app_key=v9No1mV0omg2BppmDkmDL6tGKw1pRFZt|##|Kutonen||v1675410392/Kutonen_vtc" xmltv_id="Kutonen">Kutonen</channel>
    <channel site="[ENC]areena.yle.fi_0" site_id="-web-items&amp;app_key=v9No1mV0omg2BppmDkmDL6tGKw1pRFZt|##|TLC||v1675410392/TLC_vtc" xmltv_id="TLC">TLC</channel>
    <channel site="[ENC]areena.yle.fi_0" site_id="-web-items&amp;app_key=v9No1mV0omg2BppmDkmDL6tGKw1pRFZt|##|STAR%20Channel||v1675410392/STAR%20Channel_vtc" xmltv_id="STAR Channel">STAR Channel</channel>
    <channel site="[ENC]areena.yle.fi_0" site_id="-web-items&amp;app_key=v9No1mV0omg2BppmDkmDL6tGKw1pRFZt|##|Ava||v1675410392/Ava_vtc" xmltv_id="Ava">Ava</channel>
    <channel site="[ENC]areena.yle.fi_0" site_id="-web-items&amp;app_key=v9No1mV0omg2BppmDkmDL6tGKw1pRFZt|##|Hero||v1675410392/Hero_vtc" xmltv_id="Hero">Hero</channel>
    <channel site="[ENC]areena.yle.fi_0" site_id="-web-items&amp;app_key=v9No1mV0omg2BppmDkmDL6tGKw1pRFZt|##|Frii||v1675410392/Frii_vtc" xmltv_id="Frii">Frii</channel>
    <channel site="[ENC]areena.yle.fi_0" site_id="-web-items&amp;app_key=v9No1mV0omg2BppmDkmDL6tGKw1pRFZt|##|National%20Geographic||v1675410392/National%20Geographic_vtc" xmltv_id="National Geographic">National Geographic</channel>
    <channel site="[ENC]areena.yle.fi_0" site_id="-web-items&amp;app_key=v9No1mV0omg2BppmDkmDL6tGKw1pRFZt|##|tv-finland||v1675410392/tv-finland_vtc" xmltv_id="TV Finland">TV Finland</channel>
    <channel site="[ENC]areena.yle.fi_0" site_id="_web_radio_prod&amp;app_key=b3a0dc973c0aab997f1021bc7a0e3157|##|yle-radio-1||v1675410392/yle-radio-1_vtc" xmltv_id="Yle Radio 1">Yle Radio 1</channel>
    <channel site="[ENC]areena.yle.fi_0" site_id="_web_radio_prod&amp;app_key=b3a0dc973c0aab997f1021bc7a0e3157|##|ylex||v1675410392/ylex_vtx" xmltv_id="YleX">YleX</channel>
    <channel site="[ENC]areena.yle.fi_0" site_id="_web_radio_prod&amp;app_key=b3a0dc973c0aab997f1021bc7a0e3157|##|yle-radio-suomi||yle-radio-suomi-helsinki_vtc" xmltv_id="Helsinki">Helsinki</channel>
    <channel site="[ENC]areena.yle.fi_0" site_id="_web_radio_prod&amp;app_key=b3a0dc973c0aab997f1021bc7a0e3157|##|yle-puhe||v1675410392/yle-puhe_vtx" xmltv_id="Yle Puhe">Yle Puhe</channel>
    <channel site="[ENC]areena.yle.fi_0" site_id="_web_radio_prod&amp;app_key=b3a0dc973c0aab997f1021bc7a0e3157|##|yle-klassinen||v1675410392/yle-klassinen_vtc" xmltv_id="Yle Klassinen">Yle Klassinen</channel>
    <channel site="[ENC]areena.yle.fi_0" site_id="_web_radio_prod&amp;app_key=b3a0dc973c0aab997f1021bc7a0e3157|##|yle-sami-radio||v1675410392/yle-sami-radio_vtc" xmltv_id="Yle Sámi Radio">Yle Sámi Radio</channel>
    <channel site="[ENC]areena.yle.fi_0" site_id="_web_radio_prod&amp;app_key=b3a0dc973c0aab997f1021bc7a0e3157|##|yle-radio-vega||radio-vega-huvudstadsregionen_vtc" xmltv_id="Huvudstadsregionen">Huvudstadsregionen</channel>
    <channel site="[ENC]areena.yle.fi_0" site_id="_web_radio_prod&amp;app_key=b3a0dc973c0aab997f1021bc7a0e3157|##|yle-x3m||v1675410392/yle-x3m_vtx" xmltv_id="Yle X3M">Yle X3M</channel>
    <channel site="[ENC]areena.yle.fi_0" site_id="_web_radio_prod&amp;app_key=b3a0dc973c0aab997f1021bc7a0e3157|##|yle-mondo||v1675410392/yle-mondo_vtx" xmltv_id="Yle Mondo">Yle Mondo</channel>
  </channels>
</site>