<?xml version="1.0" encoding="UTF-8"?>
<site generator-info-name="Tempest EPG Generator (made by Kvanc)" generator-info-url="https://github.com/K-vanc/Tempest-EPG-Generator.git" site="[ENC]telia.fi_1">
  <channels>
    <channel site="[ENC]telia.fi_1" site_id="eb2c7b67-2066-47ca-9cde-82b4a489c86c|##|yle-tv1" xmltv_id="[Peruskanavat] Yle TV1">[Peruskanavat] Yle TV1</channel>
    <channel site="[ENC]telia.fi_1" site_id="eb2c7b67-2066-47ca-9cde-82b4a489c86c|##|yle-tv2" xmltv_id="[Peruskanavat] Yle TV2">[Peruskanavat] Yle TV2</channel>
    <channel site="[ENC]telia.fi_1" site_id="eb2c7b67-2066-47ca-9cde-82b4a489c86c|##|yle-teema-fem" xmltv_id="[Peruskanavat] Yle Teema &amp; Fem">[Peruskanavat] Yle Teema &amp; Fem</channel>
    <channel site="[ENC]telia.fi_1" site_id="eb2c7b67-2066-47ca-9cde-82b4a489c86c|##|mtv3" xmltv_id="[Peruskanavat] MTV3">[Peruskanavat] MTV3</channel>
    <channel site="[ENC]telia.fi_1" site_id="eb2c7b67-2066-47ca-9cde-82b4a489c86c|##|mtv-sub" xmltv_id="[Peruskanavat] MTV Sub">[Peruskanavat] MTV Sub</channel>
    <channel site="[ENC]telia.fi_1" site_id="eb2c7b67-2066-47ca-9cde-82b4a489c86c|##|mtv-ava" xmltv_id="[Peruskanavat] MTV Ava">[Peruskanavat] MTV Ava</channel>
    <channel site="[ENC]telia.fi_1" site_id="eb2c7b67-2066-47ca-9cde-82b4a489c86c|##|nelonen" xmltv_id="[Peruskanavat] Nelonen">[Peruskanavat] Nelonen</channel>
    <channel site="[ENC]telia.fi_1" site_id="eb2c7b67-2066-47ca-9cde-82b4a489c86c|##|liv" xmltv_id="[Peruskanavat] Liv">[Peruskanavat] Liv</channel>
    <channel site="[ENC]telia.fi_1" site_id="eb2c7b67-2066-47ca-9cde-82b4a489c86c|##|jim" xmltv_id="[Peruskanavat] Jim">[Peruskanavat] Jim</channel>
    <channel site="[ENC]telia.fi_1" site_id="eb2c7b67-2066-47ca-9cde-82b4a489c86c|##|hero" xmltv_id="[Peruskanavat] Hero">[Peruskanavat] Hero</channel>
    <channel site="[ENC]telia.fi_1" site_id="eb2c7b67-2066-47ca-9cde-82b4a489c86c|##|tlc-hd" xmltv_id="[Peruskanavat] TLC HD">[Peruskanavat] TLC HD</channel>
    <channel site="[ENC]telia.fi_1" site_id="eb2c7b67-2066-47ca-9cde-82b4a489c86c|##|tv5" xmltv_id="[Peruskanavat] TV5">[Peruskanavat] TV5</channel>
    <channel site="[ENC]telia.fi_1" site_id="eb2c7b67-2066-47ca-9cde-82b4a489c86c|##|kutonen" xmltv_id="[Peruskanavat] Kutonen">[Peruskanavat] Kutonen</channel>
    <channel site="[ENC]telia.fi_1" site_id="eb2c7b67-2066-47ca-9cde-82b4a489c86c|##|frii" xmltv_id="[Peruskanavat] Frii">[Peruskanavat] Frii</channel>
    <channel site="[ENC]telia.fi_1" site_id="eb2c7b67-2066-47ca-9cde-82b4a489c86c|##|star-channel" xmltv_id="[Peruskanavat] STAR Channel">[Peruskanavat] STAR Channel</channel>
    <channel site="[ENC]telia.fi_1" site_id="eb2c7b67-2066-47ca-9cde-82b4a489c86c|##|national-geographic-hd" xmltv_id="[Peruskanavat] National Geographic HD">[Peruskanavat] National Geographic HD</channel>
    <channel site="[ENC]telia.fi_1" site_id="eb2c7b67-2066-47ca-9cde-82b4a489c86c|##|tv7" xmltv_id="[Peruskanavat] TV7">[Peruskanavat] TV7</channel>
    <channel site="[ENC]telia.fi_1" site_id="eb2c7b67-2066-47ca-9cde-82b4a489c86c|##|himlen-tv7" xmltv_id="[Peruskanavat] Himlen TV7">[Peruskanavat] Himlen TV7</channel>
    <channel site="[ENC]telia.fi_1" site_id="eb2c7b67-2066-47ca-9cde-82b4a489c86c|##|mtv-urheilu-3" xmltv_id="[Peruskanavat] MTV Urheilu 3">[Peruskanavat] MTV Urheilu 3</channel>
    <channel site="[ENC]telia.fi_1" site_id="eb2c7b67-2066-47ca-9cde-82b4a489c86c|##|onnitv" xmltv_id="[Peruskanavat] OnniTV">[Peruskanavat] OnniTV</channel>
    <channel site="[ENC]telia.fi_1" site_id="8e0e0ed3-56fd-4af4-8538-da1e6e9ac35a|##|mtv-aitio" xmltv_id="[MTV Katsomo+ ja kanavapaketti viihde] MTV Aitio">[MTV Katsomo+ ja kanavapaketti viihde] MTV Aitio</channel>
    <channel site="[ENC]telia.fi_1" site_id="8e0e0ed3-56fd-4af4-8538-da1e6e9ac35a|##|mtv-viihde" xmltv_id="[MTV Katsomo+ ja kanavapaketti viihde] MTV Viihde">[MTV Katsomo+ ja kanavapaketti viihde] MTV Viihde</channel>
    <channel site="[ENC]telia.fi_1" site_id="8e0e0ed3-56fd-4af4-8538-da1e6e9ac35a|##|mtv-juniori" xmltv_id="[MTV Katsomo+ ja kanavapaketti viihde] MTV Juniori">[MTV Katsomo+ ja kanavapaketti viihde] MTV Juniori</channel>
    <channel site="[ENC]telia.fi_1" site_id="8e0e0ed3-56fd-4af4-8538-da1e6e9ac35a|##|sf-kanalen" xmltv_id="[MTV Katsomo+ ja kanavapaketti viihde] SF-kanalen">[MTV Katsomo+ ja kanavapaketti viihde] SF-kanalen</channel>
    <channel site="[ENC]telia.fi_1" site_id="00f3913b-7e36-465a-8b2c-ee5f7276a503|##|animal-planet" xmltv_id="[Discovery] Animal Planet">[Discovery] Animal Planet</channel>
    <channel site="[ENC]telia.fi_1" site_id="00f3913b-7e36-465a-8b2c-ee5f7276a503|##|discovery-channel-hd" xmltv_id="[Discovery] Discovery Channel HD">[Discovery] Discovery Channel HD</channel>
    <channel site="[ENC]telia.fi_1" site_id="00f3913b-7e36-465a-8b2c-ee5f7276a503|##|discovery-science-hd" xmltv_id="[Discovery] Discovery Science HD">[Discovery] Discovery Science HD</channel>
    <channel site="[ENC]telia.fi_1" site_id="00f3913b-7e36-465a-8b2c-ee5f7276a503|##|investigation-discovery-hd" xmltv_id="[Discovery] Investigation Discovery HD">[Discovery] Investigation Discovery HD</channel>
    <channel site="[ENC]telia.fi_1" site_id="00f3913b-7e36-465a-8b2c-ee5f7276a503|##|eurosport-1-hd" xmltv_id="[Discovery] Eurosport 1 HD">[Discovery] Eurosport 1 HD</channel>
    <channel site="[ENC]telia.fi_1" site_id="00f3913b-7e36-465a-8b2c-ee5f7276a503|##|eurosport-2-hd" xmltv_id="[Discovery] Eurosport 2 HD">[Discovery] Eurosport 2 HD</channel>
    <channel site="[ENC]telia.fi_1" site_id="71beb915-6083-4d05-b8eb-eff1fd073a91|##|v-film-premiere-hd" xmltv_id="[V film] V film premiere HD">[V film] V film premiere HD</channel>
    <channel site="[ENC]telia.fi_1" site_id="71beb915-6083-4d05-b8eb-eff1fd073a91|##|v-film-action-hd" xmltv_id="[V film] V film action HD">[V film] V film action HD</channel>
    <channel site="[ENC]telia.fi_1" site_id="71beb915-6083-4d05-b8eb-eff1fd073a91|##|v-film-hits-hd" xmltv_id="[V film] V film hits HD">[V film] V film hits HD</channel>
    <channel site="[ENC]telia.fi_1" site_id="71beb915-6083-4d05-b8eb-eff1fd073a91|##|v-film-family" xmltv_id="[V film] V film family">[V film] V film family</channel>
    <channel site="[ENC]telia.fi_1" site_id="71beb915-6083-4d05-b8eb-eff1fd073a91|##|viasat-nature-hd" xmltv_id="[V film] Viasat Nature HD">[V film] Viasat Nature HD</channel>
    <channel site="[ENC]telia.fi_1" site_id="71beb915-6083-4d05-b8eb-eff1fd073a91|##|viasat-explore-hd" xmltv_id="[V film] Viasat Explore HD">[V film] Viasat Explore HD</channel>
    <channel site="[ENC]telia.fi_1" site_id="71beb915-6083-4d05-b8eb-eff1fd073a91|##|viasat-history-hd" xmltv_id="[V film] Viasat History HD">[V film] Viasat History HD</channel>
    <channel site="[ENC]telia.fi_1" site_id="71beb915-6083-4d05-b8eb-eff1fd073a91|##|nat-geo-wild-hd" xmltv_id="[V film] Nat Geo Wild HD">[V film] Nat Geo Wild HD</channel>
    <channel site="[ENC]telia.fi_1" site_id="71beb915-6083-4d05-b8eb-eff1fd073a91|##|disney-channel" xmltv_id="[V film] Disney Channel">[V film] Disney Channel</channel>
    <channel site="[ENC]telia.fi_1" site_id="71beb915-6083-4d05-b8eb-eff1fd073a91|##|disney-junior" xmltv_id="[V film] Disney Junior">[V film] Disney Junior</channel>
    <channel site="[ENC]telia.fi_1" site_id="71beb915-6083-4d05-b8eb-eff1fd073a91|##|cartoonito" xmltv_id="[V film] Cartoonito">[V film] Cartoonito</channel>
    <channel site="[ENC]telia.fi_1" site_id="71beb915-6083-4d05-b8eb-eff1fd073a91|##|cartoon-network" xmltv_id="[V film] Cartoon Network">[V film] Cartoon Network</channel>
    <channel site="[ENC]telia.fi_1" site_id="71beb915-6083-4d05-b8eb-eff1fd073a91|##|cnn" xmltv_id="[V film] CNN">[V film] CNN</channel>
    <channel site="[ENC]telia.fi_1" site_id="8be44eef-62d6-4cf0-8e25-9c4a06a9c05d|##|v-sport-golf-hd" xmltv_id="[V sport golf] V sport golf HD">[V sport golf] V sport golf HD</channel>
    <channel site="[ENC]telia.fi_1" site_id="94d0b62d-c978-4745-8c25-21a750ea54c5|##|v-film-premiere-hd" xmltv_id="[V premium] V film premiere HD">[V premium] V film premiere HD</channel>
    <channel site="[ENC]telia.fi_1" site_id="94d0b62d-c978-4745-8c25-21a750ea54c5|##|v-film-action-hd" xmltv_id="[V premium] V film action HD">[V premium] V film action HD</channel>
    <channel site="[ENC]telia.fi_1" site_id="94d0b62d-c978-4745-8c25-21a750ea54c5|##|v-film-hits-hd" xmltv_id="[V premium] V film hits HD">[V premium] V film hits HD</channel>
    <channel site="[ENC]telia.fi_1" site_id="94d0b62d-c978-4745-8c25-21a750ea54c5|##|v-film-family" xmltv_id="[V premium] V film family">[V premium] V film family</channel>
    <channel site="[ENC]telia.fi_1" site_id="94d0b62d-c978-4745-8c25-21a750ea54c5|##|v-sport-1-hd" xmltv_id="[V premium] V sport 1 HD">[V premium] V sport 1 HD</channel>
    <channel site="[ENC]telia.fi_1" site_id="94d0b62d-c978-4745-8c25-21a750ea54c5|##|v-sport-vinter" xmltv_id="[V premium] V sport vinter">[V premium] V sport vinter</channel>
    <channel site="[ENC]telia.fi_1" site_id="94d0b62d-c978-4745-8c25-21a750ea54c5|##|v-sport-golf-hd" xmltv_id="[V premium] V sport golf HD">[V premium] V sport golf HD</channel>
    <channel site="[ENC]telia.fi_1" site_id="94d0b62d-c978-4745-8c25-21a750ea54c5|##|v-sport-plus-suomi" xmltv_id="[V premium] V sport+ Suomi">[V premium] V sport+ Suomi</channel>
    <channel site="[ENC]telia.fi_1" site_id="94d0b62d-c978-4745-8c25-21a750ea54c5|##|v-sport-2-suomi" xmltv_id="[V premium] V sport 2 Suomi">[V premium] V sport 2 Suomi</channel>
    <channel site="[ENC]telia.fi_1" site_id="94d0b62d-c978-4745-8c25-21a750ea54c5|##|v-sport-1-suomi" xmltv_id="[V premium] V sport 1 Suomi">[V premium] V sport 1 Suomi</channel>
    <channel site="[ENC]telia.fi_1" site_id="94d0b62d-c978-4745-8c25-21a750ea54c5|##|v-sport-premium-hd" xmltv_id="[V premium] V sport premium HD">[V premium] V sport premium HD</channel>
    <channel site="[ENC]telia.fi_1" site_id="94d0b62d-c978-4745-8c25-21a750ea54c5|##|v-sport-football-hd" xmltv_id="[V premium] V sport football HD">[V premium] V sport football HD</channel>
    <channel site="[ENC]telia.fi_1" site_id="94d0b62d-c978-4745-8c25-21a750ea54c5|##|v-sport-live-1" xmltv_id="[V premium] V sport live 1">[V premium] V sport live 1</channel>
    <channel site="[ENC]telia.fi_1" site_id="94d0b62d-c978-4745-8c25-21a750ea54c5|##|v-sport-live-2" xmltv_id="[V premium] V-sport live 2">[V premium] V-sport live 2</channel>
    <channel site="[ENC]telia.fi_1" site_id="94d0b62d-c978-4745-8c25-21a750ea54c5|##|v-sport-live-3" xmltv_id="[V premium] V sport live 3">[V premium] V sport live 3</channel>
    <channel site="[ENC]telia.fi_1" site_id="94d0b62d-c978-4745-8c25-21a750ea54c5|##|v-sport-live-4" xmltv_id="[V premium] V sport live 4">[V premium] V sport live 4</channel>
    <channel site="[ENC]telia.fi_1" site_id="94d0b62d-c978-4745-8c25-21a750ea54c5|##|v-sport-live-5" xmltv_id="[V premium] V sport live 5">[V premium] V sport live 5</channel>
    <channel site="[ENC]telia.fi_1" site_id="94d0b62d-c978-4745-8c25-21a750ea54c5|##|viasat-nature-hd" xmltv_id="[V premium] Viasat Nature HD">[V premium] Viasat Nature HD</channel>
    <channel site="[ENC]telia.fi_1" site_id="94d0b62d-c978-4745-8c25-21a750ea54c5|##|viasat-explore-hd" xmltv_id="[V premium] Viasat Explore HD">[V premium] Viasat Explore HD</channel>
    <channel site="[ENC]telia.fi_1" site_id="94d0b62d-c978-4745-8c25-21a750ea54c5|##|viasat-history-hd" xmltv_id="[V premium] Viasat History HD">[V premium] Viasat History HD</channel>
    <channel site="[ENC]telia.fi_1" site_id="94d0b62d-c978-4745-8c25-21a750ea54c5|##|nat-geo-wild-hd" xmltv_id="[V premium] Nat Geo Wild HD">[V premium] Nat Geo Wild HD</channel>
    <channel site="[ENC]telia.fi_1" site_id="94d0b62d-c978-4745-8c25-21a750ea54c5|##|disney-channel" xmltv_id="[V premium] Disney Channel">[V premium] Disney Channel</channel>
    <channel site="[ENC]telia.fi_1" site_id="94d0b62d-c978-4745-8c25-21a750ea54c5|##|disney-junior" xmltv_id="[V premium] Disney Junior">[V premium] Disney Junior</channel>
    <channel site="[ENC]telia.fi_1" site_id="94d0b62d-c978-4745-8c25-21a750ea54c5|##|cartoonito" xmltv_id="[V premium] Cartoonito">[V premium] Cartoonito</channel>
    <channel site="[ENC]telia.fi_1" site_id="94d0b62d-c978-4745-8c25-21a750ea54c5|##|cartoon-network" xmltv_id="[V premium] Cartoon Network">[V premium] Cartoon Network</channel>
    <channel site="[ENC]telia.fi_1" site_id="94d0b62d-c978-4745-8c25-21a750ea54c5|##|cnn" xmltv_id="[V premium] CNN">[V premium] CNN</channel>
    <channel site="[ENC]telia.fi_1" site_id="ee7d0e7e-3544-4642-bb5d-ce9d77d521f5|##|mtv-aitio" xmltv_id="[MTV Katsomo+ ja kanavapaketti + V film] MTV Aitio">[MTV Katsomo+ ja kanavapaketti + V film] MTV Aitio</channel>
    <channel site="[ENC]telia.fi_1" site_id="ee7d0e7e-3544-4642-bb5d-ce9d77d521f5|##|mtv-viihde" xmltv_id="[MTV Katsomo+ ja kanavapaketti + V film] MTV Viihde">[MTV Katsomo+ ja kanavapaketti + V film] MTV Viihde</channel>
    <channel site="[ENC]telia.fi_1" site_id="ee7d0e7e-3544-4642-bb5d-ce9d77d521f5|##|mtv-juniori" xmltv_id="[MTV Katsomo+ ja kanavapaketti + V film] MTV Juniori">[MTV Katsomo+ ja kanavapaketti + V film] MTV Juniori</channel>
    <channel site="[ENC]telia.fi_1" site_id="ee7d0e7e-3544-4642-bb5d-ce9d77d521f5|##|sf-kanalen" xmltv_id="[MTV Katsomo+ ja kanavapaketti + V film] SF-kanalen">[MTV Katsomo+ ja kanavapaketti + V film] SF-kanalen</channel>
    <channel site="[ENC]telia.fi_1" site_id="ee7d0e7e-3544-4642-bb5d-ce9d77d521f5|##|v-film-premiere-hd" xmltv_id="[MTV Katsomo+ ja kanavapaketti + V film] V film premiere HD">[MTV Katsomo+ ja kanavapaketti + V film] V film premiere HD</channel>
    <channel site="[ENC]telia.fi_1" site_id="ee7d0e7e-3544-4642-bb5d-ce9d77d521f5|##|v-film-action-hd" xmltv_id="[MTV Katsomo+ ja kanavapaketti + V film] V film action HD">[MTV Katsomo+ ja kanavapaketti + V film] V film action HD</channel>
    <channel site="[ENC]telia.fi_1" site_id="ee7d0e7e-3544-4642-bb5d-ce9d77d521f5|##|v-film-hits-hd" xmltv_id="[MTV Katsomo+ ja kanavapaketti + V film] V film hits HD">[MTV Katsomo+ ja kanavapaketti + V film] V film hits HD</channel>
    <channel site="[ENC]telia.fi_1" site_id="ee7d0e7e-3544-4642-bb5d-ce9d77d521f5|##|v-film-family" xmltv_id="[MTV Katsomo+ ja kanavapaketti + V film] V film family">[MTV Katsomo+ ja kanavapaketti + V film] V film family</channel>
    <channel site="[ENC]telia.fi_1" site_id="ee7d0e7e-3544-4642-bb5d-ce9d77d521f5|##|viasat-nature-hd" xmltv_id="[MTV Katsomo+ ja kanavapaketti + V film] Viasat Nature HD">[MTV Katsomo+ ja kanavapaketti + V film] Viasat Nature HD</channel>
    <channel site="[ENC]telia.fi_1" site_id="ee7d0e7e-3544-4642-bb5d-ce9d77d521f5|##|viasat-explore-hd" xmltv_id="[MTV Katsomo+ ja kanavapaketti + V film] Viasat Explore HD">[MTV Katsomo+ ja kanavapaketti + V film] Viasat Explore HD</channel>
    <channel site="[ENC]telia.fi_1" site_id="ee7d0e7e-3544-4642-bb5d-ce9d77d521f5|##|viasat-history-hd" xmltv_id="[MTV Katsomo+ ja kanavapaketti + V film] Viasat History HD">[MTV Katsomo+ ja kanavapaketti + V film] Viasat History HD</channel>
    <channel site="[ENC]telia.fi_1" site_id="ee7d0e7e-3544-4642-bb5d-ce9d77d521f5|##|nat-geo-wild-hd" xmltv_id="[MTV Katsomo+ ja kanavapaketti + V film] Nat Geo Wild HD">[MTV Katsomo+ ja kanavapaketti + V film] Nat Geo Wild HD</channel>
    <channel site="[ENC]telia.fi_1" site_id="ee7d0e7e-3544-4642-bb5d-ce9d77d521f5|##|disney-channel" xmltv_id="[MTV Katsomo+ ja kanavapaketti + V film] Disney Channel">[MTV Katsomo+ ja kanavapaketti + V film] Disney Channel</channel>
    <channel site="[ENC]telia.fi_1" site_id="ee7d0e7e-3544-4642-bb5d-ce9d77d521f5|##|disney-junior" xmltv_id="[MTV Katsomo+ ja kanavapaketti + V film] Disney Junior">[MTV Katsomo+ ja kanavapaketti + V film] Disney Junior</channel>
    <channel site="[ENC]telia.fi_1" site_id="ee7d0e7e-3544-4642-bb5d-ce9d77d521f5|##|cartoon-network" xmltv_id="[MTV Katsomo+ ja kanavapaketti + V film] Cartoon Network">[MTV Katsomo+ ja kanavapaketti + V film] Cartoon Network</channel>
    <channel site="[ENC]telia.fi_1" site_id="ee7d0e7e-3544-4642-bb5d-ce9d77d521f5|##|cartoonito" xmltv_id="[MTV Katsomo+ ja kanavapaketti + V film] Cartoonito">[MTV Katsomo+ ja kanavapaketti + V film] Cartoonito</channel>
    <channel site="[ENC]telia.fi_1" site_id="ee7d0e7e-3544-4642-bb5d-ce9d77d521f5|##|cnn" xmltv_id="[MTV Katsomo+ ja kanavapaketti + V film] CNN">[MTV Katsomo+ ja kanavapaketti + V film] CNN</channel>
    <channel site="[ENC]telia.fi_1" site_id="b6893ff1-6b03-4031-a940-014bdc0b14a9|##|mtv-liiga1" xmltv_id="[MTV Katsomo+ ja kanavapaketti viihde ja urheilu] MTV Liiga 1">[MTV Katsomo+ ja kanavapaketti viihde ja urheilu] MTV Liiga 1</channel>
    <channel site="[ENC]telia.fi_1" site_id="b6893ff1-6b03-4031-a940-014bdc0b14a9|##|mtv-liiga2" xmltv_id="[MTV Katsomo+ ja kanavapaketti viihde ja urheilu] MTV Liiga 2">[MTV Katsomo+ ja kanavapaketti viihde ja urheilu] MTV Liiga 2</channel>
    <channel site="[ENC]telia.fi_1" site_id="b6893ff1-6b03-4031-a940-014bdc0b14a9|##|mtv-liiga3" xmltv_id="[MTV Katsomo+ ja kanavapaketti viihde ja urheilu] MTV Liiga 3">[MTV Katsomo+ ja kanavapaketti viihde ja urheilu] MTV Liiga 3</channel>
    <channel site="[ENC]telia.fi_1" site_id="b6893ff1-6b03-4031-a940-014bdc0b14a9|##|mtv-liiga4" xmltv_id="[MTV Katsomo+ ja kanavapaketti viihde ja urheilu] MTV Liiga 4">[MTV Katsomo+ ja kanavapaketti viihde ja urheilu] MTV Liiga 4</channel>
    <channel site="[ENC]telia.fi_1" site_id="b6893ff1-6b03-4031-a940-014bdc0b14a9|##|mtv-liiga5" xmltv_id="[MTV Katsomo+ ja kanavapaketti viihde ja urheilu] MTV Liiga 5">[MTV Katsomo+ ja kanavapaketti viihde ja urheilu] MTV Liiga 5</channel>
    <channel site="[ENC]telia.fi_1" site_id="b6893ff1-6b03-4031-a940-014bdc0b14a9|##|mtv-liiga6" xmltv_id="[MTV Katsomo+ ja kanavapaketti viihde ja urheilu] MTV Liiga 6">[MTV Katsomo+ ja kanavapaketti viihde ja urheilu] MTV Liiga 6</channel>
    <channel site="[ENC]telia.fi_1" site_id="b6893ff1-6b03-4031-a940-014bdc0b14a9|##|mtv-liiga7" xmltv_id="[MTV Katsomo+ ja kanavapaketti viihde ja urheilu] MTV Liiga 7">[MTV Katsomo+ ja kanavapaketti viihde ja urheilu] MTV Liiga 7</channel>
    <channel site="[ENC]telia.fi_1" site_id="b6893ff1-6b03-4031-a940-014bdc0b14a9|##|mtv-liiga-uhd" xmltv_id="[MTV Katsomo+ ja kanavapaketti viihde ja urheilu] MTV Liiga UHD">[MTV Katsomo+ ja kanavapaketti viihde ja urheilu] MTV Liiga UHD</channel>
    <channel site="[ENC]telia.fi_1" site_id="b6893ff1-6b03-4031-a940-014bdc0b14a9|##|mtv-urheilu-1" xmltv_id="[MTV Katsomo+ ja kanavapaketti viihde ja urheilu] MTV Urheilu 1">[MTV Katsomo+ ja kanavapaketti viihde ja urheilu] MTV Urheilu 1</channel>
    <channel site="[ENC]telia.fi_1" site_id="b6893ff1-6b03-4031-a940-014bdc0b14a9|##|mtv-urheilu-2" xmltv_id="[MTV Katsomo+ ja kanavapaketti viihde ja urheilu] MTV Urheilu 2">[MTV Katsomo+ ja kanavapaketti viihde ja urheilu] MTV Urheilu 2</channel>
    <channel site="[ENC]telia.fi_1" site_id="b6893ff1-6b03-4031-a940-014bdc0b14a9|##|mtv-urheilu-3" xmltv_id="[MTV Katsomo+ ja kanavapaketti viihde ja urheilu] MTV Urheilu 3">[MTV Katsomo+ ja kanavapaketti viihde ja urheilu] MTV Urheilu 3</channel>
    <channel site="[ENC]telia.fi_1" site_id="b6893ff1-6b03-4031-a940-014bdc0b14a9|##|mtv-max" xmltv_id="[MTV Katsomo+ ja kanavapaketti viihde ja urheilu] MTV Max">[MTV Katsomo+ ja kanavapaketti viihde ja urheilu] MTV Max</channel>
    <channel site="[ENC]telia.fi_1" site_id="b6893ff1-6b03-4031-a940-014bdc0b14a9|##|mtv-aitio" xmltv_id="[MTV Katsomo+ ja kanavapaketti viihde ja urheilu] MTV Aitio">[MTV Katsomo+ ja kanavapaketti viihde ja urheilu] MTV Aitio</channel>
    <channel site="[ENC]telia.fi_1" site_id="b6893ff1-6b03-4031-a940-014bdc0b14a9|##|mtv-viihde" xmltv_id="[MTV Katsomo+ ja kanavapaketti viihde ja urheilu] MTV Viihde">[MTV Katsomo+ ja kanavapaketti viihde ja urheilu] MTV Viihde</channel>
    <channel site="[ENC]telia.fi_1" site_id="b6893ff1-6b03-4031-a940-014bdc0b14a9|##|mtv-juniori" xmltv_id="[MTV Katsomo+ ja kanavapaketti viihde ja urheilu] MTV Juniori">[MTV Katsomo+ ja kanavapaketti viihde ja urheilu] MTV Juniori</channel>
    <channel site="[ENC]telia.fi_1" site_id="b6893ff1-6b03-4031-a940-014bdc0b14a9|##|sf-kanalen" xmltv_id="[MTV Katsomo+ ja kanavapaketti viihde ja urheilu] SF-kanalen">[MTV Katsomo+ ja kanavapaketti viihde ja urheilu] SF-kanalen</channel>
    <channel site="[ENC]telia.fi_1" site_id="910348a9-3a77-485f-98ee-91ad5bdca68d|##|mtv-liiga1" xmltv_id="[MTV Katsomo+ Urheilu ja kanavapaketti + V premium] MTV Liiga 1">[MTV Katsomo+ Urheilu ja kanavapaketti + V premium] MTV Liiga 1</channel>
    <channel site="[ENC]telia.fi_1" site_id="910348a9-3a77-485f-98ee-91ad5bdca68d|##|mtv-liiga2" xmltv_id="[MTV Katsomo+ Urheilu ja kanavapaketti + V premium] MTV Liiga 2">[MTV Katsomo+ Urheilu ja kanavapaketti + V premium] MTV Liiga 2</channel>
    <channel site="[ENC]telia.fi_1" site_id="910348a9-3a77-485f-98ee-91ad5bdca68d|##|mtv-liiga3" xmltv_id="[MTV Katsomo+ Urheilu ja kanavapaketti + V premium] MTV Liiga 3">[MTV Katsomo+ Urheilu ja kanavapaketti + V premium] MTV Liiga 3</channel>
    <channel site="[ENC]telia.fi_1" site_id="910348a9-3a77-485f-98ee-91ad5bdca68d|##|mtv-liiga4" xmltv_id="[MTV Katsomo+ Urheilu ja kanavapaketti + V premium] MTV Liiga 4">[MTV Katsomo+ Urheilu ja kanavapaketti + V premium] MTV Liiga 4</channel>
    <channel site="[ENC]telia.fi_1" site_id="910348a9-3a77-485f-98ee-91ad5bdca68d|##|mtv-liiga5" xmltv_id="[MTV Katsomo+ Urheilu ja kanavapaketti + V premium] MTV Liiga 5">[MTV Katsomo+ Urheilu ja kanavapaketti + V premium] MTV Liiga 5</channel>
    <channel site="[ENC]telia.fi_1" site_id="910348a9-3a77-485f-98ee-91ad5bdca68d|##|mtv-liiga6" xmltv_id="[MTV Katsomo+ Urheilu ja kanavapaketti + V premium] MTV Liiga 6">[MTV Katsomo+ Urheilu ja kanavapaketti + V premium] MTV Liiga 6</channel>
    <channel site="[ENC]telia.fi_1" site_id="910348a9-3a77-485f-98ee-91ad5bdca68d|##|mtv-liiga7" xmltv_id="[MTV Katsomo+ Urheilu ja kanavapaketti + V premium] MTV Liiga 7">[MTV Katsomo+ Urheilu ja kanavapaketti + V premium] MTV Liiga 7</channel>
    <channel site="[ENC]telia.fi_1" site_id="910348a9-3a77-485f-98ee-91ad5bdca68d|##|mtv-urheilu-1" xmltv_id="[MTV Katsomo+ Urheilu ja kanavapaketti + V premium] MTV Urheilu 1">[MTV Katsomo+ Urheilu ja kanavapaketti + V premium] MTV Urheilu 1</channel>
    <channel site="[ENC]telia.fi_1" site_id="910348a9-3a77-485f-98ee-91ad5bdca68d|##|mtv-urheilu-2" xmltv_id="[MTV Katsomo+ Urheilu ja kanavapaketti + V premium] MTV Urheilu 2">[MTV Katsomo+ Urheilu ja kanavapaketti + V premium] MTV Urheilu 2</channel>
    <channel site="[ENC]telia.fi_1" site_id="910348a9-3a77-485f-98ee-91ad5bdca68d|##|mtv-urheilu-3" xmltv_id="[MTV Katsomo+ Urheilu ja kanavapaketti + V premium] MTV Urheilu 3">[MTV Katsomo+ Urheilu ja kanavapaketti + V premium] MTV Urheilu 3</channel>
    <channel site="[ENC]telia.fi_1" site_id="910348a9-3a77-485f-98ee-91ad5bdca68d|##|mtv-max" xmltv_id="[MTV Katsomo+ Urheilu ja kanavapaketti + V premium] MTV Max">[MTV Katsomo+ Urheilu ja kanavapaketti + V premium] MTV Max</channel>
    <channel site="[ENC]telia.fi_1" site_id="910348a9-3a77-485f-98ee-91ad5bdca68d|##|mtv-aitio" xmltv_id="[MTV Katsomo+ Urheilu ja kanavapaketti + V premium] MTV Aitio">[MTV Katsomo+ Urheilu ja kanavapaketti + V premium] MTV Aitio</channel>
    <channel site="[ENC]telia.fi_1" site_id="910348a9-3a77-485f-98ee-91ad5bdca68d|##|mtv-viihde" xmltv_id="[MTV Katsomo+ Urheilu ja kanavapaketti + V premium] MTV Viihde">[MTV Katsomo+ Urheilu ja kanavapaketti + V premium] MTV Viihde</channel>
    <channel site="[ENC]telia.fi_1" site_id="910348a9-3a77-485f-98ee-91ad5bdca68d|##|mtv-juniori" xmltv_id="[MTV Katsomo+ Urheilu ja kanavapaketti + V premium] MTV Juniori">[MTV Katsomo+ Urheilu ja kanavapaketti + V premium] MTV Juniori</channel>
    <channel site="[ENC]telia.fi_1" site_id="910348a9-3a77-485f-98ee-91ad5bdca68d|##|sf-kanalen" xmltv_id="[MTV Katsomo+ Urheilu ja kanavapaketti + V premium] SF-kanalen">[MTV Katsomo+ Urheilu ja kanavapaketti + V premium] SF-kanalen</channel>
    <channel site="[ENC]telia.fi_1" site_id="910348a9-3a77-485f-98ee-91ad5bdca68d|##|v-sport-1-hd" xmltv_id="[MTV Katsomo+ Urheilu ja kanavapaketti + V premium] V sport 1 HD">[MTV Katsomo+ Urheilu ja kanavapaketti + V premium] V sport 1 HD</channel>
    <channel site="[ENC]telia.fi_1" site_id="910348a9-3a77-485f-98ee-91ad5bdca68d|##|v-sport-vinter" xmltv_id="[MTV Katsomo+ Urheilu ja kanavapaketti + V premium] V sport vinter">[MTV Katsomo+ Urheilu ja kanavapaketti + V premium] V sport vinter</channel>
    <channel site="[ENC]telia.fi_1" site_id="910348a9-3a77-485f-98ee-91ad5bdca68d|##|v-sport-golf-hd" xmltv_id="[MTV Katsomo+ Urheilu ja kanavapaketti + V premium] V sport golf HD">[MTV Katsomo+ Urheilu ja kanavapaketti + V premium] V sport golf HD</channel>
    <channel site="[ENC]telia.fi_1" site_id="910348a9-3a77-485f-98ee-91ad5bdca68d|##|v-sport-plus-suomi" xmltv_id="[MTV Katsomo+ Urheilu ja kanavapaketti + V premium] V sport+ Suomi">[MTV Katsomo+ Urheilu ja kanavapaketti + V premium] V sport+ Suomi</channel>
    <channel site="[ENC]telia.fi_1" site_id="910348a9-3a77-485f-98ee-91ad5bdca68d|##|v-sport-2-suomi" xmltv_id="[MTV Katsomo+ Urheilu ja kanavapaketti + V premium] V sport 2 Suomi">[MTV Katsomo+ Urheilu ja kanavapaketti + V premium] V sport 2 Suomi</channel>
    <channel site="[ENC]telia.fi_1" site_id="910348a9-3a77-485f-98ee-91ad5bdca68d|##|v-sport-1-suomi" xmltv_id="[MTV Katsomo+ Urheilu ja kanavapaketti + V premium] V sport 1 Suomi">[MTV Katsomo+ Urheilu ja kanavapaketti + V premium] V sport 1 Suomi</channel>
    <channel site="[ENC]telia.fi_1" site_id="910348a9-3a77-485f-98ee-91ad5bdca68d|##|v-sport-premium-hd" xmltv_id="[MTV Katsomo+ Urheilu ja kanavapaketti + V premium] V sport premium HD">[MTV Katsomo+ Urheilu ja kanavapaketti + V premium] V sport premium HD</channel>
    <channel site="[ENC]telia.fi_1" site_id="910348a9-3a77-485f-98ee-91ad5bdca68d|##|v-sport-football-hd" xmltv_id="[MTV Katsomo+ Urheilu ja kanavapaketti + V premium] V sport football HD">[MTV Katsomo+ Urheilu ja kanavapaketti + V premium] V sport football HD</channel>
    <channel site="[ENC]telia.fi_1" site_id="910348a9-3a77-485f-98ee-91ad5bdca68d|##|v-sport-live-1" xmltv_id="[MTV Katsomo+ Urheilu ja kanavapaketti + V premium] V sport live 1">[MTV Katsomo+ Urheilu ja kanavapaketti + V premium] V sport live 1</channel>
    <channel site="[ENC]telia.fi_1" site_id="910348a9-3a77-485f-98ee-91ad5bdca68d|##|v-sport-live-2" xmltv_id="[MTV Katsomo+ Urheilu ja kanavapaketti + V premium] V-sport live 2">[MTV Katsomo+ Urheilu ja kanavapaketti + V premium] V-sport live 2</channel>
    <channel site="[ENC]telia.fi_1" site_id="910348a9-3a77-485f-98ee-91ad5bdca68d|##|v-sport-live-3" xmltv_id="[MTV Katsomo+ Urheilu ja kanavapaketti + V premium] V sport live 3">[MTV Katsomo+ Urheilu ja kanavapaketti + V premium] V sport live 3</channel>
    <channel site="[ENC]telia.fi_1" site_id="910348a9-3a77-485f-98ee-91ad5bdca68d|##|v-sport-live-4" xmltv_id="[MTV Katsomo+ Urheilu ja kanavapaketti + V premium] V sport live 4">[MTV Katsomo+ Urheilu ja kanavapaketti + V premium] V sport live 4</channel>
    <channel site="[ENC]telia.fi_1" site_id="910348a9-3a77-485f-98ee-91ad5bdca68d|##|v-sport-live-5" xmltv_id="[MTV Katsomo+ Urheilu ja kanavapaketti + V premium] V sport live 5">[MTV Katsomo+ Urheilu ja kanavapaketti + V premium] V sport live 5</channel>
    <channel site="[ENC]telia.fi_1" site_id="910348a9-3a77-485f-98ee-91ad5bdca68d|##|v-film-premiere-hd" xmltv_id="[MTV Katsomo+ Urheilu ja kanavapaketti + V premium] V film premiere HD">[MTV Katsomo+ Urheilu ja kanavapaketti + V premium] V film premiere HD</channel>
    <channel site="[ENC]telia.fi_1" site_id="910348a9-3a77-485f-98ee-91ad5bdca68d|##|v-film-action-hd" xmltv_id="[MTV Katsomo+ Urheilu ja kanavapaketti + V premium] V film action HD">[MTV Katsomo+ Urheilu ja kanavapaketti + V premium] V film action HD</channel>
    <channel site="[ENC]telia.fi_1" site_id="910348a9-3a77-485f-98ee-91ad5bdca68d|##|v-film-hits-hd" xmltv_id="[MTV Katsomo+ Urheilu ja kanavapaketti + V premium] V film hits HD">[MTV Katsomo+ Urheilu ja kanavapaketti + V premium] V film hits HD</channel>
    <channel site="[ENC]telia.fi_1" site_id="910348a9-3a77-485f-98ee-91ad5bdca68d|##|v-film-family" xmltv_id="[MTV Katsomo+ Urheilu ja kanavapaketti + V premium] V film family">[MTV Katsomo+ Urheilu ja kanavapaketti + V premium] V film family</channel>
    <channel site="[ENC]telia.fi_1" site_id="910348a9-3a77-485f-98ee-91ad5bdca68d|##|viasat-nature-hd" xmltv_id="[MTV Katsomo+ Urheilu ja kanavapaketti + V premium] Viasat Nature HD">[MTV Katsomo+ Urheilu ja kanavapaketti + V premium] Viasat Nature HD</channel>
    <channel site="[ENC]telia.fi_1" site_id="910348a9-3a77-485f-98ee-91ad5bdca68d|##|viasat-explore-hd" xmltv_id="[MTV Katsomo+ Urheilu ja kanavapaketti + V premium] Viasat Explore HD">[MTV Katsomo+ Urheilu ja kanavapaketti + V premium] Viasat Explore HD</channel>
    <channel site="[ENC]telia.fi_1" site_id="910348a9-3a77-485f-98ee-91ad5bdca68d|##|viasat-history-hd" xmltv_id="[MTV Katsomo+ Urheilu ja kanavapaketti + V premium] Viasat History HD">[MTV Katsomo+ Urheilu ja kanavapaketti + V premium] Viasat History HD</channel>
    <channel site="[ENC]telia.fi_1" site_id="910348a9-3a77-485f-98ee-91ad5bdca68d|##|nat-geo-wild-hd" xmltv_id="[MTV Katsomo+ Urheilu ja kanavapaketti + V premium] Nat Geo Wild HD">[MTV Katsomo+ Urheilu ja kanavapaketti + V premium] Nat Geo Wild HD</channel>
    <channel site="[ENC]telia.fi_1" site_id="910348a9-3a77-485f-98ee-91ad5bdca68d|##|disney-channel" xmltv_id="[MTV Katsomo+ Urheilu ja kanavapaketti + V premium] Disney Channel">[MTV Katsomo+ Urheilu ja kanavapaketti + V premium] Disney Channel</channel>
    <channel site="[ENC]telia.fi_1" site_id="910348a9-3a77-485f-98ee-91ad5bdca68d|##|disney-junior" xmltv_id="[MTV Katsomo+ Urheilu ja kanavapaketti + V premium] Disney Junior">[MTV Katsomo+ Urheilu ja kanavapaketti + V premium] Disney Junior</channel>
    <channel site="[ENC]telia.fi_1" site_id="910348a9-3a77-485f-98ee-91ad5bdca68d|##|cartoon-network" xmltv_id="[MTV Katsomo+ Urheilu ja kanavapaketti + V premium] Cartoon Network">[MTV Katsomo+ Urheilu ja kanavapaketti + V premium] Cartoon Network</channel>
    <channel site="[ENC]telia.fi_1" site_id="910348a9-3a77-485f-98ee-91ad5bdca68d|##|cartoonito" xmltv_id="[MTV Katsomo+ Urheilu ja kanavapaketti + V premium] Cartoonito">[MTV Katsomo+ Urheilu ja kanavapaketti + V premium] Cartoonito</channel>
    <channel site="[ENC]telia.fi_1" site_id="910348a9-3a77-485f-98ee-91ad5bdca68d|##|cnn" xmltv_id="[MTV Katsomo+ Urheilu ja kanavapaketti + V premium] CNN">[MTV Katsomo+ Urheilu ja kanavapaketti + V premium] CNN</channel>
    <channel site="[ENC]telia.fi_1" site_id="39863782-0c23-42b7-a8c8-1eb02498b31d|##|disney-channel" xmltv_id="[Lasten paketti] Disney Channel">[Lasten paketti] Disney Channel</channel>
    <channel site="[ENC]telia.fi_1" site_id="39863782-0c23-42b7-a8c8-1eb02498b31d|##|disney-junior" xmltv_id="[Lasten paketti] Disney Junior">[Lasten paketti] Disney Junior</channel>
    <channel site="[ENC]telia.fi_1" site_id="39863782-0c23-42b7-a8c8-1eb02498b31d|##|nick-jr" xmltv_id="[Lasten paketti] Nick Jr.">[Lasten paketti] Nick Jr.</channel>
    <channel site="[ENC]telia.fi_1" site_id="39863782-0c23-42b7-a8c8-1eb02498b31d|##|cartoonito" xmltv_id="[Lasten paketti] Cartoonito">[Lasten paketti] Cartoonito</channel>
    <channel site="[ENC]telia.fi_1" site_id="39863782-0c23-42b7-a8c8-1eb02498b31d|##|cartoon-network" xmltv_id="[Lasten paketti] Cartoon Network">[Lasten paketti] Cartoon Network</channel>
    <channel site="[ENC]telia.fi_1" site_id="39863782-0c23-42b7-a8c8-1eb02498b31d|##|mtv-juniori" xmltv_id="[Lasten paketti] MTV Juniori">[Lasten paketti] MTV Juniori</channel>
    <channel site="[ENC]telia.fi_1" site_id="5fdb7960-8911-4917-8522-3b4049ce652e|##|svt1-hd" xmltv_id="[Europe] SVT1 HD">[Europe] SVT1 HD</channel>
    <channel site="[ENC]telia.fi_1" site_id="5fdb7960-8911-4917-8522-3b4049ce652e|##|svt2-hd" xmltv_id="[Europe] SVT2 HD">[Europe] SVT2 HD</channel>
    <channel site="[ENC]telia.fi_1" site_id="5fdb7960-8911-4917-8522-3b4049ce652e|##|tv3-hd" xmltv_id="[Europe] TV3 HD">[Europe] TV3 HD</channel>
    <channel site="[ENC]telia.fi_1" site_id="5fdb7960-8911-4917-8522-3b4049ce652e|##|tv4-hd" xmltv_id="[Europe] TV4 HD">[Europe] TV4 HD</channel>
    <channel site="[ENC]telia.fi_1" site_id="5fdb7960-8911-4917-8522-3b4049ce652e|##|tv6-hd" xmltv_id="[Europe] TV6 HD">[Europe] TV6 HD</channel>
    <channel site="[ENC]telia.fi_1" site_id="5fdb7960-8911-4917-8522-3b4049ce652e|##|barnkanalen-svt24-hd" xmltv_id="[Europe] Barnkanalen / SVT24 HD">[Europe] Barnkanalen / SVT24 HD</channel>
    <channel site="[ENC]telia.fi_1" site_id="5fdb7960-8911-4917-8522-3b4049ce652e|##|kunskapskanalen-hd" xmltv_id="[Europe] Kunskapskanalen HD">[Europe] Kunskapskanalen HD</channel>
    <channel site="[ENC]telia.fi_1" site_id="5fdb7960-8911-4917-8522-3b4049ce652e|##|das-erste" xmltv_id="[Europe] Das Erste">[Europe] Das Erste</channel>
    <channel site="[ENC]telia.fi_1" site_id="5fdb7960-8911-4917-8522-3b4049ce652e|##|3sat" xmltv_id="[Europe] 3sat">[Europe] 3sat</channel>
    <channel site="[ENC]telia.fi_1" site_id="5fdb7960-8911-4917-8522-3b4049ce652e|##|tve-internacional-hd" xmltv_id="[Europe] TVE Internacional HD">[Europe] TVE Internacional HD</channel>
    <channel site="[ENC]telia.fi_1" site_id="5fdb7960-8911-4917-8522-3b4049ce652e|##|tv5monde-hd" xmltv_id="[Europe] TV5MONDE HD">[Europe] TV5MONDE HD</channel>
    <channel site="[ENC]telia.fi_1" site_id="5fdb7960-8911-4917-8522-3b4049ce652e|##|france-2" xmltv_id="[Europe] France 2">[Europe] France 2</channel>
    <channel site="[ENC]telia.fi_1" site_id="5fdb7960-8911-4917-8522-3b4049ce652e|##|al-jazeera-international" xmltv_id="[Europe] Al Jazeera International">[Europe] Al Jazeera International</channel>
    <channel site="[ENC]telia.fi_1" site_id="5fdb7960-8911-4917-8522-3b4049ce652e|##|euronews" xmltv_id="[Europe] Euronews">[Europe] Euronews</channel>
    <channel site="[ENC]telia.fi_1" site_id="5fdb7960-8911-4917-8522-3b4049ce652e|##|bbc-world-news" xmltv_id="[Europe] BBC News">[Europe] BBC News</channel>
    <channel site="[ENC]telia.fi_1" site_id="5fdb7960-8911-4917-8522-3b4049ce652e|##|bbc-nordic" xmltv_id="[Europe] BBC Nordic">[Europe] BBC Nordic</channel>
    <channel site="[ENC]telia.fi_1" site_id="f1eb351b-d2d7-453f-91a6-33a3505b8aae|##|tototv" xmltv_id="[TotoTV] TotoTV">[TotoTV] TotoTV</channel>
  </channels>
</site>