<?xml version="1.0" encoding="UTF-8"?>
<site generator-info-name="Tempest EPG Generator (made by Kvanc)" generator-info-url="https://github.com/K-vanc/Tempest-EPG-Generator.git" site="[ENC]allente.fi_0">
  <channels>
    <channel site="[ENC]allente.fi_0" site_id="0321||X6ToW5hCi1EaC6WLhFApz/423ec4b107e6d9a384f87f51d4603bbd/VFilm_Premiere_new_Hori_RGB_pos.svg" xmltv_id="V film premiere HD (T)">V film premiere HD (T)</channel>
    <channel site="[ENC]allente.fi_0" site_id="0308||3i0IfXClAmxOpZfePRzEJU/6376faa4f71ae4910743023cb557b521/VFilm_Family_new_Hori_CMYK_pos.svg" xmltv_id="V film family (T)">V film family (T)</channel>
    <channel site="[ENC]allente.fi_0" site_id="0299||44dQEEVA5HJbBWbeSDx6sK/268d9e5340283d1a380821c6d63244f9/VFilm_Action_new_Hori_CMYK_pos.svg" xmltv_id="V film action HD (T)">V film action HD (T)</channel>
    <channel site="[ENC]allente.fi_0" site_id="0322||2SDBBSzYN3Tg9hcOZ01lRj/c90a6b06b45de239aed4ac67121704b6/VFilm_Hits_Logo_Hori_RGB_pos.png" xmltv_id="V film hits HD (T)">V film hits HD (T)</channel>
    <channel site="[ENC]allente.fi_0" site_id="0369||oAEiwssmWPHqknsYFW1A7/8b0adcf3c39c3b3acfacf7efa1f5c9c8/cl3070_4k_01.png" xmltv_id="V sport+ Suomi HD (T)">V sport+ Suomi HD (T)</channel>
    <channel site="[ENC]allente.fi_0" site_id="488||28qGuwz4nJR6ZVm0Xtfo7m/0041066891354b16ba0fe2b04bf98646/cl3069_4k_01.png" xmltv_id="V sport 2 Suomi HD -OTT">V sport 2 Suomi HD -OTT</channel>
    <channel site="[ENC]allente.fi_0" site_id="0159||2wWdeDCdq3tcmC0uMsKS1y/3b0f6b054d18fe49b56f3d2c98d60809/cl3071_4k_01.png" xmltv_id="V sport 1 Suomi HD -OTT">V sport 1 Suomi HD -OTT</channel>
    <channel site="[ENC]allente.fi_0" site_id="527||hSnE2EaQogchrhnjzN1ZD/d01682186249f64a7b1cc113f4dd6a99/VSport_Premium_new_Hori_RGB_pos.svg" xmltv_id="V sport premium HD (T)">V sport premium HD (T)</channel>
    <channel site="[ENC]allente.fi_0" site_id="0362||QqWUMoMVRdPCaKrU3NlqT/0cca0957b0f512c861beb810f1ca47ad/V_Sport1_new_Hori_CMYK_pos.svg" xmltv_id="V sport 1 HD (SE) (T)">V sport 1 HD (SE) (T)</channel>
    <channel site="[ENC]allente.fi_0" site_id="0269||76TOZ05am7R5oxYOsKUnst/cfd696699b7cf63b1a9c1063e5be2780/VSport_Football_new_Hori_CMYK_pos.svg" xmltv_id="V sport football HD (T)">V sport football HD (T)</channel>
    <channel site="[ENC]allente.fi_0" site_id="0363||1Lg8gUaDwv7BRPr9wFZ4zE/6b520cf5f5828aaca51361b940a0bf92/Vsport_vinter_new_CMYK_pos.svg" xmltv_id="V sport vinter HD (T)">V sport vinter HD (T)</channel>
    <channel site="[ENC]allente.fi_0" site_id="0364||YQMvdyLoA4UDXhQFoK6z6/f5da80232ee984bbdbf04ee383fb7380/VSport_Golf_new_Hori_RGB_pos.svg" xmltv_id="V sport golf HD (T)">V sport golf HD (T)</channel>
    <channel site="[ENC]allente.fi_0" site_id="0255||4NBzMzc4DdsltyUVZhmFti/450a616782203fa406ab347be612d278/VSport_Sport_Live1_new_Hori_RGB_pos.svg" xmltv_id="V sport live 1 (T)">V sport live 1 (T)</channel>
    <channel site="[ENC]allente.fi_0" site_id="0256||1qkQEggD3JIsT9rHhavpAV/a26e4f9c48817e3df831db92ec002c4a/VSport_Sport_Live2_Logo_Hori_RGB_pos.svg" xmltv_id="V sport live 2 (T)">V sport live 2 (T)</channel>
    <channel site="[ENC]allente.fi_0" site_id="0257||5z2j9bE0eRRYZo8XygbeqX/7d2f0645747c748e54589a8245005413/VSport_Sport_Live3_Logo_Hori_RGB_pos.svg" xmltv_id="V sport live 3 (T)">V sport live 3 (T)</channel>
    <channel site="[ENC]allente.fi_0" site_id="0258||57OjhxdijPqLx2Ass1YsKS/e25299202cdfc1c7cf3104ecaaa9fa00/VSport_Sport_Live4_Logo_Hori_RGB_pos.svg" xmltv_id="V sport live 4 (T)">V sport live 4 (T)</channel>
    <channel site="[ENC]allente.fi_0" site_id="0259||70KKi61uVnlpfl4JUwMM48/06b593f1ad8e74457b67c2423053e641/VSport_Sport_Live5_Logo_Hori_RGB_pos.svg" xmltv_id="V sport live 5 (T)">V sport live 5 (T)</channel>
    <channel site="[ENC]allente.fi_0" site_id="418||31Pzks6kNfrxPSd7FLX9MO/bdcbe8c3f9d21792a695aeb23bbd0dd5/VSport_UltraHD_new_Hori_RGB_pos.svg" xmltv_id="V sport ultra HD (T)">V sport ultra HD (T)</channel>
    <channel site="[ENC]allente.fi_0" site_id="0037||2OvNI0n7Ik6uWEWoYAIWgW/37e1e49a26fe7b85b11d00f23ec2eea3/dc-2017-logo-rbg.png" xmltv_id="Disney Channel (Nordic) (T)">Disney Channel (Nordic) (T)</channel>
    <channel site="[ENC]allente.fi_0" site_id="0307||7wWan0jrwsAkEUKUa2Wsmo/0c7987b9c2d66ca1e91945b729a14163/disney_junior.png" xmltv_id="Disney Junior (T)">Disney Junior (T)</channel>
    <channel site="[ENC]allente.fi_0" site_id="0028||4JZepUS4IMEseiceq6um6e/fa10fe4d5e983399c661df3e07736dcc/cartoon_network_0.png" xmltv_id="Cartoon Network (T)">Cartoon Network (T)</channel>
    <channel site="[ENC]allente.fi_0" site_id="0017||kpMk3WrzoWc6AeA6ckSsa/dca9b0e8b9f9849518030b1fba5b8897/Untitled.png" xmltv_id="Boomerang (T)">Boomerang (T)</channel>
    <channel site="[ENC]allente.fi_0" site_id="0088||bo7J9eVeF2I8WKkwWOe2Q/b1aef10b8052877cb88876bea23fe924/nickjr_play_1.png" xmltv_id="Nick Jr. (T)">Nick Jr. (T)</channel>
    <channel site="[ENC]allente.fi_0" site_id="0084||cyZ542Mm9UQAGk4UkSM4I/502707b7c32c4b2f4d88d6543e8ff921/national_geographic_pos_200x100.png" xmltv_id="National Geographic HD (SE/FI) (T)">National Geographic HD (SE/FI) (T)</channel>
    <channel site="[ENC]allente.fi_0" site_id="0082||rm3WOjhNKixawMbUr5pdi/f97bdb0b0f1c38460f76c0c17d8de94d/Untitled.svg" xmltv_id="National Geographic Wild HD (T)">National Geographic Wild HD (T)</channel>
    <channel site="[ENC]allente.fi_0" site_id="0356||2mUEwd6yy06uMO6eQWg0g6/f3801822831c5fdbc058ee9c6ae48a2b/VIASAT_NATURE_new.svg" xmltv_id="Viasat Nature HD (T)">Viasat Nature HD (T)</channel>
    <channel site="[ENC]allente.fi_0" site_id="0357||sbxfPsOiNa2ogQakSmGCy/356bd92a1e39e46cdf8afbc2ee2f47e4/VIASAT_HISTORY_new.svg" xmltv_id="Viasat History HD (T)">Viasat History HD (T)</channel>
    <channel site="[ENC]allente.fi_0" site_id="0358||1pBY3G1QdOYCy6aocg0wCy/0c818b20da27e39d895d52f62c53048c/VIASAT_EXPLORE_new.svg" xmltv_id="Viasat Explore HD (T)">Viasat Explore HD (T)</channel>
    <channel site="[ENC]allente.fi_0" site_id="0033||3iTmXgjVaM82aYsWASCWky/18d7043883000d16a15276406f85c89d/CNN_new_Free_Float_RGB.svg" xmltv_id="CNN (T)">CNN (T)</channel>
    <channel site="[ENC]allente.fi_0" site_id="0032||XrZHquQmLjcMOAlcYVz4r/d5048576a2f10f1705b34632d0d28199/CNBC_new.svg.png" xmltv_id="CNBC -OTT">CNBC -OTT</channel>
    <channel site="[ENC]allente.fi_0" site_id="0080||4pY8jQ0e6kUeoakoKyOUaK/0cec6f3a2e26bca175d01d096a08d73b/mtv_play_1.png" xmltv_id="MTV (Nordic) (T)">MTV (Nordic) (T)</channel>
    <channel site="[ENC]allente.fi_0" site_id="0246||3Lu5JfxXx5Ay1vB20Y2x73/9bb444df4742120362a394b0df42d6a0/MTV_00s_new_pink.svg" xmltv_id="MTV 00s (T)">MTV 00s (T)</channel>
    <channel site="[ENC]allente.fi_0" site_id="0360||5kartBXgEEGmquAEaq4Aqq/323556f76c2703af73f8e86da9b0d6f9/TV6_SE_new_black.svg" xmltv_id="TV6 HD (SE) (T)">TV6 HD (SE) (T)</channel>
    <channel site="[ENC]allente.fi_0" site_id="0290||4F5B5paw2sScY8iSsu8a8y/1e76d5f68a99cbaacc81445c23fc451a/TV3_SE_new_black.svg" xmltv_id="TV3 HD (SE) (T)">TV3 HD (SE) (T)</channel>
    <channel site="[ENC]allente.fi_0" site_id="1001||5AvDn2lO5uSFfeYoqT2crg/1e32d014ceaf9bf4e15fd667265500f0/paramount_movies_new_black.png" xmltv_id="Paramount+ MOVIES HD (T)">Paramount+ MOVIES HD (T)</channel>
    <channel site="[ENC]allente.fi_0" site_id="1002||2Jfvqx8yirrUSf43GIrxA2/a1b1245e41bb3b838d2b1772a6420e79/paramount_series_new_black.png" xmltv_id="Paramount+ SERIES HD (T)">Paramount+ SERIES HD (T)</channel>
    <channel site="[ENC]allente.fi_0" site_id="604||4qEndZikzXJ3cSGudxc7Cu/51deeeee357e2ec4d52964d9d9347287/Untitled__1_.png" xmltv_id="MTV 80s (T)">MTV 80s (T)</channel>
    <channel site="[ENC]allente.fi_0" site_id="0292||6wXIBG8S0BF6kJV0OV6p2w/d5a910e8d9e4b4f0f767dce0476188a3/VSport_Motor_new_Hori_CMYK_pos.svg" xmltv_id="V sport motor HD (T)">V sport motor HD (T)</channel>
    <channel site="[ENC]allente.fi_0" site_id="0086||2eviiFuIFmhCvYPYBq9FMe/8958c88d0f49decee3b784f1f7bba55a/Nickelodeon_new_RGB.svg" xmltv_id="Nickelodeon (Nordic) (T)">Nickelodeon (Nordic) (T)</channel>
    <channel site="[ENC]allente.fi_0" site_id="0016||1Dik53xgMMM80WIWW0IyIU/cbcfe5fc8e34a2d702c973522af30312/BBC_WorldNews_new_Red_RGB.svg" xmltv_id="BBC World News (T)">BBC World News (T)</channel>
    <channel site="[ENC]allente.fi_0" site_id="0298||40vKklSSjjxi8gFcgSgwr0/9981c8debb50dac1aaa924008d379e92/TV3_NO_new_Colour.svg" xmltv_id="TV3 HD (NO) (T)">TV3 HD (NO) (T)</channel>
    <channel site="[ENC]allente.fi_0" site_id="0361||3sdIhrZ8Rhv1jrisAen4Kg/f4370975a81d643c73cdd3b4d1cd62d0/NEW2_V4_LOGO.svg" xmltv_id="V4 HD (NO) (T)">V4 HD (NO) (T)</channel>
    <channel site="[ENC]allente.fi_0" site_id="0359||5UADabkpzTTPnqR93uxnvg/b1f3b541e359eb5375613b0bf5c79920/NEW2_TV3ID_logo_RGB_010.svg" xmltv_id="TV3 HD (DK) (T)">TV3 HD (DK) (T)</channel>
    <channel site="[ENC]allente.fi_0" site_id="570||7qXMtVQHyEOUip8WYBfBMs/6c6937c0e7df54992a75786b66755de6/Nicktoons_Logo_new.svg" xmltv_id="Nicktoons (T)">Nicktoons (T)</channel>
  </channels>
</site>