<?xml version="1.0" encoding="UTF-8"?>
<site generator-info-name="Tempest EPG Generator (made by Kvanc)" generator-info-url="https://github.com/K-vanc/Tempest-EPG-Generator.git" site="[ENC][EX]cabletel.net.ar_0">
  <channels>
    <channel site="[ENC][EX]cabletel.net.ar_0" site_id="3" xmltv_id="26 TV">26 TV</channel>
    <channel site="[ENC][EX]cabletel.net.ar_0" site_id="2000" xmltv_id="360 TV">360 TV</channel>
    <channel site="[ENC][EX]cabletel.net.ar_0" site_id="167" xmltv_id="A&amp;E MUNDO">A&amp;E MUNDO</channel>
    <channel site="[ENC][EX]cabletel.net.ar_0" site_id="1584" xmltv_id="A&amp;E MUNDO HD">A&amp;E MUNDO HD</channel>
    <channel site="[ENC][EX]cabletel.net.ar_0" site_id="343" xmltv_id="A24">A24</channel>
    <channel site="[ENC][EX]cabletel.net.ar_0" site_id="3458" xmltv_id="A24 HD">A24 HD</channel>
    <channel site="[ENC][EX]cabletel.net.ar_0" site_id="97" xmltv_id="AMC">AMC</channel>
    <channel site="[ENC][EX]cabletel.net.ar_0" site_id="4" xmltv_id="AMERICA 2">AMERICA 2</channel>
    <channel site="[ENC][EX]cabletel.net.ar_0" site_id="3248" xmltv_id="AMERICA 2 HD">AMERICA 2 HD</channel>
    <channel site="[ENC][EX]cabletel.net.ar_0" site_id="84" xmltv_id="AMERICA SPORTS">AMERICA SPORTS</channel>
    <channel site="[ENC][EX]cabletel.net.ar_0" site_id="1623" xmltv_id="ANIMAL PLANET">ANIMAL PLANET</channel>
    <channel site="[ENC][EX]cabletel.net.ar_0" site_id="57" xmltv_id="ARGENTINISIMA">ARGENTINISIMA</channel>
    <channel site="[ENC][EX]cabletel.net.ar_0" site_id="100" xmltv_id="AXN">AXN</channel>
    <channel site="[ENC][EX]cabletel.net.ar_0" site_id="1862" xmltv_id="AXN HD">AXN HD</channel>
    <channel site="[ENC][EX]cabletel.net.ar_0" site_id="709" xmltv_id="C5N">C5N</channel>
    <channel site="[ENC][EX]cabletel.net.ar_0" site_id="58" xmltv_id="CANAL A">CANAL A</channel>
    <channel site="[ENC][EX]cabletel.net.ar_0" site_id="230" xmltv_id="CANAL DE LA MUSICA">CANAL DE LA MUSICA</channel>
    <channel site="[ENC][EX]cabletel.net.ar_0" site_id="349" xmltv_id="CANAL LUZ">CANAL LUZ</channel>
    <channel site="[ENC][EX]cabletel.net.ar_0" site_id="11" xmltv_id="CANAL RURAL">CANAL RURAL</channel>
    <channel site="[ENC][EX]cabletel.net.ar_0" site_id="226" xmltv_id="CARTOON NETWORK">CARTOON NETWORK</channel>
    <channel site="[ENC][EX]cabletel.net.ar_0" site_id="174" xmltv_id="CARTOONITO">CARTOONITO</channel>
    <channel site="[ENC][EX]cabletel.net.ar_0" site_id="1605" xmltv_id="CINE.AR">CINE.AR</channel>
    <channel site="[ENC][EX]cabletel.net.ar_0" site_id="15" xmltv_id="CINECANAL">CINECANAL</channel>
    <channel site="[ENC][EX]cabletel.net.ar_0" site_id="3445" xmltv_id="CINECANAL HD">CINECANAL HD</channel>
    <channel site="[ENC][EX]cabletel.net.ar_0" site_id="2292" xmltv_id="CINEMAX">CINEMAX</channel>
    <channel site="[ENC][EX]cabletel.net.ar_0" site_id="1345" xmltv_id="CN 23">CN 23</channel>
    <channel site="[ENC][EX]cabletel.net.ar_0" site_id="13" xmltv_id="CNN">CNN</channel>
    <channel site="[ENC][EX]cabletel.net.ar_0" site_id="62" xmltv_id="CNN EN ESPAÃ'OL">CNN EN ESPAÃ'OL</channel>
    <channel site="[ENC][EX]cabletel.net.ar_0" site_id="1813" xmltv_id="CONSTRUIR">CONSTRUIR</channel>
    <channel site="[ENC][EX]cabletel.net.ar_0" site_id="192" xmltv_id="CRONICA">CRONICA</channel>
    <channel site="[ENC][EX]cabletel.net.ar_0" site_id="2195" xmltv_id="DEPORTV">DEPORTV</channel>
    <channel site="[ENC][EX]cabletel.net.ar_0" site_id="17" xmltv_id="DISCOVERY">DISCOVERY</channel>
    <channel site="[ENC][EX]cabletel.net.ar_0" site_id="340" xmltv_id="DISCOVERY HOME AND HEALTH">DISCOVERY HOME AND HEALTH</channel>
    <channel site="[ENC][EX]cabletel.net.ar_0" site_id="111" xmltv_id="DISCOVERY ID">DISCOVERY ID</channel>
    <channel site="[ENC][EX]cabletel.net.ar_0" site_id="76" xmltv_id="DISCOVERY KIDS">DISCOVERY KIDS</channel>
    <channel site="[ENC][EX]cabletel.net.ar_0" site_id="1624" xmltv_id="DISCOVERY TLC">DISCOVERY TLC</channel>
    <channel site="[ENC][EX]cabletel.net.ar_0" site_id="136" xmltv_id="DISNEY">DISNEY</channel>
    <channel site="[ENC][EX]cabletel.net.ar_0" site_id="756" xmltv_id="DISNEY JR">DISNEY JR</channel>
    <channel site="[ENC][EX]cabletel.net.ar_0" site_id="325" xmltv_id="DISNEY XD">DISNEY XD</channel>
    <channel site="[ENC][EX]cabletel.net.ar_0" site_id="358" xmltv_id="EL GARAGE">EL GARAGE</channel>
    <channel site="[ENC][EX]cabletel.net.ar_0" site_id="125" xmltv_id="EL GOURMET">EL GOURMET</channel>
    <channel site="[ENC][EX]cabletel.net.ar_0" site_id="1612" xmltv_id="EL NUEVE">EL NUEVE</channel>
    <channel site="[ENC][EX]cabletel.net.ar_0" site_id="290" xmltv_id="EL TRECE">EL TRECE</channel>
    <channel site="[ENC][EX]cabletel.net.ar_0" site_id="477" xmltv_id="ENCUENTRO">ENCUENTRO</channel>
    <channel site="[ENC][EX]cabletel.net.ar_0" site_id="50" xmltv_id="ENTERTAINMENT">ENTERTAINMENT</channel>
    <channel site="[ENC][EX]cabletel.net.ar_0" site_id="229" xmltv_id="ESPN">ESPN</channel>
    <channel site="[ENC][EX]cabletel.net.ar_0" site_id="18" xmltv_id="ESPN 2">ESPN 2</channel>
    <channel site="[ENC][EX]cabletel.net.ar_0" site_id="3189" xmltv_id="ESPN 2 HD">ESPN 2 HD</channel>
    <channel site="[ENC][EX]cabletel.net.ar_0" site_id="4972" xmltv_id="ESPN 3 HD">ESPN 3 HD</channel>
    <channel site="[ENC][EX]cabletel.net.ar_0" site_id="3224" xmltv_id="ESPN EXTRA">ESPN EXTRA</channel>
    <channel site="[ENC][EX]cabletel.net.ar_0" site_id="1132" xmltv_id="ESPN EXTRA HD">ESPN EXTRA HD</channel>
    <channel site="[ENC][EX]cabletel.net.ar_0" site_id="337" xmltv_id="EUROCHANNEL">EUROCHANNEL</channel>
    <channel site="[ENC][EX]cabletel.net.ar_0" site_id="221" xmltv_id="FOX SPORTS">FOX SPORTS</channel>
    <channel site="[ENC][EX]cabletel.net.ar_0" site_id="978" xmltv_id="FOX SPORTS 2">FOX SPORTS 2</channel>
    <channel site="[ENC][EX]cabletel.net.ar_0" site_id="2785" xmltv_id="FOX SPORTS 2 HD">FOX SPORTS 2 HD</channel>
    <channel site="[ENC][EX]cabletel.net.ar_0" site_id="362" xmltv_id="FOX SPORTS 3">FOX SPORTS 3</channel>
    <channel site="[ENC][EX]cabletel.net.ar_0" site_id="2366" xmltv_id="FOX SPORTS 3 HD">FOX SPORTS 3 HD</channel>
    <channel site="[ENC][EX]cabletel.net.ar_0" site_id="979" xmltv_id="FOX SPORTS HD">FOX SPORTS HD</channel>
    <channel site="[ENC][EX]cabletel.net.ar_0" site_id="2040" xmltv_id="FX HD">FX HD</channel>
    <channel site="[ENC][EX]cabletel.net.ar_0" site_id="4094" xmltv_id="FX MOVIES">FX MOVIES</channel>
    <channel site="[ENC][EX]cabletel.net.ar_0" site_id="401" xmltv_id="GOLDEN">GOLDEN</channel>
    <channel site="[ENC][EX]cabletel.net.ar_0" site_id="1500" xmltv_id="GOLDEN HD">GOLDEN HD</channel>
    <channel site="[ENC][EX]cabletel.net.ar_0" site_id="2684" xmltv_id="HBO 2 HD">HBO 2 HD</channel>
    <channel site="[ENC][EX]cabletel.net.ar_0" site_id="2687" xmltv_id="HBO FAMILY HD">HBO FAMILY HD</channel>
    <channel site="[ENC][EX]cabletel.net.ar_0" site_id="875" xmltv_id="HBO HD">HBO HD</channel>
    <channel site="[ENC][EX]cabletel.net.ar_0" site_id="1448" xmltv_id="HBO MUNDI HD">HBO MUNDI HD</channel>
    <channel site="[ENC][EX]cabletel.net.ar_0" site_id="1549" xmltv_id="HBO MUNDI OESTE HD">HBO MUNDI OESTE HD</channel>
    <channel site="[ENC][EX]cabletel.net.ar_0" site_id="2686" xmltv_id="HBO PLUS ESTE HD">HBO PLUS ESTE HD</channel>
    <channel site="[ENC][EX]cabletel.net.ar_0" site_id="1378" xmltv_id="HBO POP HD">HBO POP HD</channel>
    <channel site="[ENC][EX]cabletel.net.ar_0" site_id="2065" xmltv_id="HBO SIGNATURE HD">HBO SIGNATURE HD</channel>
    <channel site="[ENC][EX]cabletel.net.ar_0" site_id="2688" xmltv_id="HBO XTREME ESTE HD">HBO XTREME ESTE HD</channel>
    <channel site="[ENC][EX]cabletel.net.ar_0" site_id="178" xmltv_id="HISTORY">HISTORY</channel>
    <channel site="[ENC][EX]cabletel.net.ar_0" site_id="1499" xmltv_id="HISTORY HD">HISTORY HD</channel>
    <channel site="[ENC][EX]cabletel.net.ar_0" site_id="115" xmltv_id="HTV">HTV</channel>
    <channel site="[ENC][EX]cabletel.net.ar_0" site_id="22" xmltv_id="I-SAT">I-SAT</channel>
    <channel site="[ENC][EX]cabletel.net.ar_0" site_id="9" xmltv_id="LAS ESTRELLAS">LAS ESTRELLAS</channel>
    <channel site="[ENC][EX]cabletel.net.ar_0" site_id="2235" xmltv_id="LAS ESTRELLAS HD">LAS ESTRELLAS HD</channel>
    <channel site="[ENC][EX]cabletel.net.ar_0" site_id="26" xmltv_id="MAGAZINE">MAGAZINE</channel>
    <channel site="[ENC][EX]cabletel.net.ar_0" site_id="108" xmltv_id="MAS CHIC">MAS CHIC</channel>
    <channel site="[ENC][EX]cabletel.net.ar_0" site_id="25" xmltv_id="MTV">MTV</channel>
    <channel site="[ENC][EX]cabletel.net.ar_0" site_id="319" xmltv_id="MTV00">MTV00</channel>
    <channel site="[ENC][EX]cabletel.net.ar_0" site_id="28" xmltv_id="MUCHMUSIC">MUCHMUSIC</channel>
    <channel site="[ENC][EX]cabletel.net.ar_0" site_id="3932" xmltv_id="NAT GEO KIDS">NAT GEO KIDS</channel>
    <channel site="[ENC][EX]cabletel.net.ar_0" site_id="164" xmltv_id="NATIONAL GEOGRAPHIC">NATIONAL GEOGRAPHIC</channel>
    <channel site="[ENC][EX]cabletel.net.ar_0" site_id="2710" xmltv_id="NATIONAL GEOGRAPHIC HD">NATIONAL GEOGRAPHIC HD</channel>
    <channel site="[ENC][EX]cabletel.net.ar_0" site_id="743" xmltv_id="NHK WORLD">NHK WORLD</channel>
    <channel site="[ENC][EX]cabletel.net.ar_0" site_id="60" xmltv_id="NICKELODEON">NICKELODEON</channel>
    <channel site="[ENC][EX]cabletel.net.ar_0" site_id="1492" xmltv_id="PAKAPAKA">PAKAPAKA</channel>
    <channel site="[ENC][EX]cabletel.net.ar_0" site_id="114" xmltv_id="PLAYBOY">PLAYBOY</channel>
    <channel site="[ENC][EX]cabletel.net.ar_0" site_id="779" xmltv_id="QUIERO">QUIERO</channel>
    <channel site="[ENC][EX]cabletel.net.ar_0" site_id="29" xmltv_id="RAI">RAI</channel>
    <channel site="[ENC][EX]cabletel.net.ar_0" site_id="32" xmltv_id="SONY">SONY</channel>
    <channel site="[ENC][EX]cabletel.net.ar_0" site_id="1579" xmltv_id="SONY HD">SONY HD</channel>
    <channel site="[ENC][EX]cabletel.net.ar_0" site_id="33" xmltv_id="SPACE">SPACE</channel>
    <channel site="[ENC][EX]cabletel.net.ar_0" site_id="19" xmltv_id="STAR CHANNEL">STAR CHANNEL</channel>
    <channel site="[ENC][EX]cabletel.net.ar_0" site_id="879" xmltv_id="STAR CHANNEL HD">STAR CHANNEL HD</channel>
    <channel site="[ENC][EX]cabletel.net.ar_0" site_id="366" xmltv_id="STAR LIFE">STAR LIFE</channel>
    <channel site="[ENC][EX]cabletel.net.ar_0" site_id="77" xmltv_id="STUDIO UNIVERSAL">STUDIO UNIVERSAL</channel>
    <channel site="[ENC][EX]cabletel.net.ar_0" site_id="1967" xmltv_id="TBS">TBS</channel>
    <channel site="[ENC][EX]cabletel.net.ar_0" site_id="328" xmltv_id="TCM">TCM</channel>
    <channel site="[ENC][EX]cabletel.net.ar_0" site_id="1999" xmltv_id="TECNOPOLIS">TECNOPOLIS</channel>
    <channel site="[ENC][EX]cabletel.net.ar_0" site_id="1335" xmltv_id="TELEFE">TELEFE</channel>
    <channel site="[ENC][EX]cabletel.net.ar_0" site_id="3212" xmltv_id="TELEFE HD">TELEFE HD</channel>
    <channel site="[ENC][EX]cabletel.net.ar_0" site_id="34" xmltv_id="TELEHIT">TELEHIT</channel>
    <channel site="[ENC][EX]cabletel.net.ar_0" site_id="388" xmltv_id="TELESUR">TELESUR</channel>
    <channel site="[ENC][EX]cabletel.net.ar_0" site_id="170" xmltv_id="TLNOVELAS">TLNOVELAS</channel>
    <channel site="[ENC][EX]cabletel.net.ar_0" site_id="36" xmltv_id="TN">TN</channel>
    <channel site="[ENC][EX]cabletel.net.ar_0" site_id="37" xmltv_id="TNT">TNT</channel>
    <channel site="[ENC][EX]cabletel.net.ar_0" site_id="2999" xmltv_id="TNT SERIES">TNT SERIES</channel>
    <channel site="[ENC][EX]cabletel.net.ar_0" site_id="880" xmltv_id="TOONCAST">TOONCAST</channel>
    <channel site="[ENC][EX]cabletel.net.ar_0" site_id="135" xmltv_id="TV PUBLICA">TV PUBLICA</channel>
    <channel site="[ENC][EX]cabletel.net.ar_0" site_id="1569" xmltv_id="TV PUBLICA HD">TV PUBLICA HD</channel>
    <channel site="[ENC][EX]cabletel.net.ar_0" site_id="59" xmltv_id="TVE">TVE</channel>
    <channel site="[ENC][EX]cabletel.net.ar_0" site_id="327" xmltv_id="UNIVERSAL TV">UNIVERSAL TV</channel>
    <channel site="[ENC][EX]cabletel.net.ar_0" site_id="44" xmltv_id="VENUS">VENUS</channel>
    <channel site="[ENC][EX]cabletel.net.ar_0" site_id="2197" xmltv_id="VIAJAR">VIAJAR</channel>
    <channel site="[ENC][EX]cabletel.net.ar_0" site_id="45" xmltv_id="VIVA VOLVER">VIVA VOLVER</channel>
    <channel site="[ENC][EX]cabletel.net.ar_0" site_id="46" xmltv_id="WARNER">WARNER</channel>
    <channel site="[ENC][EX]cabletel.net.ar_0" site_id="3787" xmltv_id="WARNER HD">WARNER HD</channel>
  </channels>
</site>