<?xml version="1.0" encoding="UTF-8"?>
<site generator-info-name="Tempest EPG Generator (made by Kvanc)" generator-info-url="https://github.com/K-vanc/Tempest-EPG-Generator.git" site="[ENC][EX]reportv.com.ar_0">
  <channels>
    <channel site="[ENC][EX]reportv.com.ar_0" site_id="167" xmltv_id="A&amp;E">A&amp;E</channel>
    <channel site="[ENC][EX]reportv.com.ar_0" site_id="1584" xmltv_id="A&amp;E HD">A&amp;E HD</channel>
    <channel site="[ENC][EX]reportv.com.ar_0" site_id="97" xmltv_id="AMC">AMC</channel>
    <channel site="[ENC][EX]reportv.com.ar_0" site_id="4" xmltv_id="AMERICA 2">AMERICA 2</channel>
    <channel site="[ENC][EX]reportv.com.ar_0" site_id="3248" xmltv_id="AMERICA 2 HD">AMERICA 2 HD</channel>
    <channel site="[ENC][EX]reportv.com.ar_0" site_id="343" xmltv_id="AMERICA 24">AMERICA 24</channel>
    <channel site="[ENC][EX]reportv.com.ar_0" site_id="84" xmltv_id="AMERICA SPORTS">AMERICA SPORTS</channel>
    <channel site="[ENC][EX]reportv.com.ar_0" site_id="100" xmltv_id="AXN">AXN</channel>
    <channel site="[ENC][EX]reportv.com.ar_0" site_id="1862" xmltv_id="AXN HD">AXN HD</channel>
    <channel site="[ENC][EX]reportv.com.ar_0" site_id="695" xmltv_id="BABY TV">BABY TV</channel>
    <channel site="[ENC][EX]reportv.com.ar_0" site_id="709" xmltv_id="C5N">C5N</channel>
    <channel site="[ENC][EX]reportv.com.ar_0" site_id="3" xmltv_id="CANAL 26">CANAL 26</channel>
    <channel site="[ENC][EX]reportv.com.ar_0" site_id="2332" xmltv_id="CANAL DE LA CIUDAD">CANAL DE LA CIUDAD</channel>
    <channel site="[ENC][EX]reportv.com.ar_0" site_id="11" xmltv_id="CANAL RURAL">CANAL RURAL</channel>
    <channel site="[ENC][EX]reportv.com.ar_0" site_id="226" xmltv_id="CARTOON NETWORK">CARTOON NETWORK</channel>
    <channel site="[ENC][EX]reportv.com.ar_0" site_id="2845" xmltv_id="CARTOON NETWORK HD">CARTOON NETWORK HD</channel>
    <channel site="[ENC][EX]reportv.com.ar_0" site_id="1605" xmltv_id="CINE.AR">CINE.AR</channel>
    <channel site="[ENC][EX]reportv.com.ar_0" site_id="15" xmltv_id="CINECANAL">CINECANAL</channel>
    <channel site="[ENC][EX]reportv.com.ar_0" site_id="3445" xmltv_id="CINECANAL HD">CINECANAL HD</channel>
    <channel site="[ENC][EX]reportv.com.ar_0" site_id="2292" xmltv_id="CINEMAX">CINEMAX</channel>
    <channel site="[ENC][EX]reportv.com.ar_0" site_id="62" xmltv_id="CNN EN ESPAÃ'OL">CNN EN ESPAÃ'OL</channel>
    <channel site="[ENC][EX]reportv.com.ar_0" site_id="192" xmltv_id="CRONICA TV">CRONICA TV</channel>
    <channel site="[ENC][EX]reportv.com.ar_0" site_id="2195" xmltv_id="DEPORTV">DEPORTV</channel>
    <channel site="[ENC][EX]reportv.com.ar_0" site_id="17" xmltv_id="DISCOVERY">DISCOVERY</channel>
    <channel site="[ENC][EX]reportv.com.ar_0" site_id="3066" xmltv_id="DISCOVERY HD">DISCOVERY HD</channel>
    <channel site="[ENC][EX]reportv.com.ar_0" site_id="1181" xmltv_id="DISCOVERY HD THEATER">DISCOVERY HD THEATER</channel>
    <channel site="[ENC][EX]reportv.com.ar_0" site_id="340" xmltv_id="DISCOVERY HOME AND HEALTH">DISCOVERY HOME AND HEALTH</channel>
    <channel site="[ENC][EX]reportv.com.ar_0" site_id="2218" xmltv_id="DISCOVERY HOME AND HEALTH HD">DISCOVERY HOME AND HEALTH HD</channel>
    <channel site="[ENC][EX]reportv.com.ar_0" site_id="4902" xmltv_id="DISCOVERY ID HD">DISCOVERY ID HD</channel>
    <channel site="[ENC][EX]reportv.com.ar_0" site_id="76" xmltv_id="DISCOVERY KIDS">DISCOVERY KIDS</channel>
    <channel site="[ENC][EX]reportv.com.ar_0" site_id="3531" xmltv_id="DISCOVERY KIDS HD">DISCOVERY KIDS HD</channel>
    <channel site="[ENC][EX]reportv.com.ar_0" site_id="493" xmltv_id="DISCOVERY SCIENCE">DISCOVERY SCIENCE</channel>
    <channel site="[ENC][EX]reportv.com.ar_0" site_id="492" xmltv_id="DISCOVERY TURBO">DISCOVERY TURBO</channel>
    <channel site="[ENC][EX]reportv.com.ar_0" site_id="1389" xmltv_id="DISCOVERY WORLD HD">DISCOVERY WORLD HD</channel>
    <channel site="[ENC][EX]reportv.com.ar_0" site_id="136" xmltv_id="DISNEY">DISNEY</channel>
    <channel site="[ENC][EX]reportv.com.ar_0" site_id="4367" xmltv_id="DISNEY HD">DISNEY HD</channel>
    <channel site="[ENC][EX]reportv.com.ar_0" site_id="756" xmltv_id="DISNEY JR">DISNEY JR</channel>
    <channel site="[ENC][EX]reportv.com.ar_0" site_id="50" xmltv_id="E ENTERTAIMENT">E ENTERTAIMENT</channel>
    <channel site="[ENC][EX]reportv.com.ar_0" site_id="125" xmltv_id="EL GOURMET">EL GOURMET</channel>
    <channel site="[ENC][EX]reportv.com.ar_0" site_id="1612" xmltv_id="EL NUEVE">EL NUEVE</channel>
    <channel site="[ENC][EX]reportv.com.ar_0" site_id="2809" xmltv_id="EL NUEVE HD">EL NUEVE HD</channel>
    <channel site="[ENC][EX]reportv.com.ar_0" site_id="290" xmltv_id="EL TRECE">EL TRECE</channel>
    <channel site="[ENC][EX]reportv.com.ar_0" site_id="3067" xmltv_id="EL TRECE HD">EL TRECE HD</channel>
    <channel site="[ENC][EX]reportv.com.ar_0" site_id="477" xmltv_id="ENCUENTRO">ENCUENTRO</channel>
    <channel site="[ENC][EX]reportv.com.ar_0" site_id="229" xmltv_id="ESPN">ESPN</channel>
    <channel site="[ENC][EX]reportv.com.ar_0" site_id="18" xmltv_id="ESPN 2">ESPN 2</channel>
    <channel site="[ENC][EX]reportv.com.ar_0" site_id="3429" xmltv_id="ESPN 2 HD">ESPN 2 HD</channel>
    <channel site="[ENC][EX]reportv.com.ar_0" site_id="4971" xmltv_id="ESPN 3">ESPN 3</channel>
    <channel site="[ENC][EX]reportv.com.ar_0" site_id="4972" xmltv_id="ESPN 3 HD">ESPN 3 HD</channel>
    <channel site="[ENC][EX]reportv.com.ar_0" site_id="1132" xmltv_id="ESPN EXTRA HD">ESPN EXTRA HD</channel>
    <channel site="[ENC][EX]reportv.com.ar_0" site_id="3189" xmltv_id="ESPN HD">ESPN HD</channel>
    <channel site="[ENC][EX]reportv.com.ar_0" site_id="3408" xmltv_id="EVENTOS HD">EVENTOS HD</channel>
    <channel site="[ENC][EX]reportv.com.ar_0" site_id="3407" xmltv_id="EVENTOS PARA TODOS">EVENTOS PARA TODOS</channel>
    <channel site="[ENC][EX]reportv.com.ar_0" site_id="3391" xmltv_id="FILM&amp;ARTS HD">FILM&amp;ARTS HD</channel>
    <channel site="[ENC][EX]reportv.com.ar_0" site_id="221" xmltv_id="FOX SPORTS">FOX SPORTS</channel>
    <channel site="[ENC][EX]reportv.com.ar_0" site_id="978" xmltv_id="FOX SPORTS 2">FOX SPORTS 2</channel>
    <channel site="[ENC][EX]reportv.com.ar_0" site_id="2785" xmltv_id="FOX SPORTS 2 HD">FOX SPORTS 2 HD</channel>
    <channel site="[ENC][EX]reportv.com.ar_0" site_id="362" xmltv_id="FOX SPORTS 3">FOX SPORTS 3</channel>
    <channel site="[ENC][EX]reportv.com.ar_0" site_id="2366" xmltv_id="FOX SPORTS 3 HD">FOX SPORTS 3 HD</channel>
    <channel site="[ENC][EX]reportv.com.ar_0" site_id="979" xmltv_id="FOX SPORTS HD">FOX SPORTS HD</channel>
    <channel site="[ENC][EX]reportv.com.ar_0" site_id="353" xmltv_id="FX">FX</channel>
    <channel site="[ENC][EX]reportv.com.ar_0" site_id="2040" xmltv_id="FX HD">FX HD</channel>
    <channel site="[ENC][EX]reportv.com.ar_0" site_id="104" xmltv_id="GLITZ">GLITZ</channel>
    <channel site="[ENC][EX]reportv.com.ar_0" site_id="21" xmltv_id="HBO">HBO</channel>
    <channel site="[ENC][EX]reportv.com.ar_0" site_id="2684" xmltv_id="HBO 2">HBO 2</channel>
    <channel site="[ENC][EX]reportv.com.ar_0" site_id="2127" xmltv_id="HBO 2 HD">HBO 2 HD</channel>
    <channel site="[ENC][EX]reportv.com.ar_0" site_id="335" xmltv_id="HBO FAMILY">HBO FAMILY</channel>
    <channel site="[ENC][EX]reportv.com.ar_0" site_id="2687" xmltv_id="HBO FAMILY HD">HBO FAMILY HD</channel>
    <channel site="[ENC][EX]reportv.com.ar_0" site_id="875" xmltv_id="HBO HD">HBO HD</channel>
    <channel site="[ENC][EX]reportv.com.ar_0" site_id="1448" xmltv_id="HBO MUNDI HD">HBO MUNDI HD</channel>
    <channel site="[ENC][EX]reportv.com.ar_0" site_id="2165" xmltv_id="HBO PLUS">HBO PLUS</channel>
    <channel site="[ENC][EX]reportv.com.ar_0" site_id="2686" xmltv_id="HBO PLUS HD">HBO PLUS HD</channel>
    <channel site="[ENC][EX]reportv.com.ar_0" site_id="1378" xmltv_id="HBO POP HD">HBO POP HD</channel>
    <channel site="[ENC][EX]reportv.com.ar_0" site_id="2065" xmltv_id="HBO SIGNATURE HD">HBO SIGNATURE HD</channel>
    <channel site="[ENC][EX]reportv.com.ar_0" site_id="2688" xmltv_id="HBO XTREME HD">HBO XTREME HD</channel>
    <channel site="[ENC][EX]reportv.com.ar_0" site_id="1531" xmltv_id="HGTV">HGTV</channel>
    <channel site="[ENC][EX]reportv.com.ar_0" site_id="178" xmltv_id="HISTORY">HISTORY</channel>
    <channel site="[ENC][EX]reportv.com.ar_0" site_id="2823" xmltv_id="HISTORY 2">HISTORY 2</channel>
    <channel site="[ENC][EX]reportv.com.ar_0" site_id="5201" xmltv_id="HISTORY HD">HISTORY HD</channel>
    <channel site="[ENC][EX]reportv.com.ar_0" site_id="22" xmltv_id="I-SAT">I-SAT</channel>
    <channel site="[ENC][EX]reportv.com.ar_0" site_id="3644" xmltv_id="LA NACION +">LA NACION +</channel>
    <channel site="[ENC][EX]reportv.com.ar_0" site_id="9" xmltv_id="LAS ESTRELLAS">LAS ESTRELLAS</channel>
    <channel site="[ENC][EX]reportv.com.ar_0" site_id="2235" xmltv_id="LAS ESTRELLAS HD">LAS ESTRELLAS HD</channel>
    <channel site="[ENC][EX]reportv.com.ar_0" site_id="26" xmltv_id="MAGAZINE">MAGAZINE</channel>
    <channel site="[ENC][EX]reportv.com.ar_0" site_id="27" xmltv_id="METRO">METRO</channel>
    <channel site="[ENC][EX]reportv.com.ar_0" site_id="25" xmltv_id="MTV">MTV</channel>
    <channel site="[ENC][EX]reportv.com.ar_0" site_id="319" xmltv_id="MTV00">MTV00</channel>
    <channel site="[ENC][EX]reportv.com.ar_0" site_id="164" xmltv_id="NAT GEO">NAT GEO</channel>
    <channel site="[ENC][EX]reportv.com.ar_0" site_id="2710" xmltv_id="NAT GEO HD">NAT GEO HD</channel>
    <channel site="[ENC][EX]reportv.com.ar_0" site_id="60" xmltv_id="NICKELODEON">NICKELODEON</channel>
    <channel site="[ENC][EX]reportv.com.ar_0" site_id="1492" xmltv_id="PAKA PAKA">PAKA PAKA</channel>
    <channel site="[ENC][EX]reportv.com.ar_0" site_id="779" xmltv_id="QUIERO">QUIERO</channel>
    <channel site="[ENC][EX]reportv.com.ar_0" site_id="2511" xmltv_id="RADIO CADENA">RADIO CADENA</channel>
    <channel site="[ENC][EX]reportv.com.ar_0" site_id="1680" xmltv_id="RADIO CONTINENTAL">RADIO CONTINENTAL</channel>
    <channel site="[ENC][EX]reportv.com.ar_0" site_id="758" xmltv_id="RADIO LA100">RADIO LA100</channel>
    <channel site="[ENC][EX]reportv.com.ar_0" site_id="757" xmltv_id="RADIO MITRE">RADIO MITRE</channel>
    <channel site="[ENC][EX]reportv.com.ar_0" site_id="3054" xmltv_id="RADIO NACIONAL">RADIO NACIONAL</channel>
    <channel site="[ENC][EX]reportv.com.ar_0" site_id="4625" xmltv_id="RAI HD">RAI HD</channel>
    <channel site="[ENC][EX]reportv.com.ar_0" site_id="4928" xmltv_id="SOMOS">SOMOS</channel>
    <channel site="[ENC][EX]reportv.com.ar_0" site_id="32" xmltv_id="SONY">SONY</channel>
    <channel site="[ENC][EX]reportv.com.ar_0" site_id="1579" xmltv_id="SONY HD">SONY HD</channel>
    <channel site="[ENC][EX]reportv.com.ar_0" site_id="33" xmltv_id="SPACE">SPACE</channel>
    <channel site="[ENC][EX]reportv.com.ar_0" site_id="4535" xmltv_id="SPACE HD">SPACE HD</channel>
    <channel site="[ENC][EX]reportv.com.ar_0" site_id="19" xmltv_id="STAR CHANNEL">STAR CHANNEL</channel>
    <channel site="[ENC][EX]reportv.com.ar_0" site_id="879" xmltv_id="STAR CHANNEL HD">STAR CHANNEL HD</channel>
    <channel site="[ENC][EX]reportv.com.ar_0" site_id="77" xmltv_id="STUDIO UNIVERSAL">STUDIO UNIVERSAL</channel>
    <channel site="[ENC][EX]reportv.com.ar_0" site_id="328" xmltv_id="TCM">TCM</channel>
    <channel site="[ENC][EX]reportv.com.ar_0" site_id="35" xmltv_id="TELEFE">TELEFE</channel>
    <channel site="[ENC][EX]reportv.com.ar_0" site_id="2354" xmltv_id="TELEFE HD">TELEFE HD</channel>
    <channel site="[ENC][EX]reportv.com.ar_0" site_id="36" xmltv_id="TN">TN</channel>
    <channel site="[ENC][EX]reportv.com.ar_0" site_id="1847" xmltv_id="TN HD">TN HD</channel>
    <channel site="[ENC][EX]reportv.com.ar_0" site_id="37" xmltv_id="TNT">TNT</channel>
    <channel site="[ENC][EX]reportv.com.ar_0" site_id="4230" xmltv_id="TNT HD">TNT HD</channel>
    <channel site="[ENC][EX]reportv.com.ar_0" site_id="8200" xmltv_id="TNT NOVELAS">TNT NOVELAS</channel>
    <channel site="[ENC][EX]reportv.com.ar_0" site_id="8201" xmltv_id="TNT NOVELAS HD">TNT NOVELAS HD</channel>
    <channel site="[ENC][EX]reportv.com.ar_0" site_id="2999" xmltv_id="TNT SERIES">TNT SERIES</channel>
    <channel site="[ENC][EX]reportv.com.ar_0" site_id="3421" xmltv_id="TNT SERIES HD">TNT SERIES HD</channel>
    <channel site="[ENC][EX]reportv.com.ar_0" site_id="912" xmltv_id="TRU TV">TRU TV</channel>
    <channel site="[ENC][EX]reportv.com.ar_0" site_id="1260" xmltv_id="TRU TV HD">TRU TV HD</channel>
    <channel site="[ENC][EX]reportv.com.ar_0" site_id="135" xmltv_id="TV PUBLICA">TV PUBLICA</channel>
    <channel site="[ENC][EX]reportv.com.ar_0" site_id="1569" xmltv_id="TV PUBLICA HD">TV PUBLICA HD</channel>
    <channel site="[ENC][EX]reportv.com.ar_0" site_id="59" xmltv_id="TVE">TVE</channel>
    <channel site="[ENC][EX]reportv.com.ar_0" site_id="40" xmltv_id="TYC SPORTS">TYC SPORTS</channel>
    <channel site="[ENC][EX]reportv.com.ar_0" site_id="2355" xmltv_id="TYC SPORTS HD">TYC SPORTS HD</channel>
    <channel site="[ENC][EX]reportv.com.ar_0" site_id="327" xmltv_id="UNIVERSAL TV">UNIVERSAL TV</channel>
    <channel site="[ENC][EX]reportv.com.ar_0" site_id="1508" xmltv_id="UNIVERSAL TV HD">UNIVERSAL TV HD</channel>
    <channel site="[ENC][EX]reportv.com.ar_0" site_id="8327" xmltv_id="USA NETWORK">USA NETWORK</channel>
    <channel site="[ENC][EX]reportv.com.ar_0" site_id="45" xmltv_id="VOLVER">VOLVER</channel>
    <channel site="[ENC][EX]reportv.com.ar_0" site_id="46" xmltv_id="WARNER">WARNER</channel>
    <channel site="[ENC][EX]reportv.com.ar_0" site_id="3787" xmltv_id="WARNER HD">WARNER HD</channel>
  </channels>
</site>