<?xml version="1.0" encoding="UTF-8"?>
<site generator-info-name="Tempest EPG Generator (made by Kvanc)" generator-info-url="https://github.com/K-vanc/Tempest-EPG-Generator.git" site="[ENC][EX]bahiavision.com.ar_0">
  <channels>
    <channel site="[ENC][EX]bahiavision.com.ar_0" site_id="3" xmltv_id="26 TV">26 TV</channel>
    <channel site="[ENC][EX]bahiavision.com.ar_0" site_id="2000" xmltv_id="360 TV">360 TV</channel>
    <channel site="[ENC][EX]bahiavision.com.ar_0" site_id="167" xmltv_id="A&amp;E">A&amp;E</channel>
    <channel site="[ENC][EX]bahiavision.com.ar_0" site_id="3059" xmltv_id="A&amp;E HD">A&amp;E HD</channel>
    <channel site="[ENC][EX]bahiavision.com.ar_0" site_id="97" xmltv_id="AMC">AMC</channel>
    <channel site="[ENC][EX]bahiavision.com.ar_0" site_id="1250" xmltv_id="AMC HD">AMC HD</channel>
    <channel site="[ENC][EX]bahiavision.com.ar_0" site_id="343" xmltv_id="AMERICA 24">AMERICA 24</channel>
    <channel site="[ENC][EX]bahiavision.com.ar_0" site_id="84" xmltv_id="AMERICA SPORTS">AMERICA SPORTS</channel>
    <channel site="[ENC][EX]bahiavision.com.ar_0" site_id="4" xmltv_id="AMERICA TV">AMERICA TV</channel>
    <channel site="[ENC][EX]bahiavision.com.ar_0" site_id="1623" xmltv_id="ANIMAL PLANET">ANIMAL PLANET</channel>
    <channel site="[ENC][EX]bahiavision.com.ar_0" site_id="4605" xmltv_id="ANIMAL PLANET HD">ANIMAL PLANET HD</channel>
    <channel site="[ENC][EX]bahiavision.com.ar_0" site_id="57" xmltv_id="ARGENTINISIMA">ARGENTINISIMA</channel>
    <channel site="[ENC][EX]bahiavision.com.ar_0" site_id="100" xmltv_id="AXN">AXN</channel>
    <channel site="[ENC][EX]bahiavision.com.ar_0" site_id="1862" xmltv_id="AXN HD">AXN HD</channel>
    <channel site="[ENC][EX]bahiavision.com.ar_0" site_id="695" xmltv_id="BABY TV">BABY TV</channel>
    <channel site="[ENC][EX]bahiavision.com.ar_0" site_id="2130" xmltv_id="BVC HD">BVC HD</channel>
    <channel site="[ENC][EX]bahiavision.com.ar_0" site_id="709" xmltv_id="C5N">C5N</channel>
    <channel site="[ENC][EX]bahiavision.com.ar_0" site_id="101" xmltv_id="CANAL 7 BB">CANAL 7 BB</channel>
    <channel site="[ENC][EX]bahiavision.com.ar_0" site_id="2194" xmltv_id="CANAL 7 BB HD">CANAL 7 BB HD</channel>
    <channel site="[ENC][EX]bahiavision.com.ar_0" site_id="230" xmltv_id="CANAL DE LA MUSICA">CANAL DE LA MUSICA</channel>
    <channel site="[ENC][EX]bahiavision.com.ar_0" site_id="2270" xmltv_id="CANAL LUZ HD">CANAL LUZ HD</channel>
    <channel site="[ENC][EX]bahiavision.com.ar_0" site_id="11" xmltv_id="CANAL RURAL">CANAL RURAL</channel>
    <channel site="[ENC][EX]bahiavision.com.ar_0" site_id="273" xmltv_id="CANAL VASCO">CANAL VASCO</channel>
    <channel site="[ENC][EX]bahiavision.com.ar_0" site_id="226" xmltv_id="CARTOON NETWORK">CARTOON NETWORK</channel>
    <channel site="[ENC][EX]bahiavision.com.ar_0" site_id="2845" xmltv_id="CARTOON NETWORK HD">CARTOON NETWORK HD</channel>
    <channel site="[ENC][EX]bahiavision.com.ar_0" site_id="1605" xmltv_id="CINE.AR">CINE.AR</channel>
    <channel site="[ENC][EX]bahiavision.com.ar_0" site_id="15" xmltv_id="CINECANAL">CINECANAL</channel>
    <channel site="[ENC][EX]bahiavision.com.ar_0" site_id="3445" xmltv_id="CINECANAL HD">CINECANAL HD</channel>
    <channel site="[ENC][EX]bahiavision.com.ar_0" site_id="2292" xmltv_id="CINEMAX">CINEMAX</channel>
    <channel site="[ENC][EX]bahiavision.com.ar_0" site_id="3142" xmltv_id="CINEMAX HD">CINEMAX HD</channel>
    <channel site="[ENC][EX]bahiavision.com.ar_0" site_id="1345" xmltv_id="CN 23">CN 23</channel>
    <channel site="[ENC][EX]bahiavision.com.ar_0" site_id="13" xmltv_id="CNN">CNN</channel>
    <channel site="[ENC][EX]bahiavision.com.ar_0" site_id="62" xmltv_id="CNN EN ESPANOL">CNN EN ESPANOL</channel>
    <channel site="[ENC][EX]bahiavision.com.ar_0" site_id="3953" xmltv_id="COMEDY CENTRAL HD">COMEDY CENTRAL HD</channel>
    <channel site="[ENC][EX]bahiavision.com.ar_0" site_id="1813" xmltv_id="CONSTRUIR">CONSTRUIR</channel>
    <channel site="[ENC][EX]bahiavision.com.ar_0" site_id="192" xmltv_id="CRONICA TV">CRONICA TV</channel>
    <channel site="[ENC][EX]bahiavision.com.ar_0" site_id="2198" xmltv_id="DEPORTV">DEPORTV</channel>
    <channel site="[ENC][EX]bahiavision.com.ar_0" site_id="2195" xmltv_id="DEPORTV HD">DEPORTV HD</channel>
    <channel site="[ENC][EX]bahiavision.com.ar_0" site_id="17" xmltv_id="DISCOVERY">DISCOVERY</channel>
    <channel site="[ENC][EX]bahiavision.com.ar_0" site_id="3066" xmltv_id="DISCOVERY HD">DISCOVERY HD</channel>
    <channel site="[ENC][EX]bahiavision.com.ar_0" site_id="340" xmltv_id="DISCOVERY HOME AND HEALTH">DISCOVERY HOME AND HEALTH</channel>
    <channel site="[ENC][EX]bahiavision.com.ar_0" site_id="2218" xmltv_id="DISCOVERY HOME AND HEALTH HD">DISCOVERY HOME AND HEALTH HD</channel>
    <channel site="[ENC][EX]bahiavision.com.ar_0" site_id="4902" xmltv_id="DISCOVERY ID HD">DISCOVERY ID HD</channel>
    <channel site="[ENC][EX]bahiavision.com.ar_0" site_id="76" xmltv_id="DISCOVERY KIDS">DISCOVERY KIDS</channel>
    <channel site="[ENC][EX]bahiavision.com.ar_0" site_id="3531" xmltv_id="DISCOVERY KIDS HD">DISCOVERY KIDS HD</channel>
    <channel site="[ENC][EX]bahiavision.com.ar_0" site_id="4704" xmltv_id="DISCOVERY SCIENCE HD">DISCOVERY SCIENCE HD</channel>
    <channel site="[ENC][EX]bahiavision.com.ar_0" site_id="1181" xmltv_id="DISCOVERY THEATER">DISCOVERY THEATER</channel>
    <channel site="[ENC][EX]bahiavision.com.ar_0" site_id="3223" xmltv_id="DISCOVERY TURBO HD">DISCOVERY TURBO HD</channel>
    <channel site="[ENC][EX]bahiavision.com.ar_0" site_id="1389" xmltv_id="DISCOVERY WORLD HD">DISCOVERY WORLD HD</channel>
    <channel site="[ENC][EX]bahiavision.com.ar_0" site_id="136" xmltv_id="DISNEY">DISNEY</channel>
    <channel site="[ENC][EX]bahiavision.com.ar_0" site_id="4367" xmltv_id="DISNEY HD">DISNEY HD</channel>
    <channel site="[ENC][EX]bahiavision.com.ar_0" site_id="756" xmltv_id="DISNEY JR">DISNEY JR</channel>
    <channel site="[ENC][EX]bahiavision.com.ar_0" site_id="325" xmltv_id="DISNEY XD">DISNEY XD</channel>
    <channel site="[ENC][EX]bahiavision.com.ar_0" site_id="2067" xmltv_id="DW (DEUTSCH+)">DW (DEUTSCH+)</channel>
    <channel site="[ENC][EX]bahiavision.com.ar_0" site_id="16" xmltv_id="DW ESPAÃ'OL">DW ESPAÃ'OL</channel>
    <channel site="[ENC][EX]bahiavision.com.ar_0" site_id="358" xmltv_id="EL GARAGE HD">EL GARAGE HD</channel>
    <channel site="[ENC][EX]bahiavision.com.ar_0" site_id="125" xmltv_id="EL GOURMET">EL GOURMET</channel>
    <channel site="[ENC][EX]bahiavision.com.ar_0" site_id="3244" xmltv_id="EL GOURMET HD">EL GOURMET HD</channel>
    <channel site="[ENC][EX]bahiavision.com.ar_0" site_id="1612" xmltv_id="EL NUEVE">EL NUEVE</channel>
    <channel site="[ENC][EX]bahiavision.com.ar_0" site_id="477" xmltv_id="ENCUENTRO">ENCUENTRO</channel>
    <channel site="[ENC][EX]bahiavision.com.ar_0" site_id="413" xmltv_id="ENLACE TBN">ENLACE TBN</channel>
    <channel site="[ENC][EX]bahiavision.com.ar_0" site_id="50" xmltv_id="ENTERTAINMENT HD">ENTERTAINMENT HD</channel>
    <channel site="[ENC][EX]bahiavision.com.ar_0" site_id="229" xmltv_id="ESPN">ESPN</channel>
    <channel site="[ENC][EX]bahiavision.com.ar_0" site_id="18" xmltv_id="ESPN 2">ESPN 2</channel>
    <channel site="[ENC][EX]bahiavision.com.ar_0" site_id="3429" xmltv_id="ESPN 2 HD">ESPN 2 HD</channel>
    <channel site="[ENC][EX]bahiavision.com.ar_0" site_id="4971" xmltv_id="ESPN 3">ESPN 3</channel>
    <channel site="[ENC][EX]bahiavision.com.ar_0" site_id="4972" xmltv_id="ESPN 3 HD">ESPN 3 HD</channel>
    <channel site="[ENC][EX]bahiavision.com.ar_0" site_id="1132" xmltv_id="ESPN EXTRA HD">ESPN EXTRA HD</channel>
    <channel site="[ENC][EX]bahiavision.com.ar_0" site_id="3189" xmltv_id="ESPN HD">ESPN HD</channel>
    <channel site="[ENC][EX]bahiavision.com.ar_0" site_id="9" xmltv_id="ESTRELLAS">ESTRELLAS</channel>
    <channel site="[ENC][EX]bahiavision.com.ar_0" site_id="184" xmltv_id="EUROPA EUROPA">EUROPA EUROPA</channel>
    <channel site="[ENC][EX]bahiavision.com.ar_0" site_id="3478" xmltv_id="EUROPA EUROPA HD">EUROPA EUROPA HD</channel>
    <channel site="[ENC][EX]bahiavision.com.ar_0" site_id="64" xmltv_id="EWTN">EWTN</channel>
    <channel site="[ENC][EX]bahiavision.com.ar_0" site_id="63" xmltv_id="FILM&amp;ARTS">FILM&amp;ARTS</channel>
    <channel site="[ENC][EX]bahiavision.com.ar_0" site_id="3391" xmltv_id="FILM&amp;ARTS HD">FILM&amp;ARTS HD</channel>
    <channel site="[ENC][EX]bahiavision.com.ar_0" site_id="221" xmltv_id="FOX SPORTS">FOX SPORTS</channel>
    <channel site="[ENC][EX]bahiavision.com.ar_0" site_id="978" xmltv_id="FOX SPORTS 2">FOX SPORTS 2</channel>
    <channel site="[ENC][EX]bahiavision.com.ar_0" site_id="2785" xmltv_id="FOX SPORTS 2 HD">FOX SPORTS 2 HD</channel>
    <channel site="[ENC][EX]bahiavision.com.ar_0" site_id="5868" xmltv_id="FOX SPORTS 3 HD">FOX SPORTS 3 HD</channel>
    <channel site="[ENC][EX]bahiavision.com.ar_0" site_id="979" xmltv_id="FOX SPORTS HD">FOX SPORTS HD</channel>
    <channel site="[ENC][EX]bahiavision.com.ar_0" site_id="3985" xmltv_id="FOX SPORTS PREMIUM HD">FOX SPORTS PREMIUM HD</channel>
    <channel site="[ENC][EX]bahiavision.com.ar_0" site_id="353" xmltv_id="FX">FX</channel>
    <channel site="[ENC][EX]bahiavision.com.ar_0" site_id="2040" xmltv_id="FX HD">FX HD</channel>
    <channel site="[ENC][EX]bahiavision.com.ar_0" site_id="4094" xmltv_id="FX MOVIES">FX MOVIES</channel>
    <channel site="[ENC][EX]bahiavision.com.ar_0" site_id="4098" xmltv_id="FX MOVIES HD">FX MOVIES HD</channel>
    <channel site="[ENC][EX]bahiavision.com.ar_0" site_id="104" xmltv_id="GLITZ">GLITZ</channel>
    <channel site="[ENC][EX]bahiavision.com.ar_0" site_id="401" xmltv_id="GOLDEN">GOLDEN</channel>
    <channel site="[ENC][EX]bahiavision.com.ar_0" site_id="4993" xmltv_id="GOLDEN HD">GOLDEN HD</channel>
    <channel site="[ENC][EX]bahiavision.com.ar_0" site_id="2823" xmltv_id="H2 HD">H2 HD</channel>
    <channel site="[ENC][EX]bahiavision.com.ar_0" site_id="2684" xmltv_id="HBO 2 HD">HBO 2 HD</channel>
    <channel site="[ENC][EX]bahiavision.com.ar_0" site_id="2687" xmltv_id="HBO FAMILY HD">HBO FAMILY HD</channel>
    <channel site="[ENC][EX]bahiavision.com.ar_0" site_id="875" xmltv_id="HBO HD">HBO HD</channel>
    <channel site="[ENC][EX]bahiavision.com.ar_0" site_id="1448" xmltv_id="HBO MUNDI HD">HBO MUNDI HD</channel>
    <channel site="[ENC][EX]bahiavision.com.ar_0" site_id="2686" xmltv_id="HBO PLUS HD">HBO PLUS HD</channel>
    <channel site="[ENC][EX]bahiavision.com.ar_0" site_id="1378" xmltv_id="HBO POP HD">HBO POP HD</channel>
    <channel site="[ENC][EX]bahiavision.com.ar_0" site_id="2065" xmltv_id="HBO SIGNATURE HD">HBO SIGNATURE HD</channel>
    <channel site="[ENC][EX]bahiavision.com.ar_0" site_id="2688" xmltv_id="HBO XTREME HD">HBO XTREME HD</channel>
    <channel site="[ENC][EX]bahiavision.com.ar_0" site_id="3617" xmltv_id="HGTV HD">HGTV HD</channel>
    <channel site="[ENC][EX]bahiavision.com.ar_0" site_id="178" xmltv_id="HISTORY">HISTORY</channel>
    <channel site="[ENC][EX]bahiavision.com.ar_0" site_id="1499" xmltv_id="HISTORY HD">HISTORY HD</channel>
    <channel site="[ENC][EX]bahiavision.com.ar_0" site_id="115" xmltv_id="HTV HD">HTV HD</channel>
    <channel site="[ENC][EX]bahiavision.com.ar_0" site_id="6158" xmltv_id="IP">IP</channel>
    <channel site="[ENC][EX]bahiavision.com.ar_0" site_id="22" xmltv_id="ISAT">ISAT</channel>
    <channel site="[ENC][EX]bahiavision.com.ar_0" site_id="2788" xmltv_id="LIFETIME HD">LIFETIME HD</channel>
    <channel site="[ENC][EX]bahiavision.com.ar_0" site_id="3644" xmltv_id="LN+">LN+</channel>
    <channel site="[ENC][EX]bahiavision.com.ar_0" site_id="108" xmltv_id="MAS CHIC HD">MAS CHIC HD</channel>
    <channel site="[ENC][EX]bahiavision.com.ar_0" site_id="25" xmltv_id="MTV">MTV</channel>
    <channel site="[ENC][EX]bahiavision.com.ar_0" site_id="3858" xmltv_id="MTV HD">MTV HD</channel>
    <channel site="[ENC][EX]bahiavision.com.ar_0" site_id="3932" xmltv_id="NAT GEO KIDS">NAT GEO KIDS</channel>
    <channel site="[ENC][EX]bahiavision.com.ar_0" site_id="164" xmltv_id="NATGEO">NATGEO</channel>
    <channel site="[ENC][EX]bahiavision.com.ar_0" site_id="2710" xmltv_id="NATGEO HD">NATGEO HD</channel>
    <channel site="[ENC][EX]bahiavision.com.ar_0" site_id="1403" xmltv_id="NATGEO WILD HD">NATGEO WILD HD</channel>
    <channel site="[ENC][EX]bahiavision.com.ar_0" site_id="816" xmltv_id="NICK JR HD">NICK JR HD</channel>
    <channel site="[ENC][EX]bahiavision.com.ar_0" site_id="60" xmltv_id="NICKELODEON">NICKELODEON</channel>
    <channel site="[ENC][EX]bahiavision.com.ar_0" site_id="3952" xmltv_id="NICKELODEON HD">NICKELODEON HD</channel>
    <channel site="[ENC][EX]bahiavision.com.ar_0" site_id="1492" xmltv_id="PAKAPAKA">PAKAPAKA</channel>
    <channel site="[ENC][EX]bahiavision.com.ar_0" site_id="2908" xmltv_id="PARAMOUNT HD">PARAMOUNT HD</channel>
    <channel site="[ENC][EX]bahiavision.com.ar_0" site_id="29" xmltv_id="RAI">RAI</channel>
    <channel site="[ENC][EX]bahiavision.com.ar_0" site_id="32" xmltv_id="SONY">SONY</channel>
    <channel site="[ENC][EX]bahiavision.com.ar_0" site_id="1579" xmltv_id="SONY HD">SONY HD</channel>
    <channel site="[ENC][EX]bahiavision.com.ar_0" site_id="33" xmltv_id="SPACE">SPACE</channel>
    <channel site="[ENC][EX]bahiavision.com.ar_0" site_id="4535" xmltv_id="SPACE HD">SPACE HD</channel>
    <channel site="[ENC][EX]bahiavision.com.ar_0" site_id="19" xmltv_id="STAR CHANNEL">STAR CHANNEL</channel>
    <channel site="[ENC][EX]bahiavision.com.ar_0" site_id="879" xmltv_id="STAR CHANNEL HD">STAR CHANNEL HD</channel>
    <channel site="[ENC][EX]bahiavision.com.ar_0" site_id="366" xmltv_id="STAR LIFE">STAR LIFE</channel>
    <channel site="[ENC][EX]bahiavision.com.ar_0" site_id="3400" xmltv_id="STAR LIFE HD">STAR LIFE HD</channel>
    <channel site="[ENC][EX]bahiavision.com.ar_0" site_id="77" xmltv_id="STUDIO UNIVERSAL">STUDIO UNIVERSAL</channel>
    <channel site="[ENC][EX]bahiavision.com.ar_0" site_id="760" xmltv_id="SYFY">SYFY</channel>
    <channel site="[ENC][EX]bahiavision.com.ar_0" site_id="1967" xmltv_id="TBS VERYFUNNY HD">TBS VERYFUNNY HD</channel>
    <channel site="[ENC][EX]bahiavision.com.ar_0" site_id="328" xmltv_id="TCM">TCM</channel>
    <channel site="[ENC][EX]bahiavision.com.ar_0" site_id="102" xmltv_id="TELEFE BAHIA BLANCA">TELEFE BAHIA BLANCA</channel>
    <channel site="[ENC][EX]bahiavision.com.ar_0" site_id="3212" xmltv_id="TELEFE HD">TELEFE HD</channel>
    <channel site="[ENC][EX]bahiavision.com.ar_0" site_id="388" xmltv_id="TELESUR">TELESUR</channel>
    <channel site="[ENC][EX]bahiavision.com.ar_0" site_id="4909" xmltv_id="TLC HD">TLC HD</channel>
    <channel site="[ENC][EX]bahiavision.com.ar_0" site_id="36" xmltv_id="TN">TN</channel>
    <channel site="[ENC][EX]bahiavision.com.ar_0" site_id="37" xmltv_id="TNT">TNT</channel>
    <channel site="[ENC][EX]bahiavision.com.ar_0" site_id="4230" xmltv_id="TNT HD">TNT HD</channel>
    <channel site="[ENC][EX]bahiavision.com.ar_0" site_id="2999" xmltv_id="TNT SERIES">TNT SERIES</channel>
    <channel site="[ENC][EX]bahiavision.com.ar_0" site_id="3421" xmltv_id="TNT SERIES HD">TNT SERIES HD</channel>
    <channel site="[ENC][EX]bahiavision.com.ar_0" site_id="3984" xmltv_id="TNT SPORTS HD">TNT SPORTS HD</channel>
    <channel site="[ENC][EX]bahiavision.com.ar_0" site_id="1260" xmltv_id="TRU TV HD">TRU TV HD</channel>
    <channel site="[ENC][EX]bahiavision.com.ar_0" site_id="38" xmltv_id="TV 5">TV 5</channel>
    <channel site="[ENC][EX]bahiavision.com.ar_0" site_id="135" xmltv_id="TV PUBLICA">TV PUBLICA</channel>
    <channel site="[ENC][EX]bahiavision.com.ar_0" site_id="1569" xmltv_id="TV PUBLICA HD">TV PUBLICA HD</channel>
    <channel site="[ENC][EX]bahiavision.com.ar_0" site_id="59" xmltv_id="TVE">TVE</channel>
    <channel site="[ENC][EX]bahiavision.com.ar_0" site_id="39" xmltv_id="TVN CHILE">TVN CHILE</channel>
    <channel site="[ENC][EX]bahiavision.com.ar_0" site_id="40" xmltv_id="TYC SPORTS">TYC SPORTS</channel>
    <channel site="[ENC][EX]bahiavision.com.ar_0" site_id="153" xmltv_id="TYC SPORTS 2 HD">TYC SPORTS 2 HD</channel>
    <channel site="[ENC][EX]bahiavision.com.ar_0" site_id="2355" xmltv_id="TYC SPORTS HD">TYC SPORTS HD</channel>
    <channel site="[ENC][EX]bahiavision.com.ar_0" site_id="327" xmltv_id="UNIVERSAL TV">UNIVERSAL TV</channel>
    <channel site="[ENC][EX]bahiavision.com.ar_0" site_id="1508" xmltv_id="UNIVERSAL TV HD">UNIVERSAL TV HD</channel>
    <channel site="[ENC][EX]bahiavision.com.ar_0" site_id="46" xmltv_id="WARNER">WARNER</channel>
    <channel site="[ENC][EX]bahiavision.com.ar_0" site_id="3787" xmltv_id="WARNER HD">WARNER HD</channel>
    <channel site="[ENC][EX]bahiavision.com.ar_0" site_id="723" xmltv_id="WOBI">WOBI</channel>
  </channels>
</site>