<?xml version="1.0" encoding="UTF-8"?>
<site generator-info-name="Tempest EPG Generator (made by Kvanc)" generator-info-url="https://github.com/K-vanc/Tempest-EPG-Generator.git" site="guidatv.sky.it_0">
  <channels>
    <channel site="guidatv.sky.it_0" site_id="9115" xmltv_id="Sky Uno">Sky Uno</channel>
    <channel site="guidatv.sky.it_0" site_id="9114" xmltv_id="Sky Uno +1">Sky Uno +1</channel>
    <channel site="guidatv.sky.it_0" site_id="9095" xmltv_id="Sky Atlantic">Sky Atlantic</channel>
    <channel site="guidatv.sky.it_0" site_id="8453" xmltv_id="Sky Atlantic +1">Sky Atlantic +1</channel>
    <channel site="guidatv.sky.it_0" site_id="11244" xmltv_id="Sky Serie">Sky Serie</channel>
    <channel site="guidatv.sky.it_0" site_id="11247" xmltv_id="Sky Serie Maratone">Sky Serie Maratone</channel>
    <channel site="guidatv.sky.it_0" site_id="11246" xmltv_id="Sky Investigation">Sky Investigation</channel>
    <channel site="guidatv.sky.it_0" site_id="11238" xmltv_id="Sky Investigation +1 HD">Sky Investigation +1 HD</channel>
    <channel site="guidatv.sky.it_0" site_id="8336" xmltv_id="Sky Crime">Sky Crime</channel>
    <channel site="guidatv.sky.it_0" site_id="8473" xmltv_id="Sky Arte">Sky Arte</channel>
    <channel site="guidatv.sky.it_0" site_id="11276" xmltv_id="Sky Arte +1">Sky Arte +1</channel>
    <channel site="guidatv.sky.it_0" site_id="11239" xmltv_id="Sky Documentaries">Sky Documentaries</channel>
    <channel site="guidatv.sky.it_0" site_id="11240" xmltv_id="Sky Documentaries +1">Sky Documentaries +1</channel>
    <channel site="guidatv.sky.it_0" site_id="11242" xmltv_id="Sky Nature">Sky Nature</channel>
    <channel site="guidatv.sky.it_0" site_id="8195" xmltv_id="TV8 HD">TV8 HD</channel>
    <channel site="guidatv.sky.it_0" site_id="318" xmltv_id="Comedy Central">Comedy Central</channel>
    <channel site="guidatv.sky.it_0" site_id="8353" xmltv_id="Comedy +1">Comedy +1</channel>
    <channel site="guidatv.sky.it_0" site_id="9195" xmltv_id="MTV HD">MTV HD</channel>
    <channel site="guidatv.sky.it_0" site_id="11054" xmltv_id="MTV Music">MTV Music</channel>
    <channel site="guidatv.sky.it_0" site_id="11055" xmltv_id="Gambero Rosso HD">Gambero Rosso HD</channel>
    <channel site="guidatv.sky.it_0" site_id="11437" xmltv_id="Classica HD">Classica HD</channel>
    <channel site="guidatv.sky.it_0" site_id="9753" xmltv_id="NOVE HD">NOVE HD</channel>
    <channel site="guidatv.sky.it_0" site_id="10458" xmltv_id="20Mediaset HD">20Mediaset HD</channel>
    <channel site="guidatv.sky.it_0" site_id="8133" xmltv_id="cielo">cielo</channel>
    <channel site="guidatv.sky.it_0" site_id="7588" xmltv_id="TV2000 HD">TV2000 HD</channel>
    <channel site="guidatv.sky.it_0" site_id="11342" xmltv_id="27Twentyseven HD">27Twentyseven HD</channel>
    <channel site="guidatv.sky.it_0" site_id="10466" xmltv_id="La 5 HD">La 5 HD</channel>
    <channel site="guidatv.sky.it_0" site_id="8173" xmltv_id="Real Time HD">Real Time HD</channel>
    <channel site="guidatv.sky.it_0" site_id="10465" xmltv_id="Mediaset Extra HD">Mediaset Extra HD</channel>
    <channel site="guidatv.sky.it_0" site_id="8131" xmltv_id="GIALLO HD">GIALLO HD</channel>
    <channel site="guidatv.sky.it_0" site_id="10468" xmltv_id="TOPcrime HD">TOPcrime HD</channel>
    <channel site="guidatv.sky.it_0" site_id="8933" xmltv_id="DMAX HD">DMAX HD</channel>
    <channel site="guidatv.sky.it_0" site_id="10469" xmltv_id="Mediaset Italia2 HD">Mediaset Italia2 HD</channel>
    <channel site="guidatv.sky.it_0" site_id="11262" xmltv_id="Explorer HD Channel">Explorer HD Channel</channel>
    <channel site="guidatv.sky.it_0" site_id="929" xmltv_id="Sky Sport24">Sky Sport24</channel>
    <channel site="guidatv.sky.it_0" site_id="8714" xmltv_id="Sky Sport Uno">Sky Sport Uno</channel>
    <channel site="guidatv.sky.it_0" site_id="9113" xmltv_id="Sky Sport Calcio">Sky Sport Calcio</channel>
    <channel site="guidatv.sky.it_0" site_id="9103" xmltv_id="Sky Sport Max">Sky Sport Max</channel>
    <channel site="guidatv.sky.it_0" site_id="7507" xmltv_id="Sky Sport Arena">Sky Sport Arena</channel>
    <channel site="guidatv.sky.it_0" site_id="11237" xmltv_id="Sky Sport Tennis">Sky Sport Tennis</channel>
    <channel site="guidatv.sky.it_0" site_id="10254" xmltv_id="Sky Sport Golf">Sky Sport Golf</channel>
    <channel site="guidatv.sky.it_0" site_id="9096" xmltv_id="Sky Sport F1">Sky Sport F1</channel>
    <channel site="guidatv.sky.it_0" site_id="8434" xmltv_id="Sky Sport MotoGP">Sky Sport MotoGP</channel>
    <channel site="guidatv.sky.it_0" site_id="8753" xmltv_id="Sky Sport NBA">Sky Sport NBA</channel>
    <channel site="guidatv.sky.it_0" site_id="9057" xmltv_id="Eurosport HD">Eurosport HD</channel>
    <channel site="guidatv.sky.it_0" site_id="9060" xmltv_id="Eurosport 2 HD">Eurosport 2 HD</channel>
    <channel site="guidatv.sky.it_0" site_id="6000" xmltv_id="SuperTennis HD">SuperTennis HD</channel>
    <channel site="guidatv.sky.it_0" site_id="10013" xmltv_id="Sky Sport 4K">Sky Sport 4K</channel>
    <channel site="guidatv.sky.it_0" site_id="11402" xmltv_id="ZONA DAZN">ZONA DAZN</channel>
    <channel site="guidatv.sky.it_0" site_id="11401" xmltv_id="ZONA DAZN 2">ZONA DAZN 2</channel>
    <channel site="guidatv.sky.it_0" site_id="11403" xmltv_id="DAZN3">DAZN3</channel>
    <channel site="guidatv.sky.it_0" site_id="11405" xmltv_id="DAZN4">DAZN4</channel>
    <channel site="guidatv.sky.it_0" site_id="11404" xmltv_id="DAZN5">DAZN5</channel>
    <channel site="guidatv.sky.it_0" site_id="8293" xmltv_id="EQUtv">EQUtv</channel>
    <channel site="guidatv.sky.it_0" site_id="6611" xmltv_id="Horse TV HD">Horse TV HD</channel>
    <channel site="guidatv.sky.it_0" site_id="11278" xmltv_id="BIKE">BIKE</channel>
    <channel site="guidatv.sky.it_0" site_id="807" xmltv_id="RAI Sport">RAI Sport</channel>
    <channel site="guidatv.sky.it_0" site_id="7587" xmltv_id="ACI Sport Tv">ACI Sport Tv</channel>
    <channel site="guidatv.sky.it_0" site_id="9513" xmltv_id="Milan TV">Milan TV</channel>
    <channel site="guidatv.sky.it_0" site_id="9893" xmltv_id="Inter TV">Inter TV</channel>
    <channel site="guidatv.sky.it_0" site_id="7527" xmltv_id="Lazio Style HD">Lazio Style HD</channel>
    <channel site="guidatv.sky.it_0" site_id="520" xmltv_id="CACCIA e Pesca">CACCIA e Pesca</channel>
    <channel site="guidatv.sky.it_0" site_id="6220" xmltv_id="Caccia e PESCA">Caccia e PESCA</channel>
    <channel site="guidatv.sky.it_0" site_id="11497" xmltv_id="Sky Sport">Sky Sport</channel>
    <channel site="guidatv.sky.it_0" site_id="11496" xmltv_id="Sky Sport">Sky Sport</channel>
    <channel site="guidatv.sky.it_0" site_id="11494" xmltv_id="Sky Sport">Sky Sport</channel>
    <channel site="guidatv.sky.it_0" site_id="11490" xmltv_id="Sky Sport">Sky Sport</channel>
    <channel site="guidatv.sky.it_0" site_id="11491" xmltv_id="Sky Sport">Sky Sport</channel>
    <channel site="guidatv.sky.it_0" site_id="11492" xmltv_id="Sky Sport">Sky Sport</channel>
    <channel site="guidatv.sky.it_0" site_id="11386" xmltv_id="Sky Sport">Sky Sport</channel>
    <channel site="guidatv.sky.it_0" site_id="9046" xmltv_id="Sky Sport">Sky Sport</channel>
    <channel site="guidatv.sky.it_0" site_id="8613" xmltv_id="Sky Sport">Sky Sport</channel>
    <channel site="guidatv.sky.it_0" site_id="615" xmltv_id="Sky Calcio 10">Sky Calcio 10</channel>
    <channel site="guidatv.sky.it_0" site_id="617" xmltv_id="Sky Calcio 11">Sky Calcio 11</channel>
    <channel site="guidatv.sky.it_0" site_id="9044" xmltv_id="Sky Cinema Uno">Sky Cinema Uno</channel>
    <channel site="guidatv.sky.it_0" site_id="9034" xmltv_id="Sky Cinema Due">Sky Cinema Due</channel>
    <channel site="guidatv.sky.it_0" site_id="9047" xmltv_id="Fast and Furious Collection">Fast and Furious Collection</channel>
    <channel site="guidatv.sky.it_0" site_id="9042" xmltv_id="Sky Cinema Family">Sky Cinema Family</channel>
    <channel site="guidatv.sky.it_0" site_id="9050" xmltv_id="Sky Cinema Action">Sky Cinema Action</channel>
    <channel site="guidatv.sky.it_0" site_id="10515" xmltv_id="Sky Cinema Suspense">Sky Cinema Suspense</channel>
    <channel site="guidatv.sky.it_0" site_id="9055" xmltv_id="Sky Cinema Romance">Sky Cinema Romance</channel>
    <channel site="guidatv.sky.it_0" site_id="10518" xmltv_id="Sky Cinema Drama">Sky Cinema Drama</channel>
    <channel site="guidatv.sky.it_0" site_id="9039" xmltv_id="Sky Cinema Comedy">Sky Cinema Comedy</channel>
    <channel site="guidatv.sky.it_0" site_id="9037" xmltv_id="Sky Cinema Uno +24">Sky Cinema Uno +24</channel>
    <channel site="guidatv.sky.it_0" site_id="10517" xmltv_id="Sky Cinema Due +24">Sky Cinema Due +24</channel>
    <channel site="guidatv.sky.it_0" site_id="10467" xmltv_id="Iris HD">Iris HD</channel>
    <channel site="guidatv.sky.it_0" site_id="10893" xmltv_id="Cine34 HD">Cine34 HD</channel>
    <channel site="guidatv.sky.it_0" site_id="7767" xmltv_id="Sky Arte">Sky Arte</channel>
    <channel site="guidatv.sky.it_0" site_id="11277" xmltv_id="Sky Arte +1">Sky Arte +1</channel>
    <channel site="guidatv.sky.it_0" site_id="11241" xmltv_id="Sky Documentaries">Sky Documentaries</channel>
    <channel site="guidatv.sky.it_0" site_id="11243" xmltv_id="Sky Documentaries +1">Sky Documentaries +1</channel>
    <channel site="guidatv.sky.it_0" site_id="11245" xmltv_id="Sky Nature">Sky Nature</channel>
    <channel site="guidatv.sky.it_0" site_id="9059" xmltv_id="Discovery HD">Discovery HD</channel>
    <channel site="guidatv.sky.it_0" site_id="331" xmltv_id="Discovery +1">Discovery +1</channel>
    <channel site="guidatv.sky.it_0" site_id="9101" xmltv_id="History HD">History HD</channel>
    <channel site="guidatv.sky.it_0" site_id="123" xmltv_id="History +1">History +1</channel>
    <channel site="guidatv.sky.it_0" site_id="11216" xmltv_id="Sky Crime">Sky Crime</channel>
    <channel site="guidatv.sky.it_0" site_id="9099" xmltv_id="Gambero Rosso HD">Gambero Rosso HD</channel>
    <channel site="guidatv.sky.it_0" site_id="10470" xmltv_id="Focus HD">Focus HD</channel>
    <channel site="guidatv.sky.it_0" site_id="10534" xmltv_id="Food Network HD">Food Network HD</channel>
    <channel site="guidatv.sky.it_0" site_id="11154" xmltv_id="HGTV HD">HGTV HD</channel>
    <channel site="guidatv.sky.it_0" site_id="8130" xmltv_id="Motor Trend HD">Motor Trend HD</channel>
    <channel site="guidatv.sky.it_0" site_id="6626" xmltv_id="QVC">QVC</channel>
    <channel site="guidatv.sky.it_0" site_id="810" xmltv_id="Fashion TV">Fashion TV</channel>
    <channel site="guidatv.sky.it_0" site_id="9117" xmltv_id="Sky TG24">Sky TG24</channel>
    <channel site="guidatv.sky.it_0" site_id="321" xmltv_id="Sky Meteo24">Sky Meteo24</channel>
    <channel site="guidatv.sky.it_0" site_id="6510" xmltv_id="TG24PrimoPiano">TG24PrimoPiano</channel>
    <channel site="guidatv.sky.it_0" site_id="308" xmltv_id="Class CNBC">Class CNBC</channel>
    <channel site="guidatv.sky.it_0" site_id="895" xmltv_id="Rai News 24">Rai News 24</channel>
    <channel site="guidatv.sky.it_0" site_id="10473" xmltv_id="TgCom24 HD">TgCom24 HD</channel>
    <channel site="guidatv.sky.it_0" site_id="6481" xmltv_id="TG NORBA 24">TG NORBA 24</channel>
    <channel site="guidatv.sky.it_0" site_id="10615" xmltv_id="Emilia Romagna 24">Emilia Romagna 24</channel>
    <channel site="guidatv.sky.it_0" site_id="9013" xmltv_id="TRM h24">TRM h24</channel>
    <channel site="guidatv.sky.it_0" site_id="6861" xmltv_id="San Marino RTV">San Marino RTV</channel>
    <channel site="guidatv.sky.it_0" site_id="801" xmltv_id="Euronews">Euronews</channel>
    <channel site="guidatv.sky.it_0" site_id="445" xmltv_id="Sky News">Sky News</channel>
    <channel site="guidatv.sky.it_0" site_id="446" xmltv_id="Fox News">Fox News</channel>
    <channel site="guidatv.sky.it_0" site_id="312" xmltv_id="CNN Intl.">CNN Intl.</channel>
    <channel site="guidatv.sky.it_0" site_id="6741" xmltv_id="Fox Business">Fox Business</channel>
    <channel site="guidatv.sky.it_0" site_id="10713" xmltv_id="CNBC HD">CNBC HD</channel>
    <channel site="guidatv.sky.it_0" site_id="349" xmltv_id="Bloomberg">Bloomberg</channel>
    <channel site="guidatv.sky.it_0" site_id="891" xmltv_id="BBC World News">BBC World News</channel>
    <channel site="guidatv.sky.it_0" site_id="7968" xmltv_id="France 24 English HD">France 24 English HD</channel>
    <channel site="guidatv.sky.it_0" site_id="5113" xmltv_id="Al Jazeera Intl. HD">Al Jazeera Intl. HD</channel>
    <channel site="guidatv.sky.it_0" site_id="6862" xmltv_id="NHK World TV HD">NHK World TV HD</channel>
    <channel site="guidatv.sky.it_0" site_id="8273" xmltv_id="I24news">I24news</channel>
    <channel site="guidatv.sky.it_0" site_id="5119" xmltv_id="France 24 Francais HD">France 24 Francais HD</channel>
    <channel site="guidatv.sky.it_0" site_id="460" xmltv_id="DeAKids">DeAKids</channel>
    <channel site="guidatv.sky.it_0" site_id="364" xmltv_id="DeAKids +1">DeAKids +1</channel>
    <channel site="guidatv.sky.it_0" site_id="461" xmltv_id="Nick Jr">Nick Jr</channel>
    <channel site="guidatv.sky.it_0" site_id="6701" xmltv_id="Nick Jr +1">Nick Jr +1</channel>
    <channel site="guidatv.sky.it_0" site_id="320" xmltv_id="Nickelodeon">Nickelodeon</channel>
    <channel site="guidatv.sky.it_0" site_id="6140" xmltv_id="Nickelodeon +1">Nickelodeon +1</channel>
    <channel site="guidatv.sky.it_0" site_id="9693" xmltv_id="Cartoon Network HD">Cartoon Network HD</channel>
    <channel site="guidatv.sky.it_0" site_id="476" xmltv_id="Cartoon +1">Cartoon +1</channel>
    <channel site="guidatv.sky.it_0" site_id="472" xmltv_id="Boomerang">Boomerang</channel>
    <channel site="guidatv.sky.it_0" site_id="479" xmltv_id="Boomerang +1">Boomerang +1</channel>
    <channel site="guidatv.sky.it_0" site_id="7427" xmltv_id="DeAJunior">DeAJunior</channel>
    <channel site="guidatv.sky.it_0" site_id="6460" xmltv_id="Super!">Super!</channel>
    <channel site="guidatv.sky.it_0" site_id="6240" xmltv_id="K2">K2</channel>
    <channel site="guidatv.sky.it_0" site_id="6610" xmltv_id="-frisbee-">-frisbee-</channel>
    <channel site="guidatv.sky.it_0" site_id="6628" xmltv_id="Boing">Boing</channel>
    <channel site="guidatv.sky.it_0" site_id="6629" xmltv_id="Rai Gulp">Rai Gulp</channel>
    <channel site="guidatv.sky.it_0" site_id="6609" xmltv_id="Rai Yoyo">Rai Yoyo</channel>
    <channel site="guidatv.sky.it_0" site_id="8132" xmltv_id="CARTOONITO DTT">CARTOONITO DTT</channel>
    <channel site="guidatv.sky.it_0" site_id="528" xmltv_id="MTV Music">MTV Music</channel>
    <channel site="guidatv.sky.it_0" site_id="462" xmltv_id="Deejay TV">Deejay TV</channel>
    <channel site="guidatv.sky.it_0" site_id="10918" xmltv_id="VH1 HD">VH1 HD</channel>
    <channel site="guidatv.sky.it_0" site_id="10993" xmltv_id="Radio Monte Carlo">Radio Monte Carlo</channel>
    <channel site="guidatv.sky.it_0" site_id="11344" xmltv_id="Virgin Radio">Virgin Radio</channel>
    <channel site="guidatv.sky.it_0" site_id="9833" xmltv_id="Radio Italia TV HD">Radio Italia TV HD</channel>
    <channel site="guidatv.sky.it_0" site_id="10033" xmltv_id="Radio Italia Trend Tv HD">Radio Italia Trend Tv HD</channel>
    <channel site="guidatv.sky.it_0" site_id="8213" xmltv_id="RADIONORBA TV">RADIONORBA TV</channel>
    <channel site="guidatv.sky.it_0" site_id="6885" xmltv_id="RTL 102.5 HD">RTL 102.5 HD</channel>
    <channel site="guidatv.sky.it_0" site_id="10616" xmltv_id="RADIOFRECCIA HD">RADIOFRECCIA HD</channel>
    <channel site="guidatv.sky.it_0" site_id="899" xmltv_id="Rai 1 HD">Rai 1 HD</channel>
    <channel site="guidatv.sky.it_0" site_id="898" xmltv_id="Rai 2 HD">Rai 2 HD</channel>
    <channel site="guidatv.sky.it_0" site_id="897" xmltv_id="Rai 3 HD">Rai 3 HD</channel>
    <channel site="guidatv.sky.it_0" site_id="10464" xmltv_id="Rete 4 HD">Rete 4 HD</channel>
    <channel site="guidatv.sky.it_0" site_id="10354" xmltv_id="Canale 5 HD">Canale 5 HD</channel>
    <channel site="guidatv.sky.it_0" site_id="10454" xmltv_id="Italia 1 HD">Italia 1 HD</channel>
    <channel site="guidatv.sky.it_0" site_id="319" xmltv_id="LA7 HD">LA7 HD</channel>
    <channel site="guidatv.sky.it_0" site_id="6622" xmltv_id="Rai 4">Rai 4</channel>
    <channel site="guidatv.sky.it_0" site_id="6607" xmltv_id="Rai 5">Rai 5</channel>
    <channel site="guidatv.sky.it_0" site_id="6608" xmltv_id="Rai Movie">Rai Movie</channel>
    <channel site="guidatv.sky.it_0" site_id="6623" xmltv_id="Rai Premium">Rai Premium</channel>
    <channel site="guidatv.sky.it_0" site_id="6624" xmltv_id="LA7D">LA7D</channel>
    <channel site="guidatv.sky.it_0" site_id="6630" xmltv_id="Rai Storia">Rai Storia</channel>
  </channels>
</site>