<?xml version="1.0" encoding="UTF-8"?>
<site generator-info-name="Tempest EPG Generator (made by Kvanc)" generator-info-url="https://github.com/K-vanc/Tempest-EPG-Generator.git" site="mediasetplay.mediaset.it_0">
  <channels>
    <channel site="mediasetplay.mediaset.it_0" site_id="C5" xmltv_id="Canale 5">Canale 5</channel>
    <channel site="mediasetplay.mediaset.it_0" site_id="I1" xmltv_id="Italia 1">Italia 1</channel>
    <channel site="mediasetplay.mediaset.it_0" site_id="R4" xmltv_id="Rete 4">Rete 4</channel>
    <channel site="mediasetplay.mediaset.it_0" site_id="LB" xmltv_id="20">20</channel>
    <channel site="mediasetplay.mediaset.it_0" site_id="KA" xmltv_id="La 5">La 5</channel>
    <channel site="mediasetplay.mediaset.it_0" site_id="I2" xmltv_id="Italia 2">Italia 2</channel>
    <channel site="mediasetplay.mediaset.it_0" site_id="KQ" xmltv_id="Mediaset Extra">Mediaset Extra</channel>
    <channel site="mediasetplay.mediaset.it_0" site_id="FU" xmltv_id="Focus">Focus</channel>
    <channel site="mediasetplay.mediaset.it_0" site_id="LT" xmltv_id="Top Crime">Top Crime</channel>
    <channel site="mediasetplay.mediaset.it_0" site_id="KI" xmltv_id="Iris">Iris</channel>
    <channel site="mediasetplay.mediaset.it_0" site_id="KB" xmltv_id="Boing">Boing</channel>
    <channel site="mediasetplay.mediaset.it_0" site_id="LA" xmltv_id="Cartoonito">Cartoonito</channel>
    <channel site="mediasetplay.mediaset.it_0" site_id="KF" xmltv_id="TGCom">TGCom</channel>
    <channel site="mediasetplay.mediaset.it_0" site_id="EW" xmltv_id="Virgin Radio">Virgin Radio</channel>
    <channel site="mediasetplay.mediaset.it_0" site_id="B6" xmltv_id="Cine34">Cine34</channel>
    <channel site="mediasetplay.mediaset.it_0" site_id="BP" xmltv_id="Boing Plus">Boing Plus</channel>
    <channel site="mediasetplay.mediaset.it_0" site_id="TS" xmltv_id="27 Twentyseven">27 Twentyseven</channel>
    <channel site="mediasetplay.mediaset.it_0" site_id="MY" xmltv_id="Mediaset Italia | Europa e Africa">Mediaset Italia | Europa e Africa</channel>
    <channel site="mediasetplay.mediaset.it_0" site_id="MW" xmltv_id="Mediaset Italia | America">Mediaset Italia | America</channel>
    <channel site="mediasetplay.mediaset.it_0" site_id="LG" xmltv_id="Premium Cinema 1">Premium Cinema 1</channel>
    <channel site="mediasetplay.mediaset.it_0" site_id="LM" xmltv_id="Premium Cinema 2">Premium Cinema 2</channel>
    <channel site="mediasetplay.mediaset.it_0" site_id="LH" xmltv_id="Premium Cinema 3">Premium Cinema 3</channel>
    <channel site="mediasetplay.mediaset.it_0" site_id="LR" xmltv_id="Premium Crime">Premium Crime</channel>
    <channel site="mediasetplay.mediaset.it_0" site_id="KS" xmltv_id="Premium Action">Premium Action</channel>
    <channel site="mediasetplay.mediaset.it_0" site_id="KD" xmltv_id="Premium Stories">Premium Stories</channel>
    <channel site="mediasetplay.mediaset.it_0" site_id="U1" xmltv_id="Infinity+ 1">Infinity+ 1</channel>
    <channel site="mediasetplay.mediaset.it_0" site_id="U2" xmltv_id="Infinity+ 2">Infinity+ 2</channel>
    <channel site="mediasetplay.mediaset.it_0" site_id="U3" xmltv_id="Infinity+ 3">Infinity+ 3</channel>
    <channel site="mediasetplay.mediaset.it_0" site_id="U4" xmltv_id="Infinity+ 4">Infinity+ 4</channel>
    <channel site="mediasetplay.mediaset.it_0" site_id="U5" xmltv_id="Infinity+ 5">Infinity+ 5</channel>
    <channel site="mediasetplay.mediaset.it_0" site_id="U6" xmltv_id="Infinity+ 6">Infinity+ 6</channel>
    <channel site="mediasetplay.mediaset.it_0" site_id="B1" xmltv_id="Isola Party con Ignazio Moser e Valentina Barbieri">Isola Party con Ignazio Moser e Valentina Barbieri</channel>
    <channel site="mediasetplay.mediaset.it_0" site_id="B2" xmltv_id="Pupa Party con Dayane Mello e Andrea Dianetti">Pupa Party con Dayane Mello e Andrea Dianetti</channel>
    <channel site="mediasetplay.mediaset.it_0" site_id="B3" xmltv_id="GF 16 - un'ora fa">GF 16 - un'ora fa</channel>
    <channel site="mediasetplay.mediaset.it_0" site_id="B4" xmltv_id="Diretta">Diretta</channel>
    <channel site="mediasetplay.mediaset.it_0" site_id="ER" xmltv_id="R101tv">R101tv</channel>
    <channel site="mediasetplay.mediaset.it_0" site_id="B7" xmltv_id="GF VIP - Regia 1">GF VIP - Regia 1</channel>
    <channel site="mediasetplay.mediaset.it_0" site_id="B8" xmltv_id="GF VIP - Regia 2">GF VIP - Regia 2</channel>
    <channel site="mediasetplay.mediaset.it_0" site_id="B9" xmltv_id="GF VIP - Un'ora fa">GF VIP - Un'ora fa</channel>
    <channel site="mediasetplay.mediaset.it_0" site_id="EC" xmltv_id="Radio 105">Radio 105</channel>
    <channel site="mediasetplay.mediaset.it_0" site_id="BB" xmltv_id="RMC">RMC</channel>
    <channel site="mediasetplay.mediaset.it_0" site_id="R1" xmltv_id="Lo Zoo di 105 Tv">Lo Zoo di 105 Tv</channel>
    <channel site="mediasetplay.mediaset.it_0" site_id="QY" xmltv_id="Mediaset Infinity">Mediaset Infinity</channel>
    <channel site="mediasetplay.mediaset.it_0" site_id="MG" xmltv_id="Mediaset Italia | Australia e Asia">Mediaset Italia | Australia e Asia</channel>
  </channels>
</site>