<?xml version="1.0" encoding="UTF-8"?>
<site generator-info-name="Tempest EPG Generator (made by Kvanc)" generator-info-url="https://github.com/K-vanc/Tempest-EPG-Generator.git" site="[ENC][EX]rotana.net[ar]_0">
  <channels>
    <channel site="[ENC][EX]rotana.net[ar]_0" site_id="63f7e0715afa14278a00c243||1688402472.webp" xmltv_id="روتانا سينما السعودية">روتانا سينما السعودية</channel>
    <channel site="[ENC][EX]rotana.net[ar]_0" site_id="640688871275c9aaa905902a||1688402537.webp" xmltv_id="روتانا سينما مصر">روتانا سينما مصر</channel>
    <channel site="[ENC][EX]rotana.net[ar]_0" site_id="640687f2b880d209fb034277||1688402522.webp" xmltv_id="روتانا كوميدي">روتانا كوميدي</channel>
    <channel site="[ENC][EX]rotana.net[ar]_0" site_id="64068827b880d209fb034278||1688402529.webp" xmltv_id="روتانا كلاسيك">روتانا كلاسيك</channel>
    <channel site="[ENC][EX]rotana.net[ar]_0" site_id="64068796b880d209fb034276||1688402515.webp" xmltv_id="روتانا دراما">روتانا دراما</channel>
    <channel site="[ENC][EX]rotana.net[ar]_0" site_id="640685c0ebf16a0aed0a1ee0||1688402508.webp" xmltv_id="روتانا خليجية">روتانا خليجية</channel>
    <channel site="[ENC][EX]rotana.net[ar]_0" site_id="64068582ebf16a0aed0a1edf||1688402500.webp" xmltv_id="إل بي سي">إل بي سي</channel>
    <channel site="[ENC][EX]rotana.net[ar]_0" site_id="6499eaf2b68efd40110cc9c2||1688402593.webp" xmltv_id="روتانا كليب">روتانا كليب</channel>
    <channel site="[ENC][EX]rotana.net[ar]_0" site_id="649a083daac2436c03013132||1688402619.webp" xmltv_id="الرساله">الرساله</channel>
    <channel site="[ENC][EX]rotana.net[ar]_0" site_id="64d145ba675a000052006672||d7kwbs.png" xmltv_id="ضحك وبس">ضحك وبس</channel>
    <channel site="[ENC][EX]rotana.net[ar]_0" site_id="64d14827675a000052006674||sydtelshasha.png" xmltv_id="سيدة الشاشة">سيدة الشاشة</channel>
  </channels>
</site>