<?xml version="1.0" encoding="UTF-8"?>
<site generator-info-name="Tempest EPG Generator (made by Kvanc)" generator-info-url="https://github.com/K-vanc/Tempest-EPG-Generator.git" site="[ENC]tv.boxbg.net_0">
  <channels>
    <channel site="[ENC]tv.boxbg.net_0" site_id="%D0%91%D0%9D%D0%A21||29" xmltv_id="БНТ1">БНТ1</channel>
    <channel site="[ENC]tv.boxbg.net_0" site_id="bTV||5" xmltv_id="bTV">bTV</channel>
    <channel site="[ENC]tv.boxbg.net_0" site_id="%D0%9D%D0%BE%D0%B2%D0%B0%20%D1%82%D0%B5%D0%BB%D0%B5%D0%B2%D0%B8%D0%B7%D0%B8%D1%8F||38" xmltv_id="Нова телевизия">Нова телевизия</channel>
    <channel site="[ENC]tv.boxbg.net_0" site_id="HBO||87" xmltv_id="HBO">HBO</channel>
    <channel site="[ENC]tv.boxbg.net_0" site_id="HBO%20Comedy||88" xmltv_id="HBO Comedy">HBO Comedy</channel>
    <channel site="[ENC]tv.boxbg.net_0" site_id="HBO%203||141" xmltv_id="HBO 3">HBO 3</channel>
    <channel site="[ENC]tv.boxbg.net_0" site_id="bTV%20Action||6" xmltv_id="bTV Action">bTV Action</channel>
    <channel site="[ENC]tv.boxbg.net_0" site_id="bTV%20Cinema||7" xmltv_id="bTV Cinema">bTV Cinema</channel>
    <channel site="[ENC]tv.boxbg.net_0" site_id="bTV%20Comedy||8" xmltv_id="bTV Comedy">bTV Comedy</channel>
    <channel site="[ENC]tv.boxbg.net_0" site_id="bTV%20Lady||122" xmltv_id="bTV Lady">bTV Lady</channel>
    <channel site="[ENC]tv.boxbg.net_0" site_id="%D0%94%D0%B8%D0%B5%D0%BC%D0%B0||30" xmltv_id="Диема">Диема</channel>
    <channel site="[ENC]tv.boxbg.net_0" site_id="KinoNova||31" xmltv_id="KinoNova">KinoNova</channel>
    <channel site="[ENC]tv.boxbg.net_0" site_id="%D0%94%D0%B8%D0%B5%D0%BC%D0%B0%20%D0%A4%D0%B5%D0%BC%D0%B8%D0%BB%D0%B8||32" xmltv_id="Диема Фемили">Диема Фемили</channel>
    <channel site="[ENC]tv.boxbg.net_0" site_id="FOX%20Life||86" xmltv_id="FOX Life">FOX Life</channel>
    <channel site="[ENC]tv.boxbg.net_0" site_id="FOX%20Crime||85" xmltv_id="FOX Crime">FOX Crime</channel>
    <channel site="[ENC]tv.boxbg.net_0" site_id="Fox||124" xmltv_id="Fox">Fox</channel>
    <channel site="[ENC]tv.boxbg.net_0" site_id="AXN||57" xmltv_id="AXN">AXN</channel>
    <channel site="[ENC]tv.boxbg.net_0" site_id="AXN%20Black||58" xmltv_id="AXN Black">AXN Black</channel>
    <channel site="[ENC]tv.boxbg.net_0" site_id="AXN%20White||59" xmltv_id="AXN White">AXN White</channel>
    <channel site="[ENC]tv.boxbg.net_0" site_id="%D0%91%D0%9D%D0%A2%20%D0%A1%D0%B2%D1%8F%D1%82||28" xmltv_id="БНТ Свят">БНТ Свят</channel>
    <channel site="[ENC]tv.boxbg.net_0" site_id="%D0%91%D0%9D%D0%A22||119" xmltv_id="БНТ2">БНТ2</channel>
    <channel site="[ENC]tv.boxbg.net_0" site_id="RING.BG||18" xmltv_id="RING.BG">RING.BG</channel>
    <channel site="[ENC]tv.boxbg.net_0" site_id="Diema%20Sport%20HD||133" xmltv_id="Diema Sport HD">Diema Sport HD</channel>
    <channel site="[ENC]tv.boxbg.net_0" site_id="Diema%20Sport%202%20HD||138" xmltv_id="Diema Sport 2 HD">Diema Sport 2 HD</channel>
    <channel site="[ENC]tv.boxbg.net_0" site_id="%D0%9D%D0%BE%D0%B2%D0%B0%20%D0%A1%D0%BF%D0%BE%D1%80%D1%82||37" xmltv_id="Нова Спорт">Нова Спорт</channel>
    <channel site="[ENC]tv.boxbg.net_0" site_id="Diema%20Sport%203||159" xmltv_id="Diema Sport 3">Diema Sport 3</channel>
    <channel site="[ENC]tv.boxbg.net_0" site_id="%D0%91%D1%8A%D0%BB%D0%B3%D0%B0%D1%80%D0%B8%D1%8F%20%D0%BE%D0%BD%20%D0%B5%D1%8A%D1%80||15" xmltv_id="България он еър">България он еър</channel>
    <channel site="[ENC]tv.boxbg.net_0" site_id="MovieSTAR||149" xmltv_id="MovieSTAR">MovieSTAR</channel>
    <channel site="[ENC]tv.boxbg.net_0" site_id="Epic%20Drama||148" xmltv_id="Epic Drama">Epic Drama</channel>
    <channel site="[ENC]tv.boxbg.net_0" site_id="AMC||135" xmltv_id="AMC">AMC</channel>
    <channel site="[ENC]tv.boxbg.net_0" site_id="The%20Voice||20" xmltv_id="The Voice">The Voice</channel>
    <channel site="[ENC]tv.boxbg.net_0" site_id="Balkanika%20MTV||1" xmltv_id="Balkanika MTV">Balkanika MTV</channel>
    <channel site="[ENC]tv.boxbg.net_0" site_id="Travel%20TV||22" xmltv_id="Travel TV">Travel TV</channel>
    <channel site="[ENC]tv.boxbg.net_0" site_id="TV1||24" xmltv_id="TV1">TV1</channel>
    <channel site="[ENC]tv.boxbg.net_0" site_id="24kitchen||26" xmltv_id="24kitchen">24kitchen</channel>
    <channel site="[ENC]tv.boxbg.net_0" site_id="%D0%95%D0%B2%D1%80%D0%BE%D0%BA%D0%BE%D0%BC%20%D0%9D%D0%9A%D0%A2%D0%92||33" xmltv_id="Евроком НКТВ">Евроком НКТВ</channel>
    <channel site="[ENC]tv.boxbg.net_0" site_id="%D0%A1%D0%9A%D0%90%D0%A2||43" xmltv_id="СКАТ">СКАТ</channel>
    <channel site="[ENC]tv.boxbg.net_0" site_id="%D0%95%D0%B2%D1%80%D0%BE%D0%BF%D0%B0||34" xmltv_id="Европа">Европа</channel>
    <channel site="[ENC]tv.boxbg.net_0" site_id="%D0%90%D0%BB%D1%84%D0%B0||120" xmltv_id="Алфа">Алфа</channel>
    <channel site="[ENC]tv.boxbg.net_0" site_id="%D0%9F%D0%BB%D0%B0%D0%BD%D0%B5%D1%82%D0%B0||39" xmltv_id="Планета">Планета</channel>
    <channel site="[ENC]tv.boxbg.net_0" site_id="%D0%A4%D0%B5%D0%BD%20%D0%A2%D0%92||47" xmltv_id="Фен ТВ">Фен ТВ</channel>
    <channel site="[ENC]tv.boxbg.net_0" site_id="%D0%9F%D0%BB%D0%B0%D0%BD%D0%B5%D1%82%D0%B0%20%D0%A4%D0%BE%D0%BB%D0%BA||41" xmltv_id="Планета Фолк">Планета Фолк</channel>
    <channel site="[ENC]tv.boxbg.net_0" site_id="%D0%9F%D0%BB%D0%B0%D0%BD%D0%B5%D1%82%D0%B0%20HD||40" xmltv_id="Планета HD">Планета HD</channel>
    <channel site="[ENC]tv.boxbg.net_0" site_id="%D0%A2%D0%B5%D0%BB%D0%B5%D0%BC%D0%B5%D0%B4%D0%B8%D0%B0||45" xmltv_id="Телемедиа">Телемедиа</channel>
    <channel site="[ENC]tv.boxbg.net_0" site_id="%D0%A5%D0%BE%D0%B1%D0%B8%20%D0%A2%D0%92||50" xmltv_id="Хоби ТВ">Хоби ТВ</channel>
    <channel site="[ENC]tv.boxbg.net_0" site_id="%D0%9F%D0%B5%D1%80%D0%B2%D1%8B%D0%B9%20%D0%BA%D0%B0%D0%BD%D0%B0%D0%BB||52" xmltv_id="Первый канал">Первый канал</channel>
    <channel site="[ENC]tv.boxbg.net_0" site_id="Animal%20Planet||55" xmltv_id="Animal Planet">Animal Planet</channel>
    <channel site="[ENC]tv.boxbg.net_0" site_id="Boomerang||61" xmltv_id="Boomerang">Boomerang</channel>
    <channel site="[ENC]tv.boxbg.net_0" site_id="Cartoon%20Network||62" xmltv_id="Cartoon Network">Cartoon Network</channel>
    <channel site="[ENC]tv.boxbg.net_0" site_id="EKids||12" xmltv_id="EKids">EKids</channel>
    <channel site="[ENC]tv.boxbg.net_0" site_id="Cinemax||63" xmltv_id="Cinemax">Cinemax</channel>
    <channel site="[ENC]tv.boxbg.net_0" site_id="Cinemax%202||64" xmltv_id="Cinemax 2">Cinemax 2</channel>
    <channel site="[ENC]tv.boxbg.net_0" site_id="Da%20Vinci%20Learning||67" xmltv_id="Da Vinci Learning">Da Vinci Learning</channel>
    <channel site="[ENC]tv.boxbg.net_0" site_id="Discovery%20Channel||68" xmltv_id="Discovery Channel">Discovery Channel</channel>
    <channel site="[ENC]tv.boxbg.net_0" site_id="Discovery%20Science||69" xmltv_id="Discovery Science">Discovery Science</channel>
    <channel site="[ENC]tv.boxbg.net_0" site_id="Disney%20Channel||72" xmltv_id="Disney Channel">Disney Channel</channel>
    <channel site="[ENC]tv.boxbg.net_0" site_id="Eurosport||78" xmltv_id="Eurosport">Eurosport</channel>
    <channel site="[ENC]tv.boxbg.net_0" site_id="Eurosport%202||79" xmltv_id="Eurosport 2">Eurosport 2</channel>
    <channel site="[ENC]tv.boxbg.net_0" site_id="Extreme%20Sports%20Channel||80" xmltv_id="Extreme Sports Channel">Extreme Sports Channel</channel>
    <channel site="[ENC]tv.boxbg.net_0" site_id="Food%20Network%20HD||84" xmltv_id="Food Network HD">Food Network HD</channel>
    <channel site="[ENC]tv.boxbg.net_0" site_id="History||89" xmltv_id="History">History</channel>
    <channel site="[ENC]tv.boxbg.net_0" site_id="JimJam||91" xmltv_id="JimJam">JimJam</channel>
    <channel site="[ENC]tv.boxbg.net_0" site_id="Nat%20Geo%20Wild||99" xmltv_id="Nat Geo Wild">Nat Geo Wild</channel>
    <channel site="[ENC]tv.boxbg.net_0" site_id="National%20Geographic%20Channel||100" xmltv_id="National Geographic Channel">National Geographic Channel</channel>
    <channel site="[ENC]tv.boxbg.net_0" site_id="TLC%20Balkans||108" xmltv_id="TLC Balkans">TLC Balkans</channel>
    <channel site="[ENC]tv.boxbg.net_0" site_id="Travel%20Channel||109" xmltv_id="Travel Channel">Travel Channel</channel>
    <channel site="[ENC]tv.boxbg.net_0" site_id="VH1||110" xmltv_id="VH1">VH1</channel>
    <channel site="[ENC]tv.boxbg.net_0" site_id="Viasat%20Explorer||112" xmltv_id="Viasat Explorer">Viasat Explorer</channel>
    <channel site="[ENC]tv.boxbg.net_0" site_id="Viasat%20History||113" xmltv_id="Viasat History">Viasat History</channel>
    <channel site="[ENC]tv.boxbg.net_0" site_id="Viasat%20Nature||114" xmltv_id="Viasat Nature">Viasat Nature</channel>
    <channel site="[ENC]tv.boxbg.net_0" site_id="Viasat%20TV%201000||115" xmltv_id="Viasat TV 1000">Viasat TV 1000</channel>
    <channel site="[ENC]tv.boxbg.net_0" site_id="CBS%20Reality||117" xmltv_id="CBS Reality">CBS Reality</channel>
    <channel site="[ENC]tv.boxbg.net_0" site_id="Crime%20and%20Investigation||66" xmltv_id="Crime and Investigation">Crime and Investigation</channel>
    <channel site="[ENC]tv.boxbg.net_0" site_id="Nickelodeon||128" xmltv_id="Nickelodeon">Nickelodeon</channel>
    <channel site="[ENC]tv.boxbg.net_0" site_id="%D0%91%D0%9D%D0%A2%20HD||127" xmltv_id="БНТ HD">БНТ HD</channel>
    <channel site="[ENC]tv.boxbg.net_0" site_id="NOVANEWS||36" xmltv_id="NOVANEWS">NOVANEWS</channel>
    <channel site="[ENC]tv.boxbg.net_0" site_id="Nick%20Jr.||132" xmltv_id="Nick Jr.">Nick Jr.</channel>
    <channel site="[ENC]tv.boxbg.net_0" site_id="Investigation%20Discovery||134" xmltv_id="Investigation Discovery">Investigation Discovery</channel>
    <channel site="[ENC]tv.boxbg.net_0" site_id="FilmBox||142" xmltv_id="FilmBox">FilmBox</channel>
    <channel site="[ENC]tv.boxbg.net_0" site_id="FilmBox%20Extra%20HD||139" xmltv_id="FilmBox Extra HD">FilmBox Extra HD</channel>
    <channel site="[ENC]tv.boxbg.net_0" site_id="FilmBox%20Stars||140" xmltv_id="FilmBox Stars">FilmBox Stars</channel>
    <channel site="[ENC]tv.boxbg.net_0" site_id="Bloomberg%20TV%20Bulgaria||143" xmltv_id="Bloomberg TV Bulgaria">Bloomberg TV Bulgaria</channel>
    <channel site="[ENC]tv.boxbg.net_0" site_id="Vivacom%20Arena||144" xmltv_id="Vivacom Arena">Vivacom Arena</channel>
    <channel site="[ENC]tv.boxbg.net_0" site_id="MAX%20Sport%201||145" xmltv_id="MAX Sport 1">MAX Sport 1</channel>
    <channel site="[ENC]tv.boxbg.net_0" site_id="MAX%20Sport%202||146" xmltv_id="MAX Sport 2">MAX Sport 2</channel>
    <channel site="[ENC]tv.boxbg.net_0" site_id="MAX%20Sport%203||150" xmltv_id="MAX Sport 3">MAX Sport 3</channel>
    <channel site="[ENC]tv.boxbg.net_0" site_id="MAX%20Sport%204||151" xmltv_id="MAX Sport 4">MAX Sport 4</channel>
    <channel site="[ENC]tv.boxbg.net_0" site_id="%D0%A2%D0%92%2078||153" xmltv_id="ТВ 78">ТВ 78</channel>
    <channel site="[ENC]tv.boxbg.net_0" site_id="Comedy%20Central||156" xmltv_id="Comedy Central">Comedy Central</channel>
    <channel site="[ENC]tv.boxbg.net_0" site_id="Disney%20Junior||157" xmltv_id="Disney Junior">Disney Junior</channel>
    <channel site="[ENC]tv.boxbg.net_0" site_id="HG%20TV||160" xmltv_id="HG TV">HG TV</channel>
  </channels>
</site>