<?xml version="1.0" encoding="UTF-8"?>
<site generator-info-name="Tempest EPG Generator (made by Kvanc)" generator-info-url="https://github.com/K-vanc/Tempest-EPG-Generator.git" site="[ENC][EX]bg.eon.tv_0">
  <channels>
    <channel site="[ENC][EX]bg.eon.tv_0" site_id="82" xmltv_id="БНТ 1 HD">БНТ 1 HD</channel>
    <channel site="[ENC][EX]bg.eon.tv_0" site_id="83" xmltv_id="bTV HD">bTV HD</channel>
    <channel site="[ENC][EX]bg.eon.tv_0" site_id="84" xmltv_id="Нова HD">Нова HD</channel>
    <channel site="[ENC][EX]bg.eon.tv_0" site_id="85" xmltv_id="Nova News HD">Nova News HD</channel>
    <channel site="[ENC][EX]bg.eon.tv_0" site_id="86" xmltv_id="bTV Comedy HD">bTV Comedy HD</channel>
    <channel site="[ENC][EX]bg.eon.tv_0" site_id="87" xmltv_id="bTV Cinema HD">bTV Cinema HD</channel>
    <channel site="[ENC][EX]bg.eon.tv_0" site_id="88" xmltv_id="bTV Action HD">bTV Action HD</channel>
    <channel site="[ENC][EX]bg.eon.tv_0" site_id="331" xmltv_id="Diema HD">Diema HD</channel>
    <channel site="[ENC][EX]bg.eon.tv_0" site_id="330" xmltv_id="Kino Nova HD">Kino Nova HD</channel>
    <channel site="[ENC][EX]bg.eon.tv_0" site_id="1" xmltv_id="VIVACOM Arena HD">VIVACOM Arena HD</channel>
    <channel site="[ENC][EX]bg.eon.tv_0" site_id="329" xmltv_id="Diema Family HD">Diema Family HD</channel>
    <channel site="[ENC][EX]bg.eon.tv_0" site_id="93" xmltv_id="Bulgaria On Air">Bulgaria On Air</channel>
    <channel site="[ENC][EX]bg.eon.tv_0" site_id="94" xmltv_id="СКАТ">СКАТ</channel>
    <channel site="[ENC][EX]bg.eon.tv_0" site_id="128" xmltv_id="bTV Lady HD">bTV Lady HD</channel>
    <channel site="[ENC][EX]bg.eon.tv_0" site_id="326" xmltv_id="dizi HD">dizi HD</channel>
    <channel site="[ENC][EX]bg.eon.tv_0" site_id="96" xmltv_id="EuronewsBulgaria">EuronewsBulgaria</channel>
    <channel site="[ENC][EX]bg.eon.tv_0" site_id="99" xmltv_id="Евроком">Евроком</channel>
    <channel site="[ENC][EX]bg.eon.tv_0" site_id="142" xmltv_id="7/8 TV HD">7/8 TV HD</channel>
    <channel site="[ENC][EX]bg.eon.tv_0" site_id="170" xmltv_id="БГ+">БГ+</channel>
    <channel site="[ENC][EX]bg.eon.tv_0" site_id="305" xmltv_id="TV 1 HD">TV 1 HD</channel>
    <channel site="[ENC][EX]bg.eon.tv_0" site_id="97" xmltv_id="БНТ 2">БНТ 2</channel>
    <channel site="[ENC][EX]bg.eon.tv_0" site_id="98" xmltv_id="БНТ 4">БНТ 4</channel>
    <channel site="[ENC][EX]bg.eon.tv_0" site_id="91" xmltv_id="FOX HD">FOX HD</channel>
    <channel site="[ENC][EX]bg.eon.tv_0" site_id="129" xmltv_id="FOX Life HD">FOX Life HD</channel>
    <channel site="[ENC][EX]bg.eon.tv_0" site_id="130" xmltv_id="FOX Crime HD">FOX Crime HD</channel>
    <channel site="[ENC][EX]bg.eon.tv_0" site_id="260" xmltv_id="Pickbox TV">Pickbox TV</channel>
    <channel site="[ENC][EX]bg.eon.tv_0" site_id="140" xmltv_id="Epic Drama HD">Epic Drama HD</channel>
    <channel site="[ENC][EX]bg.eon.tv_0" site_id="148" xmltv_id="AXN">AXN</channel>
    <channel site="[ENC][EX]bg.eon.tv_0" site_id="141" xmltv_id="TV 1000">TV 1000</channel>
    <channel site="[ENC][EX]bg.eon.tv_0" site_id="147" xmltv_id="AMC">AMC</channel>
    <channel site="[ENC][EX]bg.eon.tv_0" site_id="152" xmltv_id="MovieStar HD">MovieStar HD</channel>
    <channel site="[ENC][EX]bg.eon.tv_0" site_id="143" xmltv_id="FilmBox Plus/Stars">FilmBox Plus/Stars</channel>
    <channel site="[ENC][EX]bg.eon.tv_0" site_id="144" xmltv_id="Filmbox Basic">Filmbox Basic</channel>
    <channel site="[ENC][EX]bg.eon.tv_0" site_id="145" xmltv_id="Filmbox Extra HD">Filmbox Extra HD</channel>
    <channel site="[ENC][EX]bg.eon.tv_0" site_id="146" xmltv_id="FilmBox ArtHouse HD">FilmBox ArtHouse HD</channel>
    <channel site="[ENC][EX]bg.eon.tv_0" site_id="303" xmltv_id="Cinemania HD">Cinemania HD</channel>
    <channel site="[ENC][EX]bg.eon.tv_0" site_id="304" xmltv_id="Nostalgia HD">Nostalgia HD</channel>
    <channel site="[ENC][EX]bg.eon.tv_0" site_id="149" xmltv_id="AXN Black">AXN Black</channel>
    <channel site="[ENC][EX]bg.eon.tv_0" site_id="150" xmltv_id="AXN White">AXN White</channel>
    <channel site="[ENC][EX]bg.eon.tv_0" site_id="151" xmltv_id="TV 999 HD">TV 999 HD</channel>
    <channel site="[ENC][EX]bg.eon.tv_0" site_id="135" xmltv_id="HBO HD">HBO HD</channel>
    <channel site="[ENC][EX]bg.eon.tv_0" site_id="136" xmltv_id="HBO 2 HD">HBO 2 HD</channel>
    <channel site="[ENC][EX]bg.eon.tv_0" site_id="137" xmltv_id="HBO 3 HD">HBO 3 HD</channel>
    <channel site="[ENC][EX]bg.eon.tv_0" site_id="138" xmltv_id="Cinemax HD">Cinemax HD</channel>
    <channel site="[ENC][EX]bg.eon.tv_0" site_id="139" xmltv_id="Cinemax 2 HD">Cinemax 2 HD</channel>
    <channel site="[ENC][EX]bg.eon.tv_0" site_id="108" xmltv_id="Nova Sport HD">Nova Sport HD</channel>
    <channel site="[ENC][EX]bg.eon.tv_0" site_id="114" xmltv_id="Diema Sport HD">Diema Sport HD</channel>
    <channel site="[ENC][EX]bg.eon.tv_0" site_id="115" xmltv_id="Diema Sport 2 HD">Diema Sport 2 HD</channel>
    <channel site="[ENC][EX]bg.eon.tv_0" site_id="285" xmltv_id="Diema Sport 3 HD">Diema Sport 3 HD</channel>
    <channel site="[ENC][EX]bg.eon.tv_0" site_id="324" xmltv_id="Diema Sport 2 4K">Diema Sport 2 4K</channel>
    <channel site="[ENC][EX]bg.eon.tv_0" site_id="310" xmltv_id="Diema Sport 3 4K">Diema Sport 3 4K</channel>
    <channel site="[ENC][EX]bg.eon.tv_0" site_id="101" xmltv_id="Eurosport 1 HD">Eurosport 1 HD</channel>
    <channel site="[ENC][EX]bg.eon.tv_0" site_id="102" xmltv_id="Eurosport 2 HD">Eurosport 2 HD</channel>
    <channel site="[ENC][EX]bg.eon.tv_0" site_id="284" xmltv_id="Eurosport 4K">Eurosport 4K</channel>
    <channel site="[ENC][EX]bg.eon.tv_0" site_id="103" xmltv_id="MAX Sport 1 HD">MAX Sport 1 HD</channel>
    <channel site="[ENC][EX]bg.eon.tv_0" site_id="104" xmltv_id="MAX Sport 2 HD">MAX Sport 2 HD</channel>
    <channel site="[ENC][EX]bg.eon.tv_0" site_id="105" xmltv_id="MAX Sport 3 HD">MAX Sport 3 HD</channel>
    <channel site="[ENC][EX]bg.eon.tv_0" site_id="106" xmltv_id="MAX Sport 4 HD">MAX Sport 4 HD</channel>
    <channel site="[ENC][EX]bg.eon.tv_0" site_id="112" xmltv_id="SPORTAL HD">SPORTAL HD</channel>
    <channel site="[ENC][EX]bg.eon.tv_0" site_id="110" xmltv_id="БНТ 3 HD">БНТ 3 HD</channel>
    <channel site="[ENC][EX]bg.eon.tv_0" site_id="107" xmltv_id="Ring HD">Ring HD</channel>
    <channel site="[ENC][EX]bg.eon.tv_0" site_id="111" xmltv_id="FightBox HD">FightBox HD</channel>
    <channel site="[ENC][EX]bg.eon.tv_0" site_id="113" xmltv_id="B1B Action">B1B Action</channel>
    <channel site="[ENC][EX]bg.eon.tv_0" site_id="118" xmltv_id="Fast and Fun HD">Fast and Fun HD</channel>
    <channel site="[ENC][EX]bg.eon.tv_0" site_id="109" xmltv_id="Extreme Sports">Extreme Sports</channel>
    <channel site="[ENC][EX]bg.eon.tv_0" site_id="117" xmltv_id="Auto Motor Sport HD">Auto Motor Sport HD</channel>
    <channel site="[ENC][EX]bg.eon.tv_0" site_id="121" xmltv_id="Motorvision.tv HD">Motorvision.tv HD</channel>
    <channel site="[ENC][EX]bg.eon.tv_0" site_id="119" xmltv_id="Fuel TV HD">Fuel TV HD</channel>
    <channel site="[ENC][EX]bg.eon.tv_0" site_id="122" xmltv_id="Gametoon HD">Gametoon HD</channel>
    <channel site="[ENC][EX]bg.eon.tv_0" site_id="156" xmltv_id="Nickelodeon">Nickelodeon</channel>
    <channel site="[ENC][EX]bg.eon.tv_0" site_id="155" xmltv_id="Disney">Disney</channel>
    <channel site="[ENC][EX]bg.eon.tv_0" site_id="157" xmltv_id="Cartoon Network">Cartoon Network</channel>
    <channel site="[ENC][EX]bg.eon.tv_0" site_id="159" xmltv_id="Boomerang">Boomerang</channel>
    <channel site="[ENC][EX]bg.eon.tv_0" site_id="165" xmltv_id="Super Toons">Super Toons</channel>
    <channel site="[ENC][EX]bg.eon.tv_0" site_id="160" xmltv_id="Nicktoons">Nicktoons</channel>
    <channel site="[ENC][EX]bg.eon.tv_0" site_id="164" xmltv_id="Nick Junior">Nick Junior</channel>
    <channel site="[ENC][EX]bg.eon.tv_0" site_id="161" xmltv_id="Disney Junior">Disney Junior</channel>
    <channel site="[ENC][EX]bg.eon.tv_0" site_id="228" xmltv_id="IDJ Kids HD">IDJ Kids HD</channel>
    <channel site="[ENC][EX]bg.eon.tv_0" site_id="162" xmltv_id="Baby TV">Baby TV</channel>
    <channel site="[ENC][EX]bg.eon.tv_0" site_id="163" xmltv_id="Jim Jam">Jim Jam</channel>
    <channel site="[ENC][EX]bg.eon.tv_0" site_id="166" xmltv_id="Duck TV">Duck TV</channel>
    <channel site="[ENC][EX]bg.eon.tv_0" site_id="158" xmltv_id="E-Kids">E-Kids</channel>
    <channel site="[ENC][EX]bg.eon.tv_0" site_id="169" xmltv_id="Da Vinci">Da Vinci</channel>
    <channel site="[ENC][EX]bg.eon.tv_0" site_id="168" xmltv_id="English Club TV HD">English Club TV HD</channel>
    <channel site="[ENC][EX]bg.eon.tv_0" site_id="167" xmltv_id="Детский мир / Телеклуб">Детский мир / Телеклуб</channel>
    <channel site="[ENC][EX]bg.eon.tv_0" site_id="254" xmltv_id="Nat Geo HD">Nat Geo HD</channel>
    <channel site="[ENC][EX]bg.eon.tv_0" site_id="253" xmltv_id="Discovery HD">Discovery HD</channel>
    <channel site="[ENC][EX]bg.eon.tv_0" site_id="262" xmltv_id="History HD">History HD</channel>
    <channel site="[ENC][EX]bg.eon.tv_0" site_id="258" xmltv_id="Viasat History">Viasat History</channel>
    <channel site="[ENC][EX]bg.eon.tv_0" site_id="77" xmltv_id="History 2">History 2</channel>
    <channel site="[ENC][EX]bg.eon.tv_0" site_id="257" xmltv_id="Viasat Explorer">Viasat Explorer</channel>
    <channel site="[ENC][EX]bg.eon.tv_0" site_id="256" xmltv_id="Animal Planet HD">Animal Planet HD</channel>
    <channel site="[ENC][EX]bg.eon.tv_0" site_id="259" xmltv_id="Viasat Nature">Viasat Nature</channel>
    <channel site="[ENC][EX]bg.eon.tv_0" site_id="255" xmltv_id="NG Wild HD">NG Wild HD</channel>
    <channel site="[ENC][EX]bg.eon.tv_0" site_id="264" xmltv_id="CI Network">CI Network</channel>
    <channel site="[ENC][EX]bg.eon.tv_0" site_id="263" xmltv_id="ID Extra HD">ID Extra HD</channel>
    <channel site="[ENC][EX]bg.eon.tv_0" site_id="266" xmltv_id="Docubox HD">Docubox HD</channel>
    <channel site="[ENC][EX]bg.eon.tv_0" site_id="276" xmltv_id="The World">The World</channel>
    <channel site="[ENC][EX]bg.eon.tv_0" site_id="123" xmltv_id="Ribalka i Ohota">Ribalka i Ohota</channel>
    <channel site="[ENC][EX]bg.eon.tv_0" site_id="124" xmltv_id="Chasse&amp;Peche">Chasse&amp;Peche</channel>
    <channel site="[ENC][EX]bg.eon.tv_0" site_id="125" xmltv_id="Wild TV">Wild TV</channel>
    <channel site="[ENC][EX]bg.eon.tv_0" site_id="126" xmltv_id="Fishing and Hunting HD">Fishing and Hunting HD</channel>
    <channel site="[ENC][EX]bg.eon.tv_0" site_id="131" xmltv_id="24 Kitchen HD">24 Kitchen HD</channel>
    <channel site="[ENC][EX]bg.eon.tv_0" site_id="132" xmltv_id="Food Network HD">Food Network HD</channel>
    <channel site="[ENC][EX]bg.eon.tv_0" site_id="296" xmltv_id="Soul&amp;Pepper HD">Soul&amp;Pepper HD</channel>
    <channel site="[ENC][EX]bg.eon.tv_0" site_id="133" xmltv_id="TLC">TLC</channel>
    <channel site="[ENC][EX]bg.eon.tv_0" site_id="261" xmltv_id="HGTV">HGTV</channel>
    <channel site="[ENC][EX]bg.eon.tv_0" site_id="267" xmltv_id="Fashion TV HD">Fashion TV HD</channel>
    <channel site="[ENC][EX]bg.eon.tv_0" site_id="268" xmltv_id="Code Fashion TV">Code Fashion TV</channel>
    <channel site="[ENC][EX]bg.eon.tv_0" site_id="270" xmltv_id="FashionBox HD">FashionBox HD</channel>
    <channel site="[ENC][EX]bg.eon.tv_0" site_id="116" xmltv_id="Trace Sports Stars HD">Trace Sports Stars HD</channel>
    <channel site="[ENC][EX]bg.eon.tv_0" site_id="273" xmltv_id="Travel Channel HD">Travel Channel HD</channel>
    <channel site="[ENC][EX]bg.eon.tv_0" site_id="274" xmltv_id="Travel TV">Travel TV</channel>
    <channel site="[ENC][EX]bg.eon.tv_0" site_id="301" xmltv_id="TV Tourism HD">TV Tourism HD</channel>
    <channel site="[ENC][EX]bg.eon.tv_0" site_id="79" xmltv_id="FunBox UHD">FunBox UHD</channel>
    <channel site="[ENC][EX]bg.eon.tv_0" site_id="271" xmltv_id="Wness HD">Wness HD</channel>
    <channel site="[ENC][EX]bg.eon.tv_0" site_id="272" xmltv_id="MyZen TV HD">MyZen TV HD</channel>
    <channel site="[ENC][EX]bg.eon.tv_0" site_id="283" xmltv_id="Code Health TV">Code Health TV</channel>
    <channel site="[ENC][EX]bg.eon.tv_0" site_id="81" xmltv_id="Luxe 4K TV">Luxe 4K TV</channel>
    <channel site="[ENC][EX]bg.eon.tv_0" site_id="219" xmltv_id="Планета HD">Планета HD</channel>
    <channel site="[ENC][EX]bg.eon.tv_0" site_id="221" xmltv_id="ФЕН ТВ HD">ФЕН ТВ HD</channel>
    <channel site="[ENC][EX]bg.eon.tv_0" site_id="225" xmltv_id="Grand HD">Grand HD</channel>
    <channel site="[ENC][EX]bg.eon.tv_0" site_id="229" xmltv_id="Hit Mix">Hit Mix</channel>
    <channel site="[ENC][EX]bg.eon.tv_0" site_id="223" xmltv_id="DSTV">DSTV</channel>
    <channel site="[ENC][EX]bg.eon.tv_0" site_id="226" xmltv_id="Grand 2 HD">Grand 2 HD</channel>
    <channel site="[ENC][EX]bg.eon.tv_0" site_id="80" xmltv_id="Planeta 4K">Planeta 4K</channel>
    <channel site="[ENC][EX]bg.eon.tv_0" site_id="222" xmltv_id="Балканика">Балканика</channel>
    <channel site="[ENC][EX]bg.eon.tv_0" site_id="220" xmltv_id="Планета">Планета</channel>
    <channel site="[ENC][EX]bg.eon.tv_0" site_id="230" xmltv_id="Планета Фолк">Планета Фолк</channel>
    <channel site="[ENC][EX]bg.eon.tv_0" site_id="231" xmltv_id="Folklor">Folklor</channel>
    <channel site="[ENC][EX]bg.eon.tv_0" site_id="224" xmltv_id="DM Sat">DM Sat</channel>
    <channel site="[ENC][EX]bg.eon.tv_0" site_id="232" xmltv_id="Тянков Фолк">Тянков Фолк</channel>
    <channel site="[ENC][EX]bg.eon.tv_0" site_id="233" xmltv_id="Фен Фолк ТВ">Фен Фолк ТВ</channel>
    <channel site="[ENC][EX]bg.eon.tv_0" site_id="235" xmltv_id="The Voice HD">The Voice HD</channel>
    <channel site="[ENC][EX]bg.eon.tv_0" site_id="236" xmltv_id="Magic TV HD">Magic TV HD</channel>
    <channel site="[ENC][EX]bg.eon.tv_0" site_id="227" xmltv_id="IDJ">IDJ</channel>
    <channel site="[ENC][EX]bg.eon.tv_0" site_id="234" xmltv_id="City TV">City TV</channel>
    <channel site="[ENC][EX]bg.eon.tv_0" site_id="237" xmltv_id="Box TV">Box TV</channel>
    <channel site="[ENC][EX]bg.eon.tv_0" site_id="238" xmltv_id="BG Music Channel">BG Music Channel</channel>
    <channel site="[ENC][EX]bg.eon.tv_0" site_id="241" xmltv_id="MTV">MTV</channel>
    <channel site="[ENC][EX]bg.eon.tv_0" site_id="239" xmltv_id="MTV 00s">MTV 00s</channel>
    <channel site="[ENC][EX]bg.eon.tv_0" site_id="240" xmltv_id="MTV 80s">MTV 80s</channel>
    <channel site="[ENC][EX]bg.eon.tv_0" site_id="243" xmltv_id="MTV 90s">MTV 90s</channel>
    <channel site="[ENC][EX]bg.eon.tv_0" site_id="242" xmltv_id="MTV Hits">MTV Hits</channel>
    <channel site="[ENC][EX]bg.eon.tv_0" site_id="244" xmltv_id="club MTV">club MTV</channel>
    <channel site="[ENC][EX]bg.eon.tv_0" site_id="251" xmltv_id="360 TuneBox HD">360 TuneBox HD</channel>
    <channel site="[ENC][EX]bg.eon.tv_0" site_id="249" xmltv_id="Deluxe Music HD">Deluxe Music HD</channel>
    <channel site="[ENC][EX]bg.eon.tv_0" site_id="250" xmltv_id="Deluxe Lounge HD">Deluxe Lounge HD</channel>
    <channel site="[ENC][EX]bg.eon.tv_0" site_id="247" xmltv_id="Mezzo">Mezzo</channel>
    <channel site="[ENC][EX]bg.eon.tv_0" site_id="248" xmltv_id="C Music">C Music</channel>
    <channel site="[ENC][EX]bg.eon.tv_0" site_id="245" xmltv_id="MTV Live">MTV Live</channel>
    <channel site="[ENC][EX]bg.eon.tv_0" site_id="252" xmltv_id="iConcerts HD">iConcerts HD</channel>
    <channel site="[ENC][EX]bg.eon.tv_0" site_id="171" xmltv_id="Bloomberg BG">Bloomberg BG</channel>
    <channel site="[ENC][EX]bg.eon.tv_0" site_id="179" xmltv_id="CNN">CNN</channel>
    <channel site="[ENC][EX]bg.eon.tv_0" site_id="320" xmltv_id="Karusel">Karusel</channel>
    <channel site="[ENC][EX]bg.eon.tv_0" site_id="180" xmltv_id="Euronews HD">Euronews HD</channel>
    <channel site="[ENC][EX]bg.eon.tv_0" site_id="298" xmltv_id="FREEДОМ HD">FREEДОМ HD</channel>
    <channel site="[ENC][EX]bg.eon.tv_0" site_id="181" xmltv_id="DW">DW</channel>
    <channel site="[ENC][EX]bg.eon.tv_0" site_id="182" xmltv_id="CNBC">CNBC</channel>
    <channel site="[ENC][EX]bg.eon.tv_0" site_id="183" xmltv_id="Bloomberg">Bloomberg</channel>
    <channel site="[ENC][EX]bg.eon.tv_0" site_id="207" xmltv_id="TRT World">TRT World</channel>
    <channel site="[ENC][EX]bg.eon.tv_0" site_id="321" xmltv_id="Shanson">Shanson</channel>
    <channel site="[ENC][EX]bg.eon.tv_0" site_id="187" xmltv_id="Первый канал России">Первый канал России</channel>
    <channel site="[ENC][EX]bg.eon.tv_0" site_id="188" xmltv_id="RTVi">RTVi</channel>
    <channel site="[ENC][EX]bg.eon.tv_0" site_id="189" xmltv_id="Наше Кино">Наше Кино</channel>
    <channel site="[ENC][EX]bg.eon.tv_0" site_id="312" xmltv_id="CTC Int.">CTC Int.</channel>
    <channel site="[ENC][EX]bg.eon.tv_0" site_id="311" xmltv_id="Perets Int.">Perets Int.</channel>
    <channel site="[ENC][EX]bg.eon.tv_0" site_id="319" xmltv_id="Trofey">Trofey</channel>
    <channel site="[ENC][EX]bg.eon.tv_0" site_id="318" xmltv_id="Zivi!">Zivi!</channel>
    <channel site="[ENC][EX]bg.eon.tv_0" site_id="313" xmltv_id="CTC Kids">CTC Kids</channel>
    <channel site="[ENC][EX]bg.eon.tv_0" site_id="314" xmltv_id="Domashniy">Domashniy</channel>
    <channel site="[ENC][EX]bg.eon.tv_0" site_id="197" xmltv_id="Russian Travel Guide Int.">Russian Travel Guide Int.</channel>
    <channel site="[ENC][EX]bg.eon.tv_0" site_id="198" xmltv_id="TV 1000 Russian Kino Global">TV 1000 Russian Kino Global</channel>
    <channel site="[ENC][EX]bg.eon.tv_0" site_id="323" xmltv_id="DomKino Premium">DomKino Premium</channel>
    <channel site="[ENC][EX]bg.eon.tv_0" site_id="200" xmltv_id="Current Time">Current Time</channel>
    <channel site="[ENC][EX]bg.eon.tv_0" site_id="202" xmltv_id="RTL">RTL</channel>
    <channel site="[ENC][EX]bg.eon.tv_0" site_id="201" xmltv_id="VOX">VOX</channel>
    <channel site="[ENC][EX]bg.eon.tv_0" site_id="208" xmltv_id="Show Turk">Show Turk</channel>
    <channel site="[ENC][EX]bg.eon.tv_0" site_id="210" xmltv_id="TV 8">TV 8</channel>
    <channel site="[ENC][EX]bg.eon.tv_0" site_id="211" xmltv_id="KANAL 7 (Avrupa 7)">KANAL 7 (Avrupa 7)</channel>
    <channel site="[ENC][EX]bg.eon.tv_0" site_id="212" xmltv_id="Show Max">Show Max</channel>
    <channel site="[ENC][EX]bg.eon.tv_0" site_id="213" xmltv_id="Haber Turk">Haber Turk</channel>
    <channel site="[ENC][EX]bg.eon.tv_0" site_id="214" xmltv_id="BeIn Movies">BeIn Movies</channel>
    <channel site="[ENC][EX]bg.eon.tv_0" site_id="215" xmltv_id="YABAN TV">YABAN TV</channel>
    <channel site="[ENC][EX]bg.eon.tv_0" site_id="322" xmltv_id="Al Jazeera">Al Jazeera</channel>
    <channel site="[ENC][EX]bg.eon.tv_0" site_id="218" xmltv_id="TVR International">TVR International</channel>
    <channel site="[ENC][EX]bg.eon.tv_0" site_id="216" xmltv_id="Public Television of Armenia">Public Television of Armenia</channel>
    <channel site="[ENC][EX]bg.eon.tv_0" site_id="203" xmltv_id="France 24">France 24</channel>
    <channel site="[ENC][EX]bg.eon.tv_0" site_id="204" xmltv_id="TV 5 Monde">TV 5 Monde</channel>
    <channel site="[ENC][EX]bg.eon.tv_0" site_id="217" xmltv_id="Antena 3">Antena 3</channel>
    <channel site="[ENC][EX]bg.eon.tv_0" site_id="205" xmltv_id="Mediaset">Mediaset</channel>
    <channel site="[ENC][EX]bg.eon.tv_0" site_id="206" xmltv_id="TG Com 24">TG Com 24</channel>
    <channel site="[ENC][EX]bg.eon.tv_0" site_id="302" xmltv_id="Nasha TV HD">Nasha TV HD</channel>
    <channel site="[ENC][EX]bg.eon.tv_0" site_id="173" xmltv_id="БСТВ">БСТВ</channel>
    <channel site="[ENC][EX]bg.eon.tv_0" site_id="172" xmltv_id="VTK">VTK</channel>
    <channel site="[ENC][EX]bg.eon.tv_0" site_id="100" xmltv_id="България 24">България 24</channel>
    <channel site="[ENC][EX]bg.eon.tv_0" site_id="174" xmltv_id="Alfa TV">Alfa TV</channel>
    <channel site="[ENC][EX]bg.eon.tv_0" site_id="177" xmltv_id="БХТВ">БХТВ</channel>
    <channel site="[ENC][EX]bg.eon.tv_0" site_id="300" xmltv_id="PPTV HD">PPTV HD</channel>
    <channel site="[ENC][EX]bg.eon.tv_0" site_id="175" xmltv_id="Агро ТВ">Агро ТВ</channel>
    <channel site="[ENC][EX]bg.eon.tv_0" site_id="277" xmltv_id="XY Plus">XY Plus</channel>
    <channel site="[ENC][EX]bg.eon.tv_0" site_id="72" xmltv_id="HUSTLER TV">HUSTLER TV</channel>
    <channel site="[ENC][EX]bg.eon.tv_0" site_id="76" xmltv_id="Extasy 4K">Extasy 4K</channel>
    <channel site="[ENC][EX]bg.eon.tv_0" site_id="278" xmltv_id="Fantazzy">Fantazzy</channel>
    <channel site="[ENC][EX]bg.eon.tv_0" site_id="6" xmltv_id="Dorcel TV HD">Dorcel TV HD</channel>
    <channel site="[ENC][EX]bg.eon.tv_0" site_id="73" xmltv_id="Private TV">Private TV</channel>
    <channel site="[ENC][EX]bg.eon.tv_0" site_id="281" xmltv_id="Vivid TV">Vivid TV</channel>
    <channel site="[ENC][EX]bg.eon.tv_0" site_id="75" xmltv_id="Barely Legal TV">Barely Legal TV</channel>
    <channel site="[ENC][EX]bg.eon.tv_0" site_id="5" xmltv_id="REDLIGHT HD">REDLIGHT HD</channel>
    <channel site="[ENC][EX]bg.eon.tv_0" site_id="4" xmltv_id="Playboy HD">Playboy HD</channel>
    <channel site="[ENC][EX]bg.eon.tv_0" site_id="3" xmltv_id="EROXXX HD">EROXXX HD</channel>
    <channel site="[ENC][EX]bg.eon.tv_0" site_id="2" xmltv_id="PenthouseReality">PenthouseReality</channel>
    <channel site="[ENC][EX]bg.eon.tv_0" site_id="71" xmltv_id="EroX HD">EroX HD</channel>
    <channel site="[ENC][EX]bg.eon.tv_0" site_id="286" xmltv_id="Evil Angel HD">Evil Angel HD</channel>
  </channels>
</site>