<?xml version="1.0" encoding="UTF-8"?>
<site generator-info-name="Tempest EPG Generator (made by Kvanc)" generator-info-url="https://github.com/K-vanc/Tempest-EPG-Generator.git" site="[ENC][EX]foldfelszini-tv.one.hu_0">
  <channels>
    <channel site="[ENC][EX]foldfelszini-tv.one.hu_0" site_id="M1 HD#__#8||/sb/image/5128" xmltv_id="M1 HD">M1 HD</channel>
    <channel site="[ENC][EX]foldfelszini-tv.one.hu_0" site_id="M2 HD#__#25||/sb/image/5129" xmltv_id="M2 HD">M2 HD</channel>
    <channel site="[ENC][EX]foldfelszini-tv.one.hu_0" site_id="DUNA HD#__#66||/sb/image/5132" xmltv_id="DUNA HD">DUNA HD</channel>
    <channel site="[ENC][EX]foldfelszini-tv.one.hu_0" site_id="M4 Sport HD#__#41||/sb/image/5148" xmltv_id="M4 Sport HD">M4 Sport HD</channel>
    <channel site="[ENC][EX]foldfelszini-tv.one.hu_0" site_id="M5#__#42||/sb/image/5149" xmltv_id="M5">M5</channel>
    <channel site="[ENC][EX]foldfelszini-tv.one.hu_0" site_id="Duna World HD#__#10||/sb/image/5108" xmltv_id="Duna World HD">Duna World HD</channel>
    <channel site="[ENC][EX]foldfelszini-tv.one.hu_0" site_id="EWTN Bonum TV#__#39||/sb/image/3833128" xmltv_id="EWTN Bonum TV">EWTN Bonum TV</channel>
    <channel site="[ENC][EX]foldfelszini-tv.one.hu_0" site_id="JazzTV#__#583||/sb/image/6373219" xmltv_id="JazzTV">JazzTV</channel>
    <channel site="[ENC][EX]foldfelszini-tv.one.hu_0" site_id="PAX TV#__#15||/sb/image/921158" xmltv_id="PAX TV">PAX TV</channel>
    <channel site="[ENC][EX]foldfelszini-tv.one.hu_0" site_id="Heti TV#__#49||/sb/image/921172" xmltv_id="Heti TV">Heti TV</channel>
    <channel site="[ENC][EX]foldfelszini-tv.one.hu_0" site_id="Apostol TV#__#584||/sb/image/8570478" xmltv_id="Apostol TV">Apostol TV</channel>
    <channel site="[ENC][EX]foldfelszini-tv.one.hu_0" site_id="Fit HD#__#40||/sb/image/2913771" xmltv_id="Fit HD">Fit HD</channel>
    <channel site="[ENC][EX]foldfelszini-tv.one.hu_0" site_id="Balaton Televízió#__#85||/sb/image/921174" xmltv_id="Balaton Televízió">Balaton Televízió</channel>
    <channel site="[ENC][EX]foldfelszini-tv.one.hu_0" site_id="RTL#__#59||/sb/image/6810961" xmltv_id="RTL">RTL</channel>
    <channel site="[ENC][EX]foldfelszini-tv.one.hu_0" site_id="TV2#__#82||/sb/image/2505114" xmltv_id="TV2">TV2</channel>
    <channel site="[ENC][EX]foldfelszini-tv.one.hu_0" site_id="Izaura TV#__#44||/sb/image/5151" xmltv_id="Izaura TV">Izaura TV</channel>
    <channel site="[ENC][EX]foldfelszini-tv.one.hu_0" site_id="Spektrum Home#__#26||/sb/image/5709632" xmltv_id="Spektrum Home">Spektrum Home</channel>
    <channel site="[ENC][EX]foldfelszini-tv.one.hu_0" site_id="Film.#__#7||/sb/image/921140" xmltv_id="Film+">Film+</channel>
    <channel site="[ENC][EX]foldfelszini-tv.one.hu_0" site_id="Cool#__#72||/sb/image/5096" xmltv_id="Cool">Cool</channel>
    <channel site="[ENC][EX]foldfelszini-tv.one.hu_0" site_id="Mozi.#__#33||/sb/image/921145" xmltv_id="Mozi+">Mozi+</channel>
    <channel site="[ENC][EX]foldfelszini-tv.one.hu_0" site_id="VIASAT3#__#28||/sb/image/921168" xmltv_id="VIASAT3">VIASAT3</channel>
    <channel site="[ENC][EX]foldfelszini-tv.one.hu_0" site_id="Prime#__#30||/sb/image/5136" xmltv_id="Prime">Prime</channel>
    <channel site="[ENC][EX]foldfelszini-tv.one.hu_0" site_id="SuperTV2#__#37||/sb/image/921144" xmltv_id="SuperTV2">SuperTV2</channel>
    <channel site="[ENC][EX]foldfelszini-tv.one.hu_0" site_id="RTL II#__#36||/sb/image/921141" xmltv_id="RTL II">RTL II</channel>
    <channel site="[ENC][EX]foldfelszini-tv.one.hu_0" site_id="RTL.#__#22||/sb/image/6811043" xmltv_id="RTL+">RTL+</channel>
    <channel site="[ENC][EX]foldfelszini-tv.one.hu_0" site_id="AMC#__#17||/sb/image/921180" xmltv_id="AMC">AMC</channel>
    <channel site="[ENC][EX]foldfelszini-tv.one.hu_0" site_id="Paramount Network#__#38||/sb/image/1816649" xmltv_id="Paramount Network">Paramount Network</channel>
    <channel site="[ENC][EX]foldfelszini-tv.one.hu_0" site_id="TV4#__#58||/sb/image/5090" xmltv_id="TV4">TV4</channel>
    <channel site="[ENC][EX]foldfelszini-tv.one.hu_0" site_id="TV2 Comedy#__#47||/sb/image/921148" xmltv_id="TV2 Comedy">TV2 Comedy</channel>
    <channel site="[ENC][EX]foldfelszini-tv.one.hu_0" site_id="National Geographic#__#18||/sb/image/5084" xmltv_id="National Geographic">National Geographic</channel>
    <channel site="[ENC][EX]foldfelszini-tv.one.hu_0" site_id="Sport1#__#76||/sb/image/921181" xmltv_id="Sport1">Sport1</channel>
    <channel site="[ENC][EX]foldfelszini-tv.one.hu_0" site_id="Hír TV#__#9||/sb/image/921161" xmltv_id="Hír TV">Hír TV</channel>
    <channel site="[ENC][EX]foldfelszini-tv.one.hu_0" site_id="ATV#__#19||/sb/image/5134" xmltv_id="ATV">ATV</channel>
    <channel site="[ENC][EX]foldfelszini-tv.one.hu_0" site_id="Life TV#__#546||/sb/image/921167" xmltv_id="Life TV">Life TV</channel>
    <channel site="[ENC][EX]foldfelszini-tv.one.hu_0" site_id="Sláger TV#__#31||/sb/image/921150" xmltv_id="Sláger TV">Sláger TV</channel>
    <channel site="[ENC][EX]foldfelszini-tv.one.hu_0" site_id="Spektrum#__#84||/sb/image/5709631" xmltv_id="Spektrum">Spektrum</channel>
    <channel site="[ENC][EX]foldfelszini-tv.one.hu_0" site_id="Discovery Channel#__#74||/sb/image/921177" xmltv_id="Discovery Channel">Discovery Channel</channel>
    <channel site="[ENC][EX]foldfelszini-tv.one.hu_0" site_id="TLC#__#35||/sb/image/921178" xmltv_id="TLC">TLC</channel>
    <channel site="[ENC][EX]foldfelszini-tv.one.hu_0" site_id="Comedy Central#__#24||/sb/image/921170" xmltv_id="Comedy Central">Comedy Central</channel>
    <channel site="[ENC][EX]foldfelszini-tv.one.hu_0" site_id="AXN#__#57||/sb/image/921151" xmltv_id="AXN">AXN</channel>
    <channel site="[ENC][EX]foldfelszini-tv.one.hu_0" site_id="RTL Gold#__#12||/sb/image/921142" xmltv_id="RTL Gold">RTL Gold</channel>
    <channel site="[ENC][EX]foldfelszini-tv.one.hu_0" site_id="Moziverzum#__#539||/sb/image/921190" xmltv_id="Moziverzum">Moziverzum</channel>
    <channel site="[ENC][EX]foldfelszini-tv.one.hu_0" site_id="JOCKY TV#__#540||/sb/image/921196" xmltv_id="JOCKY TV">JOCKY TV</channel>
    <channel site="[ENC][EX]foldfelszini-tv.one.hu_0" site_id="Sorozat.#__#541||/sb/image/921189" xmltv_id="Sorozat+">Sorozat+</channel>
    <channel site="[ENC][EX]foldfelszini-tv.one.hu_0" site_id="Sport 2#__#542||/sb/image/921182" xmltv_id="Sport 2">Sport 2</channel>
    <channel site="[ENC][EX]foldfelszini-tv.one.hu_0" site_id="Arena 4#__#543||/sb/image/921186" xmltv_id="Arena 4">Arena 4</channel>
    <channel site="[ENC][EX]foldfelszini-tv.one.hu_0" site_id="TV Paprika#__#83||/sb/image/3833096" xmltv_id="TV Paprika">TV Paprika</channel>
    <channel site="[ENC][EX]foldfelszini-tv.one.hu_0" site_id="TV2 Séf#__#2||/sb/image/1321970" xmltv_id="TV2 Séf">TV2 Séf</channel>
    <channel site="[ENC][EX]foldfelszini-tv.one.hu_0" site_id="OzoneTv#__#29||/sb/image/1710017" xmltv_id="OzoneTv">OzoneTv</channel>
    <channel site="[ENC][EX]foldfelszini-tv.one.hu_0" site_id="Film Cafe#__#547||/sb/image/921192" xmltv_id="Film Cafe">Film Cafe</channel>
    <channel site="[ENC][EX]foldfelszini-tv.one.hu_0" site_id="VIASAT6#__#11||/sb/image/921169" xmltv_id="VIASAT6">VIASAT6</channel>
    <channel site="[ENC][EX]foldfelszini-tv.one.hu_0" site_id="Travel Channel#__#549||/sb/image/921193" xmltv_id="Travel Channel">Travel Channel</channel>
    <channel site="[ENC][EX]foldfelszini-tv.one.hu_0" site_id="Zenebutik#__#43||/sb/image/5150" xmltv_id="Zenebutik">Zenebutik</channel>
    <channel site="[ENC][EX]foldfelszini-tv.one.hu_0" site_id="Epic Drama#__#54||/sb/image/1758096" xmltv_id="Epic Drama">Epic Drama</channel>
    <channel site="[ENC][EX]foldfelszini-tv.one.hu_0" site_id="TV2 Klub#__#45||/sb/image/10024885" xmltv_id="TV2 Klub">TV2 Klub</channel>
    <channel site="[ENC][EX]foldfelszini-tv.one.hu_0" site_id="Viasat Film#__#87||/sb/image/5310827" xmltv_id="Viasat Film">Viasat Film</channel>
    <channel site="[ENC][EX]foldfelszini-tv.one.hu_0" site_id="Viasat2#__#86||/sb/image/5310826" xmltv_id="Viasat2">Viasat2</channel>
    <channel site="[ENC][EX]foldfelszini-tv.one.hu_0" site_id="Film Mania#__#557||/sb/image/921191" xmltv_id="Film Mania">Film Mania</channel>
    <channel site="[ENC][EX]foldfelszini-tv.one.hu_0" site_id="Viasat Explore#__#14||/sb/image/4906343" xmltv_id="Viasat Explore">Viasat Explore</channel>
    <channel site="[ENC][EX]foldfelszini-tv.one.hu_0" site_id="Viasat Nature#__#13||/sb/image/4906345" xmltv_id="Viasat Nature">Viasat Nature</channel>
    <channel site="[ENC][EX]foldfelszini-tv.one.hu_0" site_id="ATV Spirit#__#89||/sb/image/5127" xmltv_id="ATV Spirit">ATV Spirit</channel>
    <channel site="[ENC][EX]foldfelszini-tv.one.hu_0" site_id="Muzsika#__#561||/sb/image/921206" xmltv_id="Muzsika">Muzsika</channel>
    <channel site="[ENC][EX]foldfelszini-tv.one.hu_0" site_id="Food network#__#562||/sb/image/921195" xmltv_id="Food network">Food network</channel>
    <channel site="[ENC][EX]foldfelszini-tv.one.hu_0" site_id="Investigation Discovery#__#563||/sb/image/921194" xmltv_id="Investigation Discovery">Investigation Discovery</channel>
    <channel site="[ENC][EX]foldfelszini-tv.one.hu_0" site_id="Extreme Sports#__#4||/sb/image/921198" xmltv_id="Extreme Sports">Extreme Sports</channel>
    <channel site="[ENC][EX]foldfelszini-tv.one.hu_0" site_id="Jim Jam#__#565||/sb/image/921204" xmltv_id="Jim Jam">Jim Jam</channel>
    <channel site="[ENC][EX]foldfelszini-tv.one.hu_0" site_id="Disney Channel#__#55||/sb/image/6763710" xmltv_id="Disney Channel">Disney Channel</channel>
    <channel site="[ENC][EX]foldfelszini-tv.one.hu_0" site_id="Minimax#__#567||/sb/image/3354831" xmltv_id="Minimax">Minimax</channel>
    <channel site="[ENC][EX]foldfelszini-tv.one.hu_0" site_id="TeenNick#__#93||/sb/image/4683959" xmltv_id="TeenNick">TeenNick</channel>
    <channel site="[ENC][EX]foldfelszini-tv.one.hu_0" site_id="Nickelodeon#__#56||/sb/image/8613752" xmltv_id="Nickelodeon">Nickelodeon</channel>
    <channel site="[ENC][EX]foldfelszini-tv.one.hu_0" site_id="Nick Junior#__#570||/sb/image/10030878" xmltv_id="Nick Junior">Nick Junior</channel>
    <channel site="[ENC][EX]foldfelszini-tv.one.hu_0" site_id="TV2 Kids#__#571||/sb/image/921149" xmltv_id="TV2 Kids">TV2 Kids</channel>
    <channel site="[ENC][EX]foldfelszini-tv.one.hu_0" site_id="Baby TV#__#572||/sb/image/921205" xmltv_id="Baby TV">Baby TV</channel>
    <channel site="[ENC][EX]foldfelszini-tv.one.hu_0" site_id="Nicktoons#__#574||/sb/image/921201" xmltv_id="Nicktoons">Nicktoons</channel>
    <channel site="[ENC][EX]foldfelszini-tv.one.hu_0" site_id="Animal Planet#__#73||/sb/image/921187" xmltv_id="Animal Planet">Animal Planet</channel>
    <channel site="[ENC][EX]foldfelszini-tv.one.hu_0" site_id="hgtv#__#102||/sb/image/9480614" xmltv_id="hgtv">hgtv</channel>
    <channel site="[ENC][EX]foldfelszini-tv.one.hu_0" site_id="National Geographic Wild#__#5||/sb/image/921156" xmltv_id="National Geographic Wild">National Geographic Wild</channel>
    <channel site="[ENC][EX]foldfelszini-tv.one.hu_0" site_id="Viasat History#__#67||/sb/image/4906344" xmltv_id="Viasat History">Viasat History</channel>
    <channel site="[ENC][EX]foldfelszini-tv.one.hu_0" site_id="Fishing . Hunting#__#20||/sb/image/5114" xmltv_id="Fishing &amp; Hunting">Fishing &amp; Hunting</channel>
    <channel site="[ENC][EX]foldfelszini-tv.one.hu_0" site_id="Filmbox Premium#__#21||/sb/image/921146" xmltv_id="Filmbox Premium">Filmbox Premium</channel>
    <channel site="[ENC][EX]foldfelszini-tv.one.hu_0" site_id="Spíler1#__#81||/sb/image/8828596" xmltv_id="Spíler1">Spíler1</channel>
    <channel site="[ENC][EX]foldfelszini-tv.one.hu_0" site_id="Spíler2#__#582||/sb/image/8828598" xmltv_id="Spíler2">Spíler2</channel>
    <channel site="[ENC][EX]foldfelszini-tv.one.hu_0" site_id="Magyar Mozi TV#__#585||/sb/image/9174723" xmltv_id="Magyar Mozi TV">Magyar Mozi TV</channel>
  </channels>
</site>