<?xml version="1.0" encoding="UTF-8"?>
<site generator-info-name="Tempest EPG Generator (made by Kvanc)" generator-info-url="https://github.com/K-vanc/Tempest-EPG-Generator.git" site="[ENC][EX]livetv.directone.hu_0">
  <channels>
    <channel site="[ENC][EX]livetv.directone.hu_0" site_id="aX-Nbvn_ANGWqTtj2xNTQyZ2uRfdd0KS0sB1cI0C" xmltv_id="M1 HD">M1 HD</channel>
    <channel site="[ENC][EX]livetv.directone.hu_0" site_id="ucPLdc8jZ1r48Lq-9zqTBwcMXVUUfdkDNyDBYx9h" xmltv_id="m1">m1</channel>
    <channel site="[ENC][EX]livetv.directone.hu_0" site_id="CX8GwTF4DVlWjU-cns9-AcQ3ddlBmpHY7WGWwjPa" xmltv_id="m2 HD">m2 HD</channel>
    <channel site="[ENC][EX]livetv.directone.hu_0" site_id="CX8GwTF4DVlWjU-cns9-AcQ3ddlBmpHY7WGWwjPa" xmltv_id="m2 / Petofi">m2 / Petofi</channel>
    <channel site="[ENC][EX]livetv.directone.hu_0" site_id="IbA_CcHGY6G6zVTjcJMPFTPIpPqJZZxE8y11PSzZ" xmltv_id="M4 HD">M4 HD</channel>
    <channel site="[ENC][EX]livetv.directone.hu_0" site_id="IbA_CcHGY6G6zVTjcJMPFTPIpPqJZZxE8y11PSzZ" xmltv_id="m4 Sport">m4 Sport</channel>
    <channel site="[ENC][EX]livetv.directone.hu_0" site_id="stNkvSU-ifsDe9ggsWfFEXFFEbkqR5eiW8kN9yiy" xmltv_id="M5 HD">M5 HD</channel>
    <channel site="[ENC][EX]livetv.directone.hu_0" site_id="stNkvSU-ifsDe9ggsWfFEXFFEbkqR5eiW8kN9yiy" xmltv_id="M5">M5</channel>
    <channel site="[ENC][EX]livetv.directone.hu_0" site_id="yRKesb3NX7FfO1aHLp8u1VGqcwA0DG4quYnaqqIl" xmltv_id="Duna HD">Duna HD</channel>
    <channel site="[ENC][EX]livetv.directone.hu_0" site_id="yRKesb3NX7FfO1aHLp8u1VGqcwA0DG4quYnaqqIl" xmltv_id="Duna TV">Duna TV</channel>
    <channel site="[ENC][EX]livetv.directone.hu_0" site_id="DFo2bh1J-mQJESdtg2KXgyTl3V185lkA88Yffcph" xmltv_id="Duna World / M4 Sport+">Duna World / M4 Sport+</channel>
    <channel site="[ENC][EX]livetv.directone.hu_0" site_id="6c01h7oshtB8vxz1S0EbjqcQrNhHZ8W7HC9EfFt2" xmltv_id="TV2 Comedy">TV2 Comedy</channel>
    <channel site="[ENC][EX]livetv.directone.hu_0" site_id="FPCeQx08bRwwp_M658kl5JaLQYjbLEOaNzGjRJiS" xmltv_id="Comedy Central">Comedy Central</channel>
    <channel site="[ENC][EX]livetv.directone.hu_0" site_id="xdeJQNM9gs9jzmTQZTDkd4TnhJJjoK2EU3V9r6S7" xmltv_id="Comedy Central Family">Comedy Central Family</channel>
    <channel site="[ENC][EX]livetv.directone.hu_0" site_id="vMi99kO8IoEhUSssZwhGZGjriAwqTrNnmqMtSgDV" xmltv_id="Paramount Network">Paramount Network</channel>
    <channel site="[ENC][EX]livetv.directone.hu_0" site_id="F8qDptLUWX1QfccfNLlu_JM5_bmm_CNresi2pbVt" xmltv_id="RTL">RTL</channel>
    <channel site="[ENC][EX]livetv.directone.hu_0" site_id="Ua2J0asOIwjAmG0nui-2Y_6LO6WwzQPU82yE_atw" xmltv_id="TV2">TV2</channel>
    <channel site="[ENC][EX]livetv.directone.hu_0" site_id="tAAEEzp_NrP8ixgiXDqETGLC-7rbAAZzrJSLzd43" xmltv_id="Direct One">Direct One</channel>
    <channel site="[ENC][EX]livetv.directone.hu_0" site_id="T4YhqkGUu5_ln99ZYK_yerdwHgUQX2rpW5gvRUT9" xmltv_id="RTL KETTO">RTL KETTO</channel>
    <channel site="[ENC][EX]livetv.directone.hu_0" site_id="YpA0yjjgroJtmQqBPv5reoMLMDy1aDvu8yWEwEzC" xmltv_id="RTL HAROM">RTL HAROM</channel>
    <channel site="[ENC][EX]livetv.directone.hu_0" site_id="X7ivIo0uf7g4csQBwZeE05abPQtBysPtYw7111_c" xmltv_id="Sorozat+">Sorozat+</channel>
    <channel site="[ENC][EX]livetv.directone.hu_0" site_id="2PoJ0aUr4NRS8kWbA5kPZujNc_0GbdwZpmfvAfRw" xmltv_id="SuperTV2">SuperTV2</channel>
    <channel site="[ENC][EX]livetv.directone.hu_0" site_id="Q5opJOAFLYK-rcq2-uo6ddeFMa7ZhPCAg3dv3ZHU" xmltv_id="Prime">Prime</channel>
    <channel site="[ENC][EX]livetv.directone.hu_0" site_id="Q2Ad_C8Ov7lXz6u-aDxBlgq20ZhCI5JhzY2MrRNf" xmltv_id="Cool">Cool</channel>
    <channel site="[ENC][EX]livetv.directone.hu_0" site_id="ey1DtjYfijwjpLtX18QOzkD8h_Pq8ASbPEc58Qgl" xmltv_id="TV4">TV4</channel>
    <channel site="[ENC][EX]livetv.directone.hu_0" site_id="JogXlbKhwuYSFNzYL8DM4pZ2rfp46V4W9mKU1ZjJ" xmltv_id="STORY4">STORY4</channel>
    <channel site="[ENC][EX]livetv.directone.hu_0" site_id="ooeKFt-6SUWL_yPxXupLFm73NGh6KZ4S6EiSV91Q" xmltv_id="Viasat3">Viasat3</channel>
    <channel site="[ENC][EX]livetv.directone.hu_0" site_id="7ozonTaHT35YGRB_VsFxSdir7sFjqFYTNiFXnVAU" xmltv_id="Viasat6">Viasat6</channel>
    <channel site="[ENC][EX]livetv.directone.hu_0" site_id="CDdSfPak0RGVlQrEh8KvZYVxAZ6kbPfpEUUsyPa0" xmltv_id="Mozi+">Mozi+</channel>
    <channel site="[ENC][EX]livetv.directone.hu_0" site_id="6A1p-AGDKWyFbpmvW19bXdqJg0I9NgYumBE6R8bs" xmltv_id="ATV">ATV</channel>
    <channel site="[ENC][EX]livetv.directone.hu_0" site_id="iNpyHEQDfb27nrWRa1lvygoH5F_NN83-FlUp_diq" xmltv_id="Life TV">Life TV</channel>
    <channel site="[ENC][EX]livetv.directone.hu_0" site_id="JD8qQ328piawOfwzLK9DrAUSg1-IVvb_GtF3mKBH" xmltv_id="Magyar Sláger TV">Magyar Sláger TV</channel>
    <channel site="[ENC][EX]livetv.directone.hu_0" site_id="_RdDh4FJoyEalGzg6ApsDxHK_37G300bTgBhcjKo" xmltv_id="Muzsika TV">Muzsika TV</channel>
    <channel site="[ENC][EX]livetv.directone.hu_0" site_id="I8A9qcVjUcThJ3cijooJVhPJGZsKnlQBEl7p04cM" xmltv_id="CBS Reality">CBS Reality</channel>
    <channel site="[ENC][EX]livetv.directone.hu_0" site_id="DfER_vxETDGhjAWLTL48HInpqXuVuQDQuWzzxjiW" xmltv_id="Spektrum Home HU">Spektrum Home HU</channel>
    <channel site="[ENC][EX]livetv.directone.hu_0" site_id="43KE2a3orK79cIkNzA1ai6mIgdInvQgB83sYpBF0" xmltv_id="Spektrum HU">Spektrum HU</channel>
    <channel site="[ENC][EX]livetv.directone.hu_0" site_id="Jqe6roCzCVBaXHi08JNbftsvzktOFbPOU3I2kKQ5" xmltv_id="TV Paprika">TV Paprika</channel>
    <channel site="[ENC][EX]livetv.directone.hu_0" site_id="zDYlotb5V1-PztQtLYszoxcvu7jf5viAVlMhJDnV" xmltv_id="ATV Spirit">ATV Spirit</channel>
    <channel site="[ENC][EX]livetv.directone.hu_0" site_id="AI-rGQRh4bfzk0YJPQl1RXbF4Jo8ez88LJdAkHRD" xmltv_id="HirTV">HirTV</channel>
    <channel site="[ENC][EX]livetv.directone.hu_0" site_id="UrfzDNEV7W1rPbWsX6f_sj3UVE6C2YFYCQZdxSIT" xmltv_id="Epic Drama HD">Epic Drama HD</channel>
    <channel site="[ENC][EX]livetv.directone.hu_0" site_id="iMtqVrKc--w-RvW8TorV-5N6Wpvv5VNSuSO-k1sy" xmltv_id="FilmBox Extra HD">FilmBox Extra HD</channel>
    <channel site="[ENC][EX]livetv.directone.hu_0" site_id="wVPwN9lqT_k7daU7T67DK0A3r9Sp7f9UelcXuMYu" xmltv_id="Filmbox Basic">Filmbox Basic</channel>
    <channel site="[ENC][EX]livetv.directone.hu_0" site_id="7_FtEVYXT15DpPCUDVj-IulqRj7InxrpiU0BBnBE" xmltv_id="Jocky TV">Jocky TV</channel>
    <channel site="[ENC][EX]livetv.directone.hu_0" site_id="vROpYHjYUWLIq1-a_9O-hVPwW95YBGDxBc14Bsz6" xmltv_id="RTL GOLD">RTL GOLD</channel>
    <channel site="[ENC][EX]livetv.directone.hu_0" site_id="wNdrGa9RGoBl4Y5JvOqNTOkdfJ4glS4chXR5zqhT" xmltv_id="Moziverzum">Moziverzum</channel>
    <channel site="[ENC][EX]livetv.directone.hu_0" site_id="IUvzFkHY-6nhpYt10mp-JNfJApc4pFvD9g88_ukP" xmltv_id="Film4">Film4</channel>
    <channel site="[ENC][EX]livetv.directone.hu_0" site_id="ck5b4gTqELfJ2n5016pglKXpKh3zrIcHX_Z3bwXT" xmltv_id="AXN CE">AXN CE</channel>
    <channel site="[ENC][EX]livetv.directone.hu_0" site_id="ayNDw1tgfEnzDTEIyKF9uXcH7wSdNgbITyYnD_e8" xmltv_id="Viasat Film">Viasat Film</channel>
    <channel site="[ENC][EX]livetv.directone.hu_0" site_id="yDb9DWcKINqnuuaqqMqsIQYlTj7K-cpkW3xO3Q_S" xmltv_id="Viasat 2">Viasat 2</channel>
    <channel site="[ENC][EX]livetv.directone.hu_0" site_id="1XzQi_EIbgLlIsj11suMhJ6ATC9nfONZ3t3gPUoN" xmltv_id="AMC HU">AMC HU</channel>
    <channel site="[ENC][EX]livetv.directone.hu_0" site_id="LwhcZkWMIxmkMG4oVbSgZ8cCXn-BCHOJExqmnP7t" xmltv_id="Film Cafe">Film Cafe</channel>
    <channel site="[ENC][EX]livetv.directone.hu_0" site_id="_J61yxYeHcDtWDxK8flwN4ciyKXAWDW7a23eEjD9" xmltv_id="Film Mania">Film Mania</channel>
    <channel site="[ENC][EX]livetv.directone.hu_0" site_id="mf__SL7lP70tpafmzIvpjw5_TGhP92jaNyg6rlfe" xmltv_id="Film+">Film+</channel>
    <channel site="[ENC][EX]livetv.directone.hu_0" site_id="GSZphIe1cUslRUq7pY6GH23kwklRwkqV1D2vw5oq" xmltv_id="Filmbox Premium">Filmbox Premium</channel>
    <channel site="[ENC][EX]livetv.directone.hu_0" site_id="ZHSVfkJ47DM4MAida1Lxmr8r4nhN_y1-_w3Gk8UD" xmltv_id="FilmBox Stars INT">FilmBox Stars INT</channel>
    <channel site="[ENC][EX]livetv.directone.hu_0" site_id="ur-kVJIuWYqqS4qw65D6sc-Gx7OO-caWIkDoLSm9" xmltv_id="Filmbox Family">Filmbox Family</channel>
    <channel site="[ENC][EX]livetv.directone.hu_0" site_id="frY8O_d_-oeT64peQ4Jcf6RNfe-0gFd_3kmecg68" xmltv_id="HBO">HBO</channel>
    <channel site="[ENC][EX]livetv.directone.hu_0" site_id="E1gp93BeGGfUAmLK1o2tmpjMib3SIkVxQgHA83Co" xmltv_id="HBO2">HBO2</channel>
    <channel site="[ENC][EX]livetv.directone.hu_0" site_id="Gq126NpVcLgp_iVy_xuRg2v_p9yuLviCL6I5NspP" xmltv_id="HBO3">HBO3</channel>
    <channel site="[ENC][EX]livetv.directone.hu_0" site_id="mCSmpsvFXvX-hj3kRz1nmskfyKXYC_0fInzhegSK" xmltv_id="Cinemax">Cinemax</channel>
    <channel site="[ENC][EX]livetv.directone.hu_0" site_id="44PdggMft7BCyYu-3zpFdi9h9Q4v1HMGzFqf1O13" xmltv_id="Cinemax2">Cinemax2</channel>
    <channel site="[ENC][EX]livetv.directone.hu_0" site_id="MqzSDleurd_LNbUhGElXllYvgEUj-3cTP636hrPT" xmltv_id="BBC Earth">BBC Earth</channel>
    <channel site="[ENC][EX]livetv.directone.hu_0" site_id="kXb27E7bSRLM70ETbo1cWTrv8_kqekRd6w9QA90e" xmltv_id="Ozone">Ozone</channel>
    <channel site="[ENC][EX]livetv.directone.hu_0" site_id="o3oY6DgTZSaycRX33w2RQw3Ro0rJN8khWHweZNiL" xmltv_id="CGTN Documentary HD">CGTN Documentary HD</channel>
    <channel site="[ENC][EX]livetv.directone.hu_0" site_id="tNMXZTS1sPY3mHL0fUJs5G5V7Jlq8qhISN-UO1rg" xmltv_id="Viasat Explore HD">Viasat Explore HD</channel>
    <channel site="[ENC][EX]livetv.directone.hu_0" site_id="UCkoXbbOOcT7ARG4nAJlJg056Q7ny0ze9csmyqpy" xmltv_id="Nat Geo">Nat Geo</channel>
    <channel site="[ENC][EX]livetv.directone.hu_0" site_id="Cv1jWim_ALcmhdo7nnf915U71HMs5yosO1rE9AsW" xmltv_id="Nat Geo Wild">Nat Geo Wild</channel>
    <channel site="[ENC][EX]livetv.directone.hu_0" site_id="iCn_Y7TtQ1eU3e8_bjtLY03fU03o00UpsCZ_lG6K" xmltv_id="Travelxp HD">Travelxp HD</channel>
    <channel site="[ENC][EX]livetv.directone.hu_0" site_id="3DaZIoVRq-udmShYaB9nTO9T5XV22C69WBkGfMB1" xmltv_id="Viasat Explore">Viasat Explore</channel>
    <channel site="[ENC][EX]livetv.directone.hu_0" site_id="The39qq5YSZxB4Ff1z4_tzIdSCHspw-wqu7YcEr4" xmltv_id="Viasat History">Viasat History</channel>
    <channel site="[ENC][EX]livetv.directone.hu_0" site_id="d79zfkHFEWvrHCq2QOLB4042jlAuA55Zb8fC4rv7" xmltv_id="History">History</channel>
    <channel site="[ENC][EX]livetv.directone.hu_0" site_id="gmfJcJt8IrSd9x-lO2NabX5WNbiBWw90e4DL_WNF" xmltv_id="Viasat Nature">Viasat Nature</channel>
    <channel site="[ENC][EX]livetv.directone.hu_0" site_id="fI1YEJ3EpXEZqR-n0JoBjcMgwbsBbilo51P3AySq" xmltv_id="Dikh TV">Dikh TV</channel>
    <channel site="[ENC][EX]livetv.directone.hu_0" site_id="pSmSq3UkFKUoiRjG0axW0t38uBH6MDjm6UuBp9j3" xmltv_id="TV2 Sef">TV2 Sef</channel>
    <channel site="[ENC][EX]livetv.directone.hu_0" site_id="zq8sNx7rleXX3OChfYf96xKvaMJSFWti5xQLdv6_" xmltv_id="Izaura TV">Izaura TV</channel>
    <channel site="[ENC][EX]livetv.directone.hu_0" site_id="I_FeP2yl7nxRTgayDR0OoEhMx26LJFwx-VIoD3Ij" xmltv_id="Fem3">Fem3</channel>
    <channel site="[ENC][EX]livetv.directone.hu_0" site_id="8LlnaZFqspuOxAJNk_SftxnmthM3tvUUPkjU31OW" xmltv_id="Sport1 Hu">Sport1 Hu</channel>
    <channel site="[ENC][EX]livetv.directone.hu_0" site_id="HeayjFRYCXk_HBI7d7wOaMyvoBXtBr-hyIy9xAdN" xmltv_id="Sport 2 HU">Sport 2 HU</channel>
    <channel site="[ENC][EX]livetv.directone.hu_0" site_id="77qEC6U96ZPLj0EjbxAuP45V_wn3ljwtSaFRM-yB" xmltv_id="Spiler TV">Spiler TV</channel>
    <channel site="[ENC][EX]livetv.directone.hu_0" site_id="8IRNtgsGEFQboLJpv9RHtyC5ANiRFK9ZlF9H4HyW" xmltv_id="Spiler2">Spiler2</channel>
    <channel site="[ENC][EX]livetv.directone.hu_0" site_id="oBcPv8-QS5SpHgnSgK8Tdg146k52actC5WRO93re" xmltv_id="Match4">Match4</channel>
    <channel site="[ENC][EX]livetv.directone.hu_0" site_id="LjpIYHGVCFv4mzHh33zDR994RQV8eoZ3FLJtIOsE" xmltv_id="Arena 4">Arena 4</channel>
    <channel site="[ENC][EX]livetv.directone.hu_0" site_id="ftNU9rvWgTa42bjUxSbmPezux_Pwz2hgctJCnkrA" xmltv_id="Extreme Sports Channel">Extreme Sports Channel</channel>
    <channel site="[ENC][EX]livetv.directone.hu_0" site_id="OejevZqgeOedjOaQRqVbt_QQkLBW_63vJK5s90gg" xmltv_id="Auto Motor Sport">Auto Motor Sport</channel>
    <channel site="[ENC][EX]livetv.directone.hu_0" site_id="qkurpqg-1I4MvV2ZgYCh7BwCOKQ2nOWiEvUmfrbq" xmltv_id="Nautical Channel HD">Nautical Channel HD</channel>
    <channel site="[ENC][EX]livetv.directone.hu_0" site_id="RZiKSZwMp1_IRjJDyNonkRO8sOKTBoP-u7KPXquz" xmltv_id="Fishing and Hunting">Fishing and Hunting</channel>
    <channel site="[ENC][EX]livetv.directone.hu_0" site_id="LMfl2o1S7SFoHchYr9c0JCKbd3w9K3XkGci7RjBG" xmltv_id="FIGHTBOX">FIGHTBOX</channel>
    <channel site="[ENC][EX]livetv.directone.hu_0" site_id="d7ZR9z6bnZJh9l_W0T7x4cgkoXip2NO6Am3oDIYt" xmltv_id="DOCUBOX">DOCUBOX</channel>
    <channel site="[ENC][EX]livetv.directone.hu_0" site_id="hSHOvgq_9cjCUP4WVRwtYY8VX294F4ToKXuY5aU1" xmltv_id="Galaxy4">Galaxy4</channel>
    <channel site="[ENC][EX]livetv.directone.hu_0" site_id="7mb4NZs3K0jXI5bCjPa9FsxgCcjUhMUOHh-gFpvV" xmltv_id="Disney Channel">Disney Channel</channel>
    <channel site="[ENC][EX]livetv.directone.hu_0" site_id="HGnE5tDTFXsEsEyxpNn5kq86tImLNRkSehDvCipK" xmltv_id="JimJam HU">JimJam HU</channel>
    <channel site="[ENC][EX]livetv.directone.hu_0" site_id="VU6A_-exEACRi9FNzokuyTN-Hm6hqXsw7m1lQWIZ" xmltv_id="Nickelodeon Hungary">Nickelodeon Hungary</channel>
    <channel site="[ENC][EX]livetv.directone.hu_0" site_id="XwxmV2xoLAfaDwxZNkfo86UhF_ufu23oih1ANSRq" xmltv_id="Minimax HU">Minimax HU</channel>
    <channel site="[ENC][EX]livetv.directone.hu_0" site_id="l96cpuq-8qV7WL5Ga5Zfb81pOEGk8DzhpS-b4Eci" xmltv_id="ducktv">ducktv</channel>
    <channel site="[ENC][EX]livetv.directone.hu_0" site_id="nRiZTW-F2GrsLsqSS2Qv8_Xvu0G4SNo7kCkyEzHp" xmltv_id="Cartoon Network">Cartoon Network</channel>
    <channel site="[ENC][EX]livetv.directone.hu_0" site_id="12RgH8uUGmS0W6d9nSGfs7yGcf0U07ORa-z8MWv8" xmltv_id="Cartoonito">Cartoonito</channel>
    <channel site="[ENC][EX]livetv.directone.hu_0" site_id="AzR0koLyYC66nNi8rY64VZeuy49OQ4BRxmTtrRXq" xmltv_id="TeenNick Hungary">TeenNick Hungary</channel>
    <channel site="[ENC][EX]livetv.directone.hu_0" site_id="tVOMm4UbNsjiZ5E2cbmWQHb4UEIQYiuUgm3WziN0" xmltv_id="Nick Jr Hungary">Nick Jr Hungary</channel>
    <channel site="[ENC][EX]livetv.directone.hu_0" site_id="qjkfnRDLPSFfncjGPj_7YL9paPjgd78d0IYX2sHv" xmltv_id="TV2 Kids">TV2 Kids</channel>
    <channel site="[ENC][EX]livetv.directone.hu_0" site_id="idRccBE2debf2UTr2tzheCdHoWxUPUr7Yj_L1sZT" xmltv_id="NickToons HU">NickToons HU</channel>
    <channel site="[ENC][EX]livetv.directone.hu_0" site_id="tAAEEzp_NrP8ixgiXDqETGLC-7rbAAZzrJSLzd43" xmltv_id="Direct One HD">Direct One HD</channel>
    <channel site="[ENC][EX]livetv.directone.hu_0" site_id="F8qDptLUWX1QfccfNLlu_JM5_bmm_CNresi2pbVt" xmltv_id="RTL HD">RTL HD</channel>
    <channel site="[ENC][EX]livetv.directone.hu_0" site_id="CWHAcU33JevOTUu8RgMm91Zi0VGmLd3GDe2LS4Xd" xmltv_id="TV2 HD">TV2 HD</channel>
    <channel site="[ENC][EX]livetv.directone.hu_0" site_id="UvkmNxiUy1jOC17Xuv5LPCj_DiHe7c8VR6uS5RnO" xmltv_id="BBC Earth HD">BBC Earth HD</channel>
    <channel site="[ENC][EX]livetv.directone.hu_0" site_id="T018MGfmEonNIryRhKiDdgQwZUWdq8sBlzBiePEO" xmltv_id="Love Nature HD">Love Nature HD</channel>
    <channel site="[ENC][EX]livetv.directone.hu_0" site_id="HeayjFRYCXk_HBI7d7wOaMyvoBXtBr-hyIy9xAdN" xmltv_id="Sport2 HD HU">Sport2 HD HU</channel>
    <channel site="[ENC][EX]livetv.directone.hu_0" site_id="pSOO8IzOfHtqfN_rTW0tE4ZlCjUefiahfvDz4lY1" xmltv_id="History HD">History HD</channel>
    <channel site="[ENC][EX]livetv.directone.hu_0" site_id="iILH3Oghd5_j4NXxlVG5OpDpO2msJv90QqPHcEZZ" xmltv_id="Nat Geo HD HU">Nat Geo HD HU</channel>
    <channel site="[ENC][EX]livetv.directone.hu_0" site_id="fb-XvekWS4RBdph-_hGVGjhZr5q-qQ2PNomvjK9I" xmltv_id="Nat Geo Wild HD CEE">Nat Geo Wild HD CEE</channel>
    <channel site="[ENC][EX]livetv.directone.hu_0" site_id="YpA0yjjgroJtmQqBPv5reoMLMDy1aDvu8yWEwEzC" xmltv_id="RTL HAROM HD">RTL HAROM HD</channel>
    <channel site="[ENC][EX]livetv.directone.hu_0" site_id="BjUr6nicPZh_fpXopfh39jrotHnw7S01cW7Hdsaq" xmltv_id="Match4 HD">Match4 HD</channel>
    <channel site="[ENC][EX]livetv.directone.hu_0" site_id="LjpIYHGVCFv4mzHh33zDR994RQV8eoZ3FLJtIOsE" xmltv_id="Arena 4 HD">Arena 4 HD</channel>
    <channel site="[ENC][EX]livetv.directone.hu_0" site_id="r7LfudHPd2h7vlUE8-rLPIGlCHeUIa3o7plh8IJr" xmltv_id="Sport 1 HD HU">Sport 1 HD HU</channel>
    <channel site="[ENC][EX]livetv.directone.hu_0" site_id="wkYyfYQeaMmNBzsgf8tVJJ-i2pvG301y7So3B63p" xmltv_id="HBO HD">HBO HD</channel>
    <channel site="[ENC][EX]livetv.directone.hu_0" site_id="T4YhqkGUu5_ln99ZYK_yerdwHgUQX2rpW5gvRUT9" xmltv_id="RTL KETTO HD">RTL KETTO HD</channel>
    <channel site="[ENC][EX]livetv.directone.hu_0" site_id="zQTU1v0LXiI_7yRGvrj-ub4UE9ENj5lZ2cnWO8IZ" xmltv_id="Film+ HD">Film+ HD</channel>
    <channel site="[ENC][EX]livetv.directone.hu_0" site_id="niiTbr8Q5XyJqVrwuEnowMxLXHWbVKHe_gH9mBBr" xmltv_id="Zenebutik">Zenebutik</channel>
    <channel site="[ENC][EX]livetv.directone.hu_0" site_id="pDJNgpyyR4Q_i64yLVNxFp9pY8lUOimeV-W24RfW" xmltv_id="MTV Europe">MTV Europe</channel>
    <channel site="[ENC][EX]livetv.directone.hu_0" site_id="LiyCiXwlpPirSpaE9uDjTNVz1Se9Qu7EMNFhvjGD" xmltv_id="NickMusic">NickMusic</channel>
    <channel site="[ENC][EX]livetv.directone.hu_0" site_id="ahKQkbe0h26cLs8Pss9JUr4ou1kx_a3PwlFfiEh4" xmltv_id="MTV 90s">MTV 90s</channel>
    <channel site="[ENC][EX]livetv.directone.hu_0" site_id="n-PXw42R7JNwgV3SBGEcrMpxjnClpyrnf4RstxuK" xmltv_id="MTV Hits">MTV Hits</channel>
    <channel site="[ENC][EX]livetv.directone.hu_0" site_id="xfSAMIaKlbxWSWUS0DU_KQyPzoCUroKPL_jgMn57" xmltv_id="Club MTV">Club MTV</channel>
    <channel site="[ENC][EX]livetv.directone.hu_0" site_id="vL8nzHpnod7xCj-PYXfDZIHDJIFe7vumLKN_CRDq" xmltv_id="MTV 00s">MTV 00s</channel>
    <channel site="[ENC][EX]livetv.directone.hu_0" site_id="akXvAiYH0NXbn1BuiIFPpFcjsdfX1WV943TH0Qz-" xmltv_id="MTV 80s">MTV 80s</channel>
    <channel site="[ENC][EX]livetv.directone.hu_0" site_id="rtbZ2Ae_nDN7SIk0XdDtxPLNzVcVWQ3l_27jOz89" xmltv_id="1 Music Channel">1 Music Channel</channel>
    <channel site="[ENC][EX]livetv.directone.hu_0" site_id="4rkksXpfK4KyWQTRtZybEIWlFDdKF4T04w7IygvD" xmltv_id="Mezzo">Mezzo</channel>
    <channel site="[ENC][EX]livetv.directone.hu_0" site_id="ciNedAnud3NVWscsO8dnJKKkbSDrMKnfGqf9V2-B" xmltv_id="Stingray CMusic">Stingray CMusic</channel>
    <channel site="[ENC][EX]livetv.directone.hu_0" site_id="p81Fd4t2npwSLGZv85m4Q9i0PSW-7ChZpWkpwIa8" xmltv_id="Stingray iConcerts">Stingray iConcerts</channel>
    <channel site="[ENC][EX]livetv.directone.hu_0" site_id="_ilIQvCI2Q9TGjPZs6QEG4uN8h5pzv_8wuYg6vLj" xmltv_id="Fashion TV">Fashion TV</channel>
    <channel site="[ENC][EX]livetv.directone.hu_0" site_id="K_ufbr1AwomsLYLd2DiLQI3JbpHjRp6KEA4XALVP" xmltv_id="EarthxTV">EarthxTV</channel>
    <channel site="[ENC][EX]livetv.directone.hu_0" site_id="Io9C5tmq563fvY8-02EFgIs__NLv7r0zsD1SNWI0" xmltv_id="CNN">CNN</channel>
    <channel site="[ENC][EX]livetv.directone.hu_0" site_id="q3YZI851nE5T4ffSOnoxfEqbmtCKlVzymvBDd8zw" xmltv_id="Sky News">Sky News</channel>
    <channel site="[ENC][EX]livetv.directone.hu_0" site_id="OJkmTAqTTkkzFl5L__9RsivMJJumWrmvTKSmdooc" xmltv_id="CNBC Europe">CNBC Europe</channel>
    <channel site="[ENC][EX]livetv.directone.hu_0" site_id="_Ky4fAmLqafF2o5ZbZwwPb0GqRtMGPzO3lXBM_Vd" xmltv_id="Bloomberg">Bloomberg</channel>
    <channel site="[ENC][EX]livetv.directone.hu_0" site_id="0weAVatUaBKJEQyPUOfSvgGew0w8zTqxqAO_Vbks" xmltv_id="Al Jazeera English">Al Jazeera English</channel>
    <channel site="[ENC][EX]livetv.directone.hu_0" site_id="vJAad-8fXo3ZajQnHjSxQEgDFrE-95Pe_B24kB6J" xmltv_id="France 24">France 24</channel>
    <channel site="[ENC][EX]livetv.directone.hu_0" site_id="CFNtgZRTcXRtFDIsKhxBw9Fq4MWYqGJl_q07mdc-" xmltv_id="CGTN HD">CGTN HD</channel>
    <channel site="[ENC][EX]livetv.directone.hu_0" site_id="M7Xv6_N9CDQHvVP0aJKDHOuJCResQZjTIg-pigWP" xmltv_id="Newsmax HD">Newsmax HD</channel>
    <channel site="[ENC][EX]livetv.directone.hu_0" site_id="WuB_xiK0Jc89hgh2Yvv6F9tOZRtaxo4_6ueSXWpH" xmltv_id="TV5MONDE">TV5MONDE</channel>
    <channel site="[ENC][EX]livetv.directone.hu_0" site_id="_GaAO6zXGDP7LS1Hhn01tAWdyG9trXqdqIK0Mynx" xmltv_id="(18+) VIXEN HD">(18+) VIXEN HD</channel>
    <channel site="[ENC][EX]livetv.directone.hu_0" site_id="Z-LKyk15pbRE6FY-85ZDNKN1iWRTiFgFYM9h5OKC" xmltv_id="(18+) Dorcel TV HD">(18+) Dorcel TV HD</channel>
    <channel site="[ENC][EX]livetv.directone.hu_0" site_id="gHAHFGNC5jmwpoEOLu5_bMByh42LbSPScZ0Jesje" xmltv_id="(18+) Dorcel XXX">(18+) Dorcel XXX</channel>
    <channel site="[ENC][EX]livetv.directone.hu_0" site_id="JLlriaZJ6T2FhMeFCJ9Uu-JuZJFJHaRDN5X30hmj" xmltv_id="(18+) Blue Hustler">(18+) Blue Hustler</channel>
    <channel site="[ENC][EX]livetv.directone.hu_0" site_id="uzzOPjn9-HFO22_9TIFik_kYR33hCvPGAG-X04lw" xmltv_id="(18+) Hustler TV">(18+) Hustler TV</channel>
    <channel site="[ENC][EX]livetv.directone.hu_0" site_id="tOLCRyioOhWOKK2SuMtBqVANNUAdmfMMBiB3AoFv" xmltv_id="(18+) Private TV">(18+) Private TV</channel>
    <channel site="[ENC][EX]livetv.directone.hu_0" site_id="TJRGJdT8e9Fbk_ddPcryZtJSZlnYPXcarhiAIqxy" xmltv_id="(18+) Eroxx">(18+) Eroxx</channel>
    <channel site="[ENC][EX]livetv.directone.hu_0" site_id="KC54GReW8VcnRpP0w408yHDWhhGu0MMVwI6rK_5d" xmltv_id="MR1 Kossuth Radio">MR1 Kossuth Radio</channel>
    <channel site="[ENC][EX]livetv.directone.hu_0" site_id="j9bdbtJBrQ3F4Y-AU7W6s9HbYbxGv9TCWeqMSA29" xmltv_id="MR2 Petofi Radio">MR2 Petofi Radio</channel>
    <channel site="[ENC][EX]livetv.directone.hu_0" site_id="cTNWqY-mXyMSj9vo4amd0XqdGFN85CmBQoe9YfHq" xmltv_id="MR3 Bartok Radio">MR3 Bartok Radio</channel>
    <channel site="[ENC][EX]livetv.directone.hu_0" site_id="m5X7an4htP4dot9IKqyWgQ9M8DjkUmRUFPsEwWpf" xmltv_id="Speranta TV">Speranta TV</channel>
  </channels>
</site>