<?xml version="1.0" encoding="UTF-8"?>
<site generator-info-name="Tempest EPG Generator (made by Kvanc)" generator-info-url="https://github.com/K-vanc/Tempest-EPG-Generator.git" site="[ENC][EX]port.hu_0">
  <channels>
    <channel site="[ENC][EX]port.hu_0" site_id="tvchannel-5" xmltv_id="RTL">RTL</channel>
    <channel site="[ENC][EX]port.hu_0" site_id="tvchannel-3" xmltv_id="TV2">TV2</channel>
    <channel site="[ENC][EX]port.hu_0" site_id="tvchannel-21" xmltv_id="VIASAT3">VIASAT3</channel>
    <channel site="[ENC][EX]port.hu_0" site_id="tvchannel-6" xmltv_id="DUNA Televízió">DUNA Televízió</channel>
    <channel site="[ENC][EX]port.hu_0" site_id="tvchannel-103" xmltv_id="Duna World">Duna World</channel>
    <channel site="[ENC][EX]port.hu_0" site_id="tvchannel-301" xmltv_id="M5">M5</channel>
    <channel site="[ENC][EX]port.hu_0" site_id="tvchannel-1" xmltv_id="m1">m1</channel>
    <channel site="[ENC][EX]port.hu_0" site_id="tvchannel-15" xmltv_id="ATV">ATV</channel>
    <channel site="[ENC][EX]port.hu_0" site_id="tvchannel-10" xmltv_id="Hír TV">Hír TV</channel>
    <channel site="[ENC][EX]port.hu_0" site_id="tvchannel-79" xmltv_id="Cool">Cool</channel>
    <channel site="[ENC][EX]port.hu_0" site_id="tvchannel-194" xmltv_id="Comedy Central">Comedy Central</channel>
    <channel site="[ENC][EX]port.hu_0" site_id="tvchannel-38" xmltv_id="TV4">TV4</channel>
    <channel site="[ENC][EX]port.hu_0" site_id="tvchannel-228" xmltv_id="STORY4">STORY4</channel>
    <channel site="[ENC][EX]port.hu_0" site_id="tvchannel-164" xmltv_id="VIASAT6">VIASAT6</channel>
    <channel site="[ENC][EX]port.hu_0" site_id="tvchannel-215" xmltv_id="Prime">Prime</channel>
    <channel site="[ENC][EX]port.hu_0" site_id="tvchannel-307" xmltv_id="FEM3">FEM3</channel>
    <channel site="[ENC][EX]port.hu_0" site_id="tvchannel-144" xmltv_id="MTV">MTV</channel>
    <channel site="[ENC][EX]port.hu_0" site_id="tvchannel-212" xmltv_id="LifeTv">LifeTv</channel>
    <channel site="[ENC][EX]port.hu_0" site_id="tvchannel-213" xmltv_id="OzoneTv">OzoneTv</channel>
    <channel site="[ENC][EX]port.hu_0" site_id="tvchannel-115" xmltv_id="PAX Tv">PAX Tv</channel>
    <channel site="[ENC][EX]port.hu_0" site_id="tvchannel-134" xmltv_id="D1 TV">D1 TV</channel>
    <channel site="[ENC][EX]port.hu_0" site_id="tvchannel-241" xmltv_id="RTL KETTŐ">RTL KETTŐ</channel>
    <channel site="[ENC][EX]port.hu_0" site_id="tvchannel-244" xmltv_id="SuperTV2">SuperTV2</channel>
    <channel site="[ENC][EX]port.hu_0" site_id="tvchannel-246" xmltv_id="Hatoscsatorna">Hatoscsatorna</channel>
    <channel site="[ENC][EX]port.hu_0" site_id="tvchannel-275" xmltv_id="EWTN">EWTN</channel>
    <channel site="[ENC][EX]port.hu_0" site_id="tvchannel-284" xmltv_id="Galaxy4">Galaxy4</channel>
    <channel site="[ENC][EX]port.hu_0" site_id="tvchannel-311" xmltv_id="TV2 Comedy">TV2 Comedy</channel>
    <channel site="[ENC][EX]port.hu_0" site_id="tvchannel-313" xmltv_id="Heti TV">Heti TV</channel>
    <channel site="[ENC][EX]port.hu_0" site_id="tvchannel-316" xmltv_id="Comedy Central Family">Comedy Central Family</channel>
    <channel site="[ENC][EX]port.hu_0" site_id="tvchannel-325" xmltv_id="Epic Drama">Epic Drama</channel>
    <channel site="[ENC][EX]port.hu_0" site_id="tvchannel-2" xmltv_id="m2 / Petőfi TV">m2 / Petőfi TV</channel>
    <channel site="[ENC][EX]port.hu_0" site_id="tvchannel-363" xmltv_id="ATV Spirit">ATV Spirit</channel>
    <channel site="[ENC][EX]port.hu_0" site_id="tvchannel-364" xmltv_id="Jocky TV">Jocky TV</channel>
    <channel site="[ENC][EX]port.hu_0" site_id="tvchannel-371" xmltv_id="Apostol TV">Apostol TV</channel>
    <channel site="[ENC][EX]port.hu_0" site_id="tvchannel-376" xmltv_id="Max4">Max4</channel>
    <channel site="[ENC][EX]port.hu_0" site_id="tvchannel-378" xmltv_id="Direct One">Direct One</channel>
    <channel site="[ENC][EX]port.hu_0" site_id="tvchannel-382" xmltv_id="Sorozat Klub">Sorozat Klub</channel>
    <channel site="[ENC][EX]port.hu_0" site_id="tvchannel-8" xmltv_id="HBO">HBO</channel>
    <channel site="[ENC][EX]port.hu_0" site_id="tvchannel-59" xmltv_id="HBO 2">HBO 2</channel>
    <channel site="[ENC][EX]port.hu_0" site_id="tvchannel-143" xmltv_id="HBO 3">HBO 3</channel>
    <channel site="[ENC][EX]port.hu_0" site_id="tvchannel-47" xmltv_id="Cinemax">Cinemax</channel>
    <channel site="[ENC][EX]port.hu_0" site_id="tvchannel-60" xmltv_id="Cinemax 2">Cinemax 2</channel>
    <channel site="[ENC][EX]port.hu_0" site_id="tvchannel-32" xmltv_id="Film+">Film+</channel>
    <channel site="[ENC][EX]port.hu_0" site_id="tvchannel-180" xmltv_id="RTL GOLD">RTL GOLD</channel>
    <channel site="[ENC][EX]port.hu_0" site_id="tvchannel-95" xmltv_id="Film Mánia">Film Mánia</channel>
    <channel site="[ENC][EX]port.hu_0" site_id="tvchannel-89" xmltv_id="Filmcafe">Filmcafe</channel>
    <channel site="[ENC][EX]port.hu_0" site_id="tvchannel-229" xmltv_id="Mozi+">Mozi+</channel>
    <channel site="[ENC][EX]port.hu_0" site_id="tvchannel-42" xmltv_id="AXN">AXN</channel>
    <channel site="[ENC][EX]port.hu_0" site_id="tvchannel-132" xmltv_id="VIASAT2">VIASAT2</channel>
    <channel site="[ENC][EX]port.hu_0" site_id="tvchannel-138" xmltv_id="VIASAT FILM">VIASAT FILM</channel>
    <channel site="[ENC][EX]port.hu_0" site_id="tvchannel-139" xmltv_id="AMC">AMC</channel>
    <channel site="[ENC][EX]port.hu_0" site_id="tvchannel-226" xmltv_id="Filmbox">Filmbox</channel>
    <channel site="[ENC][EX]port.hu_0" site_id="tvchannel-173" xmltv_id="Filmbox Extra HD">Filmbox Extra HD</channel>
    <channel site="[ENC][EX]port.hu_0" site_id="tvchannel-177" xmltv_id="Filmbox Premium">Filmbox Premium</channel>
    <channel site="[ENC][EX]port.hu_0" site_id="tvchannel-227" xmltv_id="Filmbox Family">Filmbox Family</channel>
    <channel site="[ENC][EX]port.hu_0" site_id="tvchannel-224" xmltv_id="Filmbox Plus">Filmbox Plus</channel>
    <channel site="[ENC][EX]port.hu_0" site_id="tvchannel-179" xmltv_id="Sorozat+">Sorozat+</channel>
    <channel site="[ENC][EX]port.hu_0" site_id="tvchannel-178" xmltv_id="RTL HÁROM">RTL HÁROM</channel>
    <channel site="[ENC][EX]port.hu_0" site_id="tvchannel-304" xmltv_id="Izaura TV">Izaura TV</channel>
    <channel site="[ENC][EX]port.hu_0" site_id="tvchannel-359" xmltv_id="Film4">Film4</channel>
    <channel site="[ENC][EX]port.hu_0" site_id="tvchannel-257" xmltv_id="Paramount Network">Paramount Network</channel>
    <channel site="[ENC][EX]port.hu_0" site_id="tvchannel-365" xmltv_id="Moziverzum">Moziverzum</channel>
    <channel site="[ENC][EX]port.hu_0" site_id="tvchannel-377" xmltv_id="Magyar Mozi TV">Magyar Mozi TV</channel>
    <channel site="[ENC][EX]port.hu_0" site_id="tvchannel-380" xmltv_id="Mozi Klub">Mozi Klub</channel>
    <channel site="[ENC][EX]port.hu_0" site_id="tvchannel-290" xmltv_id="M4 Sport">M4 Sport</channel>
    <channel site="[ENC][EX]port.hu_0" site_id="tvchannel-90" xmltv_id="Sport1">Sport1</channel>
    <channel site="[ENC][EX]port.hu_0" site_id="tvchannel-44" xmltv_id="Sport2">Sport2</channel>
    <channel site="[ENC][EX]port.hu_0" site_id="tvchannel-94" xmltv_id="Eurosport 1">Eurosport 1</channel>
    <channel site="[ENC][EX]port.hu_0" site_id="tvchannel-37" xmltv_id="Eurosport 2">Eurosport 2</channel>
    <channel site="[ENC][EX]port.hu_0" site_id="tvchannel-305" xmltv_id="Spíler1 TV">Spíler1 TV</channel>
    <channel site="[ENC][EX]port.hu_0" site_id="tvchannel-362" xmltv_id="Spíler2 TV">Spíler2 TV</channel>
    <channel site="[ENC][EX]port.hu_0" site_id="tvchannel-98" xmltv_id="Extreme Sports">Extreme Sports</channel>
    <channel site="[ENC][EX]port.hu_0" site_id="tvchannel-282" xmltv_id="Fit HD">Fit HD</channel>
    <channel site="[ENC][EX]port.hu_0" site_id="tvchannel-370" xmltv_id="Aréna 4">Aréna 4</channel>
    <channel site="[ENC][EX]port.hu_0" site_id="tvchannel-375" xmltv_id="Match4">Match4</channel>
    <channel site="[ENC][EX]port.hu_0" site_id="tvchannel-320" xmltv_id="M4 Sport+">M4 Sport+</channel>
    <channel site="[ENC][EX]port.hu_0" site_id="tvchannel-83" xmltv_id="Discovery Channel">Discovery Channel</channel>
    <channel site="[ENC][EX]port.hu_0" site_id="tvchannel-14" xmltv_id="National Geographic">National Geographic</channel>
    <channel site="[ENC][EX]port.hu_0" site_id="tvchannel-9" xmltv_id="Spektrum">Spektrum</channel>
    <channel site="[ENC][EX]port.hu_0" site_id="tvchannel-82" xmltv_id="Animal Planet">Animal Planet</channel>
    <channel site="[ENC][EX]port.hu_0" site_id="tvchannel-46" xmltv_id="TV Paprika">TV Paprika</channel>
    <channel site="[ENC][EX]port.hu_0" site_id="tvchannel-20" xmltv_id="Spektrum Home">Spektrum Home</channel>
    <channel site="[ENC][EX]port.hu_0" site_id="tvchannel-66" xmltv_id="Viasat History">Viasat History</channel>
    <channel site="[ENC][EX]port.hu_0" site_id="tvchannel-65" xmltv_id="Viasat Explore">Viasat Explore</channel>
    <channel site="[ENC][EX]port.hu_0" site_id="tvchannel-223" xmltv_id="Viasat Nature">Viasat Nature</channel>
    <channel site="[ENC][EX]port.hu_0" site_id="tvchannel-84" xmltv_id="Travel Channel">Travel Channel</channel>
    <channel site="[ENC][EX]port.hu_0" site_id="tvchannel-250" xmltv_id="CBS Reality">CBS Reality</channel>
    <channel site="[ENC][EX]port.hu_0" site_id="tvchannel-85" xmltv_id="Discovery Science">Discovery Science</channel>
    <channel site="[ENC][EX]port.hu_0" site_id="tvchannel-298" xmltv_id="Discovery Turbo Xtra">Discovery Turbo Xtra</channel>
    <channel site="[ENC][EX]port.hu_0" site_id="tvchannel-233" xmltv_id="TLC">TLC</channel>
    <channel site="[ENC][EX]port.hu_0" site_id="tvchannel-231" xmltv_id="Animal Planet HD">Animal Planet HD</channel>
    <channel site="[ENC][EX]port.hu_0" site_id="tvchannel-159" xmltv_id="Nat Geo HD">Nat Geo HD</channel>
    <channel site="[ENC][EX]port.hu_0" site_id="tvchannel-141" xmltv_id="National Geographic Wild">National Geographic Wild</channel>
    <channel site="[ENC][EX]port.hu_0" site_id="tvchannel-294" xmltv_id="National Geographic Wild HD">National Geographic Wild HD</channel>
    <channel site="[ENC][EX]port.hu_0" site_id="tvchannel-182" xmltv_id="HISTORY">HISTORY</channel>
    <channel site="[ENC][EX]port.hu_0" site_id="tvchannel-176" xmltv_id="Fishing &amp; Hunting">Fishing &amp; Hunting</channel>
    <channel site="[ENC][EX]port.hu_0" site_id="tvchannel-202" xmltv_id="Da Vinci TV">Da Vinci TV</channel>
    <channel site="[ENC][EX]port.hu_0" site_id="tvchannel-251" xmltv_id="BBC Earth">BBC Earth</channel>
    <channel site="[ENC][EX]port.hu_0" site_id="tvchannel-279" xmltv_id="Investigation Discovery">Investigation Discovery</channel>
    <channel site="[ENC][EX]port.hu_0" site_id="tvchannel-285" xmltv_id="Food Network">Food Network</channel>
    <channel site="[ENC][EX]port.hu_0" site_id="tvchannel-309" xmltv_id="TV2 Séf">TV2 Séf</channel>
    <channel site="[ENC][EX]port.hu_0" site_id="tvchannel-381" xmltv_id="RTL Otthon">RTL Otthon</channel>
    <channel site="[ENC][EX]port.hu_0" site_id="tvchannel-16" xmltv_id="Minimax">Minimax</channel>
    <channel site="[ENC][EX]port.hu_0" site_id="tvchannel-41" xmltv_id="Nickelodeon">Nickelodeon</channel>
    <channel site="[ENC][EX]port.hu_0" site_id="tvchannel-91" xmltv_id="Cartoon Network">Cartoon Network</channel>
    <channel site="[ENC][EX]port.hu_0" site_id="tvchannel-35" xmltv_id="Disney Channel">Disney Channel</channel>
    <channel site="[ENC][EX]port.hu_0" site_id="tvchannel-77" xmltv_id="Cartoonito">Cartoonito</channel>
    <channel site="[ENC][EX]port.hu_0" site_id="tvchannel-197" xmltv_id="JimJam">JimJam</channel>
    <channel site="[ENC][EX]port.hu_0" site_id="tvchannel-156" xmltv_id="Duck TV">Duck TV</channel>
    <channel site="[ENC][EX]port.hu_0" site_id="tvchannel-170" xmltv_id="Babyfirst (English)">Babyfirst (English)</channel>
    <channel site="[ENC][EX]port.hu_0" site_id="tvchannel-147" xmltv_id="Smile of a child (English)">Smile of a child (English)</channel>
    <channel site="[ENC][EX]port.hu_0" site_id="tvchannel-153" xmltv_id="Baby TV (English)">Baby TV (English)</channel>
    <channel site="[ENC][EX]port.hu_0" site_id="tvchannel-236" xmltv_id="Nick Jr.">Nick Jr.</channel>
    <channel site="[ENC][EX]port.hu_0" site_id="tvchannel-310" xmltv_id="TV2 Kids">TV2 Kids</channel>
    <channel site="[ENC][EX]port.hu_0" site_id="tvchannel-366" xmltv_id="Nicktoons">Nicktoons</channel>
    <channel site="[ENC][EX]port.hu_0" site_id="tvchannel-374" xmltv_id="TeenNick">TeenNick</channel>
    <channel site="[ENC][EX]port.hu_0" site_id="tvchannel-379" xmltv_id="Kölyök Klub">Kölyök Klub</channel>
    <channel site="[ENC][EX]port.hu_0" site_id="tvchannel-80" xmltv_id="Mezzo">Mezzo</channel>
    <channel site="[ENC][EX]port.hu_0" site_id="tvchannel-99" xmltv_id="VH1">VH1</channel>
    <channel site="[ENC][EX]port.hu_0" site_id="tvchannel-64" xmltv_id="MCM Top">MCM Top</channel>
    <channel site="[ENC][EX]port.hu_0" site_id="tvchannel-207" xmltv_id="MCM Pop">MCM Pop</channel>
    <channel site="[ENC][EX]port.hu_0" site_id="tvchannel-17" xmltv_id="Soundtrack Channel">Soundtrack Channel</channel>
    <channel site="[ENC][EX]port.hu_0" site_id="tvchannel-216" xmltv_id="Sláger TV">Sláger TV</channel>
    <channel site="[ENC][EX]port.hu_0" site_id="tvchannel-217" xmltv_id="Muzsika TV">Muzsika TV</channel>
    <channel site="[ENC][EX]port.hu_0" site_id="tvchannel-240" xmltv_id="Musicmix">Musicmix</channel>
    <channel site="[ENC][EX]port.hu_0" site_id="tvchannel-303" xmltv_id="Zenebutik">Zenebutik</channel>
    <channel site="[ENC][EX]port.hu_0" site_id="tvchannel-23" xmltv_id="TV5MONDE">TV5MONDE</channel>
    <channel site="[ENC][EX]port.hu_0" site_id="tvchannel-150" xmltv_id="Al Jazeera (English)">Al Jazeera (English)</channel>
    <channel site="[ENC][EX]port.hu_0" site_id="tvchannel-68" xmltv_id="CNBC">CNBC</channel>
    <channel site="[ENC][EX]port.hu_0" site_id="tvchannel-71" xmltv_id="Euronews">Euronews</channel>
    <channel site="[ENC][EX]port.hu_0" site_id="tvchannel-126" xmltv_id="BBC World">BBC World</channel>
    <channel site="[ENC][EX]port.hu_0" site_id="tvchannel-158" xmltv_id="Sky News (English)">Sky News (English)</channel>
    <channel site="[ENC][EX]port.hu_0" site_id="tvchannel-4" xmltv_id="CNN (English)">CNN (English)</channel>
    <channel site="[ENC][EX]port.hu_0" site_id="tvchannel-146" xmltv_id="New Tang Dynasty (English)">New Tang Dynasty (English)</channel>
    <channel site="[ENC][EX]port.hu_0" site_id="tvchannel-149" xmltv_id="Channel One Russia (Russian)">Channel One Russia (Russian)</channel>
    <channel site="[ENC][EX]port.hu_0" site_id="tvchannel-218" xmltv_id="Bloomberg (English)">Bloomberg (English)</channel>
    <channel site="[ENC][EX]port.hu_0" site_id="tvchannel-367" xmltv_id="Auto Motor Sport TV">Auto Motor Sport TV</channel>
    <channel site="[ENC][EX]port.hu_0" site_id="tvchannel-368" xmltv_id="Fashion TV">Fashion TV</channel>
    <channel site="[ENC][EX]port.hu_0" site_id="tvchannel-373" xmltv_id="RAI 1">RAI 1</channel>
    <channel site="[ENC][EX]port.hu_0" site_id="tvchannel-19" xmltv_id="Brazzers TV Europe">Brazzers TV Europe</channel>
    <channel site="[ENC][EX]port.hu_0" site_id="tvchannel-189" xmltv_id="Miskolc TV">Miskolc TV</channel>
    <channel site="[ENC][EX]port.hu_0" site_id="tvchannel-190" xmltv_id="Szeged Televízió">Szeged Televízió</channel>
    <channel site="[ENC][EX]port.hu_0" site_id="tvchannel-188" xmltv_id="Gotthárd TV">Gotthárd TV</channel>
    <channel site="[ENC][EX]port.hu_0" site_id="tvchannel-196" xmltv_id="Kecskeméti Televízió">Kecskeméti Televízió</channel>
    <channel site="[ENC][EX]port.hu_0" site_id="tvchannel-266" xmltv_id="Fehérvár TV">Fehérvár TV</channel>
    <channel site="[ENC][EX]port.hu_0" site_id="tvchannel-222" xmltv_id="Erdély TV">Erdély TV</channel>
    <channel site="[ENC][EX]port.hu_0" site_id="tvchannel-265" xmltv_id="9.Tv">9.Tv</channel>
    <channel site="[ENC][EX]port.hu_0" site_id="tvchannel-278" xmltv_id="Gyöngyösi TV">Gyöngyösi TV</channel>
    <channel site="[ENC][EX]port.hu_0" site_id="tvchannel-297" xmltv_id="Balaton Televízió">Balaton Televízió</channel>
    <channel site="[ENC][EX]port.hu_0" site_id="tvchannel-300" xmltv_id="Keresztúri Televízió">Keresztúri Televízió</channel>
  </channels>
</site>