<?xml version="1.0" encoding="UTF-8"?>
<site generator-info-name="Tempest EPG Generator (made by Kvanc)" generator-info-url="https://github.com/K-vanc/Tempest-EPG-Generator.git" site="musor.tv_0">
  <channels>
    <channel site="musor.tv_0" site_id="DUNA" xmltv_id="Duna TV (HD)">Duna TV (HD)</channel>
    <channel site="musor.tv_0" site_id="DUNAWORLD" xmltv_id="Duna World (HD)">Duna World (HD)</channel>
    <channel site="musor.tv_0" site_id="RTL" xmltv_id="RTL Klub (HD)">RTL Klub (HD)</channel>
    <channel site="musor.tv_0" site_id="RTL2" xmltv_id="RTL II (HD)">RTL II (HD)</channel>
    <channel site="musor.tv_0" site_id="RTL_GOLD" xmltv_id="RTL Gold">RTL Gold</channel>
    <channel site="musor.tv_0" site_id="RTL_PLUSZ" xmltv_id="RTL+">RTL+</channel>
    <channel site="musor.tv_0" site_id="TV2" xmltv_id="TV2 (HD)">TV2 (HD)</channel>
    <channel site="musor.tv_0" site_id="SUPERTV2" xmltv_id="Super TV2 (HD)">Super TV2 (HD)</channel>
    <channel site="musor.tv_0" site_id="PRIME" xmltv_id="Prime (HD)">Prime (HD)</channel>
    <channel site="musor.tv_0" site_id="COOL" xmltv_id="Cool (HD)">Cool (HD)</channel>
    <channel site="musor.tv_0" site_id="VIASAT3" xmltv_id="Viasat 3 (HD)">Viasat 3 (HD)</channel>
    <channel site="musor.tv_0" site_id="VIASAT6" xmltv_id="Viasat 6">Viasat 6</channel>
    <channel site="musor.tv_0" site_id="HBOHD" xmltv_id="HBO (HD)">HBO (HD)</channel>
    <channel site="musor.tv_0" site_id="HBO2" xmltv_id="HBO 2 (HD)">HBO 2 (HD)</channel>
    <channel site="musor.tv_0" site_id="HBO3" xmltv_id="HBO 3 (HD)">HBO 3 (HD)</channel>
    <channel site="musor.tv_0" site_id="CINEMAX" xmltv_id="Cinemax (HD)">Cinemax (HD)</channel>
    <channel site="musor.tv_0" site_id="CINEMAX2" xmltv_id="Cinemax 2 (HD)">Cinemax 2 (HD)</channel>
    <channel site="musor.tv_0" site_id="FILMBOX_EXTRA_HD" xmltv_id="Filmbox Extra HD">Filmbox Extra HD</channel>
    <channel site="musor.tv_0" site_id="FILMBOX_PREMIUM" xmltv_id="Filmbox Premium">Filmbox Premium</channel>
    <channel site="musor.tv_0" site_id="FILMBOXFAMILY" xmltv_id="Filmbox Family">Filmbox Family</channel>
    <channel site="musor.tv_0" site_id="FILMBOX_STARS" xmltv_id="Filmbox Stars">Filmbox Stars</channel>
    <channel site="musor.tv_0" site_id="FILMBOX" xmltv_id="Filmbox">Filmbox</channel>
    <channel site="musor.tv_0" site_id="MOZIVERZUM" xmltv_id="Moziverzum (HD)">Moziverzum (HD)</channel>
    <channel site="musor.tv_0" site_id="MOZI_PLUSZ" xmltv_id="Mozi+ (HD)">Mozi+ (HD)</channel>
    <channel site="musor.tv_0" site_id="FILMPLUS" xmltv_id="film+ (HD)">film+ (HD)</channel>
    <channel site="musor.tv_0" site_id="FILMNOW" xmltv_id="Film Now">Film Now</channel>
    <channel site="musor.tv_0" site_id="EPIC_DRAMA" xmltv_id="Epic Drama (HD)">Epic Drama (HD)</channel>
    <channel site="musor.tv_0" site_id="TV4" xmltv_id="TV 4 (HD)">TV 4 (HD)</channel>
    <channel site="musor.tv_0" site_id="FILM4" xmltv_id="Film 4 (HD)">Film 4 (HD)</channel>
    <channel site="musor.tv_0" site_id="STORY4" xmltv_id="Story 4 (HD)">Story 4 (HD)</channel>
    <channel site="musor.tv_0" site_id="GALAXY" xmltv_id="Galaxy 4 (HD)">Galaxy 4 (HD)</channel>
    <channel site="musor.tv_0" site_id="SOROZAT" xmltv_id="Sorozat+">Sorozat+</channel>
    <channel site="musor.tv_0" site_id="COMEDY" xmltv_id="Comedy Central (HD)">Comedy Central (HD)</channel>
    <channel site="musor.tv_0" site_id="COMEDY_CENTRAL_FAMILY" xmltv_id="Comedy Central Family">Comedy Central Family</channel>
    <channel site="musor.tv_0" site_id="TV2_COMEDY" xmltv_id="TV2 Comedy">TV2 Comedy</channel>
    <channel site="musor.tv_0" site_id="JOCKYTV" xmltv_id="Jocky TV">Jocky TV</channel>
    <channel site="musor.tv_0" site_id="AXN" xmltv_id="AXN (HD)">AXN (HD)</channel>
    <channel site="musor.tv_0" site_id="SONY_MAX" xmltv_id="Sony Max">Sony Max</channel>
    <channel site="musor.tv_0" site_id="SONY_MOVIE_CHANNEL" xmltv_id="Sony Movie Channel">Sony Movie Channel</channel>
    <channel site="musor.tv_0" site_id="VIASAT2" xmltv_id="Viasat 2">Viasat 2</channel>
    <channel site="musor.tv_0" site_id="VIASAT_FILM" xmltv_id="Viasat Film">Viasat Film</channel>
    <channel site="musor.tv_0" site_id="AMC" xmltv_id="AMC (HD)">AMC (HD)</channel>
    <channel site="musor.tv_0" site_id="PARAMOUNT" xmltv_id="Paramount Network (HD)">Paramount Network (HD)</channel>
    <channel site="musor.tv_0" site_id="FILMMANIA" xmltv_id="Film Mánia (HD)">Film Mánia (HD)</channel>
    <channel site="musor.tv_0" site_id="FILMCAFE" xmltv_id="Film Café (HD)">Film Café (HD)</channel>
    <channel site="musor.tv_0" site_id="IZAURA_TV" xmltv_id="Izaura TV">Izaura TV</channel>
    <channel site="musor.tv_0" site_id="ATV_SPIRIT" xmltv_id="ATV Spirit (HD)">ATV Spirit (HD)</channel>
    <channel site="musor.tv_0" site_id="DIRECT_ONE_TV" xmltv_id="Direct One TV">Direct One TV</channel>
    <channel site="musor.tv_0" site_id="M2" xmltv_id="M2 / Petőfi (HD)">M2 / Petőfi (HD)</channel>
    <channel site="musor.tv_0" site_id="MINIMAX" xmltv_id="Minimax">Minimax</channel>
    <channel site="musor.tv_0" site_id="DISNEY" xmltv_id="Disney Channel">Disney Channel</channel>
    <channel site="musor.tv_0" site_id="CARTOON" xmltv_id="Cartoon Network">Cartoon Network</channel>
    <channel site="musor.tv_0" site_id="BOOMERANG" xmltv_id="Boomerang">Boomerang</channel>
    <channel site="musor.tv_0" site_id="NICKELODEON" xmltv_id="Nickelodeon">Nickelodeon</channel>
    <channel site="musor.tv_0" site_id="TEENNICK" xmltv_id="TeenNick">TeenNick</channel>
    <channel site="musor.tv_0" site_id="NICKTOONS" xmltv_id="Nicktoons">Nicktoons</channel>
    <channel site="musor.tv_0" site_id="NICKJR" xmltv_id="Nick Jr">Nick Jr</channel>
    <channel site="musor.tv_0" site_id="JIMJAM" xmltv_id="JimJam">JimJam</channel>
    <channel site="musor.tv_0" site_id="TV2_KIDS" xmltv_id="TV2 Kids">TV2 Kids</channel>
    <channel site="musor.tv_0" site_id="MTV_EURO" xmltv_id="MTV European">MTV European</channel>
    <channel site="musor.tv_0" site_id="DUCKTV" xmltv_id="Duck TV">Duck TV</channel>
    <channel site="musor.tv_0" site_id="DUCKHD" xmltv_id="Duck TV HD">Duck TV HD</channel>
    <channel site="musor.tv_0" site_id="M5" xmltv_id="M5 (HD)">M5 (HD)</channel>
    <channel site="musor.tv_0" site_id="SPEKTRUM" xmltv_id="Spektrum (HD)">Spektrum (HD)</channel>
    <channel site="musor.tv_0" site_id="NATGEO" xmltv_id="National Geographic (HD)">National Geographic (HD)</channel>
    <channel site="musor.tv_0" site_id="NATGEOWILD" xmltv_id="National Geographic Wild (HD)">National Geographic Wild (HD)</channel>
    <channel site="musor.tv_0" site_id="LOVE_NATURE" xmltv_id="Love Nature (HD / 4K)">Love Nature (HD / 4K)</channel>
    <channel site="musor.tv_0" site_id="TRAVELXP" xmltv_id="Travel XP (HD / 4K)">Travel XP (HD / 4K)</channel>
    <channel site="musor.tv_0" site_id="DISCOVERY" xmltv_id="Discovery Channel (HD)">Discovery Channel (HD)</channel>
    <channel site="musor.tv_0" site_id="DISCOVERYSCI" xmltv_id="Discovery Science (HD)">Discovery Science (HD)</channel>
    <channel site="musor.tv_0" site_id="ID" xmltv_id="ID (HD)">ID (HD)</channel>
    <channel site="musor.tv_0" site_id="DTX" xmltv_id="Discovery Turbo Xtra (DTX) (HD)">Discovery Turbo Xtra (DTX) (HD)</channel>
    <channel site="musor.tv_0" site_id="TLC" xmltv_id="TLC (HD)">TLC (HD)</channel>
    <channel site="musor.tv_0" site_id="ANIMAL" xmltv_id="Animal Planet (HD)">Animal Planet (HD)</channel>
    <channel site="musor.tv_0" site_id="HGTV" xmltv_id="HGTV">HGTV</channel>
    <channel site="musor.tv_0" site_id="HISTORYHD" xmltv_id="History (HD)">History (HD)</channel>
    <channel site="musor.tv_0" site_id="TRAVEL" xmltv_id="Travel Channel (HD)">Travel Channel (HD)</channel>
    <channel site="musor.tv_0" site_id="VIASATEXP" xmltv_id="Viasat Explore (HD)">Viasat Explore (HD)</channel>
    <channel site="musor.tv_0" site_id="VIASATNAT" xmltv_id="Viasat Nature (HD)">Viasat Nature (HD)</channel>
    <channel site="musor.tv_0" site_id="VIASATHIST" xmltv_id="Viasat History (HD)">Viasat History (HD)</channel>
    <channel site="musor.tv_0" site_id="OZONE_TV" xmltv_id="Ozone TV (HD)">Ozone TV (HD)</channel>
    <channel site="musor.tv_0" site_id="LIFE_TV" xmltv_id="Life TV (HD)">Life TV (HD)</channel>
    <channel site="musor.tv_0" site_id="FEM3" xmltv_id="FEM3">FEM3</channel>
    <channel site="musor.tv_0" site_id="SPEKTRUMHOME" xmltv_id="Spektrum Home (HD)">Spektrum Home (HD)</channel>
    <channel site="musor.tv_0" site_id="PAPRIKA" xmltv_id="TV Paprika (HD)">TV Paprika (HD)</channel>
    <channel site="musor.tv_0" site_id="FOODNETWORK" xmltv_id="Food Network (HD)">Food Network (HD)</channel>
    <channel site="musor.tv_0" site_id="TV2_SEF" xmltv_id="TV2 Séf">TV2 Séf</channel>
    <channel site="musor.tv_0" site_id="CBSREALITY" xmltv_id="CBS Reality">CBS Reality</channel>
    <channel site="musor.tv_0" site_id="DIGIWORLD" xmltv_id="DIGI World (HD)">DIGI World (HD)</channel>
    <channel site="musor.tv_0" site_id="DIGILIFE" xmltv_id="DIGI Life (HD)">DIGI Life (HD)</channel>
    <channel site="musor.tv_0" site_id="DIGIANIMALWORLD" xmltv_id="DIGI Animal World (HD)">DIGI Animal World (HD)</channel>
    <channel site="musor.tv_0" site_id="BBC_EARTH" xmltv_id="BBC Earth (HD)">BBC Earth (HD)</channel>
    <channel site="musor.tv_0" site_id="DAVINCI" xmltv_id="Da Vinci">Da Vinci</channel>
    <channel site="musor.tv_0" site_id="D1TV" xmltv_id="D1 Televízió">D1 Televízió</channel>
    <channel site="musor.tv_0" site_id="FIXTV" xmltv_id="FIX TV (HD)">FIX TV (HD)</channel>
    <channel site="musor.tv_0" site_id="HATOS_CSATORNA" xmltv_id="Hatoscsatorna">Hatoscsatorna</channel>
    <channel site="musor.tv_0" site_id="PAX" xmltv_id="PAX TV">PAX TV</channel>
    <channel site="musor.tv_0" site_id="BONUM" xmltv_id="EWTN / Bonum TV">EWTN / Bonum TV</channel>
    <channel site="musor.tv_0" site_id="APOSTOL_TV" xmltv_id="Apostol TV">Apostol TV</channel>
    <channel site="musor.tv_0" site_id="HETI_TV" xmltv_id="Heti TV">Heti TV</channel>
    <channel site="musor.tv_0" site_id="DIKH_TV" xmltv_id="Dikh TV (HD)">Dikh TV (HD)</channel>
    <channel site="musor.tv_0" site_id="E_ENTERTAINMENT" xmltv_id="E! Entertainment (HD)">E! Entertainment (HD)</channel>
    <channel site="musor.tv_0" site_id="M4_SPORT" xmltv_id="M4 Sport (HD)">M4 Sport (HD)</channel>
    <channel site="musor.tv_0" site_id="M4_SPORT_PLUSZ" xmltv_id="M4 Sport+ (HD)">M4 Sport+ (HD)</channel>
    <channel site="musor.tv_0" site_id="DIGISPORT1" xmltv_id="DIGI Sport 1 (HD)">DIGI Sport 1 (HD)</channel>
    <channel site="musor.tv_0" site_id="DIGISPORT2" xmltv_id="DIGI Sport 2 (HD)">DIGI Sport 2 (HD)</channel>
    <channel site="musor.tv_0" site_id="DIGISPORT3" xmltv_id="DIGI Sport 3 (HD)">DIGI Sport 3 (HD)</channel>
    <channel site="musor.tv_0" site_id="SPORT1" xmltv_id="Sport 1 (HD)">Sport 1 (HD)</channel>
    <channel site="musor.tv_0" site_id="SPORT2" xmltv_id="Sport 2 (HD)">Sport 2 (HD)</channel>
    <channel site="musor.tv_0" site_id="EUROSPORT" xmltv_id="Eurosport 1 (HD)">Eurosport 1 (HD)</channel>
    <channel site="musor.tv_0" site_id="EUROSPORT2" xmltv_id="Eurosport 2 (HD)">Eurosport 2 (HD)</channel>
    <channel site="musor.tv_0" site_id="EUROSPORT4K" xmltv_id="Eurosport 4K">Eurosport 4K</channel>
    <channel site="musor.tv_0" site_id="SPILER_TV" xmltv_id="Spíler1 TV (HD)">Spíler1 TV (HD)</channel>
    <channel site="musor.tv_0" site_id="SPILER2_TV" xmltv_id="Spíler2 TV (HD)">Spíler2 TV (HD)</channel>
    <channel site="musor.tv_0" site_id="ARENA4" xmltv_id="Arena 4 (HD)">Arena 4 (HD)</channel>
    <channel site="musor.tv_0" site_id="EXTREMESP" xmltv_id="Extreme Sports Channel">Extreme Sports Channel</channel>
    <channel site="musor.tv_0" site_id="FISHING_HUNTING" xmltv_id="Fishing &amp; Hunting Channel (HD)">Fishing &amp; Hunting Channel (HD)</channel>
    <channel site="musor.tv_0" site_id="FIT_HD" xmltv_id="Fit HD">Fit HD</channel>
    <channel site="musor.tv_0" site_id="AUTO_MOTOR_SPORT" xmltv_id="Auto Motor Sport (HD)">Auto Motor Sport (HD)</channel>
    <channel site="musor.tv_0" site_id="MUSICCHANNEL" xmltv_id="1 Music Channel (HD)">1 Music Channel (HD)</channel>
    <channel site="musor.tv_0" site_id="HIT_MUSIC" xmltv_id="H!T Music">H!T Music</channel>
    <channel site="musor.tv_0" site_id="MTVHU" xmltv_id="MTV Hungary">MTV Hungary</channel>
    <channel site="musor.tv_0" site_id="MTVLIVEHD" xmltv_id="MTV Live HD">MTV Live HD</channel>
    <channel site="musor.tv_0" site_id="MTVHITS" xmltv_id="MTV Hits">MTV Hits</channel>
    <channel site="musor.tv_0" site_id="CLUB_MTV" xmltv_id="club MTV">club MTV</channel>
    <channel site="musor.tv_0" site_id="MTV00S" xmltv_id="MTV 00s">MTV 00s</channel>
    <channel site="musor.tv_0" site_id="MTV90S" xmltv_id="MTV 90s">MTV 90s</channel>
    <channel site="musor.tv_0" site_id="MTV80S" xmltv_id="MTV 80s">MTV 80s</channel>
    <channel site="musor.tv_0" site_id="TOTALDANCE_TV" xmltv_id="Total Dance TV (HD)">Total Dance TV (HD)</channel>
    <channel site="musor.tv_0" site_id="TRACEURBAN" xmltv_id="Trace Urban (HD)">Trace Urban (HD)</channel>
    <channel site="musor.tv_0" site_id="MUZSIKATV" xmltv_id="Muzsika TV">Muzsika TV</channel>
    <channel site="musor.tv_0" site_id="SLAGERTV" xmltv_id="Sláger TV (HD)">Sláger TV (HD)</channel>
    <channel site="musor.tv_0" site_id="ZENEBUTIK" xmltv_id="Zenebutik TV">Zenebutik TV</channel>
    <channel site="musor.tv_0" site_id="JAZZ_TV" xmltv_id="Jazz TV">Jazz TV</channel>
    <channel site="musor.tv_0" site_id="MEZZOHD" xmltv_id="Mezzo Live HD">Mezzo Live HD</channel>
    <channel site="musor.tv_0" site_id="MEZZO" xmltv_id="Mezzo">Mezzo</channel>
    <channel site="musor.tv_0" site_id="CLASSICA" xmltv_id="Stingray Classica HD">Stingray Classica HD</channel>
    <channel site="musor.tv_0" site_id="ICONCERTS" xmltv_id="Stingray iConcerts HD">Stingray iConcerts HD</channel>
    <channel site="musor.tv_0" site_id="CMUSIC" xmltv_id="Stingray C Music">Stingray C Music</channel>
    <channel site="musor.tv_0" site_id="M1" xmltv_id="M1 (HD)">M1 (HD)</channel>
    <channel site="musor.tv_0" site_id="ATV" xmltv_id="ATV (HD)">ATV (HD)</channel>
    <channel site="musor.tv_0" site_id="HIRTV" xmltv_id="Hír TV (HD)">Hír TV (HD)</channel>
    <channel site="musor.tv_0" site_id="EURONEWS" xmltv_id="Euronews (HD)">Euronews (HD)</channel>
    <channel site="musor.tv_0" site_id="PESTI_TV" xmltv_id="Pesti TV">Pesti TV</channel>
    <channel site="musor.tv_0" site_id="BALATON_TV" xmltv_id="Balaton TV">Balaton TV</channel>
    <channel site="musor.tv_0" site_id="KOLCSEY_TV" xmltv_id="Kölcsey TV">Kölcsey TV</channel>
    <channel site="musor.tv_0" site_id="7TV" xmltv_id="7.TV">7.TV</channel>
    <channel site="musor.tv_0" site_id="KAPOS_TV" xmltv_id="Kapos TV">Kapos TV</channel>
    <channel site="musor.tv_0" site_id="ZEG_TV" xmltv_id="Zalaegerszegi TV">Zalaegerszegi TV</channel>
    <channel site="musor.tv_0" site_id="FEHERVAR_TV" xmltv_id="Fehérvár TV">Fehérvár TV</channel>
    <channel site="musor.tv_0" site_id="SZEGED_TV" xmltv_id="Szeged TV">Szeged TV</channel>
    <channel site="musor.tv_0" site_id="TV_EGER" xmltv_id="TV Eger">TV Eger</channel>
    <channel site="musor.tv_0" site_id="HEGYVIDEK_TV" xmltv_id="Hegyvidék TV">Hegyvidék TV</channel>
    <channel site="musor.tv_0" site_id="UJBUDA_TV" xmltv_id="Újbuda TV">Újbuda TV</channel>
    <channel site="musor.tv_0" site_id="ERDELY_TV" xmltv_id="Erdély TV">Erdély TV</channel>
    <channel site="musor.tv_0" site_id="PANNON_TV" xmltv_id="Pannon TV (Vajdaság)">Pannon TV (Vajdaság)</channel>
    <channel site="musor.tv_0" site_id="TV21_UNGVAR" xmltv_id="TV21 Ungvár (Kárpátalja)">TV21 Ungvár (Kárpátalja)</channel>
    <channel site="musor.tv_0" site_id="CNN" xmltv_id="CNN">CNN</channel>
    <channel site="musor.tv_0" site_id="BBCWORLD" xmltv_id="BBC World News">BBC World News</channel>
    <channel site="musor.tv_0" site_id="CNBC" xmltv_id="CNBC">CNBC</channel>
    <channel site="musor.tv_0" site_id="SKYNEWS" xmltv_id="Sky News">Sky News</channel>
    <channel site="musor.tv_0" site_id="TRACESPORTS" xmltv_id="Trace Sports HD">Trace Sports HD</channel>
    <channel site="musor.tv_0" site_id="NAUTICAL_CHANNEL" xmltv_id="Nautical Channel (HD)">Nautical Channel (HD)</channel>
    <channel site="musor.tv_0" site_id="FIGHTBOX_EN" xmltv_id="Fightbox HD">Fightbox HD</channel>
    <channel site="musor.tv_0" site_id="FILMBOX_ARTHOUSE" xmltv_id="Filmbox Arthouse">Filmbox Arthouse</channel>
    <channel site="musor.tv_0" site_id="DOCUBOX_EN" xmltv_id="Docubox HD">Docubox HD</channel>
    <channel site="musor.tv_0" site_id="FUNBOX_UHD" xmltv_id="Funbox UltraHD 4K">Funbox UltraHD 4K</channel>
    <channel site="musor.tv_0" site_id="GAMETOON" xmltv_id="Gametoon HD">Gametoon HD</channel>
    <channel site="musor.tv_0" site_id="BABYTV" xmltv_id="Baby TV">Baby TV</channel>
    <channel site="musor.tv_0" site_id="NICKELODEONHD" xmltv_id="Nickelodeon HD">Nickelodeon HD</channel>
    <channel site="musor.tv_0" site_id="FTVHD" xmltv_id="Fashion TV HD">Fashion TV HD</channel>
    <channel site="musor.tv_0" site_id="ENGLISH_CLUB_TV" xmltv_id="English Club TV">English Club TV</channel>
    <channel site="musor.tv_0" site_id="EUROSPORT4K" xmltv_id="Eurosport 4K">Eurosport 4K</channel>
    <channel site="musor.tv_0" site_id="LOVE_NATURE" xmltv_id="Love Nature (HD / 4K)">Love Nature (HD / 4K)</channel>
    <channel site="musor.tv_0" site_id="TRAVELXP" xmltv_id="Travel XP (HD / 4K)">Travel XP (HD / 4K)</channel>
    <channel site="musor.tv_0" site_id="FUNBOX_UHD" xmltv_id="Funbox UltraHD 4K">Funbox UltraHD 4K</channel>
    <channel site="musor.tv_0" site_id="MR1" xmltv_id="Kossuth Rádió">Kossuth Rádió</channel>
    <channel site="musor.tv_0" site_id="MR2" xmltv_id="Petőfi Rádió">Petőfi Rádió</channel>
    <channel site="musor.tv_0" site_id="MR3" xmltv_id="Bartók Rádió">Bartók Rádió</channel>
    <channel site="musor.tv_0" site_id="MR4" xmltv_id="Nemzetiségi Adások">Nemzetiségi Adások</channel>
    <channel site="musor.tv_0" site_id="DANKO_RADIO" xmltv_id="Dankó Rádió">Dankó Rádió</channel>
    <channel site="musor.tv_0" site_id="DUNAWORLDRADIO" xmltv_id="Duna World Rádió">Duna World Rádió</channel>
    <channel site="musor.tv_0" site_id="MKR" xmltv_id="Magyar Katolikus Rádió">Magyar Katolikus Rádió</channel>
    <channel site="musor.tv_0" site_id="streaming/ujdonsagok/HBOGO" xmltv_id="HBO GO">HBO GO</channel>
    <channel site="musor.tv_0" site_id="streaming/ujdonsagok/NETFLIX" xmltv_id="Netflix Original">Netflix Original</channel>
  </channels>
</site>