<?xml version="1.0" encoding="UTF-8"?>
<site generator-info-name="Tempest EPG Generator (made by Kvanc)" generator-info-url="https://github.com/K-vanc/Tempest-EPG-Generator.git" site="[ENC]unifi.com.my_0">
  <channels>
    <channel site="[ENC]unifi.com.my_0" site_id="20000009" xmltv_id="TV1">TV1</channel>
    <channel site="[ENC]unifi.com.my_0" site_id="20000036" xmltv_id="TV2">TV2</channel>
    <channel site="[ENC]unifi.com.my_0" site_id="20000011" xmltv_id="TV3">TV3</channel>
    <channel site="[ENC]unifi.com.my_0" site_id="20000031" xmltv_id="DidikTV KPM">DidikTV KPM</channel>
    <channel site="[ENC]unifi.com.my_0" site_id="20000017" xmltv_id="8TV">8TV</channel>
    <channel site="[ENC]unifi.com.my_0" site_id="20000020" xmltv_id="TV9">TV9</channel>
    <channel site="[ENC]unifi.com.my_0" site_id="20000070" xmltv_id="Salam HD">Salam HD</channel>
    <channel site="[ENC]unifi.com.my_0" site_id="20000014" xmltv_id="TV AlHijrah HD">TV AlHijrah HD</channel>
    <channel site="[ENC]unifi.com.my_0" site_id="20000089" xmltv_id="Sensasi">Sensasi</channel>
    <channel site="[ENC]unifi.com.my_0" site_id="20000003" xmltv_id="Inspirasi">Inspirasi</channel>
    <channel site="[ENC]unifi.com.my_0" site_id="56919296" xmltv_id="SIAR">SIAR</channel>
    <channel site="[ENC]unifi.com.my_0" site_id="20000046" xmltv_id="Dunia Sinema HD">Dunia Sinema HD</channel>
    <channel site="[ENC]unifi.com.my_0" site_id="20000063" xmltv_id="Pesona HD">Pesona HD</channel>
    <channel site="[ENC]unifi.com.my_0" site_id="20000105" xmltv_id="LAKU mall">LAKU mall</channel>
    <channel site="[ENC]unifi.com.my_0" site_id="20000021" xmltv_id="tvN Movies HD">tvN Movies HD</channel>
    <channel site="[ENC]unifi.com.my_0" site_id="20000062" xmltv_id="tvN HD">tvN HD</channel>
    <channel site="[ENC]unifi.com.my_0" site_id="20000055" xmltv_id="Now Jelli HD">Now Jelli HD</channel>
    <channel site="[ENC]unifi.com.my_0" site_id="55697154" xmltv_id="CCTV-4 HD">CCTV-4 HD</channel>
    <channel site="[ENC]unifi.com.my_0" site_id="20000082" xmltv_id="SETI">SETI</channel>
    <channel site="[ENC]unifi.com.my_0" site_id="51882317" xmltv_id="Celestial Movies">Celestial Movies</channel>
    <channel site="[ENC]unifi.com.my_0" site_id="52014451" xmltv_id="CCM">CCM</channel>
    <channel site="[ENC]unifi.com.my_0" site_id="20000113" xmltv_id="Colors Tamil HD">Colors Tamil HD</channel>
    <channel site="[ENC]unifi.com.my_0" site_id="20000038" xmltv_id="Colors Cineplex">Colors Cineplex</channel>
    <channel site="[ENC]unifi.com.my_0" site_id="52014611" xmltv_id="HITS Movies">HITS Movies</channel>
    <channel site="[ENC]unifi.com.my_0" site_id="20000019" xmltv_id="Paramount Network">Paramount Network</channel>
    <channel site="[ENC]unifi.com.my_0" site_id="20000080" xmltv_id="CinemaWorld HD">CinemaWorld HD</channel>
    <channel site="[ENC]unifi.com.my_0" site_id="20000012" xmltv_id="Warner TV HD">Warner TV HD</channel>
    <channel site="[ENC]unifi.com.my_0" site_id="51882833" xmltv_id="AXN">AXN</channel>
    <channel site="[ENC]unifi.com.my_0" site_id="51872269" xmltv_id="HITS">HITS</channel>
    <channel site="[ENC]unifi.com.my_0" site_id="51880949" xmltv_id="K-Plus">K-Plus</channel>
    <channel site="[ENC]unifi.com.my_0" site_id="51783925" xmltv_id="arirang TV">arirang TV</channel>
    <channel site="[ENC]unifi.com.my_0" site_id="51882374" xmltv_id="GEM">GEM</channel>
    <channel site="[ENC]unifi.com.my_0" site_id="57622558" xmltv_id="Animax">Animax</channel>
    <channel site="[ENC]unifi.com.my_0" site_id="20000029" xmltv_id="ROCK Entertainment">ROCK Entertainment</channel>
    <channel site="[ENC]unifi.com.my_0" site_id="20000081" xmltv_id="ROCK Extreme">ROCK Extreme</channel>
    <channel site="[ENC]unifi.com.my_0" site_id="20000092" xmltv_id="BBC Earth HD">BBC Earth HD</channel>
    <channel site="[ENC]unifi.com.my_0" site_id="40413728" xmltv_id="Love Nature HD">Love Nature HD</channel>
    <channel site="[ENC]unifi.com.my_0" site_id="52014533" xmltv_id="TechStorm">TechStorm</channel>
    <channel site="[ENC]unifi.com.my_0" site_id="20000040" xmltv_id="BBC Lifestyle HD">BBC Lifestyle HD</channel>
    <channel site="[ENC]unifi.com.my_0" site_id="20000088" xmltv_id="Travel Channel HD">Travel Channel HD</channel>
    <channel site="[ENC]unifi.com.my_0" site_id="20000086" xmltv_id="Luxe.TV HD">Luxe.TV HD</channel>
    <channel site="[ENC]unifi.com.my_0" site_id="20000061" xmltv_id="MTV Live">MTV Live</channel>
    <channel site="[ENC]unifi.com.my_0" site_id="20000103" xmltv_id="Dreamworks HD">Dreamworks HD</channel>
    <channel site="[ENC]unifi.com.my_0" site_id="20000004" xmltv_id="Nick Jr.">Nick Jr.</channel>
    <channel site="[ENC]unifi.com.my_0" site_id="20000006" xmltv_id="CBeebies HD">CBeebies HD</channel>
    <channel site="[ENC]unifi.com.my_0" site_id="20000030" xmltv_id="Boomerang HD">Boomerang HD</channel>
    <channel site="[ENC]unifi.com.my_0" site_id="20000074" xmltv_id="BBC World News HD">BBC World News HD</channel>
    <channel site="[ENC]unifi.com.my_0" site_id="20000067" xmltv_id="Al Jazeera">Al Jazeera</channel>
    <channel site="[ENC]unifi.com.my_0" site_id="55697173" xmltv_id="CGTN HD">CGTN HD</channel>
    <channel site="[ENC]unifi.com.my_0" site_id="20000016" xmltv_id="Channel NewsAsia">Channel NewsAsia</channel>
    <channel site="[ENC]unifi.com.my_0" site_id="20000083" xmltv_id="Euronews">Euronews</channel>
    <channel site="[ENC]unifi.com.my_0" site_id="56750195" xmltv_id="Wion">Wion</channel>
    <channel site="[ENC]unifi.com.my_0" site_id="20000091" xmltv_id="Bernama TV">Bernama TV</channel>
    <channel site="[ENC]unifi.com.my_0" site_id="57623657" xmltv_id="Parlimen Malaysia">Parlimen Malaysia</channel>
    <channel site="[ENC]unifi.com.my_0" site_id="20000087" xmltv_id="DW">DW</channel>
    <channel site="[ENC]unifi.com.my_0" site_id="20000066" xmltv_id="NHK WORLD-JAPAN">NHK WORLD-JAPAN</channel>
    <channel site="[ENC]unifi.com.my_0" site_id="57622577" xmltv_id="France 24">France 24</channel>
    <channel site="[ENC]unifi.com.my_0" site_id="54185493" xmltv_id="unifi Sports 1">unifi Sports 1</channel>
    <channel site="[ENC]unifi.com.my_0" site_id="41210859" xmltv_id="unifi Sports 2">unifi Sports 2</channel>
    <channel site="[ENC]unifi.com.my_0" site_id="52026408" xmltv_id="unifi Sports 3">unifi Sports 3</channel>
    <channel site="[ENC]unifi.com.my_0" site_id="57623639" xmltv_id="unifi Sports 4">unifi Sports 4</channel>
    <channel site="[ENC]unifi.com.my_0" site_id="20000076" xmltv_id="SPOTV">SPOTV</channel>
    <channel site="[ENC]unifi.com.my_0" site_id="20000109" xmltv_id="SPOTV2">SPOTV2</channel>
    <channel site="[ENC]unifi.com.my_0" site_id="55456338" xmltv_id="beIN SPORTS">beIN SPORTS</channel>
    <channel site="[ENC]unifi.com.my_0" site_id="55456355" xmltv_id="beIN SPORTS 3">beIN SPORTS 3</channel>
    <channel site="[ENC]unifi.com.my_0" site_id="57682031" xmltv_id="beIN SPORTS 4">beIN SPORTS 4</channel>
  </channels>
</site>