<?xml version="1.0" encoding="UTF-8"?>
<site generator-info-name="Tempest EPG Generator (made by Kvanc)" generator-info-url="https://github.com/K-vanc/Tempest-EPG-Generator.git" site="[ENC][EX]tvguide.dk_0">
  <channels>
    <channel site="[ENC][EX]tvguide.dk_0" site_id="dr1" xmltv_id="DR1">DR1</channel>
    <channel site="[ENC][EX]tvguide.dk_0" site_id="tv2" xmltv_id="TV2">TV2</channel>
    <channel site="[ENC][EX]tvguide.dk_0" site_id="tv3" xmltv_id="TV3">TV3</channel>
    <channel site="[ENC][EX]tvguide.dk_0" site_id="kanal-5" xmltv_id="Kanal 5">Kanal 5</channel>
    <channel site="[ENC][EX]tvguide.dk_0" site_id="dr2" xmltv_id="DR2">DR2</channel>
    <channel site="[ENC][EX]tvguide.dk_0" site_id="tv2-echo" xmltv_id="TV2 Echo">TV2 Echo</channel>
    <channel site="[ENC][EX]tvguide.dk_0" site_id="tv3-plus" xmltv_id="TV3+">TV3+</channel>
    <channel site="[ENC][EX]tvguide.dk_0" site_id="6eren" xmltv_id="6'eren">6'eren</channel>
    <channel site="[ENC][EX]tvguide.dk_0" site_id="dr-ramasjang" xmltv_id="DR Ramasjang">DR Ramasjang</channel>
    <channel site="[ENC][EX]tvguide.dk_0" site_id="tv2-charlie" xmltv_id="TV2 Charlie">TV2 Charlie</channel>
    <channel site="[ENC][EX]tvguide.dk_0" site_id="tv3-puls" xmltv_id="TV3 Puls">TV3 Puls</channel>
    <channel site="[ENC][EX]tvguide.dk_0" site_id="kanal-4" xmltv_id="Kanal 4">Kanal 4</channel>
    <channel site="[ENC][EX]tvguide.dk_0" site_id="dk4" xmltv_id="DK4">DK4</channel>
    <channel site="[ENC][EX]tvguide.dk_0" site_id="tv2-fri" xmltv_id="TV2 FRI">TV2 FRI</channel>
    <channel site="[ENC][EX]tvguide.dk_0" site_id="tv3-max" xmltv_id="TV3 Max">TV3 Max</channel>
    <channel site="[ENC][EX]tvguide.dk_0" site_id="canal-9" xmltv_id="Canal 9">Canal 9</channel>
    <channel site="[ENC][EX]tvguide.dk_0" site_id="tv2-sport-x" xmltv_id="TV2 Sport X">TV2 Sport X</channel>
    <channel site="[ENC][EX]tvguide.dk_0" site_id="tv2-sport" xmltv_id="TV2 Sport">TV2 Sport</channel>
    <channel site="[ENC][EX]tvguide.dk_0" site_id="tv3-sport" xmltv_id="TV3 Sport">TV3 Sport</channel>
    <channel site="[ENC][EX]tvguide.dk_0" site_id="see" xmltv_id="See">See</channel>
    <channel site="[ENC][EX]tvguide.dk_0" site_id="tv2-news" xmltv_id="TV2 News">TV2 News</channel>
    <channel site="[ENC][EX]tvguide.dk_0" site_id="eurosport-2" xmltv_id="Eurosport 2">Eurosport 2</channel>
    <channel site="[ENC][EX]tvguide.dk_0" site_id="eurosport" xmltv_id="Eurosport 1">Eurosport 1</channel>
    <channel site="[ENC][EX]tvguide.dk_0" site_id="tlc" xmltv_id="TLC">TLC</channel>
    <channel site="[ENC][EX]tvguide.dk_0" site_id="disney" xmltv_id="Disney Channel">Disney Channel</channel>
    <channel site="[ENC][EX]tvguide.dk_0" site_id="discovery-channel" xmltv_id="Discovery Channel">Discovery Channel</channel>
    <channel site="[ENC][EX]tvguide.dk_0" site_id="national-geographic" xmltv_id="National Geographic">National Geographic</channel>
    <channel site="[ENC][EX]tvguide.dk_0" site_id="animal-planet" xmltv_id="Animal Planet">Animal Planet</channel>
    <channel site="[ENC][EX]tvguide.dk_0" site_id="id" xmltv_id="ID">ID</channel>
    <channel site="[ENC][EX]tvguide.dk_0" site_id="c-more-first" xmltv_id="C More First">C More First</channel>
    <channel site="[ENC][EX]tvguide.dk_0" site_id="c-more-series" xmltv_id="C More Series">C More Series</channel>
    <channel site="[ENC][EX]tvguide.dk_0" site_id="c-more-hits" xmltv_id="C More Hits">C More Hits</channel>
    <channel site="[ENC][EX]tvguide.dk_0" site_id="c-more-stars" xmltv_id="C More Stars">C More Stars</channel>
    <channel site="[ENC][EX]tvguide.dk_0" site_id="viasat-premiere" xmltv_id="Viasat Premiere">Viasat Premiere</channel>
    <channel site="[ENC][EX]tvguide.dk_0" site_id="sf-kanalen" xmltv_id="SF-kanalen">SF-kanalen</channel>
    <channel site="[ENC][EX]tvguide.dk_0" site_id="national-geographic-wild" xmltv_id="National Geographic Wild">National Geographic Wild</channel>
    <channel site="[ENC][EX]tvguide.dk_0" site_id="tv2-oiii" xmltv_id="TV2 Oiii">TV2 Oiii</channel>
    <channel site="[ENC][EX]tvguide.dk_0" site_id="tv2-csgo" xmltv_id="TV2 CSGO">TV2 CSGO</channel>
    <channel site="[ENC][EX]tvguide.dk_0" site_id="viasat-ultra-hd" xmltv_id="Viasat Ultra HD">Viasat Ultra HD</channel>
    <channel site="[ENC][EX]tvguide.dk_0" site_id="viasat-film-action" xmltv_id="Viasat Film Action">Viasat Film Action</channel>
    <channel site="[ENC][EX]tvguide.dk_0" site_id="viasat-film-premiere" xmltv_id="Viasat Film Premiere">Viasat Film Premiere</channel>
    <channel site="[ENC][EX]tvguide.dk_0" site_id="viasat-film-hits" xmltv_id="Viasat Film Hits">Viasat Film Hits</channel>
    <channel site="[ENC][EX]tvguide.dk_0" site_id="viasat-film-family" xmltv_id="Viasat Film Family">Viasat Film Family</channel>
    <channel site="[ENC][EX]tvguide.dk_0" site_id="viasat-golf" xmltv_id="Viasat Golf">Viasat Golf</channel>
    <channel site="[ENC][EX]tvguide.dk_0" site_id="viasat-series" xmltv_id="Viasat Series">Viasat Series</channel>
    <channel site="[ENC][EX]tvguide.dk_0" site_id="mtv" xmltv_id="MTV">MTV</channel>
    <channel site="[ENC][EX]tvguide.dk_0" site_id="discovery-science" xmltv_id="Discovery Science">Discovery Science</channel>
  </channels>
</site>