<?xml version="1.0" encoding="UTF-8"?>
<site generator-info-name="Tempest EPG Generator (made by Kvanc)" generator-info-url="https://github.com/K-vanc/Tempest-EPG-Generator.git" site="[ENC][EX]tv.yousee.dk_0">
  <channels>
    <channel site="[ENC][EX]tv.yousee.dk_0" site_id="1||s.c.dk/tvlab/tvicons/prddr1_1577861053_logo_png400.png" xmltv_id="DR1">DR1</channel>
    <channel site="[ENC][EX]tv.yousee.dk_0" site_id="2||s.c.dk/tvlab/tvicons/prddr2_1577861312_logo_png400.png" xmltv_id="DR2">DR2</channel>
    <channel site="[ENC][EX]tv.yousee.dk_0" site_id="3||s.c.dk/tvlab/tvicons/prdtv-2_1679917727_logo_png400.png" xmltv_id="TV 2 Danmark">TV 2 Danmark</channel>
    <channel site="[ENC][EX]tv.yousee.dk_0" site_id="4||s.c.dk/tvlab/tvicons/prdtv-2-echo_1679904363_logo_png400.png" xmltv_id="TV 2 ZULU">TV 2 ZULU</channel>
    <channel site="[ENC][EX]tv.yousee.dk_0" site_id="5||s.c.dk/tvlab/tvicons/prdtv-2-charlie_1679908782_logo_png400.png" xmltv_id="TV 2 Charlie">TV 2 Charlie</channel>
    <channel site="[ENC][EX]tv.yousee.dk_0" site_id="7||i.c.dk/tvicons/tv3_logo_png400.png" xmltv_id="TV3">TV3</channel>
    <channel site="[ENC][EX]tv.yousee.dk_0" site_id="8||i.c.dk/tvicons/tv3plus_logo_png400.png" xmltv_id="TV3+">TV3+</channel>
    <channel site="[ENC][EX]tv.yousee.dk_0" site_id="9||i.c.dk/tvicons/kanal_4_logo_png400.png" xmltv_id="Kanal 4">Kanal 4</channel>
    <channel site="[ENC][EX]tv.yousee.dk_0" site_id="10||i.c.dk/tvicons/kanal_5_logo_png400.png" xmltv_id="Kanal 5">Kanal 5</channel>
    <channel site="[ENC][EX]tv.yousee.dk_0" site_id="11||s.c.dk/tvlab/tvicons/prdinfokanalen_1691664985_logo_png400.png" xmltv_id="Infokanalen">Infokanalen</channel>
    <channel site="[ENC][EX]tv.yousee.dk_0" site_id="12||i.c.dk/tvicons/tv3_puls_logo_png400.png" xmltv_id="TV3 Puls">TV3 Puls</channel>
    <channel site="[ENC][EX]tv.yousee.dk_0" site_id="13||i.c.dk/tvicons/dk4_logo_png400.png" xmltv_id="dk4">dk4</channel>
    <channel site="[ENC][EX]tv.yousee.dk_0" site_id="14||s.c.dk/tvlab/tvicons/prdtrailerkanalen_1691663755_logo_png400.png" xmltv_id="Trailerkanalen">Trailerkanalen</channel>
    <channel site="[ENC][EX]tv.yousee.dk_0" site_id="17||i.c.dk/tvicons/6eren_logo_png400.png" xmltv_id="6´eren">6´eren</channel>
    <channel site="[ENC][EX]tv.yousee.dk_0" site_id="18||i.c.dk/tvicons/nickelodeon_logo_png400.png" xmltv_id="Nickelodeon">Nickelodeon</channel>
    <channel site="[ENC][EX]tv.yousee.dk_0" site_id="19||s.c.dk/tvlab/tvicons/prddisney-channel_1666606636_logo_png400.png" xmltv_id="Disney Channel">Disney Channel</channel>
    <channel site="[ENC][EX]tv.yousee.dk_0" site_id="20||s.c.dk/tvlab/tvicons/prdcartoon-network_1588678733_logo_png400.png" xmltv_id="Cartoon Network">Cartoon Network</channel>
    <channel site="[ENC][EX]tv.yousee.dk_0" site_id="23||s.c.dk/tvlab/tvicons/nat_geo_wild_hd_1548988791_logo_png400.png" xmltv_id="National Geographic Wild">National Geographic Wild</channel>
    <channel site="[ENC][EX]tv.yousee.dk_0" site_id="24||i.c.dk/tvicons/eurosport_1_logo_png400.png" xmltv_id="Eurosport 1">Eurosport 1</channel>
    <channel site="[ENC][EX]tv.yousee.dk_0" site_id="25||s.c.dk/tvlab/tvicons/tv3_sport_1551959502_logo_png400.png" xmltv_id="TV3 SPORT">TV3 SPORT</channel>
    <channel site="[ENC][EX]tv.yousee.dk_0" site_id="26||i.c.dk/tvicons/tv3_max_logo_png400.png" xmltv_id="TV3 MAX">TV3 MAX</channel>
    <channel site="[ENC][EX]tv.yousee.dk_0" site_id="30||s.c.dk/tvlab/tvicons/discovery_channel_1569317654_logo_png400.png" xmltv_id="Discovery Channel">Discovery Channel</channel>
    <channel site="[ENC][EX]tv.yousee.dk_0" site_id="31||s.c.dk/tvlab/tvicons/animal_planet_1548111803_logo_png400.png" xmltv_id="Animal Planet">Animal Planet</channel>
    <channel site="[ENC][EX]tv.yousee.dk_0" site_id="32||i.c.dk/tvicons/national_geographic_logo_png400.png" xmltv_id="National Geographic">National Geographic</channel>
    <channel site="[ENC][EX]tv.yousee.dk_0" site_id="33||i.c.dk/tvicons/dr1_syn_logo_png400.png" xmltv_id="DR1 Synstolkning">DR1 Synstolkning</channel>
    <channel site="[ENC][EX]tv.yousee.dk_0" site_id="34||i.c.dk/tvicons/dr2_syn_logo_png400.png" xmltv_id="DR2 Synstolkning">DR2 Synstolkning</channel>
    <channel site="[ENC][EX]tv.yousee.dk_0" site_id="37||i.c.dk/tvicons/vh1_logo_png400.png" xmltv_id="VH1">VH1</channel>
    <channel site="[ENC][EX]tv.yousee.dk_0" site_id="38||s.c.dk/tvlab/tvicons/prdtv-2-news_1679909351_logo_png400.png" xmltv_id="TV 2 News">TV 2 News</channel>
    <channel site="[ENC][EX]tv.yousee.dk_0" site_id="40||s.c.dk/tvlab/tvicons/prdbbc-nordic_1681649801_logo_png400.png" xmltv_id="BBC Nordic">BBC Nordic</channel>
    <channel site="[ENC][EX]tv.yousee.dk_0" site_id="41||s.c.dk/tvlab/tvicons/prdbbc-news_1681649543_logo_png400.png" xmltv_id="BBC News">BBC News</channel>
    <channel site="[ENC][EX]tv.yousee.dk_0" site_id="42||i.c.dk/tvicons/cnn_logo_png400.png" xmltv_id="CNN">CNN</channel>
    <channel site="[ENC][EX]tv.yousee.dk_0" site_id="44||i.c.dk/tvicons/tv4_logo_png400.png" xmltv_id="TV4">TV4</channel>
    <channel site="[ENC][EX]tv.yousee.dk_0" site_id="45||i.c.dk/tvicons/svt1_logo_png400.png" xmltv_id="SVT1">SVT1</channel>
    <channel site="[ENC][EX]tv.yousee.dk_0" site_id="46||i.c.dk/tvicons/svt2_logo_png400.png" xmltv_id="SVT2">SVT2</channel>
    <channel site="[ENC][EX]tv.yousee.dk_0" site_id="47||i.c.dk/tvicons/nrk2_logo_png400.png" xmltv_id="NRK2">NRK2</channel>
    <channel site="[ENC][EX]tv.yousee.dk_0" site_id="48||i.c.dk/tvicons/nrk1_logo_png400.png" xmltv_id="NRK1">NRK1</channel>
    <channel site="[ENC][EX]tv.yousee.dk_0" site_id="49||i.c.dk/tvicons/tv_2_norge_logo_png400.png" xmltv_id="TV 2 Norge">TV 2 Norge</channel>
    <channel site="[ENC][EX]tv.yousee.dk_0" site_id="51||i.c.dk/tvicons/ard_logo_png400.png" xmltv_id="ARD">ARD</channel>
    <channel site="[ENC][EX]tv.yousee.dk_0" site_id="52||i.c.dk/tvicons/zdf_logo_png400.png" xmltv_id="ZDF">ZDF</channel>
    <channel site="[ENC][EX]tv.yousee.dk_0" site_id="53||s.c.dk/tvlab/tvicons/prdndr_1666605843_logo_png400.png" xmltv_id="NDR">NDR</channel>
    <channel site="[ENC][EX]tv.yousee.dk_0" site_id="54||i.c.dk/tvicons/rtl_logo_png400.png" xmltv_id="RTL">RTL</channel>
    <channel site="[ENC][EX]tv.yousee.dk_0" site_id="55||s.c.dk/tvlab/tvicons/prdsat1_1666606352_logo_png400.png" xmltv_id="Sat.1">Sat.1</channel>
    <channel site="[ENC][EX]tv.yousee.dk_0" site_id="56||i.c.dk/tvicons/pro7_logo_png400.png" xmltv_id="ProSieben">ProSieben</channel>
    <channel site="[ENC][EX]tv.yousee.dk_0" site_id="57||s.c.dk/tvlab/tvicons/vox_1551964681_logo_png400.png" xmltv_id="VOX">VOX</channel>
    <channel site="[ENC][EX]tv.yousee.dk_0" site_id="59||s.c.dk/tvlab/tvicons/tlc_1552006756_logo_png400.png" xmltv_id="TLC">TLC</channel>
    <channel site="[ENC][EX]tv.yousee.dk_0" site_id="72||s.c.dk/tvlab/tvicons/prdtv-2-fri_1679909174_logo_png400.png" xmltv_id="TV 2 Fri">TV 2 Fri</channel>
    <channel site="[ENC][EX]tv.yousee.dk_0" site_id="73||s.c.dk/tvlab/tvicons/prdeuronews_1677571931_logo_png400.png" xmltv_id="Euronews">Euronews</channel>
    <channel site="[ENC][EX]tv.yousee.dk_0" site_id="76||s.c.dk/tvlab/tvicons/prdeventkanalen_1692019236_logo_png400.png" xmltv_id="Eventkanalen">Eventkanalen</channel>
    <channel site="[ENC][EX]tv.yousee.dk_0" site_id="77||i.c.dk/tvicons/canalplus_first_logo_png400.png" xmltv_id="Lokal infokanal">Lokal infokanal</channel>
    <channel site="[ENC][EX]tv.yousee.dk_0" site_id="79||s.c.dk/tvlab/tvicons/prdtv-2-sport_1679909524_logo_png400.png" xmltv_id="TV 2 Sport">TV 2 Sport</channel>
    <channel site="[ENC][EX]tv.yousee.dk_0" site_id="80||s.c.dk/tvlab/tvicons/paramount_network_1548764578_logo_png400.png" xmltv_id="Paramount Network">Paramount Network</channel>
    <channel site="[ENC][EX]tv.yousee.dk_0" site_id="83||s.c.dk/tvlab/tvicons/lokal_infokanal_2_1550093063_logo_png400.png" xmltv_id="Lokal infokanal 2">Lokal infokanal 2</channel>
    <channel site="[ENC][EX]tv.yousee.dk_0" site_id="84||i.c.dk/tvicons/history_hd_logo_png400.png" xmltv_id="HISTORY">HISTORY</channel>
    <channel site="[ENC][EX]tv.yousee.dk_0" site_id="86||s.c.dk/tvlab/tvicons/haip_test_4_1554217842_logo_png400.png" xmltv_id="4K prg2">4K prg2</channel>
    <channel site="[ENC][EX]tv.yousee.dk_0" site_id="89||i.c.dk/tvicons/nicktoons_logo_png400.png" xmltv_id="Nicktoons">Nicktoons</channel>
    <channel site="[ENC][EX]tv.yousee.dk_0" site_id="93||i.c.dk/tvicons/nickelodeon_junior_logo_png400.png" xmltv_id="Nick Jr.">Nick Jr.</channel>
    <channel site="[ENC][EX]tv.yousee.dk_0" site_id="94||s.c.dk/tvlab/tvicons/prdcnbc_1671616903_logo_png400.png" xmltv_id="CNBC">CNBC</channel>
    <channel site="[ENC][EX]tv.yousee.dk_0" site_id="95||i.c.dk/tvicons/viasat_nature_logo_png400.png" xmltv_id="Viasat Nature">Viasat Nature</channel>
    <channel site="[ENC][EX]tv.yousee.dk_0" site_id="99||i.c.dk/tvicons/canal_9_logo_png400.png" xmltv_id="Canal9">Canal9</channel>
    <channel site="[ENC][EX]tv.yousee.dk_0" site_id="101||i.c.dk/tvicons/discovery_science_logo_png400.png" xmltv_id="Discovery Science">Discovery Science</channel>
    <channel site="[ENC][EX]tv.yousee.dk_0" site_id="110||s.c.dk/tvlab/tvicons/prdmtv-90s_1666600160_logo_png400.png" xmltv_id="MTV 90s">MTV 90s</channel>
    <channel site="[ENC][EX]tv.yousee.dk_0" site_id="112||i.c.dk/tvicons/mtv_hits_logo_png400.png" xmltv_id="MTV Hits">MTV Hits</channel>
    <channel site="[ENC][EX]tv.yousee.dk_0" site_id="113||s.c.dk/tvlab/tvicons/prdmtv-80s_1666599988_logo_png400.png" xmltv_id="MTV 80s">MTV 80s</channel>
    <channel site="[ENC][EX]tv.yousee.dk_0" site_id="116||s.c.dk/tvlab/tvicons/prdcbs-reality_1666596068_logo_png400.png" xmltv_id="CBS Reality">CBS Reality</channel>
    <channel site="[ENC][EX]tv.yousee.dk_0" site_id="117||i.c.dk/tvicons/travel_channel_logo_png400.png" xmltv_id="Travel Channel">Travel Channel</channel>
    <channel site="[ENC][EX]tv.yousee.dk_0" site_id="119||s.c.dk/tvlab/tvicons/sport_live_1562928661_logo_png400.png" xmltv_id="SPORT LIVE">SPORT LIVE</channel>
    <channel site="[ENC][EX]tv.yousee.dk_0" site_id="122||s.c.dk/tvlab/tvicons/motors_tv_1543427222_logo_png400.png" xmltv_id="Motorvision TV">Motorvision TV</channel>
    <channel site="[ENC][EX]tv.yousee.dk_0" site_id="123||i.c.dk/tvicons/mtv_logo_png400.png" xmltv_id="MTV">MTV</channel>
    <channel site="[ENC][EX]tv.yousee.dk_0" site_id="125||i.c.dk/tvicons/arte_logo_png400.png" xmltv_id="ARTE">ARTE</channel>
    <channel site="[ENC][EX]tv.yousee.dk_0" site_id="126||s.c.dk/tvlab/tvicons/prdmezzo_1680250809_logo_png400.png" xmltv_id="Mezzo">Mezzo</channel>
    <channel site="[ENC][EX]tv.yousee.dk_0" site_id="128||i.c.dk/tvicons/tv_5_logo_png400.png" xmltv_id="TV5MONDE">TV5MONDE</channel>
    <channel site="[ENC][EX]tv.yousee.dk_0" site_id="130||i.c.dk/tvicons/viasat_history_logo_png400.png" xmltv_id="Viasat History">Viasat History</channel>
    <channel site="[ENC][EX]tv.yousee.dk_0" site_id="131||i.c.dk/tvicons/viasat_explore_logo_png400.png" xmltv_id="Viasat Explore">Viasat Explore</channel>
    <channel site="[ENC][EX]tv.yousee.dk_0" site_id="132||s.c.dk/tvlab/tvicons/h2_1566558683_logo_png400.png" xmltv_id="HISTORY2">HISTORY2</channel>
    <channel site="[ENC][EX]tv.yousee.dk_0" site_id="133||i.c.dk/tvicons/eurosport_danmark_logo_png400.png" xmltv_id="Eurosport 2">Eurosport 2</channel>
    <channel site="[ENC][EX]tv.yousee.dk_0" site_id="134||s.c.dk/tvlab/tvicons/prdv-film-hits_1591700329_logo_png400.png" xmltv_id="V film hits">V film hits</channel>
    <channel site="[ENC][EX]tv.yousee.dk_0" site_id="135||s.c.dk/tvlab/tvicons/prdv-series_1591700893_logo_png400.png" xmltv_id="V series">V series</channel>
    <channel site="[ENC][EX]tv.yousee.dk_0" site_id="136||s.c.dk/tvlab/tvicons/prdv-film-premiere_1591700486_logo_png400.png" xmltv_id="V film premiere">V film premiere</channel>
    <channel site="[ENC][EX]tv.yousee.dk_0" site_id="138||s.c.dk/tvlab/tvicons/prdv-sport-golf_1591701364_logo_png400.png" xmltv_id="V sport golf">V sport golf</channel>
    <channel site="[ENC][EX]tv.yousee.dk_0" site_id="143||s.c.dk/tvlab/tvicons/prdbloomberg-news_1666595843_logo_png400.png" xmltv_id="Bloomberg News">Bloomberg News</channel>
    <channel site="[ENC][EX]tv.yousee.dk_0" site_id="149||i.c.dk/tvicons/investigation_discovery_logo_png400.png" xmltv_id="ID - Investigation Discovery">ID - Investigation Discovery</channel>
    <channel site="[ENC][EX]tv.yousee.dk_0" site_id="156||i.c.dk/tvicons/c_more_hits_logo_png400.png" xmltv_id="C More Hits">C More Hits</channel>
    <channel site="[ENC][EX]tv.yousee.dk_0" site_id="159||i.c.dk/tvicons/c_more_stars_logo_png400.png" xmltv_id="C More Stars">C More Stars</channel>
    <channel site="[ENC][EX]tv.yousee.dk_0" site_id="160||s.c.dk/tvlab/tvicons/prdfolketinget_1601879648_logo_png400.png" xmltv_id="FOLKETINGET">FOLKETINGET</channel>
    <channel site="[ENC][EX]tv.yousee.dk_0" site_id="162||s.c.dk/tvlab/tvicons/prdcartoonito_1693813524_logo_png400.png" xmltv_id="Cartoonito">Cartoonito</channel>
    <channel site="[ENC][EX]tv.yousee.dk_0" site_id="163||s.c.dk/tvlab/tvicons/prdyousee-premiere_1691663999_logo_png400.png" xmltv_id="YouSee Premiere">YouSee Premiere</channel>
    <channel site="[ENC][EX]tv.yousee.dk_0" site_id="167||s.c.dk/tvlab/tvicons/prdfox-vod_1578410575_logo_png400.png" xmltv_id="FOX VOD">FOX VOD</channel>
    <channel site="[ENC][EX]tv.yousee.dk_0" site_id="168||s.c.dk/tvlab/tvicons/prdnordisk-film-vod_1608026609_logo_png400.png" xmltv_id="Nordisk film VOD">Nordisk film VOD</channel>
    <channel site="[ENC][EX]tv.yousee.dk_0" site_id="174||s.c.dk/tvlab/tvicons/disney_junior_1549889242_logo_png400.png" xmltv_id="Disney Junior">Disney Junior</channel>
    <channel site="[ENC][EX]tv.yousee.dk_0" site_id="178||s.c.dk/tvlab/tvicons/prdskyshowtime-2_1663662843_logo_png400.png" xmltv_id="SkyShowtime 2">SkyShowtime 2</channel>
    <channel site="[ENC][EX]tv.yousee.dk_0" site_id="179||s.c.dk/tvlab/tvicons/prdskyshowtime-1_1663662651_logo_png400.png" xmltv_id="SkyShowtime 1">SkyShowtime 1</channel>
    <channel site="[ENC][EX]tv.yousee.dk_0" site_id="180||s.c.dk/tvlab/tvicons/prdv-film-action_1591699927_logo_png400.png" xmltv_id="V film action">V film action</channel>
    <channel site="[ENC][EX]tv.yousee.dk_0" site_id="183||s.c.dk/tvlab/tvicons/prdv-film-family_1591700118_logo_png400.png" xmltv_id="V film family">V film family</channel>
    <channel site="[ENC][EX]tv.yousee.dk_0" site_id="187||s.c.dk/tvlab/tvicons/prdal-jazeera-engelsk_1666595666_logo_png400.png" xmltv_id="Al Jazeera Engelsk">Al Jazeera Engelsk</channel>
    <channel site="[ENC][EX]tv.yousee.dk_0" site_id="188||i.c.dk/tvicons/db188_jordan_tv_large.png" xmltv_id="Jordan TV">Jordan TV</channel>
    <channel site="[ENC][EX]tv.yousee.dk_0" site_id="189||s.c.dk/tvlab/tvicons/kurdisk_tv_1553767541_logo_png400.png" xmltv_id="Kurdisk TV">Kurdisk TV</channel>
    <channel site="[ENC][EX]tv.yousee.dk_0" site_id="190||s.c.dk/tvlab/tvicons/sudan_tv_1553770829_logo_png400.png" xmltv_id="Sudan TV">Sudan TV</channel>
    <channel site="[ENC][EX]tv.yousee.dk_0" site_id="195||s.c.dk/tvlab/tvicons/prd3sat_1666595357_logo_png400.png" xmltv_id="3Sat">3Sat</channel>
    <channel site="[ENC][EX]tv.yousee.dk_0" site_id="196" xmltv_id="arkiv">arkiv</channel>
    <channel site="[ENC][EX]tv.yousee.dk_0" site_id="197" xmltv_id="npvr">npvr</channel>
    <channel site="[ENC][EX]tv.yousee.dk_0" site_id="198" xmltv_id="startforfra">startforfra</channel>
    <channel site="[ENC][EX]tv.yousee.dk_0" site_id="199" xmltv_id="tv2ude">tv2ude</channel>
    <channel site="[ENC][EX]tv.yousee.dk_0" site_id="200||s.c.dk/tvlab/tvicons/prdfrance-2_1666596482_logo_png400.png" xmltv_id="France 2">France 2</channel>
    <channel site="[ENC][EX]tv.yousee.dk_0" site_id="202||i.c.dk/tvicons/rai_uno_logo_png400.png" xmltv_id="Rai 1">Rai 1</channel>
    <channel site="[ENC][EX]tv.yousee.dk_0" site_id="204||i.c.dk/tvicons/tve_logo_png400.png" xmltv_id="TVE">TVE</channel>
    <channel site="[ENC][EX]tv.yousee.dk_0" site_id="205||s.c.dk/tvlab/tvicons/prdnetflix_1642598889_logo_png400.png" xmltv_id="Netflix paraply">Netflix paraply</channel>
    <channel site="[ENC][EX]tv.yousee.dk_0" site_id="206||s.c.dk/tvlab/tvicons/prdminisjang_1613470508_logo_png400.png" xmltv_id="Mini Ramasjang">Mini Ramasjang</channel>
    <channel site="[ENC][EX]tv.yousee.dk_0" site_id="207||s.c.dk/tvlab/tvicons/netflix_bs_1_1542980126_logo_png400.png" xmltv_id="Netflix på 1 skærm">Netflix på 1 skærm</channel>
    <channel site="[ENC][EX]tv.yousee.dk_0" site_id="208||s.c.dk/tvlab/tvicons/netflix_bs_2_1542980421_logo_png400.png" xmltv_id="Netflix på 2 skærme">Netflix på 2 skærme</channel>
    <channel site="[ENC][EX]tv.yousee.dk_0" site_id="209||i.c.dk/tvicons/netflix_bs_3_logo_png400.png" xmltv_id="Netflix på 3 skærme">Netflix på 3 skærme</channel>
    <channel site="[ENC][EX]tv.yousee.dk_0" site_id="210||i.c.dk/tvicons/tv_polonia_logo_png400.png" xmltv_id="TVP Polonia">TVP Polonia</channel>
    <channel site="[ENC][EX]tv.yousee.dk_0" site_id="212" xmltv_id="Viaplay administration">Viaplay administration</channel>
    <channel site="[ENC][EX]tv.yousee.dk_0" site_id="213||s.c.dk/tvlab/tvicons/prdskyshowtime-select_1663662993_logo_png400.png" xmltv_id="SkyShowtime Select">SkyShowtime Select</channel>
    <channel site="[ENC][EX]tv.yousee.dk_0" site_id="214||s.c.dk/tvlab/tvicons/prdskyshowtime-select_1663663148_logo_png400.png" xmltv_id="SkyShowtime Select">SkyShowtime Select</channel>
    <channel site="[ENC][EX]tv.yousee.dk_0" site_id="221||i.c.dk/tvicons/rtcg_logo_png400.png" xmltv_id="RTCG">RTCG</channel>
    <channel site="[ENC][EX]tv.yousee.dk_0" site_id="222||s.c.dk/tvlab/tvicons/prdnetflix_1642598959_logo_png400.png" xmltv_id="Netflix">Netflix</channel>
    <channel site="[ENC][EX]tv.yousee.dk_0" site_id="223||s.c.dk/tvlab/tvicons/prdhbo-max_1675801922_logo_png400.png" xmltv_id="HBO Max">HBO Max</channel>
    <channel site="[ENC][EX]tv.yousee.dk_0" site_id="224||s.c.dk/tvlab/tvicons/prdc-more_1656588652_logo_png400.png" xmltv_id="C More">C More</channel>
    <channel site="[ENC][EX]tv.yousee.dk_0" site_id="226||i.c.dk/tvicons/min_bio_barker_logo_png400.png" xmltv_id="Min Bio">Min Bio</channel>
    <channel site="[ENC][EX]tv.yousee.dk_0" site_id="227||s.c.dk/tvlab/tvicons/prddansk-filmskat_1608026424_logo_png400.png" xmltv_id="Dansk Filmskat">Dansk Filmskat</channel>
    <channel site="[ENC][EX]tv.yousee.dk_0" site_id="228||s.c.dk/tvlab/tvicons/prdviaplay-film-serier_1691475832_logo_png400.png" xmltv_id="Viaplay">Viaplay</channel>
    <channel site="[ENC][EX]tv.yousee.dk_0" site_id="229||s.c.dk/tvlab/tvicons/prdsf-anytime_1686608176_logo_png400.png" xmltv_id="Lejefilm Blockbuster">Lejefilm Blockbuster</channel>
    <channel site="[ENC][EX]tv.yousee.dk_0" site_id="232||i.c.dk/tvicons/kanal_7_logo_png400.png" xmltv_id="OTT1">OTT1</channel>
    <channel site="[ENC][EX]tv.yousee.dk_0" site_id="239||i.c.dk/tvicons/atv_avpura_logo_png400.png" xmltv_id="OTT2">OTT2</channel>
    <channel site="[ENC][EX]tv.yousee.dk_0" site_id="242||s.c.dk/tvlab/tvicons/prdyousee-film-og-serier_1645523782_logo_png400.png" xmltv_id="YouSee Film og Serier">YouSee Film og Serier</channel>
    <channel site="[ENC][EX]tv.yousee.dk_0" site_id="243||s.c.dk/tvlab/tvicons/prdskyshowtime_1663835337_logo_png400.png" xmltv_id="SkyShowtime">SkyShowtime</channel>
    <channel site="[ENC][EX]tv.yousee.dk_0" site_id="244||i.c.dk/tvicons/youtube_barker_logo_png400.png" xmltv_id="YouTube">YouTube</channel>
    <channel site="[ENC][EX]tv.yousee.dk_0" site_id="245||s.c.dk/tvlab/tvicons/prddisney-pakken_1613550877_logo_png400.png" xmltv_id="Disney Channels XTRA">Disney Channels XTRA</channel>
    <channel site="[ENC][EX]tv.yousee.dk_0" site_id="246||i.c.dk/tvicons/nickplus_barker_logo_png400.png" xmltv_id="Nick+">Nick+</channel>
    <channel site="[ENC][EX]tv.yousee.dk_0" site_id="247||s.c.dk/tvlab/tvicons/prdnational-geographic-now_1663063970_logo_png400.png" xmltv_id="National Geographic Now">National Geographic Now</channel>
    <channel site="[ENC][EX]tv.yousee.dk_0" site_id="248||s.c.dk/tvlab/tvicons/prdfox_1635758933_logo_png400.png" xmltv_id="FOX+">FOX+</channel>
    <channel site="[ENC][EX]tv.yousee.dk_0" site_id="249||s.c.dk/tvlab/tvicons/prdnordisk-film_1608026087_logo_png400.png" xmltv_id="Nordisk Film+">Nordisk Film+</channel>
    <channel site="[ENC][EX]tv.yousee.dk_0" site_id="251||s.c.dk/tvlab/tvicons/prdal-jazeera_1666595531_logo_png400.png" xmltv_id="Al Jazeera Arabic">Al Jazeera Arabic</channel>
    <channel site="[ENC][EX]tv.yousee.dk_0" site_id="252||i.c.dk/tvicons/edtv_logo_png400.png" xmltv_id="EDTV - Dubai TV">EDTV - Dubai TV</channel>
    <channel site="[ENC][EX]tv.yousee.dk_0" site_id="253||i.c.dk/tvicons/al_masriyah_logo_png400.png" xmltv_id="Al Masriyah">Al Masriyah</channel>
    <channel site="[ENC][EX]tv.yousee.dk_0" site_id="254||i.c.dk/tvicons/al_aoula_logo_png400.png" xmltv_id="Al Aoula">Al Aoula</channel>
    <channel site="[ENC][EX]tv.yousee.dk_0" site_id="258||s.c.dk/tvlab/tvicons/abu_dhabi_tv_1550238797_logo_png400.png" xmltv_id="Abu Dhabi TV">Abu Dhabi TV</channel>
    <channel site="[ENC][EX]tv.yousee.dk_0" site_id="259||s.c.dk/tvlab/tvicons/prdxee-vod_1640843605_logo_png400.png" xmltv_id="Xee VOD">Xee VOD</channel>
    <channel site="[ENC][EX]tv.yousee.dk_0" site_id="260||s.c.dk/tvlab/tvicons/prdhbo_1675801720_logo_png400.png" xmltv_id="HBO VOD">HBO VOD</channel>
    <channel site="[ENC][EX]tv.yousee.dk_0" site_id="261||s.c.dk/tvlab/tvicons/prddisney-channels-xtra_1613551727_logo_png400.png" xmltv_id="Disney Pakken">Disney Pakken</channel>
    <channel site="[ENC][EX]tv.yousee.dk_0" site_id="262||s.c.dk/tvlab/tvicons/prdnick_1579102101_logo_png400.png" xmltv_id="Nick+">Nick+</channel>
    <channel site="[ENC][EX]tv.yousee.dk_0" site_id="263||s.c.dk/tvlab/tvicons/prdnatgeo_1579101888_logo_png400.png" xmltv_id="National Geographic Now">National Geographic Now</channel>
    <channel site="[ENC][EX]tv.yousee.dk_0" site_id="264||s.c.dk/tvlab/tvicons/prdxee_1640843322_logo_png400.png" xmltv_id="See">See</channel>
    <channel site="[ENC][EX]tv.yousee.dk_0" site_id="265||s.c.dk/tvlab/tvicons/prdnordisk-film-tv_1609949266_logo_png400.png" xmltv_id="Nordisk Film+ Tv">Nordisk Film+ Tv</channel>
    <channel site="[ENC][EX]tv.yousee.dk_0" site_id="266||s.c.dk/tvlab/tvicons/prdmyzen-tv_1671616972_logo_png400.png" xmltv_id="MyZen TV">MyZen TV</channel>
    <channel site="[ENC][EX]tv.yousee.dk_0" site_id="268||s.c.dk/tvlab/tvicons/prddr-vod-bibliotek_1581337333_logo_png400.png" xmltv_id="DR VOD bibliotek">DR VOD bibliotek</channel>
    <channel site="[ENC][EX]tv.yousee.dk_0" site_id="269||s.c.dk/tvlab/tvicons/prdtv-2-sport-x_1679909707_logo_png400.png" xmltv_id="TV 2 Sport X">TV 2 Sport X</channel>
    <channel site="[ENC][EX]tv.yousee.dk_0" site_id="270||s.c.dk/tvlab/tvicons/drtv_1574779130_logo_png400.png" xmltv_id="DR TV">DR TV</channel>
    <channel site="[ENC][EX]tv.yousee.dk_0" site_id="276||i.c.dk/tvicons/cctv_4_logo_png400.png" xmltv_id="CCTV-4">CCTV-4</channel>
    <channel site="[ENC][EX]tv.yousee.dk_0" site_id="277||s.c.dk/tvlab/tvicons/prdtv-aarhus_1672990827_logo_png400.png" xmltv_id="TvAarhus">TvAarhus</channel>
    <channel site="[ENC][EX]tv.yousee.dk_0" site_id="279" xmltv_id="SuperP">SuperP</channel>
    <channel site="[ENC][EX]tv.yousee.dk_0" site_id="281||s.c.dk/tvlab/tvicons/prdc-more-vod_1645014310_logo_png400.png" xmltv_id="C MORE VOD">C MORE VOD</channel>
    <channel site="[ENC][EX]tv.yousee.dk_0" site_id="282||s.c.dk/tvlab/tvicons/prdskyshowtime-svod_1663663306_logo_png400.png" xmltv_id="SkyShowtime SVOD">SkyShowtime SVOD</channel>
    <channel site="[ENC][EX]tv.yousee.dk_0" site_id="283||s.c.dk/tvlab/tvicons/prddansk-filmskat-vod_1608026956_logo_png400.png" xmltv_id="Dansk Filmskat VOD">Dansk Filmskat VOD</channel>
    <channel site="[ENC][EX]tv.yousee.dk_0" site_id="284||s.c.dk/tvlab/tvicons/prdyousee-film-og-serier_1645523635_logo_png400.png" xmltv_id="Film og Serier VOD">Film og Serier VOD</channel>
    <channel site="[ENC][EX]tv.yousee.dk_0" site_id="285||s.c.dk/tvlab/tvicons/prdminbio-vod_1579101704_logo_png400.png" xmltv_id="MINBIO VOD">MINBIO VOD</channel>
    <channel site="[ENC][EX]tv.yousee.dk_0" site_id="286||s.c.dk/tvlab/tvicons/prdviaplay_1691475344_logo_png400.png" xmltv_id="Viaplay VOD">Viaplay VOD</channel>
    <channel site="[ENC][EX]tv.yousee.dk_0" site_id="287" xmltv_id="V series &amp; film VOD">V series &amp; film VOD</channel>
    <channel site="[ENC][EX]tv.yousee.dk_0" site_id="288||s.c.dk/tvlab/tvicons/prdv-series-film_1591701064_logo_png400.png" xmltv_id="V series &amp; film">V series &amp; film</channel>
    <channel site="[ENC][EX]tv.yousee.dk_0" site_id="289" xmltv_id="Yousee Premiere svod">Yousee Premiere svod</channel>
    <channel site="[ENC][EX]tv.yousee.dk_0" site_id="290||s.c.dk/tvlab/tvicons/prdv-sport-ultra-hd_1591701602_logo_png400.png" xmltv_id="V sport ultra HD">V sport ultra HD</channel>
    <channel site="[ENC][EX]tv.yousee.dk_0" site_id="292||s.c.dk/tvlab/tvicons/prdtv-2-play_1680007335_logo_png400.png" xmltv_id="TV 2 PLAY VOD">TV 2 PLAY VOD</channel>
    <channel site="[ENC][EX]tv.yousee.dk_0" site_id="293||s.c.dk/tvlab/tvicons/prdtv-2-play-favorit-sport_1680007605_logo_png400.png" xmltv_id="TV 2 PLAY">TV 2 PLAY</channel>
    <channel site="[ENC][EX]tv.yousee.dk_0" site_id="294" xmltv_id="Nabolandsstacking-VOD">Nabolandsstacking-VOD</channel>
    <channel site="[ENC][EX]tv.yousee.dk_0" site_id="295" xmltv_id="Nordisk film primere">Nordisk film primere</channel>
    <channel site="[ENC][EX]tv.yousee.dk_0" site_id="298" xmltv_id="youtv">youtv</channel>
    <channel site="[ENC][EX]tv.yousee.dk_0" site_id="299||s.c.dk/tvlab/tvicons/prdhbo-max_1656588360_logo_png400.png" xmltv_id="HBO Max">HBO Max</channel>
    <channel site="[ENC][EX]tv.yousee.dk_0" site_id="300" xmltv_id="vod admin">vod admin</channel>
    <channel site="[ENC][EX]tv.yousee.dk_0" site_id="301" xmltv_id="webtv">webtv</channel>
    <channel site="[ENC][EX]tv.yousee.dk_0" site_id="302" xmltv_id="YouTube">YouTube</channel>
    <channel site="[ENC][EX]tv.yousee.dk_0" site_id="303||s.c.dk/tvlab/tvicons/prddisney_1645088359_logo_png400.png" xmltv_id="Disney +">Disney +</channel>
    <channel site="[ENC][EX]tv.yousee.dk_0" site_id="304" xmltv_id="YOUSEE_ALL">YOUSEE_ALL</channel>
    <channel site="[ENC][EX]tv.yousee.dk_0" site_id="305||s.c.dk/tvlab/tvicons/prdtv-2-play-favorit-sport_1680007790_logo_png400.png" xmltv_id="TV 2 PLAY">TV 2 PLAY</channel>
    <channel site="[ENC][EX]tv.yousee.dk_0" site_id="306" xmltv_id="YouSee Play">YouSee Play</channel>
    <channel site="[ENC][EX]tv.yousee.dk_0" site_id="307||s.c.dk/tvlab/tvicons/prddisney_1663584541_logo_png400.png" xmltv_id="Disney+">Disney+</channel>
    <channel site="[ENC][EX]tv.yousee.dk_0" site_id="308||s.c.dk/tvlab/tvicons/prdtv2app-bk_1674739980_logo_png400.png" xmltv_id="TV 2 Play app">TV 2 Play app</channel>
    <channel site="[ENC][EX]tv.yousee.dk_0" site_id="309||s.c.dk/tvlab/tvicons/prdviaapp-bk_1691475682_logo_png400.png" xmltv_id="Viaplay app">Viaplay app</channel>
    <channel site="[ENC][EX]tv.yousee.dk_0" site_id="311||i.c.dk/tvicons/tv_2_nord_logo_png400.png" xmltv_id="TV2 NORD">TV2 NORD</channel>
    <channel site="[ENC][EX]tv.yousee.dk_0" site_id="312||i.c.dk/tvicons/tv_mid_logo_png400.png" xmltv_id="TV MIDTVEST">TV MIDTVEST</channel>
    <channel site="[ENC][EX]tv.yousee.dk_0" site_id="313||i.c.dk/tvicons/tv_2_oj_logo_png400.png" xmltv_id="TV2 Østjylland">TV2 Østjylland</channel>
    <channel site="[ENC][EX]tv.yousee.dk_0" site_id="314||i.c.dk/tvicons/tv_syd_logo_png400.png" xmltv_id="TV SYD">TV SYD</channel>
    <channel site="[ENC][EX]tv.yousee.dk_0" site_id="315||i.c.dk/tvicons/tv_fyn_logo_png400.png" xmltv_id="TV2/Fyn">TV2/Fyn</channel>
    <channel site="[ENC][EX]tv.yousee.dk_0" site_id="316||s.c.dk/tvlab/tvicons/tv_st_1554817485_logo_png400.png" xmltv_id="TV2 ØST">TV2 ØST</channel>
    <channel site="[ENC][EX]tv.yousee.dk_0" site_id="317||s.c.dk/tvlab/tvicons/prdkosmopol_1673389068_logo_png400.png" xmltv_id="Kosmopol">Kosmopol</channel>
    <channel site="[ENC][EX]tv.yousee.dk_0" site_id="318||s.c.dk/tvlab/tvicons/tv_2_bornholm_1551721987_logo_png400.png" xmltv_id="TV 2/Bornholm">TV 2/Bornholm</channel>
    <channel site="[ENC][EX]tv.yousee.dk_0" site_id="320||s.c.dk/tvlab/tvicons/prdbbc-nordic_1681377227_logo_png400.png" xmltv_id="BBC PLUS VOD">BBC PLUS VOD</channel>
    <channel site="[ENC][EX]tv.yousee.dk_0" site_id="321||s.c.dk/tvlab/tvicons/prdbbc-nordic_1681377406_logo_png400.png" xmltv_id="BBC Nordic+">BBC Nordic+</channel>
    <channel site="[ENC][EX]tv.yousee.dk_0" site_id="323||s.c.dk/tvlab/tvicons/prdtv-2_1679921460_logo_png400.png" xmltv_id="TV 2 Danmark Østjylland">TV 2 Danmark Østjylland</channel>
    <channel site="[ENC][EX]tv.yousee.dk_0" site_id="324||s.c.dk/tvlab/tvicons/prdtv-2_1679921580_logo_png400.png" xmltv_id="TV 2 Danmark Syd">TV 2 Danmark Syd</channel>
    <channel site="[ENC][EX]tv.yousee.dk_0" site_id="325||s.c.dk/tvlab/tvicons/prdtv-2_1679923365_logo_png400.png" xmltv_id="TV 2 Danmark Fyn">TV 2 Danmark Fyn</channel>
    <channel site="[ENC][EX]tv.yousee.dk_0" site_id="326||s.c.dk/tvlab/tvicons/prdtv-2_1679923468_logo_png400.png" xmltv_id="TV 2 Danmark Bornholm">TV 2 Danmark Bornholm</channel>
    <channel site="[ENC][EX]tv.yousee.dk_0" site_id="327||s.c.dk/tvlab/tvicons/prdtv-2_1679923625_logo_png400.png" xmltv_id="TV 2 Danmark Midtvest">TV 2 Danmark Midtvest</channel>
    <channel site="[ENC][EX]tv.yousee.dk_0" site_id="328||s.c.dk/tvlab/tvicons/prdtv-2_1679923741_logo_png400.png" xmltv_id="TV 2 Danmark Nord">TV 2 Danmark Nord</channel>
    <channel site="[ENC][EX]tv.yousee.dk_0" site_id="329||s.c.dk/tvlab/tvicons/prdtv-2_1679917580_logo_png400.png" xmltv_id="TV 2 Danmark Øst">TV 2 Danmark Øst</channel>
    <channel site="[ENC][EX]tv.yousee.dk_0" site_id="367||i.c.dk/tvicons/blue_hustler_logo_png400.png" xmltv_id="Blue Hustler">Blue Hustler</channel>
    <channel site="[ENC][EX]tv.yousee.dk_0" site_id="400||s.c.dk/tvlab/tvicons/hjrring_af_infokanal_1553766316_logo_png400.png" xmltv_id="Hjørring AF infokanal">Hjørring AF infokanal</channel>
    <channel site="[ENC][EX]tv.yousee.dk_0" site_id="411||s.c.dk/tvlab/tvicons/kanalen_nord_1553766715_logo_png400.png" xmltv_id="Kanal Nord/Tegnsprog">Kanal Nord/Tegnsprog</channel>
    <channel site="[ENC][EX]tv.yousee.dk_0" site_id="412||s.c.dk/tvlab/tvicons/kanalen_midtvest_1551443911_logo_png400.png" xmltv_id="Kanal Midtvest/Tegnsprog">Kanal Midtvest/Tegnsprog</channel>
    <channel site="[ENC][EX]tv.yousee.dk_0" site_id="413||i.c.dk/tvicons/kanal_stjylland_logo_png400.png" xmltv_id="Kanal Østjylland/Tegnsprog">Kanal Østjylland/Tegnsprog</channel>
    <channel site="[ENC][EX]tv.yousee.dk_0" site_id="414||s.c.dk/tvlab/tvicons/kanal_syd_1551361545_logo_png400.png" xmltv_id="Kanal Syd/Tegnsprog">Kanal Syd/Tegnsprog</channel>
    <channel site="[ENC][EX]tv.yousee.dk_0" site_id="415||i.c.dk/tvicons/fynbo_tv_logo_png400.png" xmltv_id="Kanal Fyn/Tegnsprog">Kanal Fyn/Tegnsprog</channel>
    <channel site="[ENC][EX]tv.yousee.dk_0" site_id="416||s.c.dk/tvlab/tvicons/kanalen_st_1553774488_logo_png400.png" xmltv_id="Kanal Øst/Tegnsprog">Kanal Øst/Tegnsprog</channel>
    <channel site="[ENC][EX]tv.yousee.dk_0" site_id="417||i.c.dk/tvicons/kanal_hovedstaden_logo_png400.png" xmltv_id="Kanal Hovedstaden/Tegnsprog">Kanal Hovedstaden/Tegnsprog</channel>
    <channel site="[ENC][EX]tv.yousee.dk_0" site_id="418||i.c.dk/tvicons/kanalen_bornholm_logo_png400.png" xmltv_id="Kanal Bornholm/Tegnsprog">Kanal Bornholm/Tegnsprog</channel>
    <channel site="[ENC][EX]tv.yousee.dk_0" site_id="430" xmltv_id="TEST_C">TEST_C</channel>
    <channel site="[ENC][EX]tv.yousee.dk_0" site_id="440" xmltv_id="MUSIK">MUSIK</channel>
    <channel site="[ENC][EX]tv.yousee.dk_0" site_id="505||s.c.dk/tvlab/tvicons/prddr-ramasjang_1577861620_logo_png400.png" xmltv_id="DR Ramasjang">DR Ramasjang</channel>
    <channel site="[ENC][EX]tv.yousee.dk_0" site_id="940" xmltv_id="DR P1">DR P1</channel>
    <channel site="[ENC][EX]tv.yousee.dk_0" site_id="941" xmltv_id="DR P4 København">DR P4 København</channel>
    <channel site="[ENC][EX]tv.yousee.dk_0" site_id="942" xmltv_id="DR P3">DR P3</channel>
    <channel site="[ENC][EX]tv.yousee.dk_0" site_id="943" xmltv_id="RADIO4">RADIO4</channel>
    <channel site="[ENC][EX]tv.yousee.dk_0" site_id="944" xmltv_id="DR P6 Beat">DR P6 Beat</channel>
    <channel site="[ENC][EX]tv.yousee.dk_0" site_id="946" xmltv_id="POP FM">POP FM</channel>
    <channel site="[ENC][EX]tv.yousee.dk_0" site_id="947" xmltv_id="Nova">Nova</channel>
    <channel site="[ENC][EX]tv.yousee.dk_0" site_id="949" xmltv_id="SR P2">SR P2</channel>
    <channel site="[ENC][EX]tv.yousee.dk_0" site_id="950" xmltv_id="DR P8 Jazz">DR P8 Jazz</channel>
    <channel site="[ENC][EX]tv.yousee.dk_0" site_id="951" xmltv_id="The Voice">The Voice</channel>
    <channel site="[ENC][EX]tv.yousee.dk_0" site_id="952" xmltv_id="NDR Kultur">NDR Kultur</channel>
    <channel site="[ENC][EX]tv.yousee.dk_0" site_id="953" xmltv_id="DR P2">DR P2</channel>
    <channel site="[ENC][EX]tv.yousee.dk_0" site_id="954" xmltv_id="NDR 1">NDR 1</channel>
    <channel site="[ENC][EX]tv.yousee.dk_0" site_id="955" xmltv_id="DR P5">DR P5</channel>
    <channel site="[ENC][EX]tv.yousee.dk_0" site_id="956" xmltv_id="RSH">RSH</channel>
    <channel site="[ENC][EX]tv.yousee.dk_0" site_id="958" xmltv_id="Radio 100">Radio 100</channel>
    <channel site="[ENC][EX]tv.yousee.dk_0" site_id="980" xmltv_id="DR P4 Sjælland">DR P4 Sjælland</channel>
    <channel site="[ENC][EX]tv.yousee.dk_0" site_id="981" xmltv_id="DR P4 Fyn">DR P4 Fyn</channel>
    <channel site="[ENC][EX]tv.yousee.dk_0" site_id="982" xmltv_id="DR P4 Syd">DR P4 Syd</channel>
    <channel site="[ENC][EX]tv.yousee.dk_0" site_id="983" xmltv_id="DR P4 Trekanten">DR P4 Trekanten</channel>
    <channel site="[ENC][EX]tv.yousee.dk_0" site_id="984" xmltv_id="DR P4 Midt og Vest">DR P4 Midt og Vest</channel>
    <channel site="[ENC][EX]tv.yousee.dk_0" site_id="985" xmltv_id="DR P4 Østjylland">DR P4 Østjylland</channel>
    <channel site="[ENC][EX]tv.yousee.dk_0" site_id="986" xmltv_id="DR P4 Nordjylland">DR P4 Nordjylland</channel>
    <channel site="[ENC][EX]tv.yousee.dk_0" site_id="989" xmltv_id="DR P4 Bornholm">DR P4 Bornholm</channel>
  </channels>
</site>