<?xml version="1.0" encoding="UTF-8"?>
<site generator-info-name="Tempest EPG Generator (made by Kvanc)" generator-info-url="https://github.com/K-vanc/Tempest-EPG-Generator.git" site="[ENC]tv.tv2.dk_0">
  <channels>
    <channel site="[ENC]tv.tv2.dk_0" site_id="1" xmltv_id="DR1">DR1</channel>
    <channel site="[ENC]tv.tv2.dk_0" site_id="3" xmltv_id="TV 2 Danmark">TV 2 Danmark</channel>
    <channel site="[ENC]tv.tv2.dk_0" site_id="5" xmltv_id="TV3">TV3</channel>
    <channel site="[ENC]tv.tv2.dk_0" site_id="133" xmltv_id="TV 2 News">TV 2 News</channel>
    <channel site="[ENC]tv.tv2.dk_0" site_id="2" xmltv_id="DR2">DR2</channel>
    <channel site="[ENC]tv.tv2.dk_0" site_id="77" xmltv_id="TV 2 Sport">TV 2 Sport</channel>
    <channel site="[ENC]tv.tv2.dk_0" site_id="2147483561" xmltv_id="TV 2 Sport X">TV 2 Sport X</channel>
    <channel site="[ENC]tv.tv2.dk_0" site_id="31" xmltv_id="TV 2 Charlie">TV 2 Charlie</channel>
    <channel site="[ENC]tv.tv2.dk_0" site_id="12566" xmltv_id="TV 2 Fri">TV 2 Fri</channel>
    <channel site="[ENC]tv.tv2.dk_0" site_id="4" xmltv_id="TV 2 Echo">TV 2 Echo</channel>
    <channel site="[ENC]tv.tv2.dk_0" site_id="70" xmltv_id="Discovery Channel">Discovery Channel</channel>
    <channel site="[ENC]tv.tv2.dk_0" site_id="6" xmltv_id="TV3+">TV3+</channel>
    <channel site="[ENC]tv.tv2.dk_0" site_id="8" xmltv_id="Kanal 4">Kanal 4</channel>
    <channel site="[ENC]tv.tv2.dk_0" site_id="7" xmltv_id="Kanal 5">Kanal 5</channel>
    <channel site="[ENC]tv.tv2.dk_0" site_id="10066" xmltv_id="6’eren">6’eren</channel>
    <channel site="[ENC]tv.tv2.dk_0" site_id="10153" xmltv_id="DR Ramasjang">DR Ramasjang</channel>
    <channel site="[ENC]tv.tv2.dk_0" site_id="10093" xmltv_id="TV3 Puls">TV3 Puls</channel>
    <channel site="[ENC]tv.tv2.dk_0" site_id="156" xmltv_id="TV3 Sport">TV3 Sport</channel>
    <channel site="[ENC]tv.tv2.dk_0" site_id="15" xmltv_id="dk4">dk4</channel>
    <channel site="[ENC]tv.tv2.dk_0" site_id="2147483568" xmltv_id="Oiii">Oiii</channel>
    <channel site="[ENC]tv.tv2.dk_0" site_id="2147483567" xmltv_id="ZULU Comedy">ZULU Comedy</channel>
    <channel site="[ENC]tv.tv2.dk_0" site_id="2147483566" xmltv_id="CS:GO">CS:GO</channel>
    <channel site="[ENC]tv.tv2.dk_0" site_id="2147483565" xmltv_id="TV 2 PLAY 4">TV 2 PLAY 4</channel>
    <channel site="[ENC]tv.tv2.dk_0" site_id="2147483564" xmltv_id="TV 2 PLAY 5">TV 2 PLAY 5</channel>
    <channel site="[ENC]tv.tv2.dk_0" site_id="2147483563" xmltv_id="TV 2 PLAY 6">TV 2 PLAY 6</channel>
    <channel site="[ENC]tv.tv2.dk_0" site_id="2147483562" xmltv_id="TV 2 PLAY 7">TV 2 PLAY 7</channel>
    <channel site="[ENC]tv.tv2.dk_0" site_id="164" xmltv_id="3sat">3sat</channel>
    <channel site="[ENC]tv.tv2.dk_0" site_id="93" xmltv_id="Animal Planet">Animal Planet</channel>
    <channel site="[ENC]tv.tv2.dk_0" site_id="162" xmltv_id="ARD">ARD</channel>
    <channel site="[ENC]tv.tv2.dk_0" site_id="10104" xmltv_id="Arte">Arte</channel>
    <channel site="[ENC]tv.tv2.dk_0" site_id="191" xmltv_id="BBC NEWS">BBC NEWS</channel>
    <channel site="[ENC]tv.tv2.dk_0" site_id="12396" xmltv_id="BBC NORDIC">BBC NORDIC</channel>
    <channel site="[ENC]tv.tv2.dk_0" site_id="248" xmltv_id="Boomerang">Boomerang</channel>
    <channel site="[ENC]tv.tv2.dk_0" site_id="10111" xmltv_id="CANAL9">CANAL9</channel>
    <channel site="[ENC]tv.tv2.dk_0" site_id="185" xmltv_id="Cartoon Network">Cartoon Network</channel>
    <channel site="[ENC]tv.tv2.dk_0" site_id="25" xmltv_id="C More First">C More First</channel>
    <channel site="[ENC]tv.tv2.dk_0" site_id="26" xmltv_id="C More Hits">C More Hits</channel>
    <channel site="[ENC]tv.tv2.dk_0" site_id="201" xmltv_id="C More Series">C More Series</channel>
    <channel site="[ENC]tv.tv2.dk_0" site_id="181" xmltv_id="CNN">CNN</channel>
    <channel site="[ENC]tv.tv2.dk_0" site_id="147" xmltv_id="Discovery HD Showcase">Discovery HD Showcase</channel>
    <channel site="[ENC]tv.tv2.dk_0" site_id="117" xmltv_id="Discovery Science">Discovery Science</channel>
    <channel site="[ENC]tv.tv2.dk_0" site_id="116" xmltv_id="Discovery World">Discovery World</channel>
    <channel site="[ENC]tv.tv2.dk_0" site_id="14" xmltv_id="Disney Channel sca.">Disney Channel sca.</channel>
    <channel site="[ENC]tv.tv2.dk_0" site_id="157" xmltv_id="Disney Junior">Disney Junior</channel>
    <channel site="[ENC]tv.tv2.dk_0" site_id="74" xmltv_id="Disney XD">Disney XD</channel>
    <channel site="[ENC]tv.tv2.dk_0" site_id="174" xmltv_id="Eurosport 1">Eurosport 1</channel>
    <channel site="[ENC]tv.tv2.dk_0" site_id="37" xmltv_id="Eurosport 2">Eurosport 2</channel>
    <channel site="[ENC]tv.tv2.dk_0" site_id="10341" xmltv_id="FOLKETINGET">FOLKETINGET</channel>
    <channel site="[ENC]tv.tv2.dk_0" site_id="10159" xmltv_id="HISTORY">HISTORY</channel>
    <channel site="[ENC]tv.tv2.dk_0" site_id="15049" xmltv_id="Investigation Discovery">Investigation Discovery</channel>
    <channel site="[ENC]tv.tv2.dk_0" site_id="10262" xmltv_id="Kanal Hovedstaden">Kanal Hovedstaden</channel>
    <channel site="[ENC]tv.tv2.dk_0" site_id="11616" xmltv_id="TV 2 Kosmopol">TV 2 Kosmopol</channel>
    <channel site="[ENC]tv.tv2.dk_0" site_id="71" xmltv_id="MTV">MTV</channel>
    <channel site="[ENC]tv.tv2.dk_0" site_id="94" xmltv_id="National Geographic Channel">National Geographic Channel</channel>
    <channel site="[ENC]tv.tv2.dk_0" site_id="15032" xmltv_id="National Geographic People">National Geographic People</channel>
    <channel site="[ENC]tv.tv2.dk_0" site_id="11572" xmltv_id="National Geographic Wild">National Geographic Wild</channel>
    <channel site="[ENC]tv.tv2.dk_0" site_id="188" xmltv_id="NDR">NDR</channel>
    <channel site="[ENC]tv.tv2.dk_0" site_id="153" xmltv_id="Nickelodeon">Nickelodeon</channel>
    <channel site="[ENC]tv.tv2.dk_0" site_id="10455" xmltv_id="Nickelodeon Junior">Nickelodeon Junior</channel>
    <channel site="[ENC]tv.tv2.dk_0" site_id="130" xmltv_id="NRK1">NRK1</channel>
    <channel site="[ENC]tv.tv2.dk_0" site_id="129" xmltv_id="NRK2">NRK2</channel>
    <channel site="[ENC]tv.tv2.dk_0" site_id="570" xmltv_id="Paramount Network">Paramount Network</channel>
    <channel site="[ENC]tv.tv2.dk_0" site_id="10511" xmltv_id="ProSieben">ProSieben</channel>
    <channel site="[ENC]tv.tv2.dk_0" site_id="161" xmltv_id="RTL">RTL</channel>
    <channel site="[ENC]tv.tv2.dk_0" site_id="221" xmltv_id="RTL II">RTL II</channel>
    <channel site="[ENC]tv.tv2.dk_0" site_id="10510" xmltv_id="SAT1">SAT1</channel>
    <channel site="[ENC]tv.tv2.dk_0" site_id="695" xmltv_id="See">See</channel>
    <channel site="[ENC]tv.tv2.dk_0" site_id="10145" xmltv_id="SF-Kanalen">SF-Kanalen</channel>
    <channel site="[ENC]tv.tv2.dk_0" site_id="10621" xmltv_id="SPORT1">SPORT1</channel>
    <channel site="[ENC]tv.tv2.dk_0" site_id="240" xmltv_id="SuperRTL">SuperRTL</channel>
    <channel site="[ENC]tv.tv2.dk_0" site_id="135" xmltv_id="SVT1">SVT1</channel>
    <channel site="[ENC]tv.tv2.dk_0" site_id="136" xmltv_id="SVT2">SVT2</channel>
    <channel site="[ENC]tv.tv2.dk_0" site_id="118" xmltv_id="TLC">TLC</channel>
    <channel site="[ENC]tv.tv2.dk_0" site_id="10435" xmltv_id="TNT">TNT</channel>
    <channel site="[ENC]tv.tv2.dk_0" site_id="215" xmltv_id="Travel Channel">Travel Channel</channel>
    <channel site="[ENC]tv.tv2.dk_0" site_id="11617" xmltv_id="TV 2/Bornholm">TV 2/Bornholm</channel>
    <channel site="[ENC]tv.tv2.dk_0" site_id="11610" xmltv_id="TV2 Nord">TV2 Nord</channel>
    <channel site="[ENC]tv.tv2.dk_0" site_id="142" xmltv_id="TV 2 Norge">TV 2 Norge</channel>
    <channel site="[ENC]tv.tv2.dk_0" site_id="11613" xmltv_id="TV2 ØST">TV2 ØST</channel>
    <channel site="[ENC]tv.tv2.dk_0" site_id="11612" xmltv_id="TV2 Østjylland">TV2 Østjylland</channel>
    <channel site="[ENC]tv.tv2.dk_0" site_id="12948" xmltv_id="TV3 Max">TV3 Max</channel>
    <channel site="[ENC]tv.tv2.dk_0" site_id="111" xmltv_id="TV4 Sverige">TV4 Sverige</channel>
    <channel site="[ENC]tv.tv2.dk_0" site_id="12697" xmltv_id="TV5MONDE Europe">TV5MONDE Europe</channel>
    <channel site="[ENC]tv.tv2.dk_0" site_id="11615" xmltv_id="TV 2/Fyn">TV 2/Fyn</channel>
    <channel site="[ENC]tv.tv2.dk_0" site_id="11611" xmltv_id="TV Midtvest">TV Midtvest</channel>
    <channel site="[ENC]tv.tv2.dk_0" site_id="11614" xmltv_id="TV SYD">TV SYD</channel>
    <channel site="[ENC]tv.tv2.dk_0" site_id="219" xmltv_id="Vh1">Vh1</channel>
    <channel site="[ENC]tv.tv2.dk_0" site_id="19" xmltv_id="Viasat Explorer">Viasat Explorer</channel>
    <channel site="[ENC]tv.tv2.dk_0" site_id="9" xmltv_id="Viasat Film">Viasat Film</channel>
    <channel site="[ENC]tv.tv2.dk_0" site_id="10" xmltv_id="Viasat Film Action">Viasat Film Action</channel>
    <channel site="[ENC]tv.tv2.dk_0" site_id="12" xmltv_id="Viasat Film Family">Viasat Film Family</channel>
    <channel site="[ENC]tv.tv2.dk_0" site_id="11" xmltv_id="Viasat Film Hits">Viasat Film Hits</channel>
    <channel site="[ENC]tv.tv2.dk_0" site_id="165" xmltv_id="Viasat Golf">Viasat Golf</channel>
    <channel site="[ENC]tv.tv2.dk_0" site_id="39" xmltv_id="Viasat History">Viasat History</channel>
    <channel site="[ENC]tv.tv2.dk_0" site_id="20" xmltv_id="Viasat Nature">Viasat Nature</channel>
    <channel site="[ENC]tv.tv2.dk_0" site_id="10070" xmltv_id="Viasat Series">Viasat Series</channel>
    <channel site="[ENC]tv.tv2.dk_0" site_id="689" xmltv_id="Viasat Ultra">Viasat Ultra</channel>
    <channel site="[ENC]tv.tv2.dk_0" site_id="218" xmltv_id="VOX">VOX</channel>
    <channel site="[ENC]tv.tv2.dk_0" site_id="163" xmltv_id="ZDF">ZDF</channel>
  </channels>
</site>