<?xml version="1.0" encoding="UTF-8"?>
<site generator-info-name="Tempest EPG Generator (made by Kvanc)" generator-info-url="https://github.com/K-vanc/Tempest-EPG-Generator.git" site="[ENC][EX]home.myt.mu_0">
  <channels>
    <channel site="[ENC][EX]home.myt.mu_0" site_id="RMCSportAccess1||rmc-access1.jpg" xmltv_id="RMC Sport Access 1">RMC Sport Access 1</channel>
    <channel site="[ENC][EX]home.myt.mu_0" site_id="RMCSportAccess2||rmc-access2.jpg" xmltv_id="RMC Sport Access 2">RMC Sport Access 2</channel>
    <channel site="[ENC][EX]home.myt.mu_0" site_id="L.EquipeTVHD||lequipe.png" xmltv_id="L'Equipe TV HD">L'Equipe TV HD</channel>
    <channel site="[ENC][EX]home.myt.mu_0" site_id="StarTimesWorldFootball||worldfootball.png" xmltv_id="StarTimes World Football">StarTimes World Football</channel>
    <channel site="[ENC][EX]home.myt.mu_0" site_id="StarTimesSportsPremium||premium.png" xmltv_id="StarTimes Sports Premium">StarTimes Sports Premium</channel>
    <channel site="[ENC][EX]home.myt.mu_0" site_id="StarTimesSportsArena||arena.png" xmltv_id="StarTimes Sports Arena">StarTimes Sports Arena</channel>
    <channel site="[ENC][EX]home.myt.mu_0" site_id="ESPN.English.||espn.png" xmltv_id="ESPN (English)">ESPN (English)</channel>
    <channel site="[ENC][EX]home.myt.mu_0" site_id="ESPN2||espn2.png" xmltv_id="ESPN 2">ESPN 2</channel>
    <channel site="[ENC][EX]home.myt.mu_0" site_id="GolfChannel||golf-channel-logo.png" xmltv_id="Golf Channel">Golf Channel</channel>
    <channel site="[ENC][EX]home.myt.mu_0" site_id="AUTOMOTO||automoto-allchannels.png" xmltv_id="AUTOMOTO">AUTOMOTO</channel>
    <channel site="[ENC][EX]home.myt.mu_0" site_id="MGGTV||mggtv.png" xmltv_id="MGG TV">MGG TV</channel>
    <channel site="[ENC][EX]home.myt.mu_0" site_id="StarGold||star_gold_uk.png" xmltv_id="Star Gold">Star Gold</channel>
    <channel site="[ENC][EX]home.myt.mu_0" site_id="SONYMAX||sonymax.jpg" xmltv_id="SONY MAX">SONY MAX</channel>
    <channel site="[ENC][EX]home.myt.mu_0" site_id="B4UMovies||b4u.png" xmltv_id="B4U Movies">B4U Movies</channel>
    <channel site="[ENC][EX]home.myt.mu_0" site_id="StarPlus||star_plus_me.png" xmltv_id="Star Plus">Star Plus</channel>
    <channel site="[ENC][EX]home.myt.mu_0" site_id="UtsavBharat||utsavbharat.png" xmltv_id="Utsav Bharat">Utsav Bharat</channel>
    <channel site="[ENC][EX]home.myt.mu_0" site_id="ColorsRishtey||rishtey-asia-logo.png" xmltv_id="Colors Rishtey">Colors Rishtey</channel>
    <channel site="[ENC][EX]home.myt.mu_0" site_id="Colors||colors_uk.png" xmltv_id="Colors">Colors</channel>
    <channel site="[ENC][EX]home.myt.mu_0" site_id="SET||sonyentertainment.jpg" xmltv_id="SET">SET</channel>
    <channel site="[ENC][EX]home.myt.mu_0" site_id="MTVIndia||mtv_india.png" xmltv_id="MTV India">MTV India</channel>
    <channel site="[ENC][EX]home.myt.mu_0" site_id="SONYSab||sonysab.jpg" xmltv_id="SONY Sab">SONY Sab</channel>
    <channel site="[ENC][EX]home.myt.mu_0" site_id="B4UMusic||b4umusic.jpg" xmltv_id="B4U Music">B4U Music</channel>
    <channel site="[ENC][EX]home.myt.mu_0" site_id="Bindass||bindass.png" xmltv_id="Bindass">Bindass</channel>
    <channel site="[ENC][EX]home.myt.mu_0" site_id="UTVMovies||utv_movies_international.png" xmltv_id="UTV Movies">UTV Movies</channel>
    <channel site="[ENC][EX]home.myt.mu_0" site_id="Zing||zing.png" xmltv_id="Zing">Zing</channel>
    <channel site="[ENC][EX]home.myt.mu_0" site_id="ZEETV||zeetv.png" xmltv_id="ZEE TV">ZEE TV</channel>
    <channel site="[ENC][EX]home.myt.mu_0" site_id="ZEECinema||zeecinema.png" xmltv_id="ZEE Cinema">ZEE Cinema</channel>
    <channel site="[ENC][EX]home.myt.mu_0" site_id="BabyTV||baby_tv_eu.png" xmltv_id="Baby TV">Baby TV</channel>
    <channel site="[ENC][EX]home.myt.mu_0" site_id="DaVinci||davinci.png" xmltv_id="Da Vinci">Da Vinci</channel>
    <channel site="[ENC][EX]home.myt.mu_0" site_id="Tiji||tiji.png" xmltv_id="Tiji">Tiji</channel>
    <channel site="[ENC][EX]home.myt.mu_0" site_id="Boomerang||boomerang_fr.png" xmltv_id="Boomerang">Boomerang</channel>
    <channel site="[ENC][EX]home.myt.mu_0" site_id="Boing||boing_2022.png" xmltv_id="Boing">Boing</channel>
    <channel site="[ENC][EX]home.myt.mu_0" site_id="CartoonNetwork||cn.png" xmltv_id="Cartoon Network">Cartoon Network</channel>
    <channel site="[ENC][EX]home.myt.mu_0" site_id="Gulli||gulli.png" xmltv_id="Gulli">Gulli</channel>
    <channel site="[ENC][EX]home.myt.mu_0" site_id="ToonamiHD||toonami.png" xmltv_id="Toonami HD">Toonami HD</channel>
    <channel site="[ENC][EX]home.myt.mu_0" site_id="Nickelodeon||nickelodeon.png" xmltv_id="Nickelodeon">Nickelodeon</channel>
    <channel site="[ENC][EX]home.myt.mu_0" site_id="J-One||jone.png" xmltv_id="J-One">J-One</channel>
    <channel site="[ENC][EX]home.myt.mu_0" site_id="ComedyCentral||comedy-central.png" xmltv_id="Comedy Central">Comedy Central</channel>
    <channel site="[ENC][EX]home.myt.mu_0" site_id="TF1||tf1-logo.png" xmltv_id="TF1">TF1</channel>
    <channel site="[ENC][EX]home.myt.mu_0" site_id="M6||m6_2020.png" xmltv_id="M6">M6</channel>
    <channel site="[ENC][EX]home.myt.mu_0" site_id="W9||w9300.jpg" xmltv_id="W9">W9</channel>
    <channel site="[ENC][EX]home.myt.mu_0" site_id="6ter||6ter300.jpg" xmltv_id="6ter">6ter</channel>
    <channel site="[ENC][EX]home.myt.mu_0" site_id="WarnerTVHD||warnertv.png" xmltv_id="Warner TV HD">Warner TV HD</channel>
    <channel site="[ENC][EX]home.myt.mu_0" site_id="TMC||tmc-logo.png" xmltv_id="TMC">TMC</channel>
    <channel site="[ENC][EX]home.myt.mu_0" site_id="TFX||tfx.png" xmltv_id="TFX">TFX</channel>
    <channel site="[ENC][EX]home.myt.mu_0" site_id="E!||e-logo.png" xmltv_id="E!">E!</channel>
    <channel site="[ENC][EX]home.myt.mu_0" site_id="RTL9||rtl9.png" xmltv_id="RTL 9">RTL 9</channel>
    <channel site="[ENC][EX]home.myt.mu_0" site_id="NinaNovelas||ninatv.png" xmltv_id="Nina Novelas">Nina Novelas</channel>
    <channel site="[ENC][EX]home.myt.mu_0" site_id="OCSMax||ocs_max.png" xmltv_id="OCS Max">OCS Max</channel>
    <channel site="[ENC][EX]home.myt.mu_0" site_id="OCSCity||ocs_city.png" xmltv_id="OCS City">OCS City</channel>
    <channel site="[ENC][EX]home.myt.mu_0" site_id="OCSChoc||ocs_choc.png" xmltv_id="OCS Choc">OCS Choc</channel>
    <channel site="[ENC][EX]home.myt.mu_0" site_id="OCSGeants||ocs_geants.png" xmltv_id="OCS Geants">OCS Geants</channel>
    <channel site="[ENC][EX]home.myt.mu_0" site_id="TCMCinemaHD||tcm.jpg" xmltv_id="TCM Cinema HD">TCM Cinema HD</channel>
    <channel site="[ENC][EX]home.myt.mu_0" site_id="TF1SériesFilms||tf1_series_films.png" xmltv_id="TF1 Séries Films">TF1 Séries Films</channel>
    <channel site="[ENC][EX]home.myt.mu_0" site_id="UshuaiaTV||ushuaia-tv-logo.png" xmltv_id="Ushuaia TV">Ushuaia TV</channel>
    <channel site="[ENC][EX]home.myt.mu_0" site_id="NatGeo||nat_geo.png" xmltv_id="Nat Geo">Nat Geo</channel>
    <channel site="[ENC][EX]home.myt.mu_0" site_id="NatGeoWild||nat_geo_wild.png" xmltv_id="Nat Geo Wild">Nat Geo Wild</channel>
    <channel site="[ENC][EX]home.myt.mu_0" site_id="CGTNDocumentary||cgtn_doc.png" xmltv_id="CGTN Documentary">CGTN Documentary</channel>
    <channel site="[ENC][EX]home.myt.mu_0" site_id="TravelxpHD||travelxp.jpg" xmltv_id="Travelxp HD">Travelxp HD</channel>
    <channel site="[ENC][EX]home.myt.mu_0" site_id="HistoireTV||histoire_tv.png" xmltv_id="Histoire TV">Histoire TV</channel>
    <channel site="[ENC][EX]home.myt.mu_0" site_id="StingrayFestival4K||stingray_festival_4k.png" xmltv_id="Stingray Festival 4K">Stingray Festival 4K</channel>
    <channel site="[ENC][EX]home.myt.mu_0" site_id="StingrayHits4K||stingray_hits_4k.png" xmltv_id="Stingray Hits 4K">Stingray Hits 4K</channel>
    <channel site="[ENC][EX]home.myt.mu_0" site_id="TheHomeChannel||homechannel.png" xmltv_id="The Home Channel">The Home Channel</channel>
    <channel site="[ENC][EX]home.myt.mu_0" site_id="StingrayNaturescape4K||stingray_naturescape_4k.png" xmltv_id="Stingray Naturescape 4K">Stingray Naturescape 4K</channel>
    <channel site="[ENC][EX]home.myt.mu_0" site_id="StingrayHits||stingray_hits.png" xmltv_id="Stingray Hits">Stingray Hits</channel>
    <channel site="[ENC][EX]home.myt.mu_0" site_id="StingrayJuicebox||stingray_juicebox.png" xmltv_id="Stingray Juicebox">Stingray Juicebox</channel>
    <channel site="[ENC][EX]home.myt.mu_0" site_id="StingrayVibe||stingray_vibe.png" xmltv_id="Stingray Vibe">Stingray Vibe</channel>
    <channel site="[ENC][EX]home.myt.mu_0" site_id="StingrayiConcerts||stingray_iconcert.png" xmltv_id="Stingray iConcerts">Stingray iConcerts</channel>
    <channel site="[ENC][EX]home.myt.mu_0" site_id="StingrayLoud||stingray_loud.png" xmltv_id="Stingray Loud">Stingray Loud</channel>
    <channel site="[ENC][EX]home.myt.mu_0" site_id="StingrayClassica||stingray_classica.png" xmltv_id="Stingray Classica">Stingray Classica</channel>
    <channel site="[ENC][EX]home.myt.mu_0" site_id="StingrayRetro||stingray_retro.png" xmltv_id="Stingray Retro">Stingray Retro</channel>
    <channel site="[ENC][EX]home.myt.mu_0" site_id="StingrayCMusic||stingray_cmusic.png" xmltv_id="Stingray CMusic">Stingray CMusic</channel>
    <channel site="[ENC][EX]home.myt.mu_0" site_id="StingrayDJAZZ||stingray_djazz.png" xmltv_id="Stingray DJAZZ">Stingray DJAZZ</channel>
    <channel site="[ENC][EX]home.myt.mu_0" site_id="ClubbingTV||clubbing_tv.png" xmltv_id="Clubbing TV">Clubbing TV</channel>
    <channel site="[ENC][EX]home.myt.mu_0" site_id="RFMTV||rfm_tv.png" xmltv_id="RFM TV">RFM TV</channel>
    <channel site="[ENC][EX]home.myt.mu_0" site_id="DBM||dbm.jpg" xmltv_id="DBM">DBM</channel>
    <channel site="[ENC][EX]home.myt.mu_0" site_id="NDTVGoodtimes||ndtv_good_times.png" xmltv_id="NDTV Goodtimes">NDTV Goodtimes</channel>
    <channel site="[ENC][EX]home.myt.mu_0" site_id="France2||france2.png" xmltv_id="France 2">France 2</channel>
    <channel site="[ENC][EX]home.myt.mu_0" site_id="France3||france3_sat.png" xmltv_id="France 3">France 3</channel>
    <channel site="[ENC][EX]home.myt.mu_0" site_id="France5||france5.png" xmltv_id="France 5">France 5</channel>
    <channel site="[ENC][EX]home.myt.mu_0" site_id="Reunion1ere||reunionpremiere.png" xmltv_id="Reunion 1ere">Reunion 1ere</channel>
    <channel site="[ENC][EX]home.myt.mu_0" site_id="NHKWorldJapan||nhk_world.png" xmltv_id="NHK World Japan">NHK World Japan</channel>
    <channel site="[ENC][EX]home.myt.mu_0" site_id="DeutscheWelleTV||deutsche_welle_tv.png" xmltv_id="Deutsche Welle TV">Deutsche Welle TV</channel>
    <channel site="[ENC][EX]home.myt.mu_0" site_id="LCI||lci.png" xmltv_id="LCI">LCI</channel>
    <channel site="[ENC][EX]home.myt.mu_0" site_id="CNN||cnn_international_europe.png" xmltv_id="CNN">CNN</channel>
    <channel site="[ENC][EX]home.myt.mu_0" site_id="Bloomberg||bloomberg_tv_eu.png" xmltv_id="Bloomberg">Bloomberg</channel>
    <channel site="[ENC][EX]home.myt.mu_0" site_id="France24.English.||f24_english.png" xmltv_id="France 24 (English)">France 24 (English)</channel>
    <channel site="[ENC][EX]home.myt.mu_0" site_id="France24.French.||f24_francais.png" xmltv_id="France 24 (French)">France 24 (French)</channel>
    <channel site="[ENC][EX]home.myt.mu_0" site_id="AlJazeera||al_jazeera_english.png" xmltv_id="Al Jazeera">Al Jazeera</channel>
    <channel site="[ENC][EX]home.myt.mu_0" site_id="NDTVProfit||ndtv_profit.png" xmltv_id="NDTV Profit">NDTV Profit</channel>
    <channel site="[ENC][EX]home.myt.mu_0" site_id="NDTV24x7||ndtv_24x7.png" xmltv_id="NDTV 24x7">NDTV 24x7</channel>
    <channel site="[ENC][EX]home.myt.mu_0" site_id="ARYDigital||ary_digital_asia.png" xmltv_id="ARY Digital">ARY Digital</channel>
    <channel site="[ENC][EX]home.myt.mu_0" site_id="TRTWorld||trtworld.png" xmltv_id="TRT World">TRT World</channel>
    <channel site="[ENC][EX]home.myt.mu_0" site_id="IndiaToday||india_today.png" xmltv_id="India Today">India Today</channel>
    <channel site="[ENC][EX]home.myt.mu_0" site_id="BusinessDayTV||businesstv.png" xmltv_id="Business Day TV">Business Day TV</channel>
    <channel site="[ENC][EX]home.myt.mu_0" site_id="VijayTV||vijaytv.png" xmltv_id="Vijay TV">Vijay TV</channel>
    <channel site="[ENC][EX]home.myt.mu_0" site_id="JayaTV||jaya-tv.png" xmltv_id="Jaya TV">Jaya TV</channel>
    <channel site="[ENC][EX]home.myt.mu_0" site_id="CCTV-4.Mandarin.||cctv4.png" xmltv_id="CCTV-4 (Mandarin)">CCTV-4 (Mandarin)</channel>
    <channel site="[ENC][EX]home.myt.mu_0" site_id="CGTNF||cgtn_fr.png" xmltv_id="CGTN F">CGTN F</channel>
    <channel site="[ENC][EX]home.myt.mu_0" site_id="MBC1||mbc1.png" xmltv_id="MBC 1">MBC 1</channel>
    <channel site="[ENC][EX]home.myt.mu_0" site_id="MBC2||mbc2.png" xmltv_id="MBC 2">MBC 2</channel>
    <channel site="[ENC][EX]home.myt.mu_0" site_id="MBC3||mbc3.png" xmltv_id="MBC 3">MBC 3</channel>
    <channel site="[ENC][EX]home.myt.mu_0" site_id="BTV||mbcdigital4.png" xmltv_id="BTV">BTV</channel>
    <channel site="[ENC][EX]home.myt.mu_0" site_id="MBCDigital6||digital6.png" xmltv_id="MBC Digital 6">MBC Digital 6</channel>
    <channel site="[ENC][EX]home.myt.mu_0" site_id="BBCWorldNews||bbc-world-service.png" xmltv_id="BBC World News">BBC World News</channel>
    <channel site="[ENC][EX]home.myt.mu_0" site_id="BhojpuriChannel||bhoujpouree.png" xmltv_id="Bhojpuri Channel">Bhojpuri Channel</channel>
    <channel site="[ENC][EX]home.myt.mu_0" site_id="TV5monde||tv5monde.png" xmltv_id="TV5 monde">TV5 monde</channel>
    <channel site="[ENC][EX]home.myt.mu_0" site_id="YSTV||sports11.png" xmltv_id="YS TV">YS TV</channel>
    <channel site="[ENC][EX]home.myt.mu_0" site_id="CineTV||cinetv.png" xmltv_id="Cine TV">Cine TV</channel>
    <channel site="[ENC][EX]home.myt.mu_0" site_id="DDSahyadri||digital13.png" xmltv_id="DD Sahyadri">DD Sahyadri</channel>
    <channel site="[ENC][EX]home.myt.mu_0" site_id="DDPodhigai||digital14.png" xmltv_id="DD Podhigai">DD Podhigai</channel>
    <channel site="[ENC][EX]home.myt.mu_0" site_id="DDSaptagiri||digital15.png" xmltv_id="DD Saptagiri">DD Saptagiri</channel>
    <channel site="[ENC][EX]home.myt.mu_0" site_id="UrduChannel||digital16.png" xmltv_id="Urdu Channel">Urdu Channel</channel>
    <channel site="[ENC][EX]home.myt.mu_0" site_id="SennKreol||senncreole.png" xmltv_id="Senn Kreol">Senn Kreol</channel>
    <channel site="[ENC][EX]home.myt.mu_0" site_id="CCTV4||digital18.png" xmltv_id="CCTV 4">CCTV 4</channel>
    <channel site="[ENC][EX]home.myt.mu_0" site_id="ParliamentTVChannel||armoirie.jpg" xmltv_id="Parliament TV Channel">Parliament TV Channel</channel>
  </channels>
</site>