<?xml version="1.0" encoding="UTF-8"?>
<site generator-info-name="Tempest EPG Generator (made by Kvanc)" generator-info-url="https://github.com/K-vanc/Tempest-EPG-Generator.git" site="[ENC]primetel.com.cy_0">
  <channels>
    <channel site="[ENC]primetel.com.cy_0" site_id="44" xmltv_id="CNN">CNN</channel>
    <channel site="[ENC]primetel.com.cy_0" site_id="47" xmltv_id="Cartoon Network">Cartoon Network</channel>
    <channel site="[ENC]primetel.com.cy_0" site_id="48" xmltv_id="TCM">TCM</channel>
    <channel site="[ENC]primetel.com.cy_0" site_id="412115" xmltv_id="Boomerang">Boomerang</channel>
    <channel site="[ENC]primetel.com.cy_0" site_id="64" xmltv_id="Bloomberg">Bloomberg</channel>
    <channel site="[ENC]primetel.com.cy_0" site_id="69" xmltv_id="Discovery Family">Discovery Family</channel>
    <channel site="[ENC]primetel.com.cy_0" site_id="101" xmltv_id="PrimeTel 1">PrimeTel 1</channel>
    <channel site="[ENC]primetel.com.cy_0" site_id="197" xmltv_id="BBC Entertainment">BBC Entertainment</channel>
    <channel site="[ENC]primetel.com.cy_0" site_id="221" xmltv_id="PrimeTel 3">PrimeTel 3</channel>
    <channel site="[ENC]primetel.com.cy_0" site_id="61559" xmltv_id="Disney Junior">Disney Junior</channel>
    <channel site="[ENC]primetel.com.cy_0" site_id="76774" xmltv_id="Baby TV">Baby TV</channel>
    <channel site="[ENC]primetel.com.cy_0" site_id="108507" xmltv_id="Cablenet Sports 1 HD">Cablenet Sports 1 HD</channel>
    <channel site="[ENC]primetel.com.cy_0" site_id="539309" xmltv_id="Cablenet Sports 2 HD">Cablenet Sports 2 HD</channel>
    <channel site="[ENC]primetel.com.cy_0" site_id="616381" xmltv_id="PrimeTel 2">PrimeTel 2</channel>
    <channel site="[ENC]primetel.com.cy_0" site_id="834473" xmltv_id="Cablenet Sports 2">Cablenet Sports 2</channel>
    <channel site="[ENC]primetel.com.cy_0" site_id="1154767" xmltv_id="Food Network">Food Network</channel>
    <channel site="[ENC]primetel.com.cy_0" site_id="1284826" xmltv_id="E!">E!</channel>
    <channel site="[ENC]primetel.com.cy_0" site_id="1489932" xmltv_id="Extreme Sports">Extreme Sports</channel>
    <channel site="[ENC]primetel.com.cy_0" site_id="1802820" xmltv_id="Cablenet Sports 1">Cablenet Sports 1</channel>
    <channel site="[ENC]primetel.com.cy_0" site_id="1837138" xmltv_id="Cytavision Sports 1">Cytavision Sports 1</channel>
    <channel site="[ENC]primetel.com.cy_0" site_id="1837147" xmltv_id="Cytavision Sports 2">Cytavision Sports 2</channel>
    <channel site="[ENC]primetel.com.cy_0" site_id="1837156" xmltv_id="Cytavision Sports 3">Cytavision Sports 3</channel>
    <channel site="[ENC]primetel.com.cy_0" site_id="1837177" xmltv_id="Cytavision Sports 4">Cytavision Sports 4</channel>
    <channel site="[ENC]primetel.com.cy_0" site_id="1837186" xmltv_id="Cytavision Sports 5">Cytavision Sports 5</channel>
    <channel site="[ENC]primetel.com.cy_0" site_id="1837195" xmltv_id="Cytavision Sports 6">Cytavision Sports 6</channel>
    <channel site="[ENC]primetel.com.cy_0" site_id="1837204" xmltv_id="Cytavision Sports 7">Cytavision Sports 7</channel>
    <channel site="[ENC]primetel.com.cy_0" site_id="18" xmltv_id="Euronews">Euronews</channel>
    <channel site="[ENC]primetel.com.cy_0" site_id="19" xmltv_id="BBC World">BBC World</channel>
    <channel site="[ENC]primetel.com.cy_0" site_id="38" xmltv_id="EuroSport 1">EuroSport 1</channel>
    <channel site="[ENC]primetel.com.cy_0" site_id="39" xmltv_id="EuroSport 2">EuroSport 2</channel>
    <channel site="[ENC]primetel.com.cy_0" site_id="43" xmltv_id="Nautical Channel">Nautical Channel</channel>
    <channel site="[ENC]primetel.com.cy_0" site_id="190" xmltv_id="Sky News">Sky News</channel>
    <channel site="[ENC]primetel.com.cy_0" site_id="192" xmltv_id="Al Jazeera International">Al Jazeera International</channel>
    <channel site="[ENC]primetel.com.cy_0" site_id="195" xmltv_id="France 24 - fr">France 24 - fr</channel>
    <channel site="[ENC]primetel.com.cy_0" site_id="196" xmltv_id="France 24 - eng">France 24 - eng</channel>
    <channel site="[ENC]primetel.com.cy_0" site_id="212" xmltv_id="FOX">FOX</channel>
    <channel site="[ENC]primetel.com.cy_0" site_id="262" xmltv_id="novacinema1">novacinema1</channel>
    <channel site="[ENC]primetel.com.cy_0" site_id="263" xmltv_id="novacinema2">novacinema2</channel>
    <channel site="[ENC]primetel.com.cy_0" site_id="264" xmltv_id="novacinema4">novacinema4</channel>
    <channel site="[ENC]primetel.com.cy_0" site_id="266" xmltv_id="novalifε">novalifε</channel>
    <channel site="[ENC]primetel.com.cy_0" site_id="272" xmltv_id="novasports2">novasports2</channel>
    <channel site="[ENC]primetel.com.cy_0" site_id="276" xmltv_id="novacinema3">novacinema3</channel>
    <channel site="[ENC]primetel.com.cy_0" site_id="278" xmltv_id="National Geographic">National Geographic</channel>
    <channel site="[ENC]primetel.com.cy_0" site_id="286" xmltv_id="novasports5">novasports5</channel>
    <channel site="[ENC]primetel.com.cy_0" site_id="292" xmltv_id="novasports3">novasports3</channel>
    <channel site="[ENC]primetel.com.cy_0" site_id="293" xmltv_id="novasports4">novasports4</channel>
    <channel site="[ENC]primetel.com.cy_0" site_id="426966" xmltv_id="Duck TV">Duck TV</channel>
    <channel site="[ENC]primetel.com.cy_0" site_id="758454" xmltv_id="novasports1">novasports1</channel>
    <channel site="[ENC]primetel.com.cy_0" site_id="1807955" xmltv_id="Nat Geo Wild">Nat Geo Wild</channel>
    <channel site="[ENC]primetel.com.cy_0" site_id="1807970" xmltv_id="FOX Life">FOX Life</channel>
    <channel site="[ENC]primetel.com.cy_0" site_id="28" xmltv_id="ΡΙΚ 1">ΡΙΚ 1</channel>
    <channel site="[ENC]primetel.com.cy_0" site_id="30" xmltv_id="Sigma">Sigma</channel>
    <channel site="[ENC]primetel.com.cy_0" site_id="31" xmltv_id="ANT1">ANT1</channel>
    <channel site="[ENC]primetel.com.cy_0" site_id="32" xmltv_id="Omega">Omega</channel>
    <channel site="[ENC]primetel.com.cy_0" site_id="33" xmltv_id="ΡΙΚ 2">ΡΙΚ 2</channel>
    <channel site="[ENC]primetel.com.cy_0" site_id="61" xmltv_id="TLC">TLC</channel>
    <channel site="[ENC]primetel.com.cy_0" site_id="65" xmltv_id="CNBC">CNBC</channel>
    <channel site="[ENC]primetel.com.cy_0" site_id="67" xmltv_id="Discovery Channel">Discovery Channel</channel>
    <channel site="[ENC]primetel.com.cy_0" site_id="68" xmltv_id="Discovery Science">Discovery Science</channel>
    <channel site="[ENC]primetel.com.cy_0" site_id="80" xmltv_id="Travel Channel">Travel Channel</channel>
    <channel site="[ENC]primetel.com.cy_0" site_id="201" xmltv_id="Plus TV">Plus TV</channel>
    <channel site="[ENC]primetel.com.cy_0" site_id="219" xmltv_id="Capital TV">Capital TV</channel>
    <channel site="[ENC]primetel.com.cy_0" site_id="255" xmltv_id="ΕΡΤ World">ΕΡΤ World</channel>
    <channel site="[ENC]primetel.com.cy_0" site_id="295" xmltv_id="Alpha Κύπρου">Alpha Κύπρου</channel>
    <channel site="[ENC]primetel.com.cy_0" site_id="305" xmltv_id="TV Mall">TV Mall</channel>
    <channel site="[ENC]primetel.com.cy_0" site_id="1142718" xmltv_id="PIK HD">PIK HD</channel>
    <channel site="[ENC]primetel.com.cy_0" site_id="1161523" xmltv_id="Investigation Discovery">Investigation Discovery</channel>
    <channel site="[ENC]primetel.com.cy_0" site_id="1802793" xmltv_id="Animal Planet">Animal Planet</channel>
  </channels>
</site>