<?xml version="1.0" encoding="UTF-8"?>
<site generator-info-name="Tempest EPG Generator (made by Kvanc)" generator-info-url="https://github.com/K-vanc/Tempest-EPG-Generator.git" site="[ENC][EX]magio.tv[cz]_0">
  <channels>
    <channel site="[ENC][EX]magio.tv[cz]_0" site_id="4303" xmltv_id="360Tune box HD">360Tune box HD</channel>
    <channel site="[ENC][EX]magio.tv[cz]_0" site_id="4516" xmltv_id=":24 HD">:24 HD</channel>
    <channel site="[ENC][EX]magio.tv[cz]_0" site_id="6083" xmltv_id="AMC HD">AMC HD</channel>
    <channel site="[ENC][EX]magio.tv[cz]_0" site_id="4478" xmltv_id="ARD">ARD</channel>
    <channel site="[ENC][EX]magio.tv[cz]_0" site_id="44" xmltv_id="AXN">AXN</channel>
    <channel site="[ENC][EX]magio.tv[cz]_0" site_id="6009" xmltv_id="AXN Black">AXN Black</channel>
    <channel site="[ENC][EX]magio.tv[cz]_0" site_id="6010" xmltv_id="AXN White">AXN White</channel>
    <channel site="[ENC][EX]magio.tv[cz]_0" site_id="6038" xmltv_id="Animal Planet HD">Animal Planet HD</channel>
    <channel site="[ENC][EX]magio.tv[cz]_0" site_id="6102" xmltv_id="Arena Sport 1 HD">Arena Sport 1 HD</channel>
    <channel site="[ENC][EX]magio.tv[cz]_0" site_id="4474" xmltv_id="Arte">Arte</channel>
    <channel site="[ENC][EX]magio.tv[cz]_0" site_id="4504" xmltv_id="Auto Motor Sport HD">Auto Motor Sport HD</channel>
    <channel site="[ENC][EX]magio.tv[cz]_0" site_id="4495" xmltv_id="BBC Earth HD">BBC Earth HD</channel>
    <channel site="[ENC][EX]magio.tv[cz]_0" site_id="6067" xmltv_id="BBC News">BBC News</channel>
    <channel site="[ENC][EX]magio.tv[cz]_0" site_id="4468" xmltv_id="Baby TV">Baby TV</channel>
    <channel site="[ENC][EX]magio.tv[cz]_0" site_id="4569" xmltv_id="Barrandov Krimi HD">Barrandov Krimi HD</channel>
    <channel site="[ENC][EX]magio.tv[cz]_0" site_id="4456" xmltv_id="Barrandov TV HD">Barrandov TV HD</channel>
    <channel site="[ENC][EX]magio.tv[cz]_0" site_id="6068" xmltv_id="Bloomberg Eu">Bloomberg Eu</channel>
    <channel site="[ENC][EX]magio.tv[cz]_0" site_id="4492" xmltv_id="Brazzers TV Europe">Brazzers TV Europe</channel>
    <channel site="[ENC][EX]magio.tv[cz]_0" site_id="4565" xmltv_id="CANAL+ Action HD">CANAL+ Action HD</channel>
    <channel site="[ENC][EX]magio.tv[cz]_0" site_id="4560" xmltv_id="CANAL+ Sport 2 HD">CANAL+ Sport 2 HD</channel>
    <channel site="[ENC][EX]magio.tv[cz]_0" site_id="4561" xmltv_id="CANAL+ Sport 3 HD">CANAL+ Sport 3 HD</channel>
    <channel site="[ENC][EX]magio.tv[cz]_0" site_id="4562" xmltv_id="CANAL+ Sport 4 HD">CANAL+ Sport 4 HD</channel>
    <channel site="[ENC][EX]magio.tv[cz]_0" site_id="4563" xmltv_id="CANAL+ Sport 5 HD">CANAL+ Sport 5 HD</channel>
    <channel site="[ENC][EX]magio.tv[cz]_0" site_id="4564" xmltv_id="CANAL+ Sport 6 HD">CANAL+ Sport 6 HD</channel>
    <channel site="[ENC][EX]magio.tv[cz]_0" site_id="4559" xmltv_id="CANAL+ Sport HD">CANAL+ Sport HD</channel>
    <channel site="[ENC][EX]magio.tv[cz]_0" site_id="4475" xmltv_id="CNBC">CNBC</channel>
    <channel site="[ENC][EX]magio.tv[cz]_0" site_id="6070" xmltv_id="CNN Intl. Europe">CNN Intl. Europe</channel>
    <channel site="[ENC][EX]magio.tv[cz]_0" site_id="6115" xmltv_id="CNN Prima News HD">CNN Prima News HD</channel>
    <channel site="[ENC][EX]magio.tv[cz]_0" site_id="29" xmltv_id="CS Film-CS Horror">CS Film-CS Horror</channel>
    <channel site="[ENC][EX]magio.tv[cz]_0" site_id="6082" xmltv_id="CS History">CS History</channel>
    <channel site="[ENC][EX]magio.tv[cz]_0" site_id="6048" xmltv_id="CS Mystery">CS Mystery</channel>
    <channel site="[ENC][EX]magio.tv[cz]_0" site_id="6069" xmltv_id="Canal 24 Horas">Canal 24 Horas</channel>
    <channel site="[ENC][EX]magio.tv[cz]_0" site_id="6079" xmltv_id="Cartoon Network">Cartoon Network</channel>
    <channel site="[ENC][EX]magio.tv[cz]_0" site_id="4313" xmltv_id="Cartoon Network HD">Cartoon Network HD</channel>
    <channel site="[ENC][EX]magio.tv[cz]_0" site_id="4582" xmltv_id="Cartoonito HD">Cartoonito HD</channel>
    <channel site="[ENC][EX]magio.tv[cz]_0" site_id="6091" xmltv_id="Cinemax 2 HD">Cinemax 2 HD</channel>
    <channel site="[ENC][EX]magio.tv[cz]_0" site_id="6090" xmltv_id="Cinemax HD">Cinemax HD</channel>
    <channel site="[ENC][EX]magio.tv[cz]_0" site_id="6058" xmltv_id="Club MTV">Club MTV</channel>
    <channel site="[ENC][EX]magio.tv[cz]_0" site_id="6046" xmltv_id="Crime and Inv.">Crime and Inv.</channel>
    <channel site="[ENC][EX]magio.tv[cz]_0" site_id="4576" xmltv_id="ČT 1 JZC HD">ČT 1 JZC HD</channel>
    <channel site="[ENC][EX]magio.tv[cz]_0" site_id="4575" xmltv_id="ČT 1 SVC HD">ČT 1 SVC HD</channel>
    <channel site="[ENC][EX]magio.tv[cz]_0" site_id="6108" xmltv_id="ČT :D - ČT Art HD">ČT :D - ČT Art HD</channel>
    <channel site="[ENC][EX]magio.tv[cz]_0" site_id="6104" xmltv_id="ČT JM HD">ČT JM HD</channel>
    <channel site="[ENC][EX]magio.tv[cz]_0" site_id="6103" xmltv_id="ČT SM HD">ČT SM HD</channel>
    <channel site="[ENC][EX]magio.tv[cz]_0" site_id="6105" xmltv_id="ČT Sport HD">ČT Sport HD</channel>
    <channel site="[ENC][EX]magio.tv[cz]_0" site_id="6054" xmltv_id="ČT1 HD">ČT1 HD</channel>
    <channel site="[ENC][EX]magio.tv[cz]_0" site_id="4076" xmltv_id="ČT1 HD Optik">ČT1 HD Optik</channel>
    <channel site="[ENC][EX]magio.tv[cz]_0" site_id="6053" xmltv_id="ČT2 HD">ČT2 HD</channel>
    <channel site="[ENC][EX]magio.tv[cz]_0" site_id="6024" xmltv_id="ČT24 HD">ČT24 HD</channel>
    <channel site="[ENC][EX]magio.tv[cz]_0" site_id="4130" xmltv_id="Deutsche Welle">Deutsche Welle</channel>
    <channel site="[ENC][EX]magio.tv[cz]_0" site_id="4571" xmltv_id="Disc. Turbo Xtra HD">Disc. Turbo Xtra HD</channel>
    <channel site="[ENC][EX]magio.tv[cz]_0" site_id="6085" xmltv_id="Discovery Channel HD">Discovery Channel HD</channel>
    <channel site="[ENC][EX]magio.tv[cz]_0" site_id="4152" xmltv_id="Discovery Science HD">Discovery Science HD</channel>
    <channel site="[ENC][EX]magio.tv[cz]_0" site_id="15" xmltv_id="Disney Channel">Disney Channel</channel>
    <channel site="[ENC][EX]magio.tv[cz]_0" site_id="6021" xmltv_id="Dorcel TV HD">Dorcel TV HD</channel>
    <channel site="[ENC][EX]magio.tv[cz]_0" site_id="6097" xmltv_id="Dorcel XXX HD">Dorcel XXX HD</channel>
    <channel site="[ENC][EX]magio.tv[cz]_0" site_id="4577" xmltv_id="Duck TV HD">Duck TV HD</channel>
    <channel site="[ENC][EX]magio.tv[cz]_0" site_id="6047" xmltv_id="Dusk TV">Dusk TV</channel>
    <channel site="[ENC][EX]magio.tv[cz]_0" site_id="4146" xmltv_id="Dvojka HD">Dvojka HD</channel>
    <channel site="[ENC][EX]magio.tv[cz]_0" site_id="4326" xmltv_id="Epic Drama HD">Epic Drama HD</channel>
    <channel site="[ENC][EX]magio.tv[cz]_0" site_id="4491" xmltv_id="Erox HD">Erox HD</channel>
    <channel site="[ENC][EX]magio.tv[cz]_0" site_id="6061" xmltv_id="Eroxxx HD">Eroxxx HD</channel>
    <channel site="[ENC][EX]magio.tv[cz]_0" site_id="6081" xmltv_id="Euronews">Euronews</channel>
    <channel site="[ENC][EX]magio.tv[cz]_0" site_id="6016" xmltv_id="Eurosport 1 HD">Eurosport 1 HD</channel>
    <channel site="[ENC][EX]magio.tv[cz]_0" site_id="6040" xmltv_id="Eurosport 2 HD">Eurosport 2 HD</channel>
    <channel site="[ENC][EX]magio.tv[cz]_0" site_id="4465" xmltv_id="Extreme sports">Extreme sports</channel>
    <channel site="[ENC][EX]magio.tv[cz]_0" site_id="6084" xmltv_id="FILM+ HD">FILM+ HD</channel>
    <channel site="[ENC][EX]magio.tv[cz]_0" site_id="4323" xmltv_id="FREEDOM">FREEDOM</channel>
    <channel site="[ENC][EX]magio.tv[cz]_0" site_id="6007" xmltv_id="Fashion TV">Fashion TV</channel>
    <channel site="[ENC][EX]magio.tv[cz]_0" site_id="4122" xmltv_id="Fightbox HD">Fightbox HD</channel>
    <channel site="[ENC][EX]magio.tv[cz]_0" site_id="6018" xmltv_id="Film Europe +">Film Europe +</channel>
    <channel site="[ENC][EX]magio.tv[cz]_0" site_id="6039" xmltv_id="Film Europe HD">Film Europe HD</channel>
    <channel site="[ENC][EX]magio.tv[cz]_0" site_id="6020" xmltv_id="Filmbox Extra HD">Filmbox Extra HD</channel>
    <channel site="[ENC][EX]magio.tv[cz]_0" site_id="6028" xmltv_id="Filmbox Family">Filmbox Family</channel>
    <channel site="[ENC][EX]magio.tv[cz]_0" site_id="4512" xmltv_id="Filmbox HD">Filmbox HD</channel>
    <channel site="[ENC][EX]magio.tv[cz]_0" site_id="6062" xmltv_id="Filmbox Premium HD">Filmbox Premium HD</channel>
    <channel site="[ENC][EX]magio.tv[cz]_0" site_id="6029" xmltv_id="Filmbox Stars">Filmbox Stars</channel>
    <channel site="[ENC][EX]magio.tv[cz]_0" site_id="4568" xmltv_id="Filmbox Stars HD">Filmbox Stars HD</channel>
    <channel site="[ENC][EX]magio.tv[cz]_0" site_id="6022" xmltv_id="Fishing and Hunting">Fishing and Hunting</channel>
    <channel site="[ENC][EX]magio.tv[cz]_0" site_id="4578" xmltv_id="Food Network HD">Food Network HD</channel>
    <channel site="[ENC][EX]magio.tv[cz]_0" site_id="6026" xmltv_id="France 24">France 24</channel>
    <channel site="[ENC][EX]magio.tv[cz]_0" site_id="6034" xmltv_id="Ginx eSports TV">Ginx eSports TV</channel>
    <channel site="[ENC][EX]magio.tv[cz]_0" site_id="4567" xmltv_id="Ginx eSports TV HD">Ginx eSports TV HD</channel>
    <channel site="[ENC][EX]magio.tv[cz]_0" site_id="6033" xmltv_id="Golf Channel HD">Golf Channel HD</channel>
    <channel site="[ENC][EX]magio.tv[cz]_0" site_id="6012" xmltv_id="HBO HD">HBO HD</channel>
    <channel site="[ENC][EX]magio.tv[cz]_0" site_id="6071" xmltv_id="HBO2 HD">HBO2 HD</channel>
    <channel site="[ENC][EX]magio.tv[cz]_0" site_id="6072" xmltv_id="HBO3 HD">HBO3 HD</channel>
    <channel site="[ENC][EX]magio.tv[cz]_0" site_id="6014" xmltv_id="History HD">History HD</channel>
    <channel site="[ENC][EX]magio.tv[cz]_0" site_id="4135" xmltv_id="ID">ID</channel>
    <channel site="[ENC][EX]magio.tv[cz]_0" site_id="4226" xmltv_id="ID HD">ID HD</channel>
    <channel site="[ENC][EX]magio.tv[cz]_0" site_id="6110" xmltv_id="Info TV Brno">Info TV Brno</channel>
    <channel site="[ENC][EX]magio.tv[cz]_0" site_id="6052" xmltv_id="JOJ Cinema HD">JOJ Cinema HD</channel>
    <channel site="[ENC][EX]magio.tv[cz]_0" site_id="4461" xmltv_id="JOJ Family HD">JOJ Family HD</channel>
    <channel site="[ENC][EX]magio.tv[cz]_0" site_id="4099" xmltv_id="Jednotka HD">Jednotka HD</channel>
    <channel site="[ENC][EX]magio.tv[cz]_0" site_id="6107" xmltv_id="Jihočeská TV">Jihočeská TV</channel>
    <channel site="[ENC][EX]magio.tv[cz]_0" site_id="6017" xmltv_id="Jim Jam">Jim Jam</channel>
    <channel site="[ENC][EX]magio.tv[cz]_0" site_id="4570" xmltv_id="Kino Barrandov HD">Kino Barrandov HD</channel>
    <channel site="[ENC][EX]magio.tv[cz]_0" site_id="6056" xmltv_id="LEO TV">LEO TV</channel>
    <channel site="[ENC][EX]magio.tv[cz]_0" site_id="4507" xmltv_id="LaLa TV HD">LaLa TV HD</channel>
    <channel site="[ENC][EX]magio.tv[cz]_0" site_id="6098" xmltv_id="Leo TV Gold HD">Leo TV Gold HD</channel>
    <channel site="[ENC][EX]magio.tv[cz]_0" site_id="6003" xmltv_id="MTV">MTV</channel>
    <channel site="[ENC][EX]magio.tv[cz]_0" site_id="6004" xmltv_id="MTV 00s">MTV 00s</channel>
    <channel site="[ENC][EX]magio.tv[cz]_0" site_id="4308" xmltv_id="MTV 80s">MTV 80s</channel>
    <channel site="[ENC][EX]magio.tv[cz]_0" site_id="6059" xmltv_id="MTV 90s">MTV 90s</channel>
    <channel site="[ENC][EX]magio.tv[cz]_0" site_id="6057" xmltv_id="MTV Hits">MTV Hits</channel>
    <channel site="[ENC][EX]magio.tv[cz]_0" site_id="4119" xmltv_id="MTV Live HD">MTV Live HD</channel>
    <channel site="[ENC][EX]magio.tv[cz]_0" site_id="4494" xmltv_id="Magenta TV">Magenta TV</channel>
    <channel site="[ENC][EX]magio.tv[cz]_0" site_id="4460" xmltv_id="Markíza Int. HD">Markíza Int. HD</channel>
    <channel site="[ENC][EX]magio.tv[cz]_0" site_id="38" xmltv_id="Minimax">Minimax</channel>
    <channel site="[ENC][EX]magio.tv[cz]_0" site_id="6015" xmltv_id="NGC HD">NGC HD</channel>
    <channel site="[ENC][EX]magio.tv[cz]_0" site_id="6060" xmltv_id="NGC Wild HD">NGC Wild HD</channel>
    <channel site="[ENC][EX]magio.tv[cz]_0" site_id="6087" xmltv_id="NOE">NOE</channel>
    <channel site="[ENC][EX]magio.tv[cz]_0" site_id="6106" xmltv_id="Náš Region TV">Náš Region TV</channel>
    <channel site="[ENC][EX]magio.tv[cz]_0" site_id="6027" xmltv_id="Nick Jr.">Nick Jr.</channel>
    <channel site="[ENC][EX]magio.tv[cz]_0" site_id="6099" xmltv_id="Nick Toons">Nick Toons</channel>
    <channel site="[ENC][EX]magio.tv[cz]_0" site_id="4052" xmltv_id="Nickelodeon">Nickelodeon</channel>
    <channel site="[ENC][EX]magio.tv[cz]_0" site_id="4552" xmltv_id="Nickelodeon Ukraine">Nickelodeon Ukraine</channel>
    <channel site="[ENC][EX]magio.tv[cz]_0" site_id="4455" xmltv_id="Nova Action HD">Nova Action HD</channel>
    <channel site="[ENC][EX]magio.tv[cz]_0" site_id="4462" xmltv_id="Nova Cinema HD">Nova Cinema HD</channel>
    <channel site="[ENC][EX]magio.tv[cz]_0" site_id="4453" xmltv_id="Nova FUN HD">Nova FUN HD</channel>
    <channel site="[ENC][EX]magio.tv[cz]_0" site_id="4454" xmltv_id="Nova Gold HD">Nova Gold HD</channel>
    <channel site="[ENC][EX]magio.tv[cz]_0" site_id="4451" xmltv_id="Nova HD">Nova HD</channel>
    <channel site="[ENC][EX]magio.tv[cz]_0" site_id="6125" xmltv_id="Nova Lady HD">Nova Lady HD</channel>
    <channel site="[ENC][EX]magio.tv[cz]_0" site_id="6042" xmltv_id="Nova Sport 1 HD">Nova Sport 1 HD</channel>
    <channel site="[ENC][EX]magio.tv[cz]_0" site_id="6073" xmltv_id="Nova Sport 2 HD">Nova Sport 2 HD</channel>
    <channel site="[ENC][EX]magio.tv[cz]_0" site_id="6122" xmltv_id="Nova Sport 3 HD">Nova Sport 3 HD</channel>
    <channel site="[ENC][EX]magio.tv[cz]_0" site_id="6123" xmltv_id="Nova Sport 4 HD">Nova Sport 4 HD</channel>
    <channel site="[ENC][EX]magio.tv[cz]_0" site_id="4508" xmltv_id="ORF 2">ORF 2</channel>
    <channel site="[ENC][EX]magio.tv[cz]_0" site_id="6011" xmltv_id="ORF1">ORF1</channel>
    <channel site="[ENC][EX]magio.tv[cz]_0" site_id="4506" xmltv_id="Óčko Black HD">Óčko Black HD</channel>
    <channel site="[ENC][EX]magio.tv[cz]_0" site_id="4505" xmltv_id="Óčko Expres HD">Óčko Expres HD</channel>
    <channel site="[ENC][EX]magio.tv[cz]_0" site_id="4499" xmltv_id="Óčko HD">Óčko HD</channel>
    <channel site="[ENC][EX]magio.tv[cz]_0" site_id="4500" xmltv_id="Óčko Star HD">Óčko Star HD</channel>
    <channel site="[ENC][EX]magio.tv[cz]_0" site_id="4487" xmltv_id="PLAYBOY TV">PLAYBOY TV</channel>
    <channel site="[ENC][EX]magio.tv[cz]_0" site_id="6096" xmltv_id="PREMIER SPORT 1 HD">PREMIER SPORT 1 HD</channel>
    <channel site="[ENC][EX]magio.tv[cz]_0" site_id="6121" xmltv_id="PREMIER SPORT 2 HD">PREMIER SPORT 2 HD</channel>
    <channel site="[ENC][EX]magio.tv[cz]_0" site_id="4579" xmltv_id="Paramount Network HD">Paramount Network HD</channel>
    <channel site="[ENC][EX]magio.tv[cz]_0" site_id="6109" xmltv_id="Polar">Polar</channel>
    <channel site="[ENC][EX]magio.tv[cz]_0" site_id="4526" xmltv_id="Posl.Sněmovna pult">Posl.Sněmovna pult</channel>
    <channel site="[ENC][EX]magio.tv[cz]_0" site_id="4524" xmltv_id="Poslanecká Sněmovna">Poslanecká Sněmovna</channel>
    <channel site="[ENC][EX]magio.tv[cz]_0" site_id="6113" xmltv_id="Praha TV">Praha TV</channel>
    <channel site="[ENC][EX]magio.tv[cz]_0" site_id="6032" xmltv_id="Prima Cool HD">Prima Cool HD</channel>
    <channel site="[ENC][EX]magio.tv[cz]_0" site_id="4452" xmltv_id="Prima HD">Prima HD</channel>
    <channel site="[ENC][EX]magio.tv[cz]_0" site_id="4331" xmltv_id="Prima Krimi HD">Prima Krimi HD</channel>
    <channel site="[ENC][EX]magio.tv[cz]_0" site_id="6031" xmltv_id="Prima LOVE HD">Prima LOVE HD</channel>
    <channel site="[ENC][EX]magio.tv[cz]_0" site_id="6064" xmltv_id="Prima Max HD">Prima Max HD</channel>
    <channel site="[ENC][EX]magio.tv[cz]_0" site_id="6124" xmltv_id="Prima Show HD">Prima Show HD</channel>
    <channel site="[ENC][EX]magio.tv[cz]_0" site_id="6119" xmltv_id="Prima Star HD">Prima Star HD</channel>
    <channel site="[ENC][EX]magio.tv[cz]_0" site_id="4470" xmltv_id="Prima Zoom HD">Prima Zoom HD</channel>
    <channel site="[ENC][EX]magio.tv[cz]_0" site_id="6086" xmltv_id="RETRO Music TV">RETRO Music TV</channel>
    <channel site="[ENC][EX]magio.tv[cz]_0" site_id="4480" xmltv_id="Rai 1">Rai 1</channel>
    <channel site="[ENC][EX]magio.tv[cz]_0" site_id="6114" xmltv_id="Regionální TV TVS">Regionální TV TVS</channel>
    <channel site="[ENC][EX]magio.tv[cz]_0" site_id="4459" xmltv_id="Relax">Relax</channel>
    <channel site="[ENC][EX]magio.tv[cz]_0" site_id="6100" xmltv_id="STRIKE TV HD">STRIKE TV HD</channel>
    <channel site="[ENC][EX]magio.tv[cz]_0" site_id="4525" xmltv_id="Senát">Senát</channel>
    <channel site="[ENC][EX]magio.tv[cz]_0" site_id="35" xmltv_id="Spektrum HD">Spektrum HD</channel>
    <channel site="[ENC][EX]magio.tv[cz]_0" site_id="6019" xmltv_id="Spektrum Home">Spektrum Home</channel>
    <channel site="[ENC][EX]magio.tv[cz]_0" site_id="4466" xmltv_id="Sport 5">Sport 5</channel>
    <channel site="[ENC][EX]magio.tv[cz]_0" site_id="6050" xmltv_id="Sport1 HD">Sport1 HD</channel>
    <channel site="[ENC][EX]magio.tv[cz]_0" site_id="6041" xmltv_id="Sport2 HD">Sport2 HD</channel>
    <channel site="[ENC][EX]magio.tv[cz]_0" site_id="6093" xmltv_id="Stingray Classica HD">Stingray Classica HD</channel>
    <channel site="[ENC][EX]magio.tv[cz]_0" site_id="6078" xmltv_id="Stingray Djazz HD">Stingray Djazz HD</channel>
    <channel site="[ENC][EX]magio.tv[cz]_0" site_id="4528" xmltv_id="Šláger Muzika HD">Šláger Muzika HD</channel>
    <channel site="[ENC][EX]magio.tv[cz]_0" site_id="4574" xmltv_id="Šláger Originál HD">Šláger Originál HD</channel>
    <channel site="[ENC][EX]magio.tv[cz]_0" site_id="6118" xmltv_id="Šlágr Premium HD">Šlágr Premium HD</channel>
    <channel site="[ENC][EX]magio.tv[cz]_0" site_id="4075" xmltv_id="TA3 HD">TA3 HD</channel>
    <channel site="[ENC][EX]magio.tv[cz]_0" site_id="4572" xmltv_id="TLC HD">TLC HD</channel>
    <channel site="[ENC][EX]magio.tv[cz]_0" site_id="4320" xmltv_id="TV 1000 Russkoe Kino">TV 1000 Russkoe Kino</channel>
    <channel site="[ENC][EX]magio.tv[cz]_0" site_id="6111" xmltv_id="TV Brno 1">TV Brno 1</channel>
    <channel site="[ENC][EX]magio.tv[cz]_0" site_id="6088" xmltv_id="TV REBEL">TV REBEL</channel>
    <channel site="[ENC][EX]magio.tv[cz]_0" site_id="4554" xmltv_id="TV RiK HD">TV RiK HD</channel>
    <channel site="[ENC][EX]magio.tv[cz]_0" site_id="4581" xmltv_id="TV Spark">TV Spark</channel>
    <channel site="[ENC][EX]magio.tv[cz]_0" site_id="4477" xmltv_id="TV5 Monde">TV5 Monde</channel>
    <channel site="[ENC][EX]magio.tv[cz]_0" site_id="4481" xmltv_id="TVP Polonia">TVP Polonia</channel>
    <channel site="[ENC][EX]magio.tv[cz]_0" site_id="6092" xmltv_id="Televize Seznam HD">Televize Seznam HD</channel>
    <channel site="[ENC][EX]magio.tv[cz]_0" site_id="6008" xmltv_id="Travel Channel HD">Travel Channel HD</channel>
    <channel site="[ENC][EX]magio.tv[cz]_0" site_id="6080" xmltv_id="Travel XP HD">Travel XP HD</channel>
    <channel site="[ENC][EX]magio.tv[cz]_0" site_id="222001" xmltv_id="VOD in EPG test">VOD in EPG test</channel>
    <channel site="[ENC][EX]magio.tv[cz]_0" site_id="4501" xmltv_id="Viasat Explore HD">Viasat Explore HD</channel>
    <channel site="[ENC][EX]magio.tv[cz]_0" site_id="4502" xmltv_id="Viasat History HD">Viasat History HD</channel>
    <channel site="[ENC][EX]magio.tv[cz]_0" site_id="4503" xmltv_id="Viasat Nature HD">Viasat Nature HD</channel>
    <channel site="[ENC][EX]magio.tv[cz]_0" site_id="6051" xmltv_id="XMO">XMO</channel>
    <channel site="[ENC][EX]magio.tv[cz]_0" site_id="4479" xmltv_id="ZDF">ZDF</channel>
  </channels>
</site>