<?xml version="1.0" encoding="UTF-8"?>
<site generator-info-name="Tempest EPG Generator (made by Kvanc)" generator-info-url="https://github.com/K-vanc/Tempest-EPG-Generator.git" site="[ENC][EX]sledovanitv.cz_0">
  <channels>
    <channel site="[ENC][EX]sledovanitv.cz_0" site_id="0|##|ct1" xmltv_id="ČT1">ČT1</channel>
    <channel site="[ENC][EX]sledovanitv.cz_0" site_id="0|##|ct2" xmltv_id="ČT2">ČT2</channel>
    <channel site="[ENC][EX]sledovanitv.cz_0" site_id="0|##|ct24" xmltv_id="ČT24">ČT24</channel>
    <channel site="[ENC][EX]sledovanitv.cz_0" site_id="0|##|ct4sport" xmltv_id="ČT Sport">ČT Sport</channel>
    <channel site="[ENC][EX]sledovanitv.cz_0" site_id="0|##|primafamily" xmltv_id="Prima">Prima</channel>
    <channel site="[ENC][EX]sledovanitv.cz_0" site_id="0|##|primacool" xmltv_id="Prima COOL">Prima COOL</channel>
    <channel site="[ENC][EX]sledovanitv.cz_0" site_id="0|##|prima_max" xmltv_id="Prima Max">Prima Max</channel>
    <channel site="[ENC][EX]sledovanitv.cz_0" site_id="0|##|prima_show" xmltv_id="Prima Show">Prima Show</channel>
    <channel site="[ENC][EX]sledovanitv.cz_0" site_id="0|##|prima_krimi" xmltv_id="Prima Krimi">Prima Krimi</channel>
    <channel site="[ENC][EX]sledovanitv.cz_0" site_id="0|##|ct3" xmltv_id="ČT3">ČT3</channel>
    <channel site="[ENC][EX]sledovanitv.cz_0" site_id="0|##|ctdecko" xmltv_id="Déčko">Déčko</channel>
    <channel site="[ENC][EX]sledovanitv.cz_0" site_id="0|##|ctart" xmltv_id="ČT art">ČT art</channel>
    <channel site="[ENC][EX]sledovanitv.cz_0" site_id="0|##|ct1jm" xmltv_id="ČT1 JM">ČT1 JM</channel>
    <channel site="[ENC][EX]sledovanitv.cz_0" site_id="0|##|ct1sm" xmltv_id="ČT1 SM">ČT1 SM</channel>
    <channel site="[ENC][EX]sledovanitv.cz_0" site_id="0|##|primalove" xmltv_id="Prima Love">Prima Love</channel>
    <channel site="[ENC][EX]sledovanitv.cz_0" site_id="0|##|primazoom" xmltv_id="Prima Zoom">Prima Zoom</channel>
    <channel site="[ENC][EX]sledovanitv.cz_0" site_id="0|##|prima_news" xmltv_id="CNN Prima News">CNN Prima News</channel>
    <channel site="[ENC][EX]sledovanitv.cz_0" site_id="0|##|primacomedy" xmltv_id="Paramount Network">Paramount Network</channel>
    <channel site="[ENC][EX]sledovanitv.cz_0" site_id="0|##|prima_star" xmltv_id="Prima Star">Prima Star</channel>
    <channel site="[ENC][EX]sledovanitv.cz_0" site_id="0|##|Seznam" xmltv_id="Televize Seznam">Televize Seznam</channel>
    <channel site="[ENC][EX]sledovanitv.cz_0" site_id="1|##|nova" xmltv_id="Nova">Nova</channel>
    <channel site="[ENC][EX]sledovanitv.cz_0" site_id="1|##|novacinema" xmltv_id="Nova Cinema">Nova Cinema</channel>
    <channel site="[ENC][EX]sledovanitv.cz_0" site_id="1|##|fanda" xmltv_id="Nova Action">Nova Action</channel>
    <channel site="[ENC][EX]sledovanitv.cz_0" site_id="1|##|smichov" xmltv_id="Nova Fun">Nova Fun</channel>
    <channel site="[ENC][EX]sledovanitv.cz_0" site_id="1|##|telka" xmltv_id="Nova Gold">Nova Gold</channel>
    <channel site="[ENC][EX]sledovanitv.cz_0" site_id="1|##|nova_lady" xmltv_id="Nova Lady">Nova Lady</channel>
    <channel site="[ENC][EX]sledovanitv.cz_0" site_id="1|##|nova_sport" xmltv_id="Nova Sport 1">Nova Sport 1</channel>
    <channel site="[ENC][EX]sledovanitv.cz_0" site_id="1|##|nova_sport2" xmltv_id="Nova Sport 2">Nova Sport 2</channel>
    <channel site="[ENC][EX]sledovanitv.cz_0" site_id="1|##|stv1" xmltv_id="Jednotka">Jednotka</channel>
    <channel site="[ENC][EX]sledovanitv.cz_0" site_id="1|##|stv2" xmltv_id="Dvojka">Dvojka</channel>
    <channel site="[ENC][EX]sledovanitv.cz_0" site_id="1|##|jojcinema" xmltv_id="JOJ Cinema">JOJ Cinema</channel>
    <channel site="[ENC][EX]sledovanitv.cz_0" site_id="1|##|jojfamily" xmltv_id="JOJ Family">JOJ Family</channel>
    <channel site="[ENC][EX]sledovanitv.cz_0" site_id="1|##|markizaint" xmltv_id="Markíza International">Markíza International</channel>
    <channel site="[ENC][EX]sledovanitv.cz_0" site_id="1|##|HBO" xmltv_id="HBO">HBO</channel>
    <channel site="[ENC][EX]sledovanitv.cz_0" site_id="1|##|HBO2" xmltv_id="HBO 2">HBO 2</channel>
    <channel site="[ENC][EX]sledovanitv.cz_0" site_id="1|##|hbo_comedy" xmltv_id="HBO 3">HBO 3</channel>
    <channel site="[ENC][EX]sledovanitv.cz_0" site_id="1|##|cinemax1" xmltv_id="Cinemax 1">Cinemax 1</channel>
    <channel site="[ENC][EX]sledovanitv.cz_0" site_id="1|##|cinemax2" xmltv_id="Cinemax 2">Cinemax 2</channel>
    <channel site="[ENC][EX]sledovanitv.cz_0" site_id="1|##|filmbox" xmltv_id="FilmBox">FilmBox</channel>
    <channel site="[ENC][EX]sledovanitv.cz_0" site_id="1|##|FilmboxHD" xmltv_id="Filmbox Extra HD">Filmbox Extra HD</channel>
    <channel site="[ENC][EX]sledovanitv.cz_0" site_id="2|##|FilmboxExtra" xmltv_id="FilmBox Premium">FilmBox Premium</channel>
    <channel site="[ENC][EX]sledovanitv.cz_0" site_id="2|##|FilmboxFamily" xmltv_id="FilmBox Family">FilmBox Family</channel>
    <channel site="[ENC][EX]sledovanitv.cz_0" site_id="2|##|360TuneBox" xmltv_id="360TuneBox">360TuneBox</channel>
    <channel site="[ENC][EX]sledovanitv.cz_0" site_id="2|##|DocuBoxHD" xmltv_id="DocuBox">DocuBox</channel>
    <channel site="[ENC][EX]sledovanitv.cz_0" site_id="2|##|stv24" xmltv_id="RTVS :24">RTVS :24</channel>
    <channel site="[ENC][EX]sledovanitv.cz_0" site_id="2|##|FashionboxHD" xmltv_id="FashionBox">FashionBox</channel>
    <channel site="[ENC][EX]sledovanitv.cz_0" site_id="2|##|FightboxHD" xmltv_id="FightBox">FightBox</channel>
    <channel site="[ENC][EX]sledovanitv.cz_0" site_id="2|##|Fastnfunbox" xmltv_id="Fast &amp; Fun Box">Fast &amp; Fun Box</channel>
    <channel site="[ENC][EX]sledovanitv.cz_0" site_id="2|##|FilmboxArthouse" xmltv_id="Filmbox Arthouse">Filmbox Arthouse</channel>
    <channel site="[ENC][EX]sledovanitv.cz_0" site_id="2|##|filmboxplus" xmltv_id="Filmbox Stars">Filmbox Stars</channel>
    <channel site="[ENC][EX]sledovanitv.cz_0" site_id="2|##|barrandov" xmltv_id="TV Barrandov">TV Barrandov</channel>
    <channel site="[ENC][EX]sledovanitv.cz_0" site_id="2|##|barrandovplus" xmltv_id="Barrandov Krimi">Barrandov Krimi</channel>
    <channel site="[ENC][EX]sledovanitv.cz_0" site_id="2|##|kinobarrandov" xmltv_id="Kino Barrandov">Kino Barrandov</channel>
    <channel site="[ENC][EX]sledovanitv.cz_0" site_id="2|##|axn" xmltv_id="AXN">AXN</channel>
    <channel site="[ENC][EX]sledovanitv.cz_0" site_id="2|##|axnblack" xmltv_id="AXN Black">AXN Black</channel>
    <channel site="[ENC][EX]sledovanitv.cz_0" site_id="2|##|axnwhite" xmltv_id="AXN White">AXN White</channel>
    <channel site="[ENC][EX]sledovanitv.cz_0" site_id="2|##|Film_Europe" xmltv_id="Film Europe">Film Europe</channel>
    <channel site="[ENC][EX]sledovanitv.cz_0" site_id="2|##|Kino_CS" xmltv_id="Film Europe + HD">Film Europe + HD</channel>
    <channel site="[ENC][EX]sledovanitv.cz_0" site_id="2|##|cs_film" xmltv_id="CS Film">CS Film</channel>
    <channel site="[ENC][EX]sledovanitv.cz_0" site_id="2|##|kinosvet" xmltv_id="CS Mystery">CS Mystery</channel>
    <channel site="[ENC][EX]sledovanitv.cz_0" site_id="3|##|horor_film" xmltv_id="CS Horror">CS Horror</channel>
    <channel site="[ENC][EX]sledovanitv.cz_0" site_id="3|##|war" xmltv_id="CS History">CS History</channel>
    <channel site="[ENC][EX]sledovanitv.cz_0" site_id="3|##|amc" xmltv_id="AMC">AMC</channel>
    <channel site="[ENC][EX]sledovanitv.cz_0" site_id="3|##|film_plus" xmltv_id="Film+">Film+</channel>
    <channel site="[ENC][EX]sledovanitv.cz_0" site_id="3|##|travelxp" xmltv_id="Travelxp">Travelxp</channel>
    <channel site="[ENC][EX]sledovanitv.cz_0" site_id="3|##|love_nature" xmltv_id="Love Nature 4K">Love Nature 4K</channel>
    <channel site="[ENC][EX]sledovanitv.cz_0" site_id="3|##|nat_geo_wild" xmltv_id="National Geographic Wild">National Geographic Wild</channel>
    <channel site="[ENC][EX]sledovanitv.cz_0" site_id="3|##|NGC_HD" xmltv_id="National Geographic HD">National Geographic HD</channel>
    <channel site="[ENC][EX]sledovanitv.cz_0" site_id="3|##|animal_planet" xmltv_id="Animal Planet">Animal Planet</channel>
    <channel site="[ENC][EX]sledovanitv.cz_0" site_id="3|##|travelhd" xmltv_id="Travel Channel HD">Travel Channel HD</channel>
    <channel site="[ENC][EX]sledovanitv.cz_0" site_id="3|##|spektrum" xmltv_id="Spektrum">Spektrum</channel>
    <channel site="[ENC][EX]sledovanitv.cz_0" site_id="3|##|spektrum_home" xmltv_id="Spektrum home">Spektrum home</channel>
    <channel site="[ENC][EX]sledovanitv.cz_0" site_id="3|##|viasat_history" xmltv_id="Viasat History">Viasat History</channel>
    <channel site="[ENC][EX]sledovanitv.cz_0" site_id="3|##|viasat_explore" xmltv_id="Viasat Explore">Viasat Explore</channel>
    <channel site="[ENC][EX]sledovanitv.cz_0" site_id="3|##|viasat_nature" xmltv_id="Viasat Nature">Viasat Nature</channel>
    <channel site="[ENC][EX]sledovanitv.cz_0" site_id="3|##|Discovery" xmltv_id="Discovery">Discovery</channel>
    <channel site="[ENC][EX]sledovanitv.cz_0" site_id="3|##|TLC" xmltv_id="Discovery : TLC">Discovery : TLC</channel>
    <channel site="[ENC][EX]sledovanitv.cz_0" site_id="3|##|Science" xmltv_id="Discovery Science">Discovery Science</channel>
    <channel site="[ENC][EX]sledovanitv.cz_0" site_id="3|##|world" xmltv_id="Discovery Turbo Xtra">Discovery Turbo Xtra</channel>
    <channel site="[ENC][EX]sledovanitv.cz_0" site_id="3|##|ID" xmltv_id="Investigation Discovery">Investigation Discovery</channel>
    <channel site="[ENC][EX]sledovanitv.cz_0" site_id="4|##|sat_crime_invest" xmltv_id="Crime and Investigation">Crime and Investigation</channel>
    <channel site="[ENC][EX]sledovanitv.cz_0" site_id="4|##|history" xmltv_id="History Channel">History Channel</channel>
    <channel site="[ENC][EX]sledovanitv.cz_0" site_id="4|##|arcadia" xmltv_id="Arcadia World">Arcadia World</channel>
    <channel site="[ENC][EX]sledovanitv.cz_0" site_id="4|##|nasatv" xmltv_id="NASA TV">NASA TV</channel>
    <channel site="[ENC][EX]sledovanitv.cz_0" site_id="4|##|nasatv_uhd" xmltv_id="NASA TV UHD">NASA TV UHD</channel>
    <channel site="[ENC][EX]sledovanitv.cz_0" site_id="4|##|Eurosport" xmltv_id="Eurosport">Eurosport</channel>
    <channel site="[ENC][EX]sledovanitv.cz_0" site_id="4|##|Eurosport2" xmltv_id="Eurosport2">Eurosport2</channel>
    <channel site="[ENC][EX]sledovanitv.cz_0" site_id="4|##|Sport1" xmltv_id="Sport1">Sport1</channel>
    <channel site="[ENC][EX]sledovanitv.cz_0" site_id="4|##|Sport2" xmltv_id="Sport2">Sport2</channel>
    <channel site="[ENC][EX]sledovanitv.cz_0" site_id="4|##|slovak_sport" xmltv_id="Arena sport 1">Arena sport 1</channel>
    <channel site="[ENC][EX]sledovanitv.cz_0" site_id="4|##|slovak_sport2" xmltv_id="Arena sport 2">Arena sport 2</channel>
    <channel site="[ENC][EX]sledovanitv.cz_0" site_id="4|##|auto_motor_sport" xmltv_id="Auto Motor Sport">Auto Motor Sport</channel>
    <channel site="[ENC][EX]sledovanitv.cz_0" site_id="4|##|golf" xmltv_id="Golf Channel">Golf Channel</channel>
    <channel site="[ENC][EX]sledovanitv.cz_0" site_id="4|##|fishinghunting" xmltv_id="Fishing&amp;Hunting">Fishing&amp;Hunting</channel>
    <channel site="[ENC][EX]sledovanitv.cz_0" site_id="4|##|ocko" xmltv_id="Óčko">Óčko</channel>
    <channel site="[ENC][EX]sledovanitv.cz_0" site_id="4|##|ockoHD" xmltv_id="Óčko HD">Óčko HD</channel>
    <channel site="[ENC][EX]sledovanitv.cz_0" site_id="4|##|ockogold" xmltv_id="Óčko STAR">Óčko STAR</channel>
    <channel site="[ENC][EX]sledovanitv.cz_0" site_id="4|##|ocko_starHD" xmltv_id="Óčko STAR HD">Óčko STAR HD</channel>
    <channel site="[ENC][EX]sledovanitv.cz_0" site_id="4|##|ocko_express" xmltv_id="Óčko Expres">Óčko Expres</channel>
    <channel site="[ENC][EX]sledovanitv.cz_0" site_id="4|##|ocko_expresHD" xmltv_id="Óčko EXPRES HD">Óčko EXPRES HD</channel>
    <channel site="[ENC][EX]sledovanitv.cz_0" site_id="5|##|ocko_blackHD" xmltv_id="Óčko BLACK HD">Óčko BLACK HD</channel>
    <channel site="[ENC][EX]sledovanitv.cz_0" site_id="5|##|pohoda" xmltv_id="Relax">Relax</channel>
    <channel site="[ENC][EX]sledovanitv.cz_0" site_id="5|##|rebel" xmltv_id="Rebel">Rebel</channel>
    <channel site="[ENC][EX]sledovanitv.cz_0" site_id="5|##|retro" xmltv_id="Retro">Retro</channel>
    <channel site="[ENC][EX]sledovanitv.cz_0" site_id="5|##|i_concerts" xmltv_id="iConcerts">iConcerts</channel>
    <channel site="[ENC][EX]sledovanitv.cz_0" site_id="5|##|mtv" xmltv_id="MTV">MTV</channel>
    <channel site="[ENC][EX]sledovanitv.cz_0" site_id="5|##|mtv_hits" xmltv_id="MTV Hits">MTV Hits</channel>
    <channel site="[ENC][EX]sledovanitv.cz_0" site_id="5|##|VH1" xmltv_id="MTV 00s">MTV 00s</channel>
    <channel site="[ENC][EX]sledovanitv.cz_0" site_id="5|##|deluxe" xmltv_id="Deluxe Music">Deluxe Music</channel>
    <channel site="[ENC][EX]sledovanitv.cz_0" site_id="5|##|slagr_premium" xmltv_id="Šláger Premium HD">Šláger Premium HD</channel>
    <channel site="[ENC][EX]sledovanitv.cz_0" site_id="5|##|slagr" xmltv_id="Šláger Originál">Šláger Originál</channel>
    <channel site="[ENC][EX]sledovanitv.cz_0" site_id="5|##|slagr2" xmltv_id="Šláger Muzika">Šláger Muzika</channel>
    <channel site="[ENC][EX]sledovanitv.cz_0" site_id="5|##|cartoon_network_hd" xmltv_id="Cartoon Network HD">Cartoon Network HD</channel>
    <channel site="[ENC][EX]sledovanitv.cz_0" site_id="5|##|cartoon_cz" xmltv_id="Cartoon Network CZ">Cartoon Network CZ</channel>
    <channel site="[ENC][EX]sledovanitv.cz_0" site_id="5|##|cartoon" xmltv_id="Cartoon Network EN">Cartoon Network EN</channel>
    <channel site="[ENC][EX]sledovanitv.cz_0" site_id="5|##|boomerang" xmltv_id="Boomerang">Boomerang</channel>
    <channel site="[ENC][EX]sledovanitv.cz_0" site_id="5|##|Nickelodeon" xmltv_id="Nickelodeon">Nickelodeon</channel>
    <channel site="[ENC][EX]sledovanitv.cz_0" site_id="5|##|nickjr" xmltv_id="Nick JR">Nick JR</channel>
    <channel site="[ENC][EX]sledovanitv.cz_0" site_id="5|##|nick_jr_en" xmltv_id="Nick JR EN">Nick JR EN</channel>
    <channel site="[ENC][EX]sledovanitv.cz_0" site_id="5|##|nickelodeon_pluto_ua" xmltv_id="Nickelodeon Ukraine">Nickelodeon Ukraine</channel>
    <channel site="[ENC][EX]sledovanitv.cz_0" site_id="6|##|Disney_Channel" xmltv_id="Disney Channel">Disney Channel</channel>
    <channel site="[ENC][EX]sledovanitv.cz_0" site_id="6|##|disney_junior" xmltv_id="Disney Junior">Disney Junior</channel>
    <channel site="[ENC][EX]sledovanitv.cz_0" site_id="6|##|Jim_Jam" xmltv_id="Jim Jam">Jim Jam</channel>
    <channel site="[ENC][EX]sledovanitv.cz_0" site_id="6|##|Minimax" xmltv_id="Minimax">Minimax</channel>
    <channel site="[ENC][EX]sledovanitv.cz_0" site_id="6|##|baby_tv" xmltv_id="Baby TV">Baby TV</channel>
    <channel site="[ENC][EX]sledovanitv.cz_0" site_id="6|##|rik2" xmltv_id="Rik">Rik</channel>
    <channel site="[ENC][EX]sledovanitv.cz_0" site_id="6|##|tv_paprika" xmltv_id="TV Paprika">TV Paprika</channel>
    <channel site="[ENC][EX]sledovanitv.cz_0" site_id="6|##|zaktv" xmltv_id="ZAK TV">ZAK TV</channel>
    <channel site="[ENC][EX]sledovanitv.cz_0" site_id="6|##|plzen_tv" xmltv_id="Plzeň TV">Plzeň TV</channel>
    <channel site="[ENC][EX]sledovanitv.cz_0" site_id="6|##|ustecko_tv" xmltv_id="Televize Ústeckého kraje">Televize Ústeckého kraje</channel>
    <channel site="[ENC][EX]sledovanitv.cz_0" site_id="6|##|bbc" xmltv_id="BBC World">BBC World</channel>
    <channel site="[ENC][EX]sledovanitv.cz_0" site_id="6|##|cnn" xmltv_id="CNN">CNN</channel>
    <channel site="[ENC][EX]sledovanitv.cz_0" site_id="6|##|tv5" xmltv_id="TV5MONDE">TV5MONDE</channel>
    <channel site="[ENC][EX]sledovanitv.cz_0" site_id="6|##|ta3" xmltv_id="TA3">TA3</channel>
    <channel site="[ENC][EX]sledovanitv.cz_0" site_id="6|##|sky_news" xmltv_id="Sky News">Sky News</channel>
    <channel site="[ENC][EX]sledovanitv.cz_0" site_id="6|##|france24" xmltv_id="France 24">France 24</channel>
    <channel site="[ENC][EX]sledovanitv.cz_0" site_id="6|##|france24_fr" xmltv_id="France 24 (FR)">France 24 (FR)</channel>
    <channel site="[ENC][EX]sledovanitv.cz_0" site_id="6|##|tvnoe" xmltv_id="TV Noe">TV Noe</channel>
    <channel site="[ENC][EX]sledovanitv.cz_0" site_id="6|##|TVlife" xmltv_id="Life TV">Life TV</channel>
    <channel site="[ENC][EX]sledovanitv.cz_0" site_id="6|##|natura" xmltv_id="TV Natura">TV Natura</channel>
    <channel site="[ENC][EX]sledovanitv.cz_0" site_id="7|##|tv_lux" xmltv_id="TV Lux">TV Lux</channel>
    <channel site="[ENC][EX]sledovanitv.cz_0" site_id="7|##|lounge" xmltv_id="Lounge TV">Lounge TV</channel>
    <channel site="[ENC][EX]sledovanitv.cz_0" site_id="7|##|chucktv" xmltv_id="Chuck TV">Chuck TV</channel>
    <channel site="[ENC][EX]sledovanitv.cz_0" site_id="7|##|hobby" xmltv_id="Hobby TV">Hobby TV</channel>
    <channel site="[ENC][EX]sledovanitv.cz_0" site_id="7|##|mnamtv" xmltv_id="TV Mňam">TV Mňam</channel>
    <channel site="[ENC][EX]sledovanitv.cz_0" site_id="7|##|mnau" xmltv_id="TV Mňau">TV Mňau</channel>
    <channel site="[ENC][EX]sledovanitv.cz_0" site_id="7|##|haha_tv" xmltv_id="HaHa TV">HaHa TV</channel>
    <channel site="[ENC][EX]sledovanitv.cz_0" site_id="7|##|zoo_brno_a_vesnice" xmltv_id="Zoo Brno - Africká vesnice">Zoo Brno - Africká vesnice</channel>
    <channel site="[ENC][EX]sledovanitv.cz_0" site_id="7|##|zoo_brno_m_kamcatsky" xmltv_id="Zoo Brno - Medvěd kamčatský">Zoo Brno - Medvěd kamčatský</channel>
    <channel site="[ENC][EX]sledovanitv.cz_0" site_id="7|##|zoo_brno_m_ledni" xmltv_id="Zoo Brno - Medvěd lední">Zoo Brno - Medvěd lední</channel>
    <channel site="[ENC][EX]sledovanitv.cz_0" site_id="7|##|komentovana_krmeni" xmltv_id="Zoo Brno - Komentovaná krmení">Zoo Brno - Komentovaná krmení</channel>
    <channel site="[ENC][EX]sledovanitv.cz_0" site_id="7|##|zvirata_v_zoo" xmltv_id="Zoo Brno - Život v zoo">Zoo Brno - Život v zoo</channel>
    <channel site="[ENC][EX]sledovanitv.cz_0" site_id="7|##|filmpro" xmltv_id="Filmpro">Filmpro</channel>
    <channel site="[ENC][EX]sledovanitv.cz_0" site_id="7|##|kladno" xmltv_id="Kladno.1 TV">Kladno.1 TV</channel>
    <channel site="[ENC][EX]sledovanitv.cz_0" site_id="7|##|Polar" xmltv_id="Polar">Polar</channel>
    <channel site="[ENC][EX]sledovanitv.cz_0" site_id="7|##|slovacko" xmltv_id="TVS">TVS</channel>
    <channel site="[ENC][EX]sledovanitv.cz_0" site_id="7|##|v1tv" xmltv_id="V1 TV">V1 TV</channel>
    <channel site="[ENC][EX]sledovanitv.cz_0" site_id="7|##|brno1" xmltv_id="TV Brno 1">TV Brno 1</channel>
    <channel site="[ENC][EX]sledovanitv.cz_0" site_id="7|##|praha" xmltv_id="TV Praha">TV Praha</channel>
    <channel site="[ENC][EX]sledovanitv.cz_0" site_id="7|##|rtm_plus_liberec" xmltv_id="RTM+ (Liberecko)">RTM+ (Liberecko)</channel>
    <channel site="[ENC][EX]sledovanitv.cz_0" site_id="8|##|oik" xmltv_id="OIK TV">OIK TV</channel>
    <channel site="[ENC][EX]sledovanitv.cz_0" site_id="8|##|regiotv" xmltv_id="Náš region TV">Náš region TV</channel>
    <channel site="[ENC][EX]sledovanitv.cz_0" site_id="8|##|ivysocina_stream_zs" xmltv_id="i-Vysočina">i-Vysočina</channel>
    <channel site="[ENC][EX]sledovanitv.cz_0" site_id="8|##|tvbeskyd" xmltv_id="TV Beskyd">TV Beskyd</channel>
    <channel site="[ENC][EX]sledovanitv.cz_0" site_id="8|##|orf1" xmltv_id="ORF eins">ORF eins</channel>
    <channel site="[ENC][EX]sledovanitv.cz_0" site_id="8|##|orf2" xmltv_id="ORF zwei">ORF zwei</channel>
    <channel site="[ENC][EX]sledovanitv.cz_0" site_id="8|##|uatv" xmltv_id="UA TV">UA TV</channel>
    <channel site="[ENC][EX]sledovanitv.cz_0" site_id="8|##|m1" xmltv_id="M1">M1</channel>
    <channel site="[ENC][EX]sledovanitv.cz_0" site_id="8|##|m2" xmltv_id="M2">M2</channel>
    <channel site="[ENC][EX]sledovanitv.cz_0" site_id="8|##|duna" xmltv_id="Duna">Duna</channel>
    <channel site="[ENC][EX]sledovanitv.cz_0" site_id="8|##|m4" xmltv_id="M4 Sport">M4 Sport</channel>
    <channel site="[ENC][EX]sledovanitv.cz_0" site_id="8|##|m5" xmltv_id="M5">M5</channel>
    <channel site="[ENC][EX]sledovanitv.cz_0" site_id="8|##|dunaworld" xmltv_id="Duna World">Duna World</channel>
    <channel site="[ENC][EX]sledovanitv.cz_0" site_id="8|##|loop_naturetv-galerie-zvirat" xmltv_id="Galerie zvířat">Galerie zvířat</channel>
    <channel site="[ENC][EX]sledovanitv.cz_0" site_id="8|##|loop_naturetv-osetrovani-mladat" xmltv_id="Ošetřování mláďat">Ošetřování mláďat</channel>
    <channel site="[ENC][EX]sledovanitv.cz_0" site_id="8|##|fireplace" xmltv_id="Krb">Krb</channel>
    <channel site="[ENC][EX]sledovanitv.cz_0" site_id="8|##|cms_tv" xmltv_id="cms:tv">cms:tv</channel>
    <channel site="[ENC][EX]sledovanitv.cz_0" site_id="8|##|naturetv" xmltv_id="NatureTV">NatureTV</channel>
    <channel site="[ENC][EX]sledovanitv.cz_0" site_id="8|##|uscenes_cat_cafe" xmltv_id="Kočičí kavárna">Kočičí kavárna</channel>
    <channel site="[ENC][EX]sledovanitv.cz_0" site_id="8|##|uscenes_coral_garden" xmltv_id="Korálová zahrada">Korálová zahrada</channel>
    <channel site="[ENC][EX]sledovanitv.cz_0" site_id="9|##|panorama_tv" xmltv_id="Panorama TV">Panorama TV</channel>
    <channel site="[ENC][EX]sledovanitv.cz_0" site_id="9|##|uscenes_hammock_beach" xmltv_id="Pláž">Pláž</channel>
    <channel site="[ENC][EX]sledovanitv.cz_0" site_id="9|##|loop_naturetv_mumlava_waterfalls" xmltv_id="Mumlavské vodopády">Mumlavské vodopády</channel>
    <channel site="[ENC][EX]sledovanitv.cz_0" site_id="9|##|stork_nest" xmltv_id="Čapí hnízdo">Čapí hnízdo</channel>
    <channel site="[ENC][EX]sledovanitv.cz_0" site_id="9|##|krusna_tv" xmltv_id="Krušná TV">Krušná TV</channel>
    <channel site="[ENC][EX]sledovanitv.cz_0" site_id="9|##|epic_drama" xmltv_id="Epic Drama">Epic Drama</channel>
    <channel site="[ENC][EX]sledovanitv.cz_0" site_id="9|##|jihoceska_televize" xmltv_id="Jihočeská televize">Jihočeská televize</channel>
    <channel site="[ENC][EX]sledovanitv.cz_0" site_id="9|##|tik_bohumin" xmltv_id="Tik Bohumín">Tik Bohumín</channel>
    <channel site="[ENC][EX]sledovanitv.cz_0" site_id="9|##|rt_jc" xmltv_id="Regionální televize jižní Čechy">Regionální televize jižní Čechy</channel>
    <channel site="[ENC][EX]sledovanitv.cz_0" site_id="9|##|rt_ustecko" xmltv_id="RT Ústecko">RT Ústecko</channel>
    <channel site="[ENC][EX]sledovanitv.cz_0" site_id="9|##|pscr" xmltv_id="Poslanecká sněmovna ČR">Poslanecká sněmovna ČR</channel>
    <channel site="[ENC][EX]sledovanitv.cz_0" site_id="9|##|ard" xmltv_id="Das Erste">Das Erste</channel>
    <channel site="[ENC][EX]sledovanitv.cz_0" site_id="9|##|zdf" xmltv_id="ZDF">ZDF</channel>
    <channel site="[ENC][EX]sledovanitv.cz_0" site_id="9|##|eroxHD" xmltv_id="Erox">Erox</channel>
    <channel site="[ENC][EX]sledovanitv.cz_0" site_id="9|##|eroxxxHD" xmltv_id="Eroxxx">Eroxxx</channel>
    <channel site="[ENC][EX]sledovanitv.cz_0" site_id="9|##|extasy_4k" xmltv_id="Extasy 4K">Extasy 4K</channel>
    <channel site="[ENC][EX]sledovanitv.cz_0" site_id="9|##|leo_gold" xmltv_id="Leo TV Gold">Leo TV Gold</channel>
    <channel site="[ENC][EX]sledovanitv.cz_0" site_id="9|##|ukraina_24" xmltv_id="1+1">1+1</channel>
    <channel site="[ENC][EX]sledovanitv.cz_0" site_id="9|##|sport5" xmltv_id="Sport 5">Sport 5</channel>
    <channel site="[ENC][EX]sledovanitv.cz_0" site_id="9|##|nicktoons" xmltv_id="Nicktoons">Nicktoons</channel>
    <channel site="[ENC][EX]sledovanitv.cz_0" site_id="10|##|lala_tv" xmltv_id="Lala TV">Lala TV</channel>
    <channel site="[ENC][EX]sledovanitv.cz_0" site_id="10|##|info_tv_brno" xmltv_id="Info TV Brno a jižní morava">Info TV Brno a jižní morava</channel>
    <channel site="[ENC][EX]sledovanitv.cz_0" site_id="10|##|mezzo_live" xmltv_id="Mezzo Live HD">Mezzo Live HD</channel>
    <channel site="[ENC][EX]sledovanitv.cz_0" site_id="10|##|mezzo" xmltv_id="Mezzo">Mezzo</channel>
    <channel site="[ENC][EX]sledovanitv.cz_0" site_id="10|##|x-mo" xmltv_id="X-mo">X-mo</channel>
    <channel site="[ENC][EX]sledovanitv.cz_0" site_id="10|##|DorceltvHD" xmltv_id="Dorcel TV">Dorcel TV</channel>
    <channel site="[ENC][EX]sledovanitv.cz_0" site_id="10|##|DorcelHD" xmltv_id="Dorcel XXX">Dorcel XXX</channel>
    <channel site="[ENC][EX]sledovanitv.cz_0" site_id="10|##|brazzers" xmltv_id="Brazzers TV Europe">Brazzers TV Europe</channel>
    <channel site="[ENC][EX]sledovanitv.cz_0" site_id="10|##|playboy" xmltv_id="Playboy TV">Playboy TV</channel>
    <channel site="[ENC][EX]sledovanitv.cz_0" site_id="10|##|leo" xmltv_id="Leo TV">Leo TV</channel>
    <channel site="[ENC][EX]sledovanitv.cz_0" site_id="10|##|extasy" xmltv_id="Extasy">Extasy</channel>
    <channel site="[ENC][EX]sledovanitv.cz_0" site_id="10|##|privatetv" xmltv_id="Private HD">Private HD</channel>
    <channel site="[ENC][EX]sledovanitv.cz_0" site_id="10|##|realitykings" xmltv_id="Reality Kings">Reality Kings</channel>
    <channel site="[ENC][EX]sledovanitv.cz_0" site_id="10|##|true_amateurs" xmltv_id="True Amateurs">True Amateurs</channel>
    <channel site="[ENC][EX]sledovanitv.cz_0" site_id="10|##|babes_tv" xmltv_id="Babes TV">Babes TV</channel>
    <channel site="[ENC][EX]sledovanitv.cz_0" site_id="10|##|redlight" xmltv_id="Redlight">Redlight</channel>
  </channels>
</site>