<?xml version="1.0" encoding="UTF-8"?>
<site generator-info-name="Tempest EPG Generator (made by Kvanc)" generator-info-url="https://github.com/K-vanc/Tempest-EPG-Generator.git" site="[ENC][EX]o2tv.cz_0">
  <channels>
    <channel site="[ENC][EX]o2tv.cz_0" site_id="ČT1 HD" xmltv_id="ČT1 HD">ČT1 HD</channel>
    <channel site="[ENC][EX]o2tv.cz_0" site_id="ČT2 HD" xmltv_id="ČT2 HD">ČT2 HD</channel>
    <channel site="[ENC][EX]o2tv.cz_0" site_id="Nova HD" xmltv_id="Nova HD">Nova HD</channel>
    <channel site="[ENC][EX]o2tv.cz_0" site_id="Prima HD" xmltv_id="Prima HD">Prima HD</channel>
    <channel site="[ENC][EX]o2tv.cz_0" site_id="O2 Sport" xmltv_id="O2TV SPORT HD">O2TV SPORT HD</channel>
    <channel site="[ENC][EX]o2tv.cz_0" site_id="Nova Cinema HD" xmltv_id="Nova Cinema HD">Nova Cinema HD</channel>
    <channel site="[ENC][EX]o2tv.cz_0" site_id="Nova 2 HD" xmltv_id="Nova Fun HD">Nova Fun HD</channel>
    <channel site="[ENC][EX]o2tv.cz_0" site_id="Nova Gold HD" xmltv_id="Nova GOLD HD">Nova GOLD HD</channel>
    <channel site="[ENC][EX]o2tv.cz_0" site_id="Nova Action HD" xmltv_id="Nova ACTION HD">Nova ACTION HD</channel>
    <channel site="[ENC][EX]o2tv.cz_0" site_id="NovaLady" xmltv_id="Nova Lady">Nova Lady</channel>
    <channel site="[ENC][EX]o2tv.cz_0" site_id="Televize Seznam HD" xmltv_id="Televize Seznam HD">Televize Seznam HD</channel>
    <channel site="[ENC][EX]o2tv.cz_0" site_id="O2 Info" xmltv_id="O2TV Info HD">O2TV Info HD</channel>
    <channel site="[ENC][EX]o2tv.cz_0" site_id="Paramount Network" xmltv_id="Paramount Network">Paramount Network</channel>
    <channel site="[ENC][EX]o2tv.cz_0" site_id="ČT24 HD" xmltv_id="ČT24 HD">ČT24 HD</channel>
    <channel site="[ENC][EX]o2tv.cz_0" site_id="BBC World News" xmltv_id="BBC News">BBC News</channel>
    <channel site="[ENC][EX]o2tv.cz_0" site_id="O2FotbalHD1" xmltv_id="O2TV Fotbal HD">O2TV Fotbal HD</channel>
    <channel site="[ENC][EX]o2tv.cz_0" site_id="PremierSportHD1" xmltv_id="Premier Sport 1 HD">Premier Sport 1 HD</channel>
    <channel site="[ENC][EX]o2tv.cz_0" site_id="PremierSport2HD1" xmltv_id="Premier Sport 2 HD">Premier Sport 2 HD</channel>
    <channel site="[ENC][EX]o2tv.cz_0" site_id="O2TenisHD1" xmltv_id="O2TV Tenis HD">O2TV Tenis HD</channel>
    <channel site="[ENC][EX]o2tv.cz_0" site_id="Filmbox" xmltv_id="Filmbox HD">Filmbox HD</channel>
    <channel site="[ENC][EX]o2tv.cz_0" site_id="Filmbox Premium HD" xmltv_id="Filmbox Premium HD">Filmbox Premium HD</channel>
    <channel site="[ENC][EX]o2tv.cz_0" site_id="Barrandov HD" xmltv_id="TV Barrandov HD">TV Barrandov HD</channel>
    <channel site="[ENC][EX]o2tv.cz_0" site_id="Prima Cool HD" xmltv_id="Prima Cool HD">Prima Cool HD</channel>
    <channel site="[ENC][EX]o2tv.cz_0" site_id="Prima MAX HD" xmltv_id="Prima MAX HD">Prima MAX HD</channel>
    <channel site="[ENC][EX]o2tv.cz_0" site_id="Prima LOVE HD" xmltv_id="Prima LOVE HD">Prima LOVE HD</channel>
    <channel site="[ENC][EX]o2tv.cz_0" site_id="Prima Krimi HD" xmltv_id="Prima Krimi HD">Prima Krimi HD</channel>
    <channel site="[ENC][EX]o2tv.cz_0" site_id="HBO HD" xmltv_id="HBO HD">HBO HD</channel>
    <channel site="[ENC][EX]o2tv.cz_0" site_id="HBO2 HD" xmltv_id="HBO2 HD">HBO2 HD</channel>
    <channel site="[ENC][EX]o2tv.cz_0" site_id="HBO3 HD" xmltv_id="HBO3 HD">HBO3 HD</channel>
    <channel site="[ENC][EX]o2tv.cz_0" site_id="Cinemax HD" xmltv_id="Cinemax HD">Cinemax HD</channel>
    <channel site="[ENC][EX]o2tv.cz_0" site_id="Cinemax 2 HD" xmltv_id="Cinemax 2 HD">Cinemax 2 HD</channel>
    <channel site="[ENC][EX]o2tv.cz_0" site_id="Filmbox Extra HD" xmltv_id="FilmBox Extra HD">FilmBox Extra HD</channel>
    <channel site="[ENC][EX]o2tv.cz_0" site_id="FilmBox Plus" xmltv_id="FilmBox Stars">FilmBox Stars</channel>
    <channel site="[ENC][EX]o2tv.cz_0" site_id="Filmbox Family" xmltv_id="Filmbox Family">Filmbox Family</channel>
    <channel site="[ENC][EX]o2tv.cz_0" site_id="CS Film" xmltv_id="CS Film">CS Film</channel>
    <channel site="[ENC][EX]o2tv.cz_0" site_id="Epic Drama HD" xmltv_id="Epic Drama HD">Epic Drama HD</channel>
    <channel site="[ENC][EX]o2tv.cz_0" site_id="Film Europe HD" xmltv_id="Film Europe HD">Film Europe HD</channel>
    <channel site="[ENC][EX]o2tv.cz_0" site_id="FilmEurope." xmltv_id="Film Europe +">Film Europe +</channel>
    <channel site="[ENC][EX]o2tv.cz_0" site_id="JoJ Cinema HD" xmltv_id="JoJ Cinema HD">JoJ Cinema HD</channel>
    <channel site="[ENC][EX]o2tv.cz_0" site_id="JoJ Family HD" xmltv_id="JoJ Family HD">JoJ Family HD</channel>
    <channel site="[ENC][EX]o2tv.cz_0" site_id="PrimaStar" xmltv_id="Prima Star">Prima Star</channel>
    <channel site="[ENC][EX]o2tv.cz_0" site_id="PrimaShow" xmltv_id="Prima Show">Prima Show</channel>
    <channel site="[ENC][EX]o2tv.cz_0" site_id="STV1" xmltv_id="Jednotka">Jednotka</channel>
    <channel site="[ENC][EX]o2tv.cz_0" site_id="AXN" xmltv_id="AXN">AXN</channel>
    <channel site="[ENC][EX]o2tv.cz_0" site_id="AXN_Black" xmltv_id="AXN Black">AXN Black</channel>
    <channel site="[ENC][EX]o2tv.cz_0" site_id="HOROR FILM" xmltv_id="CS Horror">CS Horror</channel>
    <channel site="[ENC][EX]o2tv.cz_0" site_id="National Geographic" xmltv_id="National Geographic">National Geographic</channel>
    <channel site="[ENC][EX]o2tv.cz_0" site_id="NatGeo Wild HD" xmltv_id="Nat Geo WILD HD">Nat Geo WILD HD</channel>
    <channel site="[ENC][EX]o2tv.cz_0" site_id="Prima ZOOM HD" xmltv_id="Prima ZOOM HD">Prima ZOOM HD</channel>
    <channel site="[ENC][EX]o2tv.cz_0" site_id="Viasat Explore" xmltv_id="Viasat Explore HD">Viasat Explore HD</channel>
    <channel site="[ENC][EX]o2tv.cz_0" site_id="Viasat History" xmltv_id="Viasat History HD">Viasat History HD</channel>
    <channel site="[ENC][EX]o2tv.cz_0" site_id="Viasat Nature" xmltv_id="Viasat Nature HD">Viasat Nature HD</channel>
    <channel site="[ENC][EX]o2tv.cz_0" site_id="Discovery" xmltv_id="Discovery HD">Discovery HD</channel>
    <channel site="[ENC][EX]o2tv.cz_0" site_id="DTX" xmltv_id="DTX">DTX</channel>
    <channel site="[ENC][EX]o2tv.cz_0" site_id="Discovery Science" xmltv_id="Discovery Science">Discovery Science</channel>
    <channel site="[ENC][EX]o2tv.cz_0" site_id="Investigation Discovery" xmltv_id="ID">ID</channel>
    <channel site="[ENC][EX]o2tv.cz_0" site_id="Animal Planet HD" xmltv_id="Animal Planet HD">Animal Planet HD</channel>
    <channel site="[ENC][EX]o2tv.cz_0" site_id="CSHistory" xmltv_id="CS History">CS History</channel>
    <channel site="[ENC][EX]o2tv.cz_0" site_id="History" xmltv_id="History">History</channel>
    <channel site="[ENC][EX]o2tv.cz_0" site_id="CrimeInvestigation" xmltv_id="Crime+Investigation">Crime+Investigation</channel>
    <channel site="[ENC][EX]o2tv.cz_0" site_id="KINO Barrandov" xmltv_id="Kino Barrandov">Kino Barrandov</channel>
    <channel site="[ENC][EX]o2tv.cz_0" site_id="Barrandov Plus" xmltv_id="Krimi Barrandov">Krimi Barrandov</channel>
    <channel site="[ENC][EX]o2tv.cz_0" site_id="O2 Sport HD" xmltv_id="O2TV Sport HD">O2TV Sport HD</channel>
    <channel site="[ENC][EX]o2tv.cz_0" site_id="O2 Fotbal HD" xmltv_id="O2TV Fotbal HD">O2TV Fotbal HD</channel>
    <channel site="[ENC][EX]o2tv.cz_0" site_id="PremierSportHD" xmltv_id="Premier Sport 1 HD">Premier Sport 1 HD</channel>
    <channel site="[ENC][EX]o2tv.cz_0" site_id="PremierSport2HD" xmltv_id="Premier Sport 2 HD">Premier Sport 2 HD</channel>
    <channel site="[ENC][EX]o2tv.cz_0" site_id="O2 Tenis HD" xmltv_id="O2TV Tenis HD">O2TV Tenis HD</channel>
    <channel site="[ENC][EX]o2tv.cz_0" site_id="PremierSport4HD1" xmltv_id="Premier Sport 4 HD">Premier Sport 4 HD</channel>
    <channel site="[ENC][EX]o2tv.cz_0" site_id="PremierSport4HD2" xmltv_id="Premier Sport 4 Extra HD">Premier Sport 4 Extra HD</channel>
    <channel site="[ENC][EX]o2tv.cz_0" site_id="Nova Sport 1 HD" xmltv_id="Nova Sport 1 HD">Nova Sport 1 HD</channel>
    <channel site="[ENC][EX]o2tv.cz_0" site_id="Nova Sport 2 HD" xmltv_id="Nova Sport 2 HD">Nova Sport 2 HD</channel>
    <channel site="[ENC][EX]o2tv.cz_0" site_id="NovaSport3HD" xmltv_id="Nova Sport 3 HD">Nova Sport 3 HD</channel>
    <channel site="[ENC][EX]o2tv.cz_0" site_id="NovaSport4HD" xmltv_id="Nova Sport 4 HD">Nova Sport 4 HD</channel>
    <channel site="[ENC][EX]o2tv.cz_0" site_id="canalsport" xmltv_id="Canal+ Sport">Canal+ Sport</channel>
    <channel site="[ENC][EX]o2tv.cz_0" site_id="Eurosport 1 HD" xmltv_id="Eurosport 1 HD">Eurosport 1 HD</channel>
    <channel site="[ENC][EX]o2tv.cz_0" site_id="Eurosport 2 HD" xmltv_id="Eurosport 2 HD">Eurosport 2 HD</channel>
    <channel site="[ENC][EX]o2tv.cz_0" site_id="ČT sport HD" xmltv_id="ČT sport HD">ČT sport HD</channel>
    <channel site="[ENC][EX]o2tv.cz_0" site_id="Golf Channel HD" xmltv_id="Golf Channel HD">Golf Channel HD</channel>
    <channel site="[ENC][EX]o2tv.cz_0" site_id="FightBoxHD" xmltv_id="FightBox HD">FightBox HD</channel>
    <channel site="[ENC][EX]o2tv.cz_0" site_id="EdgeSportHD" xmltv_id="Edge Sport HD">Edge Sport HD</channel>
    <channel site="[ENC][EX]o2tv.cz_0" site_id="ArenaSport1" xmltv_id="Arena Sport 1">Arena Sport 1</channel>
    <channel site="[ENC][EX]o2tv.cz_0" site_id="ArenaSport2" xmltv_id="Arena Sport 2">Arena Sport 2</channel>
    <channel site="[ENC][EX]o2tv.cz_0" site_id="Disney Channel" xmltv_id="Disney Channel">Disney Channel</channel>
    <channel site="[ENC][EX]o2tv.cz_0" site_id="Nickelodeon" xmltv_id="Nickelodeon">Nickelodeon</channel>
    <channel site="[ENC][EX]o2tv.cz_0" site_id="Nick Jr." xmltv_id="Nick Jr.">Nick Jr.</channel>
    <channel site="[ENC][EX]o2tv.cz_0" site_id="NickHD" xmltv_id="Nick HD">Nick HD</channel>
    <channel site="[ENC][EX]o2tv.cz_0" site_id="Nicktoons" xmltv_id="Nicktoons">Nicktoons</channel>
    <channel site="[ENC][EX]o2tv.cz_0" site_id="RiKTV" xmltv_id="RiK TV">RiK TV</channel>
    <channel site="[ENC][EX]o2tv.cz_0" site_id="Cartoon Network" xmltv_id="Cartoon Network HD">Cartoon Network HD</channel>
    <channel site="[ENC][EX]o2tv.cz_0" site_id="Boomerang" xmltv_id="Cartoonito">Cartoonito</channel>
    <channel site="[ENC][EX]o2tv.cz_0" site_id="ducktv" xmltv_id="ducktv">ducktv</channel>
    <channel site="[ENC][EX]o2tv.cz_0" site_id="ČT :D HD . ČT art HD" xmltv_id="ČT :D HD / ČT art HD">ČT :D HD / ČT art HD</channel>
    <channel site="[ENC][EX]o2tv.cz_0" site_id="LalaTV" xmltv_id="Lala TV">Lala TV</channel>
    <channel site="[ENC][EX]o2tv.cz_0" site_id="Moonbug_Kids" xmltv_id="Moonbug">Moonbug</channel>
    <channel site="[ENC][EX]o2tv.cz_0" site_id="canalaction" xmltv_id="Canal+ Action">Canal+ Action</channel>
    <channel site="[ENC][EX]o2tv.cz_0" site_id="SpektrumHome" xmltv_id="Spektrum Home">Spektrum Home</channel>
    <channel site="[ENC][EX]o2tv.cz_0" site_id="Food network" xmltv_id="Food network">Food network</channel>
    <channel site="[ENC][EX]o2tv.cz_0" site_id="TLC" xmltv_id="TLC">TLC</channel>
    <channel site="[ENC][EX]o2tv.cz_0" site_id="HGTVHD" xmltv_id="HGTV HD">HGTV HD</channel>
    <channel site="[ENC][EX]o2tv.cz_0" site_id="Story4" xmltv_id="Story4">Story4</channel>
    <channel site="[ENC][EX]o2tv.cz_0" site_id="Mňam TV" xmltv_id="Mňam TV">Mňam TV</channel>
    <channel site="[ENC][EX]o2tv.cz_0" site_id="AutoMotorSport HD" xmltv_id="Auto Motor Sport HD">Auto Motor Sport HD</channel>
    <channel site="[ENC][EX]o2tv.cz_0" site_id="Fashion TV" xmltv_id="Fashion TV">Fashion TV</channel>
    <channel site="[ENC][EX]o2tv.cz_0" site_id="FishingandHunting" xmltv_id="Fishing and Hunting">Fishing and Hunting</channel>
    <channel site="[ENC][EX]o2tv.cz_0" site_id="Ginx" xmltv_id="GINX Esports TV HD">GINX Esports TV HD</channel>
    <channel site="[ENC][EX]o2tv.cz_0" site_id="Gametoon" xmltv_id="GameToon">GameToon</channel>
    <channel site="[ENC][EX]o2tv.cz_0" site_id="Šlágr TV" xmltv_id="Šláger Originál">Šláger Originál</channel>
    <channel site="[ENC][EX]o2tv.cz_0" site_id="Óčko Gold" xmltv_id="Óčko Star">Óčko Star</channel>
    <channel site="[ENC][EX]o2tv.cz_0" site_id="Óčko" xmltv_id="Óčko HD">Óčko HD</channel>
    <channel site="[ENC][EX]o2tv.cz_0" site_id="MTV" xmltv_id="MTV">MTV</channel>
    <channel site="[ENC][EX]o2tv.cz_0" site_id="Retro Music TV" xmltv_id="Retro Music TV">Retro Music TV</channel>
    <channel site="[ENC][EX]o2tv.cz_0" site_id="VH1" xmltv_id="MTV 00s">MTV 00s</channel>
    <channel site="[ENC][EX]o2tv.cz_0" site_id="VH1 Classic" xmltv_id="MTV 80s">MTV 80s</channel>
    <channel site="[ENC][EX]o2tv.cz_0" site_id="MTV Dance" xmltv_id="Club MTV">Club MTV</channel>
    <channel site="[ENC][EX]o2tv.cz_0" site_id="MTV Rocks" xmltv_id="MTV 90s">MTV 90s</channel>
    <channel site="[ENC][EX]o2tv.cz_0" site_id="C Music TV" xmltv_id="STINGRAY CMUSIC">STINGRAY CMUSIC</channel>
    <channel site="[ENC][EX]o2tv.cz_0" site_id="Óčko Expres" xmltv_id="Óčko Expres">Óčko Expres</channel>
    <channel site="[ENC][EX]o2tv.cz_0" site_id="Mezzo" xmltv_id="Mezzo">Mezzo</channel>
    <channel site="[ENC][EX]o2tv.cz_0" site_id="MezzoLiveHD" xmltv_id="Mezzo Live HD">Mezzo Live HD</channel>
    <channel site="[ENC][EX]o2tv.cz_0" site_id="CNNPrimaNews" xmltv_id="CNN Prima News">CNN Prima News</channel>
    <channel site="[ENC][EX]o2tv.cz_0" site_id="CNN" xmltv_id="CNN">CNN</channel>
    <channel site="[ENC][EX]o2tv.cz_0" site_id="TA3" xmltv_id="TA3">TA3</channel>
    <channel site="[ENC][EX]o2tv.cz_0" site_id="Bloomberg" xmltv_id="Bloomberg">Bloomberg</channel>
    <channel site="[ENC][EX]o2tv.cz_0" site_id="FRANCE 24" xmltv_id="FRANCE 24">FRANCE 24</channel>
    <channel site="[ENC][EX]o2tv.cz_0" site_id="Deutsche Welle" xmltv_id="Deutsche Welle">Deutsche Welle</channel>
    <channel site="[ENC][EX]o2tv.cz_0" site_id="France 24 Eng" xmltv_id="France 24 Eng">France 24 Eng</channel>
    <channel site="[ENC][EX]o2tv.cz_0" site_id="Al Jazeera" xmltv_id="Al Jazeera">Al Jazeera</channel>
    <channel site="[ENC][EX]o2tv.cz_0" site_id="TV1000 Ruskoe Kino" xmltv_id="TV1000 Ruskoe Kino">TV1000 Ruskoe Kino</channel>
    <channel site="[ENC][EX]o2tv.cz_0" site_id="RTL" xmltv_id="RTL">RTL</channel>
    <channel site="[ENC][EX]o2tv.cz_0" site_id="RTL II" xmltv_id="RTL II">RTL II</channel>
    <channel site="[ENC][EX]o2tv.cz_0" site_id="VOX" xmltv_id="VOX">VOX</channel>
    <channel site="[ENC][EX]o2tv.cz_0" site_id="RAI 1" xmltv_id="RAI 1">RAI 1</channel>
    <channel site="[ENC][EX]o2tv.cz_0" site_id="TVE" xmltv_id="TVE">TVE</channel>
    <channel site="[ENC][EX]o2tv.cz_0" site_id="TVP Polonia" xmltv_id="TVP Polonia">TVP Polonia</channel>
    <channel site="[ENC][EX]o2tv.cz_0" site_id="1plus1" xmltv_id="1+1">1+1</channel>
    <channel site="[ENC][EX]o2tv.cz_0" site_id="Dvojka" xmltv_id="Dvojka">Dvojka</channel>
    <channel site="[ENC][EX]o2tv.cz_0" site_id="RTVS24" xmltv_id=":24">:24</channel>
    <channel site="[ENC][EX]o2tv.cz_0" site_id="Hustler" xmltv_id="Hustler">Hustler</channel>
    <channel site="[ENC][EX]o2tv.cz_0" site_id="VividTV" xmltv_id="Vivid TV Europe">Vivid TV Europe</channel>
    <channel site="[ENC][EX]o2tv.cz_0" site_id="Leo TV" xmltv_id="Leo TV">Leo TV</channel>
    <channel site="[ENC][EX]o2tv.cz_0" site_id="Dorcel TV HD" xmltv_id="Dorcel TV HD">Dorcel TV HD</channel>
    <channel site="[ENC][EX]o2tv.cz_0" site_id="VIXENHD" xmltv_id="VIXEN HD">VIXEN HD</channel>
    <channel site="[ENC][EX]o2tv.cz_0" site_id="EroXXX" xmltv_id="EroXXX">EroXXX</channel>
    <channel site="[ENC][EX]o2tv.cz_0" site_id="Dusk!" xmltv_id="Dusk!">Dusk!</channel>
    <channel site="[ENC][EX]o2tv.cz_0" site_id="Playboy" xmltv_id="Playboy">Playboy</channel>
    <channel site="[ENC][EX]o2tv.cz_0" site_id="XMO" xmltv_id="XMO">XMO</channel>
    <channel site="[ENC][EX]o2tv.cz_0" site_id="ČT1 Sever" xmltv_id="ČT1 SM">ČT1 SM</channel>
    <channel site="[ENC][EX]o2tv.cz_0" site_id="ČT1 Jih" xmltv_id="ČT1 JM">ČT1 JM</channel>
    <channel site="[ENC][EX]o2tv.cz_0" site_id="CT1_SVC" xmltv_id="ČT1 SVC">ČT1 SVC</channel>
    <channel site="[ENC][EX]o2tv.cz_0" site_id="CT1_JZC" xmltv_id="ČT1 JZC">ČT1 JZC</channel>
    <channel site="[ENC][EX]o2tv.cz_0" site_id="TV Noe" xmltv_id="TV Noe">TV Noe</channel>
    <channel site="[ENC][EX]o2tv.cz_0" site_id="Rebel" xmltv_id="Rebel">Rebel</channel>
    <channel site="[ENC][EX]o2tv.cz_0" site_id="RELAX" xmltv_id="Relax">Relax</channel>
    <channel site="[ENC][EX]o2tv.cz_0" site_id="Letiste" xmltv_id="Fameplay">Fameplay</channel>
    <channel site="[ENC][EX]o2tv.cz_0" site_id="O2 Sport1 HD" xmltv_id="O2TV Sport1 HD">O2TV Sport1 HD</channel>
    <channel site="[ENC][EX]o2tv.cz_0" site_id="O2 Sport2 HD" xmltv_id="O2TV Sport2 HD">O2TV Sport2 HD</channel>
    <channel site="[ENC][EX]o2tv.cz_0" site_id="O2 Sport3 HD" xmltv_id="O2TV Sport3 HD">O2TV Sport3 HD</channel>
    <channel site="[ENC][EX]o2tv.cz_0" site_id="O2 Sport4 HD" xmltv_id="O2TV Sport4 HD">O2TV Sport4 HD</channel>
    <channel site="[ENC][EX]o2tv.cz_0" site_id="O2 Sport5 HD" xmltv_id="O2TV Sport5 HD">O2TV Sport5 HD</channel>
    <channel site="[ENC][EX]o2tv.cz_0" site_id="O2 Sport6 HD" xmltv_id="O2TV Sport6 HD">O2TV Sport6 HD</channel>
    <channel site="[ENC][EX]o2tv.cz_0" site_id="O2 Sport7 HD" xmltv_id="O2TV Sport7 HD">O2TV Sport7 HD</channel>
    <channel site="[ENC][EX]o2tv.cz_0" site_id="O2 Sport8 HD" xmltv_id="O2TV Sport8 HD">O2TV Sport8 HD</channel>
    <channel site="[ENC][EX]o2tv.cz_0" site_id="O2TVSport9HD" xmltv_id="O2TV Sport9 HD">O2TV Sport9 HD</channel>
    <channel site="[ENC][EX]o2tv.cz_0" site_id="O2TVSport10HD" xmltv_id="O2TV Sport10 HD">O2TV Sport10 HD</channel>
    <channel site="[ENC][EX]o2tv.cz_0" site_id="KRB" xmltv_id="KRB">KRB</channel>
    <channel site="[ENC][EX]o2tv.cz_0" site_id="Africké nebe" xmltv_id="Africké nebe">Africké nebe</channel>
    <channel site="[ENC][EX]o2tv.cz_0" site_id="Akvárium" xmltv_id="Akvárium">Akvárium</channel>
  </channels>
</site>