<?xml version="1.0" encoding="UTF-8"?>
<site generator-info-name="Tempest EPG Generator (made by Kvanc)" generator-info-url="https://github.com/K-vanc/Tempest-EPG-Generator.git" site="[ENC][EX]tv.altibox.no_0">
  <channels>
    <channel site="[ENC][EX]tv.altibox.no_0" site_id="471||logo/202001/20200128/20200128064612386sl4_op.png" xmltv_id="NRK1">NRK1</channel>
    <channel site="[ENC][EX]tv.altibox.no_0" site_id="541||poster/fileEntity/20160830/000300/XTV100001027/521002ad-4b87-4b81-91b6-1bcb350ae734.png" xmltv_id="NRK2">NRK2</channel>
    <channel site="[ENC][EX]tv.altibox.no_0" site_id="573||poster/fileEntity/20160901/000300/XTV100001065/0b9d4eb8-6e8c-433b-bccc-7b2db8edd945.png" xmltv_id="TV 3">TV 3</channel>
    <channel site="[ENC][EX]tv.altibox.no_0" site_id="461||poster/fileEntity/CMS_TEMP/ums/2cdc8a98-f8d5-4d2e-8bdb-e904392925b7.png" xmltv_id="TV Norge">TV Norge</channel>
    <channel site="[ENC][EX]tv.altibox.no_0" site_id="578||poster/fileEntity/CMS_TEMP/ums/b46e5b68-4c7e-4b68-93ab-a3c440769093.png" xmltv_id="MAX">MAX</channel>
    <channel site="[ENC][EX]tv.altibox.no_0" site_id="467||logo/202204/20220401/41/20220401074624670a0q_op.png" xmltv_id="TV 2 Zebra">TV 2 Zebra</channel>
    <channel site="[ENC][EX]tv.altibox.no_0" site_id="611||poster/fileEntity/CMS_TEMP/ums/821a8fd0-1b43-4ee1-b707-1ad9b36422cb.png" xmltv_id="NRK3/Super">NRK3/Super</channel>
    <channel site="[ENC][EX]tv.altibox.no_0" site_id="568||poster/fileEntity/20160830/000300/XTV100001061/6f498b1e-4ad4-4ff7-b4e7-074f33884346.png" xmltv_id="V4">V4</channel>
    <channel site="[ENC][EX]tv.altibox.no_0" site_id="619||logo/202204/20220401/97/20220401074255376zxd_op.png" xmltv_id="TV 2 Nyhetskanalen">TV 2 Nyhetskanalen</channel>
    <channel site="[ENC][EX]tv.altibox.no_0" site_id="601||poster/fileEntity/CMS_TEMP/ums/7f0d3b82-7fed-42b0-9f2f-c5331dfa20a5.png" xmltv_id="TV6">TV6</channel>
    <channel site="[ENC][EX]tv.altibox.no_0" site_id="596||poster/fileEntity/20160830/000300/XTV100001087/3aff65a8-8afb-4f72-a65d-896bf8e52fb4.png" xmltv_id="Eurosport Norge">Eurosport Norge</channel>
    <channel site="[ENC][EX]tv.altibox.no_0" site_id="592||poster/fileEntity/CMS_TEMP/ums/537cbf8b-2e9d-4ef8-9ac1-9f52c3f8b40e.png" xmltv_id="FEM">FEM</channel>
    <channel site="[ENC][EX]tv.altibox.no_0" site_id="599||logo/202002/20200213/20200213091738617pyc_op.png" xmltv_id="Discovery Channel">Discovery Channel</channel>
    <channel site="[ENC][EX]tv.altibox.no_0" site_id="618||logo/202204/20220401/58/20220401075139712pi4_op.png" xmltv_id="TV 2 Livsstil">TV 2 Livsstil</channel>
    <channel site="[ENC][EX]tv.altibox.no_0" site_id="636||poster/fileEntity/20160830/000300/XTV100001135/2f258a85-83ee-4d94-86c7-dd7c5668443d.png" xmltv_id="TLC">TLC</channel>
    <channel site="[ENC][EX]tv.altibox.no_0" site_id="617||poster/fileEntity/20160830/000300/XTV100001104/131d5d8a-faa0-4585-8dbd-c4249ed75fd1.png" xmltv_id="Matkanalen">Matkanalen</channel>
    <channel site="[ENC][EX]tv.altibox.no_0" site_id="598||logo/202201/20220112/80/20220112083730790ydv_op.png" xmltv_id="Eurosport 1">Eurosport 1</channel>
    <channel site="[ENC][EX]tv.altibox.no_0" site_id="734||logo/202204/20220401/31/20220401073859482u2u_op.png" xmltv_id="TV 2 Sport 1">TV 2 Sport 1</channel>
    <channel site="[ENC][EX]tv.altibox.no_0" site_id="460||logo/202204/20220401/69/20220401074704668k6j_op.png" xmltv_id="TV 2 Sport 2">TV 2 Sport 2</channel>
    <channel site="[ENC][EX]tv.altibox.no_0" site_id="546||logo/202003/20200325/7/202003251228351106rw_op.png" xmltv_id="VOX">VOX</channel>
    <channel site="[ENC][EX]tv.altibox.no_0" site_id="569||poster/fileEntity/CMS_TEMP/ums/493c070d-d6a8-4937-abfb-1d86b6f7ab6d.png" xmltv_id="Disney Channel">Disney Channel</channel>
    <channel site="[ENC][EX]tv.altibox.no_0" site_id="466||poster/fileEntity/CMS_TEMP/ums/fac14368-b65c-4cce-a3f8-599e87f30905.png" xmltv_id="Disney Junior">Disney Junior</channel>
    <channel site="[ENC][EX]tv.altibox.no_0" site_id="717||poster/fileEntity/CMS_TEMP/ums/21203bff-83a3-44b1-9043-40034b2d11c9.png" xmltv_id="Nickelodeon">Nickelodeon</channel>
    <channel site="[ENC][EX]tv.altibox.no_0" site_id="718||poster/fileEntity/CMS_TEMP/ums/96a480ef-1e4e-4b24-ac3d-3b0f954b809f.png" xmltv_id="Nick Junior">Nick Junior</channel>
    <channel site="[ENC][EX]tv.altibox.no_0" site_id="719||poster/fileEntity/CMS_TEMP/ums/879fc5b0-07a0-44a9-b01c-0d5ed8564b07.png" xmltv_id="Nicktoons">Nicktoons</channel>
    <channel site="[ENC][EX]tv.altibox.no_0" site_id="463||logo/202009/20200911/85/20200911104311944ijw_op.png" xmltv_id="Cartoon Network">Cartoon Network</channel>
    <channel site="[ENC][EX]tv.altibox.no_0" site_id="530||poster/fileEntity/20160830/000300/XTV100001016/ff71486c-a837-4ab7-91bd-6b74703198e2.png" xmltv_id="Boomerang">Boomerang</channel>
    <channel site="[ENC][EX]tv.altibox.no_0" site_id="869252120||logo/202204/20220406/64/202204060920154621s0_op.png" xmltv_id="Nickelodeon Ukraine Pluto TV">Nickelodeon Ukraine Pluto TV</channel>
    <channel site="[ENC][EX]tv.altibox.no_0" site_id="478||poster/fileEntity/CMS_TEMP/ums/d75e0ef9-e18f-4bbd-be0e-23ae87a3ace7.png" xmltv_id="BBC World News">BBC World News</channel>
    <channel site="[ENC][EX]tv.altibox.no_0" site_id="621||poster/fileEntity/20160830/000300/XTV100001119/3b6bd69f-da7a-47d6-9b1d-39cc47692066.png" xmltv_id="BBC Brit">BBC Brit</channel>
    <channel site="[ENC][EX]tv.altibox.no_0" site_id="475||poster/fileEntity/20160830/000300/XTV100000953/cfaf3c18-ffe1-4760-8997-4f3c5e89086f.png" xmltv_id="BBC Earth">BBC Earth</channel>
    <channel site="[ENC][EX]tv.altibox.no_0" site_id="703||poster/fileEntity/CMS_TEMP/ums/b3ab438e-601b-4db0-8930-a822d4d9e7c9.png" xmltv_id="The HISTORY Channel">The HISTORY Channel</channel>
    <channel site="[ENC][EX]tv.altibox.no_0" site_id="704||poster/fileEntity/CMS_TEMP/ums/abc3d016-3dd3-462d-b167-c7307dc3936b.png" xmltv_id="H2">H2</channel>
    <channel site="[ENC][EX]tv.altibox.no_0" site_id="532||poster/fileEntity/CMS_TEMP/ums/1cc2b2ec-1439-4f8c-8efd-08c706d712b9.png" xmltv_id="Discovery Science">Discovery Science</channel>
    <channel site="[ENC][EX]tv.altibox.no_0" site_id="544||poster/fileEntity/CMS_TEMP/ums/14cf6c8a-07f9-4a51-ab7f-580cb6295c4b.png" xmltv_id="Animal Planet">Animal Planet</channel>
    <channel site="[ENC][EX]tv.altibox.no_0" site_id="581||logo/202101/20210107/73/20210107075037761fue_op.png" xmltv_id="National Geographic">National Geographic</channel>
    <channel site="[ENC][EX]tv.altibox.no_0" site_id="698||poster/fileEntity/CMS_TEMP/ums/d9a22a8a-cca8-4976-ac9d-f0422692984e.png" xmltv_id="Nat Geo Wild">Nat Geo Wild</channel>
    <channel site="[ENC][EX]tv.altibox.no_0" site_id="458||poster/fileEntity/20160830/000300/XTV100000936/162eb112-4d6c-4738-9a60-819b969e6c96.png" xmltv_id="Travel Channel">Travel Channel</channel>
    <channel site="[ENC][EX]tv.altibox.no_0" site_id="658520687||logo/202108/20210812/13/20210812111225579586_op.png" xmltv_id="Heim">Heim</channel>
    <channel site="[ENC][EX]tv.altibox.no_0" site_id="704394198||logo/202110/20211008/72/20211008115129541eay_op.png" xmltv_id="Naturkanal1">Naturkanal1</channel>
    <channel site="[ENC][EX]tv.altibox.no_0" site_id="549||logo/202101/20210107/11/20210107070102745x9q_op.png" xmltv_id="DR 1">DR 1</channel>
    <channel site="[ENC][EX]tv.altibox.no_0" site_id="453||logo/202101/20210107/42/20210107070317356sz6_op.png" xmltv_id="DR 2">DR 2</channel>
    <channel site="[ENC][EX]tv.altibox.no_0" site_id="498||logo/202203/20220331/74/20220331061327249imm_op.png" xmltv_id="TV 2 (Lorry)">TV 2 (Lorry)</channel>
    <channel site="[ENC][EX]tv.altibox.no_0" site_id="539||poster/fileEntity/20160830/000300/XTV100001028/57d9a660-dbb4-43bc-8183-4ab9ba0d3f56.png" xmltv_id="SVT1">SVT1</channel>
    <channel site="[ENC][EX]tv.altibox.no_0" site_id="540||poster/fileEntity/20160830/000300/XTV100001029/39e6a536-6603-409f-bedf-22452c6960ca.png" xmltv_id="SVT2">SVT2</channel>
    <channel site="[ENC][EX]tv.altibox.no_0" site_id="553||poster/fileEntity/20160830/000300/XTV100001047/33d81774-49a7-4eaa-99a0-ebc4ccb9364b.png" xmltv_id="TV4">TV4</channel>
    <channel site="[ENC][EX]tv.altibox.no_0" site_id="455978995||logo/202012/20201207/78/20201207105325760w1l_op.png" xmltv_id="MyZen TV">MyZen TV</channel>
    <channel site="[ENC][EX]tv.altibox.no_0" site_id="455984242||logo/202012/20201207/39/20201207110731810dni_op.png" xmltv_id="Museum TV">Museum TV</channel>
    <channel site="[ENC][EX]tv.altibox.no_0" site_id="545||logo/202204/20220401/66/20220401070934593g0y_op.png" xmltv_id="C More Series">C More Series</channel>
    <channel site="[ENC][EX]tv.altibox.no_0" site_id="547||logo/202204/20220401/50/20220401071014597jyp_op.png" xmltv_id="C More First">C More First</channel>
    <channel site="[ENC][EX]tv.altibox.no_0" site_id="469||logo/202204/20220401/62/20220401071054653kg4_op.png" xmltv_id="C More Hits">C More Hits</channel>
    <channel site="[ENC][EX]tv.altibox.no_0" site_id="642||logo/202204/20220401/88/20220401070849843crx_op.png" xmltv_id="C More Stars">C More Stars</channel>
    <channel site="[ENC][EX]tv.altibox.no_0" site_id="457||logo/202204/20220401/2/2022040107114050858d_op.png" xmltv_id="SF Kanalen">SF Kanalen</channel>
    <channel site="[ENC][EX]tv.altibox.no_0" site_id="560||logo/202009/20200930/25/202009300831411998nx_op.png" xmltv_id="V Film Premiere">V Film Premiere</channel>
    <channel site="[ENC][EX]tv.altibox.no_0" site_id="563||logo/202009/20200930/9/20200930083046194upg_op.png" xmltv_id="V Film Action">V Film Action</channel>
    <channel site="[ENC][EX]tv.altibox.no_0" site_id="550||logo/202009/20200930/35/20200930114143778jbb_op.png" xmltv_id="V Series">V Series</channel>
    <channel site="[ENC][EX]tv.altibox.no_0" site_id="602||logo/202009/20200930/84/20200930082651622t46_op.png" xmltv_id="V Film Family">V Film Family</channel>
    <channel site="[ENC][EX]tv.altibox.no_0" site_id="639||logo/202009/20200930/72/20200930082256591n41_op.png" xmltv_id="V Film Hits">V Film Hits</channel>
    <channel site="[ENC][EX]tv.altibox.no_0" site_id="554||logo/202009/20200930/46/20200930084221217p5s_op.png" xmltv_id="V Sport+">V Sport+</channel>
    <channel site="[ENC][EX]tv.altibox.no_0" site_id="559||logo/202009/20200930/18/20200930084001145z57_op.png" xmltv_id="V Sport 1">V Sport 1</channel>
    <channel site="[ENC][EX]tv.altibox.no_0" site_id="552||logo/202009/20200930/20/202009300843211356sk_op.png" xmltv_id="V Sport 2">V Sport 2</channel>
    <channel site="[ENC][EX]tv.altibox.no_0" site_id="556||logo/202009/20200930/23/20200930084101183zru_op.png" xmltv_id="V Sport 3">V Sport 3</channel>
    <channel site="[ENC][EX]tv.altibox.no_0" site_id="557||logo/202101/20210107/43/2021010707573249018d_op.png" xmltv_id="V Sport Golf">V Sport Golf</channel>
    <channel site="[ENC][EX]tv.altibox.no_0" site_id="695||logo/202009/20200930/57/20200930084416069shh_op.png" xmltv_id="V Ultra HD">V Ultra HD</channel>
    <channel site="[ENC][EX]tv.altibox.no_0" site_id="634||logo/202204/20220401/35/202204010741496511rn_op.png" xmltv_id="TV 2 Sport Premium">TV 2 Sport Premium</channel>
    <channel site="[ENC][EX]tv.altibox.no_0" site_id="627||logo/202204/20220401/5/20220401074224496w3e_op.png" xmltv_id="TV 2 Sport Premium 2">TV 2 Sport Premium 2</channel>
    <channel site="[ENC][EX]tv.altibox.no_0" site_id="656||poster/fileEntity/CMS_TEMP/ums/e334743c-0bd0-4fae-a930-d23c8af4cc38.png" xmltv_id="Eurosport Pluss 1">Eurosport Pluss 1</channel>
    <channel site="[ENC][EX]tv.altibox.no_0" site_id="655||poster/fileEntity/CMS_TEMP/ums/962135b5-65e8-4268-96ba-a8a446028669.png" xmltv_id="Eurosport Pluss 2">Eurosport Pluss 2</channel>
    <channel site="[ENC][EX]tv.altibox.no_0" site_id="659||poster/fileEntity/CMS_TEMP/ums/2be296bd-0972-4db2-9e19-560a961362de.png" xmltv_id="Eurosport Pluss 3">Eurosport Pluss 3</channel>
    <channel site="[ENC][EX]tv.altibox.no_0" site_id="660||poster/fileEntity/CMS_TEMP/ums/c46ce6d7-1cae-42db-abdf-1474f3304afe.png" xmltv_id="Eurosport Pluss 4">Eurosport Pluss 4</channel>
    <channel site="[ENC][EX]tv.altibox.no_0" site_id="661||poster/fileEntity/CMS_TEMP/ums/636fba1e-6eec-4764-94ea-d6057bec60b3.png" xmltv_id="Eurosport Pluss 5">Eurosport Pluss 5</channel>
    <channel site="[ENC][EX]tv.altibox.no_0" site_id="662||poster/fileEntity/CMS_TEMP/ums/0eecd1f8-3373-4db8-abbf-6d7437460309.png" xmltv_id="Eurosport Pluss 6">Eurosport Pluss 6</channel>
    <channel site="[ENC][EX]tv.altibox.no_0" site_id="663||poster/fileEntity/CMS_TEMP/ums/74faf828-cb20-48f5-9459-2b183cada83a.png" xmltv_id="Eurosport Pluss 7">Eurosport Pluss 7</channel>
    <channel site="[ENC][EX]tv.altibox.no_0" site_id="664||poster/fileEntity/CMS_TEMP/ums/b661a739-3e67-4366-bef6-120f40542d0e.png" xmltv_id="Eurosport Pluss 8">Eurosport Pluss 8</channel>
    <channel site="[ENC][EX]tv.altibox.no_0" site_id="665||poster/fileEntity/CMS_TEMP/ums/71d0fed2-4c61-45c1-9e32-b6c8e27bc176.png" xmltv_id="Eurosport Pluss 9">Eurosport Pluss 9</channel>
    <channel site="[ENC][EX]tv.altibox.no_0" site_id="666||poster/fileEntity/CMS_TEMP/ums/f625d7c1-77d7-4186-a7f7-26bf9b7c2d64.png" xmltv_id="Eurosport Pluss 10">Eurosport Pluss 10</channel>
    <channel site="[ENC][EX]tv.altibox.no_0" site_id="667||poster/fileEntity/CMS_TEMP/ums/e4b8e5cb-88ac-42c0-8473-03d7a0bcb536.png" xmltv_id="Eurosport Pluss 11">Eurosport Pluss 11</channel>
    <channel site="[ENC][EX]tv.altibox.no_0" site_id="668||poster/fileEntity/CMS_TEMP/ums/25944829-115d-4e67-af6c-e7ecf68794d2.png" xmltv_id="Eurosport Pluss 12">Eurosport Pluss 12</channel>
    <channel site="[ENC][EX]tv.altibox.no_0" site_id="392605055||logo/202009/20200930/38/20200930083813463whf_op.png" xmltv_id="V Sport Live 1">V Sport Live 1</channel>
    <channel site="[ENC][EX]tv.altibox.no_0" site_id="392617657||logo/202009/20200930/16/2020093008374113075p_op.png" xmltv_id="V Sport Live 2">V Sport Live 2</channel>
    <channel site="[ENC][EX]tv.altibox.no_0" site_id="392643951||logo/202009/20200930/30/202009300837060699qi_op.png" xmltv_id="V Sport Live 3">V Sport Live 3</channel>
    <channel site="[ENC][EX]tv.altibox.no_0" site_id="392652374||logo/202009/20200930/26/20200930083631093la4_op.png" xmltv_id="V Sport Live 4">V Sport Live 4</channel>
    <channel site="[ENC][EX]tv.altibox.no_0" site_id="392652607||logo/202009/20200930/7/2020093008360268687r_op.png" xmltv_id="V Sport Live 5">V Sport Live 5</channel>
    <channel site="[ENC][EX]tv.altibox.no_0" site_id="586||poster/fileEntity/CMS_TEMP/ums/7eed3958-0e0c-433d-8611-77d7bfbbf1b2.png" xmltv_id="VGTV">VGTV</channel>
    <channel site="[ENC][EX]tv.altibox.no_0" site_id="710||logo/202003/20200311/12/2020031108110009408v_op.png" xmltv_id="Bilkanalen Auto Motor og Sport TV">Bilkanalen Auto Motor og Sport TV</channel>
    <channel site="[ENC][EX]tv.altibox.no_0" site_id="638||poster/fileEntity/20160830/000300/XTV100001136/f8019250-5b55-4a87-a48e-7836d38a9595.png" xmltv_id="Viasat Explore">Viasat Explore</channel>
    <channel site="[ENC][EX]tv.altibox.no_0" site_id="558||poster/fileEntity/20160830/000300/XTV100001050/49a55630-3124-46f7-903f-91b7e6bc573c.png" xmltv_id="Viasat History">Viasat History</channel>
    <channel site="[ENC][EX]tv.altibox.no_0" site_id="555||poster/fileEntity/20160830/000300/XTV100001042/1130f191-feaa-43f1-be42-673cf2ef7513.png" xmltv_id="Viasat Nature">Viasat Nature</channel>
    <channel site="[ENC][EX]tv.altibox.no_0" site_id="720||poster/fileEntity/CMS_TEMP/ums/dc2e42bc-084d-4bfc-9d49-e82e73517e30.png" xmltv_id="MTV Nordic HD">MTV Nordic HD</channel>
    <channel site="[ENC][EX]tv.altibox.no_0" site_id="721||poster/fileEntity/CMS_TEMP/ums/bd84120e-fa65-41c6-9ee8-9ef61802ca67.png" xmltv_id="MTV Hits">MTV Hits</channel>
    <channel site="[ENC][EX]tv.altibox.no_0" site_id="722||logo/202101/20210107/5/20210107080236033ftm_op.png" xmltv_id="club MTV">club MTV</channel>
    <channel site="[ENC][EX]tv.altibox.no_0" site_id="726||logo/202010/20201027/26/20201027081849046p11_op.png" xmltv_id="MTV 80s">MTV 80s</channel>
    <channel site="[ENC][EX]tv.altibox.no_0" site_id="723||logo/202010/20201005/38/20201005123516699m3k_op.png" xmltv_id="MTV 90s">MTV 90s</channel>
    <channel site="[ENC][EX]tv.altibox.no_0" site_id="725||logo/202108/20210802/38/20210802065218894rvn_op.png" xmltv_id="MTV 00s">MTV 00s</channel>
    <channel site="[ENC][EX]tv.altibox.no_0" site_id="724||poster/fileEntity/CMS_TEMP/ums/2fb2ea0b-dcda-4c55-85d9-9fab7dae689e.png" xmltv_id="MTV Live HD">MTV Live HD</channel>
    <channel site="[ENC][EX]tv.altibox.no_0" site_id="868407022||logo/202204/20220405/7/202204051250020585sm_op.png" xmltv_id="UATV">UATV</channel>
    <channel site="[ENC][EX]tv.altibox.no_0" site_id="472||logo/202101/20210107/8/20210107080003371wk6_op.png" xmltv_id="ARD Das Erste">ARD Das Erste</channel>
    <channel site="[ENC][EX]tv.altibox.no_0" site_id="462||logo/202109/20210915/21/20210915061200112q4z_op.png" xmltv_id="RTL">RTL</channel>
    <channel site="[ENC][EX]tv.altibox.no_0" site_id="523||poster/fileEntity/20160830/000300/XTV100001012/9f067b1c-9c88-41a8-8301-dad58de46cf3.png" xmltv_id="Sat.1">Sat.1</channel>
    <channel site="[ENC][EX]tv.altibox.no_0" site_id="465||poster/fileEntity/20160830/000300/XTV100000950/5dffa8f6-7278-458e-bf3d-4fde6ba84b88.png" xmltv_id="3Sat">3Sat</channel>
    <channel site="[ENC][EX]tv.altibox.no_0" site_id="606||logo/202112/20211209/6/20211209083425683zji_op.png" xmltv_id="TV5 Monde Europe">TV5 Monde Europe</channel>
    <channel site="[ENC][EX]tv.altibox.no_0" site_id="595||poster/fileEntity/20160830/000300/XTV100001093/20245588-8fd8-41a0-8851-ecbf32a85f80.png" xmltv_id="TV Polonia">TV Polonia</channel>
    <channel site="[ENC][EX]tv.altibox.no_0" site_id="538||poster/fileEntity/20160830/000300/XTV100001026/f3dfb581-7583-41fe-a170-b09e1ba37540.png" xmltv_id="TVE International">TVE International</channel>
    <channel site="[ENC][EX]tv.altibox.no_0" site_id="583||poster/fileEntity/20160830/000300/XTV100001075/ecc34bce-2ce1-4ee3-aba5-87a1b39d9b2c.png" xmltv_id="Rai Uno">Rai Uno</channel>
    <channel site="[ENC][EX]tv.altibox.no_0" site_id="455||poster/fileEntity/20160830/000300/XTV100000933/f7f1a4d7-f628-4c20-9269-b238c32b8a7b.png" xmltv_id="Al Jazeera">Al Jazeera</channel>
    <channel site="[ENC][EX]tv.altibox.no_0" site_id="543||poster/fileEntity/20160830/000300/XTV100001032/ad645927-6e63-4642-8dd4-007d6b9bf239.png" xmltv_id="Al Jazeera English">Al Jazeera English</channel>
    <channel site="[ENC][EX]tv.altibox.no_0" site_id="565||poster/fileEntity/20160830/000300/XTV100001059/ea42371d-d431-46d4-96c7-7942e8209e48.png" xmltv_id="TVE 24 Horas">TVE 24 Horas</channel>
    <channel site="[ENC][EX]tv.altibox.no_0" site_id="589||poster/fileEntity/CMS_TEMP/ums/b90a5147-fbf9-4729-ba04-114c468335f8.png" xmltv_id="France 2">France 2</channel>
    <channel site="[ENC][EX]tv.altibox.no_0" site_id="575||poster/fileEntity/CMS_TEMP/ums/f66c77eb-a5f4-4322-b640-87b8fd542296.png" xmltv_id="France 3">France 3</channel>
    <channel site="[ENC][EX]tv.altibox.no_0" site_id="468||poster/fileEntity/20160830/000300/XTV100000947/fde64138-ff2e-4076-8b4a-0f1245c3c2f2.png" xmltv_id="Sky News">Sky News</channel>
    <channel site="[ENC][EX]tv.altibox.no_0" site_id="464||poster/fileEntity/20160830/000300/XTV100000944/f91bbe29-9423-4593-97da-bfe376008a8a.png" xmltv_id="CNN International">CNN International</channel>
    <channel site="[ENC][EX]tv.altibox.no_0" site_id="679||poster/fileEntity/CMS_TEMP/ums/d18a9241-7054-40f9-8fa2-a05325f2fc1f.png" xmltv_id="Euronews">Euronews</channel>
    <channel site="[ENC][EX]tv.altibox.no_0" site_id="641||poster/fileEntity/20160830/000300/XTV100001137/9b55678b-65cf-438e-bc1e-f411e41cfc25.png" xmltv_id="CNBC">CNBC</channel>
    <channel site="[ENC][EX]tv.altibox.no_0" site_id="572||poster/fileEntity/CMS_TEMP/ums/984d8118-7837-4d6a-9b9c-f515888f5f65.png" xmltv_id="Norway Live">Norway Live</channel>
    <channel site="[ENC][EX]tv.altibox.no_0" site_id="870430879||logo/202205/20220502/36/20220502111924849zx0_op.png" xmltv_id="TVL">TVL</channel>
    <channel site="[ENC][EX]tv.altibox.no_0" site_id="536||poster/fileEntity/20160830/000300/XTV100001024/0adfb5ef-80c3-462d-bb22-ed016044ff5f.png" xmltv_id="God Channel">God Channel</channel>
    <channel site="[ENC][EX]tv.altibox.no_0" site_id="604||poster/fileEntity/CMS_TEMP/ums/4d1a6393-006d-4eed-9c0f-b71d7f2de965.png" xmltv_id="Visjon Norge">Visjon Norge</channel>
    <channel site="[ENC][EX]tv.altibox.no_0" site_id="745||logo/202004/20200416/27/202004160940549488b2_op.png" xmltv_id="Kanal 10">Kanal 10</channel>
    <channel site="[ENC][EX]tv.altibox.no_0" site_id="567||logo/202010/20201001/97/20201001065252633atx_op.png" xmltv_id="ID">ID</channel>
    <channel site="[ENC][EX]tv.altibox.no_0" site_id="580||logo/202006/20200618/31/202006180710012313vb_op.png" xmltv_id="Nautical Channel">Nautical Channel</channel>
    <channel site="[ENC][EX]tv.altibox.no_0" site_id="613||poster/fileEntity/20160830/000300/XTV100001113/fd867f88-0251-40b8-a2e4-980b177ca128.png" xmltv_id="Rikstoto Direkte">Rikstoto Direkte</channel>
    <channel site="[ENC][EX]tv.altibox.no_0" site_id="535||poster/fileEntity/20160830/000300/XTV100001023/b80313e0-2758-4d61-aff2-69e48e66c2e7.png" xmltv_id="Extreme Sports SD">Extreme Sports SD</channel>
    <channel site="[ENC][EX]tv.altibox.no_0" site_id="591||poster/fileEntity/20160830/000300/XTV100001085/a20f44bf-1b07-44d8-9f82-dcf168654273.png" xmltv_id="FIGHT SPORTS">FIGHT SPORTS</channel>
    <channel site="[ENC][EX]tv.altibox.no_0" site_id="551||logo/202204/20220401/68/2022040107453107275l_op.png" xmltv_id="TV 2 Norge">TV 2 Norge</channel>
    <channel site="[ENC][EX]tv.altibox.no_0" site_id="615||poster/fileEntity/CMS_TEMP/ums/28ba415f-64ca-46f9-bf1a-331d59340f63.png" xmltv_id="TV Vest Rogaland">TV Vest Rogaland</channel>
    <channel site="[ENC][EX]tv.altibox.no_0" site_id="701||logo/202102/20210224/93/20210224150141365s8l_op.png" xmltv_id="TV Vest Vestland">TV Vest Vestland</channel>
    <channel site="[ENC][EX]tv.altibox.no_0" site_id="612||poster/fileEntity/20160830/000300/XTV100001114/49e22308-00e6-4bd8-8edd-bbda01dd29dc.png" xmltv_id="TV Haugaland">TV Haugaland</channel>
    <channel site="[ENC][EX]tv.altibox.no_0" site_id="733||poster/fileEntity/CMS_TEMP/ums/301563f1-cc37-4cea-b18c-8a60ae4bf37f.png" xmltv_id="Sunnmøre Live">Sunnmøre Live</channel>
    <channel site="[ENC][EX]tv.altibox.no_0" site_id="622||logo/202101/20210128/42/20210128080852304apj_op.png" xmltv_id="Trønder TV">Trønder TV</channel>
    <channel site="[ENC][EX]tv.altibox.no_0" site_id="600||poster/fileEntity/20160830/000300/XTV100001091/40d4ceae-1ac0-4fa5-9955-d83da2529506.png" xmltv_id="TV Agder">TV Agder</channel>
    <channel site="[ENC][EX]tv.altibox.no_0" site_id="697||logo/202204/20220428/54/20220428082615261pbb_op.png" xmltv_id="TV1ø">TV1ø</channel>
    <channel site="[ENC][EX]tv.altibox.no_0" site_id="746||logo/202005/20200527/24/20200527094946370vu3_op.png" xmltv_id="TV Østfold">TV Østfold</channel>
    <channel site="[ENC][EX]tv.altibox.no_0" site_id="569558663||logo/202105/20210503/24/20210503101443642weu_op.png" xmltv_id="TV Nord">TV Nord</channel>
    <channel site="[ENC][EX]tv.altibox.no_0" site_id="637802126||logo/202111/20211110/16/20211110134544957syl_op.png" xmltv_id="Frikanalen">Frikanalen</channel>
    <channel site="[ENC][EX]tv.altibox.no_0" site_id="574||poster/fileEntity/CMS_TEMP/ums/2066e053-ff51-4f30-9c52-3cc7aaf73e5c.png" xmltv_id="NRK Rogaland 24">NRK Rogaland 24</channel>
    <channel site="[ENC][EX]tv.altibox.no_0" site_id="614||poster/fileEntity/20160830/000300/XTV100001106/898ea498-937a-4bfb-a21c-b3aa8bc74950.png" xmltv_id="NRK1 Lydtekst">NRK1 Lydtekst</channel>
    <channel site="[ENC][EX]tv.altibox.no_0" site_id="616||poster/fileEntity/20160830/000300/XTV100001107/24568127-2853-4f37-b172-d97ddd6f5b5c.png" xmltv_id="NRK2 Lydtekst">NRK2 Lydtekst</channel>
    <channel site="[ENC][EX]tv.altibox.no_0" site_id="608||poster/fileEntity/20160830/000300/XTV100001108/09d5cf46-4743-44fe-a013-91002ac4e2d3.png" xmltv_id="NRK3 Lydtekst">NRK3 Lydtekst</channel>
    <channel site="[ENC][EX]tv.altibox.no_0" site_id="623||poster/fileEntity/CMS_TEMP/ums/7e1fcda2-024f-4c59-90b2-8d1694da5ad5.png" xmltv_id="NRK1 Tegnspråk">NRK1 Tegnspråk</channel>
    <channel site="[ENC][EX]tv.altibox.no_0" site_id="625||logo/202009/20200928/55/202009281106187141ek_op.png" xmltv_id="NRK1 Innlandet">NRK1 Innlandet</channel>
    <channel site="[ENC][EX]tv.altibox.no_0" site_id="630||logo/202009/20200928/55/20200928110958233nhr_op.png" xmltv_id="NRK1 Oslo og Viken">NRK1 Oslo og Viken</channel>
    <channel site="[ENC][EX]tv.altibox.no_0" site_id="631||logo/202009/20200928/88/20200928111252282ql0_op.png" xmltv_id="NRK1 Vestfold og Telemark">NRK1 Vestfold og Telemark</channel>
    <channel site="[ENC][EX]tv.altibox.no_0" site_id="624||logo/202009/20200928/29/20200928111103177hhs_op.png" xmltv_id="NRK1 Sørlandet">NRK1 Sørlandet</channel>
    <channel site="[ENC][EX]tv.altibox.no_0" site_id="637||logo/202009/20200928/23/20200928111037347vfq_op.png" xmltv_id="NRK1 Rogaland">NRK1 Rogaland</channel>
    <channel site="[ENC][EX]tv.altibox.no_0" site_id="632||logo/202009/20200928/32/20200928110916266viw_op.png" xmltv_id="NRK1 Nordnytt">NRK1 Nordnytt</channel>
    <channel site="[ENC][EX]tv.altibox.no_0" site_id="635||logo/202009/20200928/56/20200928110826639upv_op.png" xmltv_id="NRK1 Nordland">NRK1 Nordland</channel>
    <channel site="[ENC][EX]tv.altibox.no_0" site_id="629||logo/202009/20200928/65/20200928110748254qt3_op.png" xmltv_id="NRK1 Møre og Romsdal">NRK1 Møre og Romsdal</channel>
    <channel site="[ENC][EX]tv.altibox.no_0" site_id="633||logo/202009/20200928/57/20200928110702813w3c_op.png" xmltv_id="NRK1 Midtnytt">NRK1 Midtnytt</channel>
    <channel site="[ENC][EX]tv.altibox.no_0" site_id="626||logo/202009/20200928/92/202009281112081150iz_op.png" xmltv_id="NRK1 Vestlandet">NRK1 Vestlandet</channel>
    <channel site="[ENC][EX]tv.altibox.no_0" site_id="743||logo/202106/20210601/28/202106011122483914ws_op.png" xmltv_id="Peis">Peis</channel>
    <channel site="[ENC][EX]tv.altibox.no_0" site_id="610444400||logo/202106/20210616/51/20210616150223809i65_op.png" xmltv_id="Akvarium">Akvarium</channel>
  </channels>
</site>