<?xml version="1.0" encoding="UTF-8"?>
<site generator-info-name="Tempest EPG Generator (made by Kvanc)" generator-info-url="https://github.com/K-vanc/Tempest-EPG-Generator.git" site="[ENC]tvguide.vg.no_0">
  <channels>
    <channel site="[ENC]tvguide.vg.no_0" site_id="nrk1" xmltv_id="NRK1">NRK1</channel>
    <channel site="[ENC]tvguide.vg.no_0" site_id="nrk2" xmltv_id="NRK2">NRK2</channel>
    <channel site="[ENC]tvguide.vg.no_0" site_id="nrk3" xmltv_id="NRK3">NRK3</channel>
    <channel site="[ENC]tvguide.vg.no_0" site_id="tv2" xmltv_id="TV 2">TV 2</channel>
    <channel site="[ENC]tvguide.vg.no_0" site_id="tvnorge" xmltv_id="TVNorge">TVNorge</channel>
    <channel site="[ENC]tvguide.vg.no_0" site_id="vgtv" xmltv_id="VGTV">VGTV</channel>
    <channel site="[ENC]tvguide.vg.no_0" site_id="eurosport-norge" xmltv_id="Eurosport Norge">Eurosport Norge</channel>
    <channel site="[ENC]tvguide.vg.no_0" site_id="matkanalen" xmltv_id="Matkanalen">Matkanalen</channel>
    <channel site="[ENC]tvguide.vg.no_0" site_id="viasat-4" xmltv_id="Viasat 4">Viasat 4</channel>
    <channel site="[ENC]tvguide.vg.no_0" site_id="tv2-zebra" xmltv_id="TV 2 Zebra">TV 2 Zebra</channel>
    <channel site="[ENC]tvguide.vg.no_0" site_id="tv2-nyhetskanalen" xmltv_id="TV 2 Nyhetskanalen">TV 2 Nyhetskanalen</channel>
    <channel site="[ENC]tvguide.vg.no_0" site_id="tv2-sport-1" xmltv_id="TV 2 Sport 1">TV 2 Sport 1</channel>
    <channel site="[ENC]tvguide.vg.no_0" site_id="tv2-sport-2" xmltv_id="TV 2 Sport 2">TV 2 Sport 2</channel>
    <channel site="[ENC]tvguide.vg.no_0" site_id="tv2-livsstil" xmltv_id="TV 2 Livsstil">TV 2 Livsstil</channel>
    <channel site="[ENC]tvguide.vg.no_0" site_id="max" xmltv_id="MAX">MAX</channel>
    <channel site="[ENC]tvguide.vg.no_0" site_id="fem" xmltv_id="FEM">FEM</channel>
    <channel site="[ENC]tvguide.vg.no_0" site_id="al-jazeera-english" xmltv_id="Al Jazeera English">Al Jazeera English</channel>
    <channel site="[ENC]tvguide.vg.no_0" site_id="animal-planet" xmltv_id="Animal Planet">Animal Planet</channel>
    <channel site="[ENC]tvguide.vg.no_0" site_id="bbc-brit" xmltv_id="BBC Brit">BBC Brit</channel>
    <channel site="[ENC]tvguide.vg.no_0" site_id="bbc-earth" xmltv_id="BBC Earth">BBC Earth</channel>
    <channel site="[ENC]tvguide.vg.no_0" site_id="bbc-world-news" xmltv_id="BBC World News">BBC World News</channel>
    <channel site="[ENC]tvguide.vg.no_0" site_id="bloomberg-tv" xmltv_id="Bloomberg TV">Bloomberg TV</channel>
    <channel site="[ENC]tvguide.vg.no_0" site_id="boomerang" xmltv_id="Boomerang">Boomerang</channel>
    <channel site="[ENC]tvguide.vg.no_0" site_id="cartoon-network" xmltv_id="Cartoon Network">Cartoon Network</channel>
    <channel site="[ENC]tvguide.vg.no_0" site_id="cbs-reality" xmltv_id="CBS Reality">CBS Reality</channel>
    <channel site="[ENC]tvguide.vg.no_0" site_id="c-more-first" xmltv_id="C More First">C More First</channel>
    <channel site="[ENC]tvguide.vg.no_0" site_id="c-more-hits" xmltv_id="C More Hits">C More Hits</channel>
    <channel site="[ENC]tvguide.vg.no_0" site_id="c-more-series" xmltv_id="C More Series">C More Series</channel>
    <channel site="[ENC]tvguide.vg.no_0" site_id="c-more-stars" xmltv_id="C More Stars">C More Stars</channel>
    <channel site="[ENC]tvguide.vg.no_0" site_id="cnbc" xmltv_id="CNBC">CNBC</channel>
    <channel site="[ENC]tvguide.vg.no_0" site_id="cnn-international" xmltv_id="CNN International">CNN International</channel>
    <channel site="[ENC]tvguide.vg.no_0" site_id="discovery-channel" xmltv_id="Discovery Channel">Discovery Channel</channel>
    <channel site="[ENC]tvguide.vg.no_0" site_id="discovery-science" xmltv_id="Discovery Science">Discovery Science</channel>
    <channel site="[ENC]tvguide.vg.no_0" site_id="discovery-world" xmltv_id="Discovery World">Discovery World</channel>
    <channel site="[ENC]tvguide.vg.no_0" site_id="disney-channel" xmltv_id="Disney Channel">Disney Channel</channel>
    <channel site="[ENC]tvguide.vg.no_0" site_id="disney-junior" xmltv_id="Disney Junior">Disney Junior</channel>
    <channel site="[ENC]tvguide.vg.no_0" site_id="dr1" xmltv_id="DR1">DR1</channel>
    <channel site="[ENC]tvguide.vg.no_0" site_id="dr2" xmltv_id="DR2">DR2</channel>
    <channel site="[ENC]tvguide.vg.no_0" site_id="extreme-sports-channel" xmltv_id="Extreme Sports Channel">Extreme Sports Channel</channel>
    <channel site="[ENC]tvguide.vg.no_0" site_id="h2" xmltv_id="H2">H2</channel>
    <channel site="[ENC]tvguide.vg.no_0" site_id="history" xmltv_id="History">History</channel>
    <channel site="[ENC]tvguide.vg.no_0" site_id="investigation-discovery" xmltv_id="Investigation Discovery">Investigation Discovery</channel>
    <channel site="[ENC]tvguide.vg.no_0" site_id="kanal-10" xmltv_id="Kanal 10">Kanal 10</channel>
    <channel site="[ENC]tvguide.vg.no_0" site_id="mtv" xmltv_id="MTV">MTV</channel>
    <channel site="[ENC]tvguide.vg.no_0" site_id="national-geographic" xmltv_id="National Geographic">National Geographic</channel>
    <channel site="[ENC]tvguide.vg.no_0" site_id="national-geographic-wild" xmltv_id="National Geographic Wild">National Geographic Wild</channel>
    <channel site="[ENC]tvguide.vg.no_0" site_id="nickelodeon" xmltv_id="Nickelodeon">Nickelodeon</channel>
    <channel site="[ENC]tvguide.vg.no_0" site_id="nick-jr" xmltv_id="Nick Jr.">Nick Jr.</channel>
    <channel site="[ENC]tvguide.vg.no_0" site_id="nicktoons" xmltv_id="Nicktoons">Nicktoons</channel>
    <channel site="[ENC]tvguide.vg.no_0" site_id="norway-live" xmltv_id="Norway Live">Norway Live</channel>
    <channel site="[ENC]tvguide.vg.no_0" site_id="outdoor-channel-tv-emea" xmltv_id="Outdoor Channel TV EMEA">Outdoor Channel TV EMEA</channel>
    <channel site="[ENC]tvguide.vg.no_0" site_id="sf-kanalen" xmltv_id="SF-kanalen">SF-kanalen</channel>
    <channel site="[ENC]tvguide.vg.no_0" site_id="sky-news-international" xmltv_id="Sky News International">Sky News International</channel>
    <channel site="[ENC]tvguide.vg.no_0" site_id="svt1" xmltv_id="SVT1">SVT1</channel>
    <channel site="[ENC]tvguide.vg.no_0" site_id="svt2" xmltv_id="SVT2">SVT2</channel>
    <channel site="[ENC]tvguide.vg.no_0" site_id="tlc" xmltv_id="TLC">TLC</channel>
    <channel site="[ENC]tvguide.vg.no_0" site_id="tv3" xmltv_id="TV3">TV3</channel>
    <channel site="[ENC]tvguide.vg.no_0" site_id="tv4" xmltv_id="TV4">TV4</channel>
    <channel site="[ENC]tvguide.vg.no_0" site_id="tv6" xmltv_id="TV6">TV6</channel>
    <channel site="[ENC]tvguide.vg.no_0" site_id="viasat-explore" xmltv_id="Viasat Explore">Viasat Explore</channel>
    <channel site="[ENC]tvguide.vg.no_0" site_id="viasat-film-action" xmltv_id="Viasat Film Action">Viasat Film Action</channel>
    <channel site="[ENC]tvguide.vg.no_0" site_id="viasat-film-family" xmltv_id="Viasat Film Family">Viasat Film Family</channel>
    <channel site="[ENC]tvguide.vg.no_0" site_id="viasat-film-hits" xmltv_id="Viasat Film Hits">Viasat Film Hits</channel>
    <channel site="[ENC]tvguide.vg.no_0" site_id="viasat-film-premiere" xmltv_id="Viasat Film Premiere">Viasat Film Premiere</channel>
    <channel site="[ENC]tvguide.vg.no_0" site_id="viasat-golf" xmltv_id="Viasat Golf">Viasat Golf</channel>
    <channel site="[ENC]tvguide.vg.no_0" site_id="viasat-history" xmltv_id="Viasat History">Viasat History</channel>
    <channel site="[ENC]tvguide.vg.no_0" site_id="viasat-nature-nordic" xmltv_id="Viasat Nature Nordic">Viasat Nature Nordic</channel>
    <channel site="[ENC]tvguide.vg.no_0" site_id="viasat-series" xmltv_id="Viasat Series">Viasat Series</channel>
    <channel site="[ENC]tvguide.vg.no_0" site_id="viasport" xmltv_id="Viasport+">Viasport+</channel>
    <channel site="[ENC]tvguide.vg.no_0" site_id="viasport-1" xmltv_id="Viasport 1">Viasport 1</channel>
    <channel site="[ENC]tvguide.vg.no_0" site_id="viasport-2" xmltv_id="Viasport 2">Viasport 2</channel>
    <channel site="[ENC]tvguide.vg.no_0" site_id="viasport-3" xmltv_id="Viasport 3">Viasport 3</channel>
    <channel site="[ENC]tvguide.vg.no_0" site_id="visjon-norge" xmltv_id="Visjon Norge">Visjon Norge</channel>
    <channel site="[ENC]tvguide.vg.no_0" site_id="vox" xmltv_id="VOX">VOX</channel>
  </channels>
</site>