<?xml version="1.0" encoding="UTF-8"?>
<site generator-info-name="Tempest EPG Generator (made by Kvanc)" generator-info-url="https://github.com/K-vanc/Tempest-EPG-Generator.git" site="[ENC][EX]tv.movistar.co_0">
  <channels>
    <channel site="[ENC][EX]tv.movistar.co_0" site_id="LCH2710||00/06/84/6840719_06DF1DE82185646C" xmltv_id="Canal Capital">Canal Capital</channel>
    <channel site="[ENC][EX]tv.movistar.co_0" site_id="LCH2702" xmltv_id="CANAL 1">CANAL 1</channel>
    <channel site="[ENC][EX]tv.movistar.co_0" site_id="LCH2711" xmltv_id="CANAL INSTITUCIONAL">CANAL INSTITUCIONAL</channel>
    <channel site="[ENC][EX]tv.movistar.co_0" site_id="LCH2753" xmltv_id="SEÑAL COLOMBIA">SEÑAL COLOMBIA</channel>
    <channel site="[ENC][EX]tv.movistar.co_0" site_id="LCH2703||00/06/87/6872962_B9A89B733937ACFE" xmltv_id="CANAL CONGRESO">CANAL CONGRESO</channel>
    <channel site="[ENC][EX]tv.movistar.co_0" site_id="LCH2736" xmltv_id="RCN">RCN</channel>
    <channel site="[ENC][EX]tv.movistar.co_0" site_id="LCH2707" xmltv_id="CARACOL">CARACOL</channel>
    <channel site="[ENC][EX]tv.movistar.co_0" site_id="LCH2749||00/05/82/5825818_21DE24CC2597ED28" xmltv_id="Telecaribe">Telecaribe</channel>
    <channel site="[ENC][EX]tv.movistar.co_0" site_id="LCH2754||00/06/77/6777671_498DFB24EDD741CF" xmltv_id="Telepacifico">Telepacifico</channel>
    <channel site="[ENC][EX]tv.movistar.co_0" site_id="LCH2750||00/06/73/6737702_C6F4E2CAA744A793" xmltv_id="Teleantioquia">Teleantioquia</channel>
    <channel site="[ENC][EX]tv.movistar.co_0" site_id="LCH2746||00/07/54/7549800_2F6095CDCB3DD442" xmltv_id="NUESTRA TELE">NUESTRA TELE</channel>
    <channel site="[ENC][EX]tv.movistar.co_0" site_id="LCH2714||00/06/76/6766258_EF1557DB7D3B4F8E" xmltv_id="Canal Trece">Canal Trece</channel>
    <channel site="[ENC][EX]tv.movistar.co_0" site_id="LCH2705||00/06/76/6766256_49048E2F6B098025" xmltv_id="Canal TRO">Canal TRO</channel>
    <channel site="[ENC][EX]tv.movistar.co_0" site_id="LCH2752||00/05/82/5825821_9AFF9B620F9BEF27" xmltv_id="Telecafé">Telecafé</channel>
    <channel site="[ENC][EX]tv.movistar.co_0" site_id="LCH2712||00/06/76/6766260_490CBF353F3A7CDA" xmltv_id="City TV">City TV</channel>
    <channel site="[ENC][EX]tv.movistar.co_0" site_id="LCH2608" xmltv_id="Época">Época</channel>
    <channel site="[ENC][EX]tv.movistar.co_0" site_id="LCH2722||00/06/38/6383309_6BDEDCF4D8E84A20" xmltv_id="ESPN">ESPN</channel>
    <channel site="[ENC][EX]tv.movistar.co_0" site_id="LCH2581||00/10/11/10113697_F122B11142813549" xmltv_id="CARTOONITO">CARTOONITO</channel>
    <channel site="[ENC][EX]tv.movistar.co_0" site_id="LCH2602||00/06/40/6404285_B2AAA26F953BA65C" xmltv_id="DISNEY JUNIOR">DISNEY JUNIOR</channel>
    <channel site="[ENC][EX]tv.movistar.co_0" site_id="LCH2583||00/06/40/6404289_0FC3658188313098" xmltv_id="BabyTV">BabyTV</channel>
    <channel site="[ENC][EX]tv.movistar.co_0" site_id="LCH2734||00/06/40/6404293_8FA593EEBEDAE2FA" xmltv_id="Nick Jr">Nick Jr</channel>
    <channel site="[ENC][EX]tv.movistar.co_0" site_id="LCH2690||00/06/40/6404296_E5D89B4533D93187" xmltv_id="TOONCAST">TOONCAST</channel>
    <channel site="[ENC][EX]tv.movistar.co_0" site_id="LCH2637||00/06/40/6404323_63237090D01F24CE" xmltv_id="NAT GEO">NAT GEO</channel>
    <channel site="[ENC][EX]tv.movistar.co_0" site_id="LCH2683||00/10/55/10556449_1A6D8A2DB98235CD" xmltv_id="HISTORY CHANNEL">HISTORY CHANNEL</channel>
    <channel site="[ENC][EX]tv.movistar.co_0" site_id="LCH2658||00/06/40/6404405_CD52322046D5E2FB" xmltv_id="TLC">TLC</channel>
    <channel site="[ENC][EX]tv.movistar.co_0" site_id="LCH2598||00/08/61/8615292_8817353627981150" xmltv_id="DISCOVERY SCIENCE">DISCOVERY SCIENCE</channel>
    <channel site="[ENC][EX]tv.movistar.co_0" site_id="LCH2708||00/06/40/6400496_F73CF76E891B89F0" xmltv_id="Discovery Turbo">Discovery Turbo</channel>
    <channel site="[ENC][EX]tv.movistar.co_0" site_id="LCH2639||00/17/23/17237717_B1A70FD338292FD7" xmltv_id="AdultSwim">AdultSwim</channel>
    <channel site="[ENC][EX]tv.movistar.co_0" site_id="LCH2697||00/06/40/6402263_67E5585E7223A42C" xmltv_id="TLNOVELAS">TLNOVELAS</channel>
    <channel site="[ENC][EX]tv.movistar.co_0" site_id="LCH2755" xmltv_id="TELEMUNDO REGIONAL">TELEMUNDO REGIONAL</channel>
    <channel site="[ENC][EX]tv.movistar.co_0" site_id="LCH2823||00/06/40/6402338_F2F85E917E131706" xmltv_id="¡HOLA! TV SD">¡HOLA! TV SD</channel>
    <channel site="[ENC][EX]tv.movistar.co_0" site_id="LCH2678||00/06/40/6402303_A33849F933ADA8BD" xmltv_id="HTV">HTV</channel>
    <channel site="[ENC][EX]tv.movistar.co_0" site_id="LCH2595" xmltv_id="CNN Español">CNN Español</channel>
    <channel site="[ENC][EX]tv.movistar.co_0" site_id="LCH1251||00/15/84/15847198_6C5566D38363CFF0" xmltv_id="BBC World News">BBC World News</channel>
    <channel site="[ENC][EX]tv.movistar.co_0" site_id="LCH2587||00/06/40/6402269_E7AF95BCD440D5F8" xmltv_id="CNN INTERNACIONAL">CNN INTERNACIONAL</channel>
    <channel site="[ENC][EX]tv.movistar.co_0" site_id="LCH2679||00/06/76/6766262_EF18A52021D069F6" xmltv_id="NTN24">NTN24</channel>
    <channel site="[ENC][EX]tv.movistar.co_0" site_id="LCH2824||00/06/77/6777669_C679F246B55CB21E" xmltv_id="El Tiempo Televisión">El Tiempo Televisión</channel>
    <channel site="[ENC][EX]tv.movistar.co_0" site_id="LCH2819||00/06/73/6737704_F4283DDC62A7CE71" xmltv_id="CableNoticias">CableNoticias</channel>
    <channel site="[ENC][EX]tv.movistar.co_0" site_id="LCH2756||00/06/38/6381808_4A544D899561B19D" xmltv_id="Telefé">Telefé</channel>
    <channel site="[ENC][EX]tv.movistar.co_0" site_id="LCH2591||00/18/37/18379887_E38CBE94D50CAFF3" xmltv_id="DAYSTAR">DAYSTAR</channel>
    <channel site="[ENC][EX]tv.movistar.co_0" site_id="LCH2600||00/06/72/6726443_4CC68622526F7C0E" xmltv_id="ENLACE">ENLACE</channel>
    <channel site="[ENC][EX]tv.movistar.co_0" site_id="LCH2743||00/18/12/18120538_C879B6958D9AC767" xmltv_id="ESPN 5">ESPN 5</channel>
    <channel site="[ENC][EX]tv.movistar.co_0" site_id="LCH2728" xmltv_id="ESPN 7">ESPN 7</channel>
    <channel site="[ENC][EX]tv.movistar.co_0" site_id="LCH2723||00/18/12/18120540_B7604BB1E7F6FE82" xmltv_id="ESPN 6">ESPN 6</channel>
    <channel site="[ENC][EX]tv.movistar.co_0" site_id="LCH2820" xmltv_id="ESPN INTERNACIONAL">ESPN INTERNACIONAL</channel>
    <channel site="[ENC][EX]tv.movistar.co_0" site_id="LCH2720||00/06/38/6383310_007CE9E18A928D1C" xmltv_id="ESPN 2">ESPN 2</channel>
    <channel site="[ENC][EX]tv.movistar.co_0" site_id="LCH1777" xmltv_id="Win Sports">Win Sports</channel>
    <channel site="[ENC][EX]tv.movistar.co_0" site_id="LCH2692||00/08/35/8355162_9D5F70421EBFB84B" xmltv_id="STAR CHANNEL">STAR CHANNEL</channel>
    <channel site="[ENC][EX]tv.movistar.co_0" site_id="LCH2668||00/07/17/7174958_C8682663671689F2" xmltv_id="LIFETIME">LIFETIME</channel>
    <channel site="[ENC][EX]tv.movistar.co_0" site_id="LCH2654||00/07/88/7881364_5A454C03C7E85861" xmltv_id="GOLDEN LATINO">GOLDEN LATINO</channel>
    <channel site="[ENC][EX]tv.movistar.co_0" site_id="LCH2667||00/06/31/6310574_FDBA1F86CF41A989" xmltv_id="TCM">TCM</channel>
    <channel site="[ENC][EX]tv.movistar.co_0" site_id="LCH2628||00/06/40/6402129_A027CB53A4AC65D9" xmltv_id="FX">FX</channel>
    <channel site="[ENC][EX]tv.movistar.co_0" site_id="LCH2701||00/06/72/6726491_D2B3F4E9E1CE44F3" xmltv_id="De Película">De Película</channel>
    <channel site="[ENC][EX]tv.movistar.co_0" site_id="LCH2590||00/06/40/6400751_E41653205B0DF616" xmltv_id="EUROPA EUROPA">EUROPA EUROPA</channel>
    <channel site="[ENC][EX]tv.movistar.co_0" site_id="LCH2627||00/06/40/6404165_72D0392FCC660718" xmltv_id="HBO">HBO</channel>
    <channel site="[ENC][EX]tv.movistar.co_0" site_id="LCH2663||00/08/55/8553111_DD5F4931A18250EE" xmltv_id="HBO FAMILY ESTE">HBO FAMILY ESTE</channel>
    <channel site="[ENC][EX]tv.movistar.co_0" site_id="LCH2698||00/06/57/6576353_680306081B40EE38" xmltv_id="HBO XTREME">HBO XTREME</channel>
    <channel site="[ENC][EX]tv.movistar.co_0" site_id="LCH2617||00/06/40/6404168_D505AFC331359E2E" xmltv_id="HBO PLUS ESTE">HBO PLUS ESTE</channel>
    <channel site="[ENC][EX]tv.movistar.co_0" site_id="LCH2675||00/06/40/6404166_44AAB142C8AA2E73" xmltv_id="HBO 2">HBO 2</channel>
    <channel site="[ENC][EX]tv.movistar.co_0" site_id="LCH2687||00/06/40/6404169_BB5D60FF3E9FC774" xmltv_id="HBO SIGNATURE">HBO SIGNATURE</channel>
    <channel site="[ENC][EX]tv.movistar.co_0" site_id="LCH2699||00/06/57/6576351_BDD4A17B0186DE21" xmltv_id="HBO MUNDI">HBO MUNDI</channel>
    <channel site="[ENC][EX]tv.movistar.co_0" site_id="LCH2738||00/06/72/6726441_FFF4DE2DAA79BEBE" xmltv_id="RCN">RCN</channel>
    <channel site="[ENC][EX]tv.movistar.co_0" site_id="LCH2713||00/06/77/6777673_523AE0ED0219820E" xmltv_id="Caracol">Caracol</channel>
    <channel site="[ENC][EX]tv.movistar.co_0" site_id="LCH2603||00/06/40/6404287_505AB80A6A512184" xmltv_id="Discovery Kids">Discovery Kids</channel>
    <channel site="[ENC][EX]tv.movistar.co_0" site_id="LCH2636||00/06/40/6404284_14348DA622E37938" xmltv_id="DISNEY CHANNEL HD">DISNEY CHANNEL HD</channel>
    <channel site="[ENC][EX]tv.movistar.co_0" site_id="LCH2822||00/06/40/6404291_317D0944FCAE9FC2" xmltv_id="Cartoon Network">Cartoon Network</channel>
    <channel site="[ENC][EX]tv.movistar.co_0" site_id="LCH2735||00/06/40/6404292_3B9E6CB449FA9F91" xmltv_id="Nick">Nick</channel>
    <channel site="[ENC][EX]tv.movistar.co_0" site_id="LCH2586||00/06/40/6404321_B867B35E2668DC15" xmltv_id="DISCOVERY HD THEATER">DISCOVERY HD THEATER</channel>
    <channel site="[ENC][EX]tv.movistar.co_0" site_id="LCH2614||00/10/55/10556449_1A6D8A2DB98235CD" xmltv_id="HISTORY CHANNEL HD">HISTORY CHANNEL HD</channel>
    <channel site="[ENC][EX]tv.movistar.co_0" site_id="LCH2672||00/06/40/6404323_63237090D01F24CE" xmltv_id="NAT GEO HD">NAT GEO HD</channel>
    <channel site="[ENC][EX]tv.movistar.co_0" site_id="LCH2680||00/06/40/6404318_A08760A31E4E9381" xmltv_id="Discovery Channel">Discovery Channel</channel>
    <channel site="[ENC][EX]tv.movistar.co_0" site_id="LCH2655||00/10/55/10556454_1534264D9C0B8BFC" xmltv_id="History 2">History 2</channel>
    <channel site="[ENC][EX]tv.movistar.co_0" site_id="LCH2576||00/06/40/6404328_6EA16AC5A8C8CA82" xmltv_id="Animal Planet">Animal Planet</channel>
    <channel site="[ENC][EX]tv.movistar.co_0" site_id="LCH2604" xmltv_id="H&amp;H">H&amp;H</channel>
    <channel site="[ENC][EX]tv.movistar.co_0" site_id="LCH2885||00/06/40/6404322_9A34A52DCF8A15B7" xmltv_id="DISCOVERY WORLD HD">DISCOVERY WORLD HD</channel>
    <channel site="[ENC][EX]tv.movistar.co_0" site_id="LCH2669||00/07/52/7522972_D23BD84A0800ADB3" xmltv_id="ID - Investigation Discovery">ID - Investigation Discovery</channel>
    <channel site="[ENC][EX]tv.movistar.co_0" site_id="LCH2653||00/06/40/6402338_F2F85E917E131706" xmltv_id="¡Hola! TV">¡Hola! TV</channel>
    <channel site="[ENC][EX]tv.movistar.co_0" site_id="LCH2740||00/06/40/6402261_8306C80692D2C55A" xmltv_id="Las Estrellas">Las Estrellas</channel>
    <channel site="[ENC][EX]tv.movistar.co_0" site_id="LCH2593||00/15/73/15731697_047F3FA9B8E3534B" xmltv_id="El Gourmet">El Gourmet</channel>
    <channel site="[ENC][EX]tv.movistar.co_0" site_id="LCH2611||00/06/40/6402370_721F7ED3E1D94D33" xmltv_id="Food Network">Food Network</channel>
    <channel site="[ENC][EX]tv.movistar.co_0" site_id="LCH2607" xmltv_id="E!">E!</channel>
    <channel site="[ENC][EX]tv.movistar.co_0" site_id="LCH2584" xmltv_id="STAR CHANNEL HD">STAR CHANNEL HD</channel>
    <channel site="[ENC][EX]tv.movistar.co_0" site_id="LCH2625||00/06/40/6402029_63C699E0EA1EFEB6" xmltv_id="Sony">Sony</channel>
    <channel site="[ENC][EX]tv.movistar.co_0" site_id="LCH2646||00/06/40/6402025_7930297E846EF33B" xmltv_id="WARNER CHANNEL HD">WARNER CHANNEL HD</channel>
    <channel site="[ENC][EX]tv.movistar.co_0" site_id="LCH2570||00/06/40/6402156_509AFA5B12D1E5F9" xmltv_id="AXN">AXN</channel>
    <channel site="[ENC][EX]tv.movistar.co_0" site_id="LCH2629||00/06/40/6402102_E78633969AA98172" xmltv_id="Universal TV">Universal TV</channel>
    <channel site="[ENC][EX]tv.movistar.co_0" site_id="LCH2659||00/06/40/6402129_A027CB53A4AC65D9" xmltv_id="FX HD">FX HD</channel>
    <channel site="[ENC][EX]tv.movistar.co_0" site_id="LCH2572" xmltv_id="A&amp;E">A&amp;E</channel>
    <channel site="[ENC][EX]tv.movistar.co_0" site_id="LCH2568||00/07/26/7265849_80A656F053F25772" xmltv_id="ATRES SERIES HD">ATRES SERIES HD</channel>
    <channel site="[ENC][EX]tv.movistar.co_0" site_id="LCH2709||00/06/40/6402245_C6769A3F09CF8D21" xmltv_id="Comedy Central">Comedy Central</channel>
    <channel site="[ENC][EX]tv.movistar.co_0" site_id="LCH2671||00/16/30/16305194_D5CFEB8AE2E5DF97" xmltv_id="TNT Novelas">TNT Novelas</channel>
    <channel site="[ENC][EX]tv.movistar.co_0" site_id="LCH2826||00/06/31/6310601_CDA7FB49C0753B8E" xmltv_id="MTV">MTV</channel>
    <channel site="[ENC][EX]tv.movistar.co_0" site_id="LCH2648||00/06/40/6402153_5D2A8E4CA7E0087D" xmltv_id="TNT Series">TNT Series</channel>
    <channel site="[ENC][EX]tv.movistar.co_0" site_id="LCH2662||00/06/38/6381762_3BCDE7B21593DCAF" xmltv_id="TNT HD">TNT HD</channel>
    <channel site="[ENC][EX]tv.movistar.co_0" site_id="LCH2696||00/06/40/6400745_DED2A560408C223A" xmltv_id="Space">Space</channel>
    <channel site="[ENC][EX]tv.movistar.co_0" site_id="LCH2582||00/06/38/6381761_1B6CA9B0AAD15C8F" xmltv_id="CINECANAL HD">CINECANAL HD</channel>
    <channel site="[ENC][EX]tv.movistar.co_0" site_id="LCH2571||00/06/40/6402133_B265ACD58D743792" xmltv_id="AMC HD">AMC HD</channel>
    <channel site="[ENC][EX]tv.movistar.co_0" site_id="LCH2651||00/07/88/7881364_5A454C03C7E85861" xmltv_id="GOLDEN HD">GOLDEN HD</channel>
    <channel site="[ENC][EX]tv.movistar.co_0" site_id="LCH2580||00/06/40/6400603_DE0CBB7B732B556A" xmltv_id="CINEMAX HD">CINEMAX HD</channel>
    <channel site="[ENC][EX]tv.movistar.co_0" site_id="LCH2706||00/06/38/6381763_D30E6D2578217102" xmltv_id="DHE HD">DHE HD</channel>
    <channel site="[ENC][EX]tv.movistar.co_0" site_id="LCH2741||00/06/84/6840720_AEB0D89DD5B9FA4C" xmltv_id="Paramount Channel">Paramount Channel</channel>
    <channel site="[ENC][EX]tv.movistar.co_0" site_id="LCH2632||00/06/40/6400877_2A9597A863DAD7FE" xmltv_id="Studio Universal">Studio Universal</channel>
    <channel site="[ENC][EX]tv.movistar.co_0" site_id="LCH2718||00/10/11/10113696_046392A4A17B42D1" xmltv_id="ESPN 4 HD">ESPN 4 HD</channel>
    <channel site="[ENC][EX]tv.movistar.co_0" site_id="LCH2827" xmltv_id="ESPN 2 HD">ESPN 2 HD</channel>
    <channel site="[ENC][EX]tv.movistar.co_0" site_id="LCH2828||00/06/38/6383311_78D38321059792D4" xmltv_id="ESPN 3">ESPN 3</channel>
    <channel site="[ENC][EX]tv.movistar.co_0" site_id="LCH2721||00/18/12/18120538_C879B6958D9AC767" xmltv_id="ESPN 5 HD">ESPN 5 HD</channel>
    <channel site="[ENC][EX]tv.movistar.co_0" site_id="LCH2729||00/18/12/18120542_D5E98ACC166EE489" xmltv_id="ESPN 7 HD">ESPN 7 HD</channel>
    <channel site="[ENC][EX]tv.movistar.co_0" site_id="LCH2726||00/18/12/18120540_B7604BB1E7F6FE82" xmltv_id="ESPN 6 HD">ESPN 6 HD</channel>
    <channel site="[ENC][EX]tv.movistar.co_0" site_id="LCH2761||00/20/44/20444681_B9611D762C9D03B1" xmltv_id="Win Sports">Win Sports</channel>
    <channel site="[ENC][EX]tv.movistar.co_0" site_id="LCH2597||00/06/71/6718046_208A681596D06D4E" xmltv_id="MTV Live">MTV Live</channel>
    <channel site="[ENC][EX]tv.movistar.co_0" site_id="LCH2829||00/06/73/6730343_9834561D33844FE1" xmltv_id="STINGRAY CONCERTS HD">STINGRAY CONCERTS HD</channel>
    <channel site="[ENC][EX]tv.movistar.co_0" site_id="LCH2762||00/09/21/9218484_E02799F256E47A34" xmltv_id="MTV 00S">MTV 00S</channel>
    <channel site="[ENC][EX]tv.movistar.co_0" site_id="LCH2685||00/06/40/6404165_72D0392FCC660718" xmltv_id="HBO">HBO</channel>
    <channel site="[ENC][EX]tv.movistar.co_0" site_id="LCH2630||00/06/40/6404166_44AAB142C8AA2E73" xmltv_id="HBO 2">HBO 2</channel>
    <channel site="[ENC][EX]tv.movistar.co_0" site_id="LCH2661||00/08/55/8553111_DD5F4931A18250EE" xmltv_id="HBO Family">HBO Family</channel>
    <channel site="[ENC][EX]tv.movistar.co_0" site_id="LCH2695||00/06/57/6576553_D50CDAAE95539E82" xmltv_id="HBO POP">HBO POP</channel>
    <channel site="[ENC][EX]tv.movistar.co_0" site_id="LCH2615||00/06/57/6576353_680306081B40EE38" xmltv_id="HBO XTREME">HBO XTREME</channel>
    <channel site="[ENC][EX]tv.movistar.co_0" site_id="LCH3345||00/06/73/6735848_E3E120BD5125A1BB" xmltv_id="Canal 1">Canal 1</channel>
    <channel site="[ENC][EX]tv.movistar.co_0" site_id="LCH3647||00/06/77/6777665_C276C345F6941321" xmltv_id="Teleislas">Teleislas</channel>
    <channel site="[ENC][EX]tv.movistar.co_0" site_id="LCH3725||00/06/40/6404323_63237090D01F24CE" xmltv_id="National Geographic">National Geographic</channel>
    <channel site="[ENC][EX]tv.movistar.co_0" site_id="LCH3752||00/06/77/6777667_306F5814B8C4F4D0" xmltv_id="Señal Colombia">Señal Colombia</channel>
    <channel site="[ENC][EX]tv.movistar.co_0" site_id="LCH3766||00/06/73/6735844_B030513D3A93A004" xmltv_id="Canal Institucional">Canal Institucional</channel>
    <channel site="[ENC][EX]tv.movistar.co_0" site_id="LCH3769||00/06/40/6402025_7930297E846EF33B" xmltv_id="Warner Channel">Warner Channel</channel>
    <channel site="[ENC][EX]tv.movistar.co_0" site_id="LCH3770||00/06/40/6404400_715F24BDA274C0D1" xmltv_id="Telemundo">Telemundo</channel>
    <channel site="[ENC][EX]tv.movistar.co_0" site_id="LCH3772||00/06/38/6381762_3BCDE7B21593DCAF" xmltv_id="TNT">TNT</channel>
    <channel site="[ENC][EX]tv.movistar.co_0" site_id="LCH3773||00/10/55/10556449_1A6D8A2DB98235CD" xmltv_id="History Channel">History Channel</channel>
    <channel site="[ENC][EX]tv.movistar.co_0" site_id="LCH3774||00/06/40/6400603_DE0CBB7B732B556A" xmltv_id="Cinemax">Cinemax</channel>
    <channel site="[ENC][EX]tv.movistar.co_0" site_id="LCH3776||00/06/38/6381761_1B6CA9B0AAD15C8F" xmltv_id="Cinecanal">Cinecanal</channel>
    <channel site="[ENC][EX]tv.movistar.co_0" site_id="LCH3777||00/06/40/6402129_A027CB53A4AC65D9" xmltv_id="FX">FX</channel>
    <channel site="[ENC][EX]tv.movistar.co_0" site_id="LCH3780||00/06/40/6402133_B265ACD58D743792" xmltv_id="AMC">AMC</channel>
    <channel site="[ENC][EX]tv.movistar.co_0" site_id="LCH3801||00/06/40/6402023_DC784CF1CDFFAF9F" xmltv_id="NETFLIX">NETFLIX</channel>
    <channel site="[ENC][EX]tv.movistar.co_0" site_id="LCH3839||00/06/40/6404284_14348DA622E37938" xmltv_id="Disney Channel">Disney Channel</channel>
    <channel site="[ENC][EX]tv.movistar.co_0" site_id="LCH3866||00/06/40/6402293_ED7DBFA4CA85ED1C" xmltv_id="CNN Español">CNN Español</channel>
    <channel site="[ENC][EX]tv.movistar.co_0" site_id="LCH3867||00/10/11/10113696_046392A4A17B42D1" xmltv_id="ESPN 4">ESPN 4</channel>
    <channel site="[ENC][EX]tv.movistar.co_0" site_id="LCH3910||00/06/40/6402245_C6769A3F09CF8D21" xmltv_id="Comedy Central">Comedy Central</channel>
    <channel site="[ENC][EX]tv.movistar.co_0" site_id="LCH3911||00/11/47/11470349_2B54A1C94E8999B4" xmltv_id="Discovery H&amp;H">Discovery H&amp;H</channel>
    <channel site="[ENC][EX]tv.movistar.co_0" site_id="LCH3912||00/06/40/6402311_E32FDB9336BD052C" xmltv_id="E! Entertainment TV">E! Entertainment TV</channel>
    <channel site="[ENC][EX]tv.movistar.co_0" site_id="LCH3913||00/06/40/6402265_9A16CAF7C07017A3" xmltv_id="A&amp;E">A&amp;E</channel>
    <channel site="[ENC][EX]tv.movistar.co_0" site_id="LCH3927||00/20/54/20544315_C85BA94921D82074" xmltv_id="DISNEY JUNIOR">DISNEY JUNIOR</channel>
    <channel site="[ENC][EX]tv.movistar.co_0" site_id="LCH3971||00/06/40/6404321_B867B35E2668DC15" xmltv_id="Discovery Theater">Discovery Theater</channel>
    <channel site="[ENC][EX]tv.movistar.co_0" site_id="LCH3972||00/20/44/20444678_5AD0621A09C70A58" xmltv_id="Win+Futbol">Win+Futbol</channel>
    <channel site="[ENC][EX]tv.movistar.co_0" site_id="LCH3973||00/06/50/6502145_B26126E65BFB4AE2" xmltv_id="HGTV">HGTV</channel>
    <channel site="[ENC][EX]tv.movistar.co_0" site_id="LCH4096||00/06/40/6404399_02B519116B7DD059" xmltv_id="FILM &amp; ARTS">FILM &amp; ARTS</channel>
    <channel site="[ENC][EX]tv.movistar.co_0" site_id="LCH4115||00/06/69/6693699_03BC91674A4C6D72" xmltv_id="PASIONES">PASIONES</channel>
    <channel site="[ENC][EX]tv.movistar.co_0" site_id="LCH4130||00/08/21/8215974_267320FD9179DB06" xmltv_id="TELEMEDELLIN">TELEMEDELLIN</channel>
    <channel site="[ENC][EX]tv.movistar.co_0" site_id="LCH5558||00/10/72/10724049_B6C9F75BA7EC8358" xmltv_id="PRIME VIDEO">PRIME VIDEO</channel>
    <channel site="[ENC][EX]tv.movistar.co_0" site_id="LCH5579||00/10/14/10147584_06F8EEFC2A375EE8" xmltv_id="TELEVID">TELEVID</channel>
    <channel site="[ENC][EX]tv.movistar.co_0" site_id="LCH5674||00/12/15/12150242_3A472015F1DC03AA" xmltv_id="Love Nature">Love Nature</channel>
    <channel site="[ENC][EX]tv.movistar.co_0" site_id="LCH5676||00/11/90/11907636_54B54EFA7EC6BDCE" xmltv_id="Mas Chic">Mas Chic</channel>
    <channel site="[ENC][EX]tv.movistar.co_0" site_id="LCH5677||00/12/05/12057052_0E48540238BA94F2" xmltv_id="Teen Nick">Teen Nick</channel>
    <channel site="[ENC][EX]tv.movistar.co_0" site_id="LCH5678||00/06/72/6726449_4EBE76F722C3BA5D" xmltv_id="EWTN">EWTN</channel>
    <channel site="[ENC][EX]tv.movistar.co_0" site_id="LCH5689||00/12/06/12060356_830827B833FF4FD1" xmltv_id="RCN Novelas">RCN Novelas</channel>
    <channel site="[ENC][EX]tv.movistar.co_0" site_id="LCH5690||00/12/15/12150614_475A39F1494F101B" xmltv_id="Star TVE HD">Star TVE HD</channel>
    <channel site="[ENC][EX]tv.movistar.co_0" site_id="LCH5692||00/13/29/13290887_505AE77DC10A6F41" xmltv_id="Milenio Tv">Milenio Tv</channel>
    <channel site="[ENC][EX]tv.movistar.co_0" site_id="LCH5693||00/07/37/7379393_79AD3AACD52CED5E" xmltv_id="YOUTUBE">YOUTUBE</channel>
    <channel site="[ENC][EX]tv.movistar.co_0" site_id="LCH5694||00/07/37/7379399_DAB3DF3AEB20B9EA" xmltv_id="YOUTUBE KIDS">YOUTUBE KIDS</channel>
    <channel site="[ENC][EX]tv.movistar.co_0" site_id="LCH5695||00/18/72/18729186_B6FD093468B00D17" xmltv_id="DISNEY +">DISNEY +</channel>
    <channel site="[ENC][EX]tv.movistar.co_0" site_id="LCH5697||00/11/73/11738776_CC0BC50937D7D60C" xmltv_id="STAR +">STAR +</channel>
    <channel site="[ENC][EX]tv.movistar.co_0" site_id="LCH5698||00/12/18/12181188_7C0BFCC9CCEB3186" xmltv_id="Canal Zoom">Canal Zoom</channel>
    <channel site="[ENC][EX]tv.movistar.co_0" site_id="LCH6994" xmltv_id="&quot;TEST&quot;">&quot;TEST&quot;</channel>
    <channel site="[ENC][EX]tv.movistar.co_0" site_id="LCH7100||00/21/01/21017534_22350ACA3735138E" xmltv_id="BaseBall Network 1">BaseBall Network 1</channel>
    <channel site="[ENC][EX]tv.movistar.co_0" site_id="LCH7103||00/12/05/12057002_A116D1D835C34353" xmltv_id="Nick Music">Nick Music</channel>
  </channels>
</site>