<?xml version="1.0" encoding="UTF-8"?>
<site generator-info-name="Tempest EPG Generator (made by Kvanc)" generator-info-url="https://github.com/K-vanc/Tempest-EPG-Generator.git" site="winsportsonline.com_0">
  <channels>
    <channel site="winsportsonline.com_0" site_id="529cff6f6bd2ea6b610000e0" xmltv_id="Win Sports +">Win Sports +</channel>
    <channel site="winsportsonline.com_0" site_id="5265a8f3af1ecb9d320000ee" xmltv_id="Win Sports">Win Sports</channel>
    <channel site="winsportsonline.com_0" site_id="61c3c92309dce808f216d778" xmltv_id="Torneo BetPlay Dimayor 2024 - I: Internacional FC vs. Boca Juniors">Torneo BetPlay Dimayor 2024 - I: Internacional FC vs. Boca Juniors</channel>
  </channels>
</site>