<?xml version="1.0" encoding="UTF-8"?>
<site generator-info-name="Tempest EPG Generator (made by Kvanc)" generator-info-url="https://github.com/K-vanc/Tempest-EPG-Generator.git" site="[ENC][EX]canalplus.com_0">
  <channels>
    <channel site="[ENC][EX]canalplus.com_0" site_id="780||3.SAT" xmltv_id="3 SAT">3 SAT</channel>
    <channel site="[ENC][EX]canalplus.com_0" site_id="521||6TER" xmltv_id="6TER">6TER</channel>
    <channel site="[ENC][EX]canalplus.com_0" site_id="611||AB1" xmltv_id="AB1">AB1</channel>
    <channel site="[ENC][EX]canalplus.com_0" site_id="504||ACTION" xmltv_id="ACTION">ACTION</channel>
    <channel site="[ENC][EX]canalplus.com_0" site_id="228||AL.JAZEERA.ARABIC" xmltv_id="AL JAZEERA ARABIC">AL JAZEERA ARABIC</channel>
    <channel site="[ENC][EX]canalplus.com_0" site_id="675||AL.JAZEERA.ENG" xmltv_id="AL JAZEERA ENG">AL JAZEERA ENG</channel>
    <channel site="[ENC][EX]canalplus.com_0" site_id="503||ANIMAUX" xmltv_id="ANIMAUX">ANIMAUX</channel>
    <channel site="[ENC][EX]canalplus.com_0" site_id="781||ARD.DAS.ERSTE" xmltv_id="ARD DAS ERSTE">ARD DAS ERSTE</channel>
    <channel site="[ENC][EX]canalplus.com_0" site_id="252||ARIRANG.TV" xmltv_id="ARIRANG TV">ARIRANG TV</channel>
    <channel site="[ENC][EX]canalplus.com_0" site_id="154||ARTE" xmltv_id="ARTE">ARTE</channel>
    <channel site="[ENC][EX]canalplus.com_0" site_id="21120||ARTE.ALLEMAND" xmltv_id="ARTE ALLEMAND">ARTE ALLEMAND</channel>
    <channel site="[ENC][EX]canalplus.com_0" site_id="632||ASTROCENTER.TV" xmltv_id="ASTROCENTER TV">ASTROCENTER TV</channel>
    <channel site="[ENC][EX]canalplus.com_0" site_id="612||AUTOMOTO.LA.CHAINE" xmltv_id="AUTOMOTO LA CHAINE">AUTOMOTO LA CHAINE</channel>
    <channel site="[ENC][EX]canalplus.com_0" site_id="589||BBC.NEWS" xmltv_id="BBC NEWS">BBC NEWS</channel>
    <channel site="[ENC][EX]canalplus.com_0" site_id="381||BEIN.SPORTS.1" xmltv_id="BEIN SPORTS 1">BEIN SPORTS 1</channel>
    <channel site="[ENC][EX]canalplus.com_0" site_id="977||BEIN.SPORTS.1" xmltv_id="BEIN SPORTS 1">BEIN SPORTS 1</channel>
    <channel site="[ENC][EX]canalplus.com_0" site_id="384||BEIN.SPORTS.2" xmltv_id="BEIN SPORTS 2">BEIN SPORTS 2</channel>
    <channel site="[ENC][EX]canalplus.com_0" site_id="978||BEIN.SPORTS.2" xmltv_id="BEIN SPORTS 2">BEIN SPORTS 2</channel>
    <channel site="[ENC][EX]canalplus.com_0" site_id="516||BEIN.SPORTS.3" xmltv_id="BEIN SPORTS 3">BEIN SPORTS 3</channel>
    <channel site="[ENC][EX]canalplus.com_0" site_id="979||BEIN.SPORTS.3" xmltv_id="BEIN SPORTS 3">BEIN SPORTS 3</channel>
    <channel site="[ENC][EX]canalplus.com_0" site_id="605||BEIN.SPORTS.MAX.10" xmltv_id="BEIN SPORTS MAX 10">BEIN SPORTS MAX 10</channel>
    <channel site="[ENC][EX]canalplus.com_0" site_id="596||BEIN.SPORTS.MAX.4" xmltv_id="BEIN SPORTS MAX 4">BEIN SPORTS MAX 4</channel>
    <channel site="[ENC][EX]canalplus.com_0" site_id="980||BEIN.SPORTS.MAX.4" xmltv_id="BEIN SPORTS MAX 4">BEIN SPORTS MAX 4</channel>
    <channel site="[ENC][EX]canalplus.com_0" site_id="597||BEIN.SPORTS.MAX.5" xmltv_id="BEIN SPORTS MAX 5">BEIN SPORTS MAX 5</channel>
    <channel site="[ENC][EX]canalplus.com_0" site_id="981||BEIN.SPORTS.MAX.5" xmltv_id="BEIN SPORTS MAX 5">BEIN SPORTS MAX 5</channel>
    <channel site="[ENC][EX]canalplus.com_0" site_id="598||BEIN.SPORTS.MAX.6" xmltv_id="BEIN SPORTS MAX 6">BEIN SPORTS MAX 6</channel>
    <channel site="[ENC][EX]canalplus.com_0" site_id="982||BEIN.SPORTS.MAX.6" xmltv_id="BEIN SPORTS MAX 6">BEIN SPORTS MAX 6</channel>
    <channel site="[ENC][EX]canalplus.com_0" site_id="599||BEIN.SPORTS.MAX.7" xmltv_id="BEIN SPORTS MAX 7">BEIN SPORTS MAX 7</channel>
    <channel site="[ENC][EX]canalplus.com_0" site_id="983||BEIN.SPORTS.MAX.7" xmltv_id="BEIN SPORTS MAX 7">BEIN SPORTS MAX 7</channel>
    <channel site="[ENC][EX]canalplus.com_0" site_id="603||BEIN.SPORTS.MAX.8" xmltv_id="BEIN SPORTS MAX 8">BEIN SPORTS MAX 8</channel>
    <channel site="[ENC][EX]canalplus.com_0" site_id="604||BEIN.SPORTS.MAX.9" xmltv_id="BEIN SPORTS MAX 9">BEIN SPORTS MAX 9</channel>
    <channel site="[ENC][EX]canalplus.com_0" site_id="628||BET" xmltv_id="BET">BET</channel>
    <channel site="[ENC][EX]canalplus.com_0" site_id="645||BFM.BUSINESS" xmltv_id="BFM BUSINESS">BFM BUSINESS</channel>
    <channel site="[ENC][EX]canalplus.com_0" site_id="633||BFM.TV" xmltv_id="BFM TV">BFM TV</channel>
    <channel site="[ENC][EX]canalplus.com_0" site_id="47||BLOOMBERG.TV" xmltv_id="BLOOMBERG TV">BLOOMBERG TV</channel>
    <channel site="[ENC][EX]canalplus.com_0" site_id="893||BLUE.ZOOM" xmltv_id="BLUE ZOOM">BLUE ZOOM</channel>
    <channel site="[ENC][EX]canalplus.com_0" site_id="196||BOB.TV" xmltv_id="BOB TV">BOB TV</channel>
    <channel site="[ENC][EX]canalplus.com_0" site_id="450||C8" xmltv_id="C8">C8</channel>
    <channel site="[ENC][EX]canalplus.com_0" site_id="831||C8..CH." xmltv_id="C8 (CH)">C8 (CH)</channel>
    <channel site="[ENC][EX]canalplus.com_0" site_id="496||CANAL.24.HORAS" xmltv_id="CANAL 24 HORAS">CANAL 24 HORAS</channel>
    <channel site="[ENC][EX]canalplus.com_0" site_id="768||CANAL.9" xmltv_id="CANAL 9">CANAL 9</channel>
    <channel site="[ENC][EX]canalplus.com_0" site_id="772||CANAL.ALPHA.NE" xmltv_id="CANAL ALPHA NE">CANAL ALPHA NE</channel>
    <channel site="[ENC][EX]canalplus.com_0" site_id="525||CANAL.J" xmltv_id="CANAL J">CANAL J</channel>
    <channel site="[ENC][EX]canalplus.com_0" site_id="301||CANAL." xmltv_id="CANAL+">CANAL+</channel>
    <channel site="[ENC][EX]canalplus.com_0" site_id="573||CANAL." xmltv_id="CANAL+">CANAL+</channel>
    <channel site="[ENC][EX]canalplus.com_0" site_id="601||CANAL." xmltv_id="CANAL+">CANAL+</channel>
    <channel site="[ENC][EX]canalplus.com_0" site_id="984||CANAL." xmltv_id="CANAL+">CANAL+</channel>
    <channel site="[ENC][EX]canalplus.com_0" site_id="702||CANAL...CH." xmltv_id="CANAL+ (CH)">CANAL+ (CH)</channel>
    <channel site="[ENC][EX]canalplus.com_0" site_id="825||CANAL...CH." xmltv_id="CANAL+ (CH)">CANAL+ (CH)</channel>
    <channel site="[ENC][EX]canalplus.com_0" site_id="827||CANAL..CINEMA.S...CH." xmltv_id="CANAL+ CINEMA(S) (CH)">CANAL+ CINEMA(S) (CH)</channel>
    <channel site="[ENC][EX]canalplus.com_0" site_id="700||CANAL..FINALE.UEFA.CHAMPIONS.LEAGUE" xmltv_id="CANAL+ FINALE UEFA CHAMPIONS LEAGUE">CANAL+ FINALE UEFA CHAMPIONS LEAGUE</channel>
    <channel site="[ENC][EX]canalplus.com_0" site_id="894||CANAL..LIGUE1" xmltv_id="CANAL+ LIGUE1">CANAL+ LIGUE1</channel>
    <channel site="[ENC][EX]canalplus.com_0" site_id="873||CANAL..SPORT..CH." xmltv_id="CANAL+ SPORT (CH)">CANAL+ SPORT (CH)</channel>
    <channel site="[ENC][EX]canalplus.com_0" site_id="861||CANAL..SPORT.2..CH." xmltv_id="CANAL+ SPORT 2 (CH)">CANAL+ SPORT 2 (CH)</channel>
    <channel site="[ENC][EX]canalplus.com_0" site_id="728||CANAL..UHD" xmltv_id="CANAL+ UHD">CANAL+ UHD</channel>
    <channel site="[ENC][EX]canalplus.com_0" site_id="993||CANAL..UHD" xmltv_id="CANAL+ UHD">CANAL+ UHD</channel>
    <channel site="[ENC][EX]canalplus.com_0" site_id="874||CANAL..UHD..CH." xmltv_id="CANAL+ UHD (CH)">CANAL+ UHD (CH)</channel>
    <channel site="[ENC][EX]canalplus.com_0" site_id="1074||CANAL.BOX.OFFICE" xmltv_id="CANAL+BOX OFFICE">CANAL+BOX OFFICE</channel>
    <channel site="[ENC][EX]canalplus.com_0" site_id="1075||CANAL.BOX.OFFICE..CH." xmltv_id="CANAL+BOX OFFICE (CH)">CANAL+BOX OFFICE (CH)</channel>
    <channel site="[ENC][EX]canalplus.com_0" site_id="1079||CANAL.BOX.OFFICE.UHD" xmltv_id="CANAL+BOX OFFICE UHD">CANAL+BOX OFFICE UHD</channel>
    <channel site="[ENC][EX]canalplus.com_0" site_id="198||CANAL.CINEMA.S." xmltv_id="CANAL+CINEMA(S)">CANAL+CINEMA(S)</channel>
    <channel site="[ENC][EX]canalplus.com_0" site_id="899||CANAL.DOCS" xmltv_id="CANAL+DOCS">CANAL+DOCS</channel>
    <channel site="[ENC][EX]canalplus.com_0" site_id="19||CANAL.FOOT" xmltv_id="CANAL+FOOT">CANAL+FOOT</channel>
    <channel site="[ENC][EX]canalplus.com_0" site_id="992||CANAL.FOOT" xmltv_id="CANAL+FOOT">CANAL+FOOT</channel>
    <channel site="[ENC][EX]canalplus.com_0" site_id="1045||CANAL.FOOT" xmltv_id="CANAL+FOOT">CANAL+FOOT</channel>
    <channel site="[ENC][EX]canalplus.com_0" site_id="824||CANAL.FORMULA1" xmltv_id="CANAL+FORMULA1">CANAL+FORMULA1</channel>
    <channel site="[ENC][EX]canalplus.com_0" site_id="900||CANAL.GRAND.ECRAN" xmltv_id="CANAL+GRAND ECRAN">CANAL+GRAND ECRAN</channel>
    <channel site="[ENC][EX]canalplus.com_0" site_id="1053||CANAL.GRAND.ECRAN..CH." xmltv_id="CANAL+GRAND ECRAN (CH)">CANAL+GRAND ECRAN (CH)</channel>
    <channel site="[ENC][EX]canalplus.com_0" site_id="259||CANAL.KIDS" xmltv_id="CANAL+KIDS">CANAL+KIDS</channel>
    <channel site="[ENC][EX]canalplus.com_0" site_id="823||CANAL.MOTOGP" xmltv_id="CANAL+MOTOGP">CANAL+MOTOGP</channel>
    <channel site="[ENC][EX]canalplus.com_0" site_id="815||CANAL.PREMIER.LEAGUE" xmltv_id="CANAL+PREMIER LEAGUE">CANAL+PREMIER LEAGUE</channel>
    <channel site="[ENC][EX]canalplus.com_0" site_id="481||CANAL.SERIES" xmltv_id="CANAL+SERIES">CANAL+SERIES</channel>
    <channel site="[ENC][EX]canalplus.com_0" site_id="177||CANAL.SPORT" xmltv_id="CANAL+SPORT">CANAL+SPORT</channel>
    <channel site="[ENC][EX]canalplus.com_0" site_id="574||CANAL.SPORT" xmltv_id="CANAL+SPORT">CANAL+SPORT</channel>
    <channel site="[ENC][EX]canalplus.com_0" site_id="1049||CANAL.SPORT.360..CH." xmltv_id="CANAL+SPORT 360 (CH)">CANAL+SPORT 360 (CH)</channel>
    <channel site="[ENC][EX]canalplus.com_0" site_id="83||CANAL.SPORT360" xmltv_id="CANAL+SPORT360">CANAL+SPORT360</channel>
    <channel site="[ENC][EX]canalplus.com_0" site_id="1048||CANAL.SPORT360" xmltv_id="CANAL+SPORT360">CANAL+SPORT360</channel>
    <channel site="[ENC][EX]canalplus.com_0" site_id="816||CANAL.TOP14" xmltv_id="CANAL+TOP14">CANAL+TOP14</channel>
    <channel site="[ENC][EX]canalplus.com_0" site_id="878||CARAC1" xmltv_id="CARAC1">CARAC1</channel>
    <channel site="[ENC][EX]canalplus.com_0" site_id="880||CARAC2" xmltv_id="CARAC2">CARAC2</channel>
    <channel site="[ENC][EX]canalplus.com_0" site_id="879||CARAC3" xmltv_id="CARAC3">CARAC3</channel>
    <channel site="[ENC][EX]canalplus.com_0" site_id="970||CHAINE.:.970" xmltv_id="CHAINE : 970">CHAINE : 970</channel>
    <channel site="[ENC][EX]canalplus.com_0" site_id="971||CHAINE.:.971" xmltv_id="CHAINE : 971">CHAINE : 971</channel>
    <channel site="[ENC][EX]canalplus.com_0" site_id="972||CHAINE.:.972" xmltv_id="CHAINE : 972">CHAINE : 972</channel>
    <channel site="[ENC][EX]canalplus.com_0" site_id="973||CHAINE.:.973" xmltv_id="CHAINE : 973">CHAINE : 973</channel>
    <channel site="[ENC][EX]canalplus.com_0" site_id="974||CHAINE.:.974" xmltv_id="CHAINE : 974">CHAINE : 974</channel>
    <channel site="[ENC][EX]canalplus.com_0" site_id="975||CHAINE.:.975" xmltv_id="CHAINE : 975">CHAINE : 975</channel>
    <channel site="[ENC][EX]canalplus.com_0" site_id="289||CHAINE.EVENEMENT" xmltv_id="CHAINE EVENEMENT">CHAINE EVENEMENT</channel>
    <channel site="[ENC][EX]canalplus.com_0" site_id="1067||CHAINE:.1067" xmltv_id="CHAINE: 1067">CHAINE: 1067</channel>
    <channel site="[ENC][EX]canalplus.com_0" site_id="1068||CHAINE:.1068" xmltv_id="CHAINE: 1068">CHAINE: 1068</channel>
    <channel site="[ENC][EX]canalplus.com_0" site_id="1069||CHAINE:.1069" xmltv_id="CHAINE: 1069">CHAINE: 1069</channel>
    <channel site="[ENC][EX]canalplus.com_0" site_id="1070||CHAINE:.1070" xmltv_id="CHAINE: 1070">CHAINE: 1070</channel>
    <channel site="[ENC][EX]canalplus.com_0" site_id="1071||CHAINE:.1071" xmltv_id="CHAINE: 1071">CHAINE: 1071</channel>
    <channel site="[ENC][EX]canalplus.com_0" site_id="681||CHASSE.ET.PECHE" xmltv_id="CHASSE ET PECHE">CHASSE ET PECHE</channel>
    <channel site="[ENC][EX]canalplus.com_0" site_id="440||CHERIE.25" xmltv_id="CHERIE 25">CHERIE 25</channel>
    <channel site="[ENC][EX]canalplus.com_0" site_id="531||CINE..CLASSIC" xmltv_id="CINE+ CLASSIC">CINE+ CLASSIC</channel>
    <channel site="[ENC][EX]canalplus.com_0" site_id="532||CINE..CLUB" xmltv_id="CINE+ CLUB">CINE+ CLUB</channel>
    <channel site="[ENC][EX]canalplus.com_0" site_id="396||CINE..EMOTION" xmltv_id="CINE+ EMOTION">CINE+ EMOTION</channel>
    <channel site="[ENC][EX]canalplus.com_0" site_id="533||CINE..FAMIZ" xmltv_id="CINE+ FAMIZ">CINE+ FAMIZ</channel>
    <channel site="[ENC][EX]canalplus.com_0" site_id="398||CINE..FRISSON" xmltv_id="CINE+ FRISSON">CINE+ FRISSON</channel>
    <channel site="[ENC][EX]canalplus.com_0" site_id="830||CINE..FRISSON..CH." xmltv_id="CINE+ FRISSON (CH)">CINE+ FRISSON (CH)</channel>
    <channel site="[ENC][EX]canalplus.com_0" site_id="322||CINE..PREMIER" xmltv_id="CINE+ PREMIER">CINE+ PREMIER</channel>
    <channel site="[ENC][EX]canalplus.com_0" site_id="829||CINE..PREMIER..CH." xmltv_id="CINE+ PREMIER (CH)">CINE+ PREMIER (CH)</channel>
    <channel site="[ENC][EX]canalplus.com_0" site_id="165||CLASSICA" xmltv_id="CLASSICA">CLASSICA</channel>
    <channel site="[ENC][EX]canalplus.com_0" site_id="64||CNBC" xmltv_id="CNBC">CNBC</channel>
    <channel site="[ENC][EX]canalplus.com_0" site_id="480||CNEWS" xmltv_id="CNEWS">CNEWS</channel>
    <channel site="[ENC][EX]canalplus.com_0" site_id="643||COLMAX.TV" xmltv_id="COLMAX TV">COLMAX TV</channel>
    <channel site="[ENC][EX]canalplus.com_0" site_id="534||COMEDIE." xmltv_id="COMEDIE+">COMEDIE+</channel>
    <channel site="[ENC][EX]canalplus.com_0" site_id="806||COMEDY.CENTRAL" xmltv_id="COMEDY CENTRAL">COMEDY CENTRAL</channel>
    <channel site="[ENC][EX]canalplus.com_0" site_id="513||CSTAR" xmltv_id="CSTAR">CSTAR</channel>
    <channel site="[ENC][EX]canalplus.com_0" site_id="832||CSTAR..CH." xmltv_id="CSTAR (CH)">CSTAR (CH)</channel>
    <channel site="[ENC][EX]canalplus.com_0" site_id="723||CSTAR.HITS.FRANCE" xmltv_id="CSTAR HITS FRANCE">CSTAR HITS FRANCE</channel>
    <channel site="[ENC][EX]canalplus.com_0" site_id="1077||DAZN.1" xmltv_id="DAZN 1">DAZN 1</channel>
    <channel site="[ENC][EX]canalplus.com_0" site_id="184||DIEGO.TV" xmltv_id="DIEGO TV">DIEGO TV</channel>
    <channel site="[ENC][EX]canalplus.com_0" site_id="282||DISNEY.CHANNEL" xmltv_id="DISNEY CHANNEL">DISNEY CHANNEL</channel>
    <channel site="[ENC][EX]canalplus.com_0" site_id="535||DISNEY.CHANNEL.1" xmltv_id="DISNEY CHANNEL+1">DISNEY CHANNEL+1</channel>
    <channel site="[ENC][EX]canalplus.com_0" site_id="274||DISNEY.JUNIOR" xmltv_id="DISNEY JUNIOR">DISNEY JUNIOR</channel>
    <channel site="[ENC][EX]canalplus.com_0" site_id="185||DORA.TV" xmltv_id="DORA TV">DORA TV</channel>
    <channel site="[ENC][EX]canalplus.com_0" site_id="536||DORCEL.TV" xmltv_id="DORCEL TV">DORCEL TV</channel>
    <channel site="[ENC][EX]canalplus.com_0" site_id="537||DORCEL.XXX" xmltv_id="DORCEL XXX">DORCEL XXX</channel>
    <channel site="[ENC][EX]canalplus.com_0" site_id="540||EQUIDIA" xmltv_id="EQUIDIA">EQUIDIA</channel>
    <channel site="[ENC][EX]canalplus.com_0" site_id="324||EURONEWS" xmltv_id="EURONEWS">EURONEWS</channel>
    <channel site="[ENC][EX]canalplus.com_0" site_id="696||EURONEWS.ALL" xmltv_id="EURONEWS ALL">EURONEWS ALL</channel>
    <channel site="[ENC][EX]canalplus.com_0" site_id="854||EURONEWS.ITALIE" xmltv_id="EURONEWS ITALIE">EURONEWS ITALIE</channel>
    <channel site="[ENC][EX]canalplus.com_0" site_id="101||EUROSPORT.1" xmltv_id="EUROSPORT 1">EUROSPORT 1</channel>
    <channel site="[ENC][EX]canalplus.com_0" site_id="436||EUROSPORT.2" xmltv_id="EUROSPORT 2">EUROSPORT 2</channel>
    <channel site="[ENC][EX]canalplus.com_0" site_id="985||EUROSPORT.3" xmltv_id="EUROSPORT 3">EUROSPORT 3</channel>
    <channel site="[ENC][EX]canalplus.com_0" site_id="635||EUROSPORT.360.1" xmltv_id="EUROSPORT 360 1">EUROSPORT 360 1</channel>
    <channel site="[ENC][EX]canalplus.com_0" site_id="636||EUROSPORT.360.2" xmltv_id="EUROSPORT 360 2">EUROSPORT 360 2</channel>
    <channel site="[ENC][EX]canalplus.com_0" site_id="637||EUROSPORT.360.3" xmltv_id="EUROSPORT 360 3">EUROSPORT 360 3</channel>
    <channel site="[ENC][EX]canalplus.com_0" site_id="638||EUROSPORT.360.4" xmltv_id="EUROSPORT 360 4">EUROSPORT 360 4</channel>
    <channel site="[ENC][EX]canalplus.com_0" site_id="650||EUROSPORT.360.5" xmltv_id="EUROSPORT 360 5">EUROSPORT 360 5</channel>
    <channel site="[ENC][EX]canalplus.com_0" site_id="651||EUROSPORT.360.6" xmltv_id="EUROSPORT 360 6">EUROSPORT 360 6</channel>
    <channel site="[ENC][EX]canalplus.com_0" site_id="652||EUROSPORT.360.7" xmltv_id="EUROSPORT 360 7">EUROSPORT 360 7</channel>
    <channel site="[ENC][EX]canalplus.com_0" site_id="653||EUROSPORT.360.8" xmltv_id="EUROSPORT 360 8">EUROSPORT 360 8</channel>
    <channel site="[ENC][EX]canalplus.com_0" site_id="986||EUROSPORT.4" xmltv_id="EUROSPORT 4">EUROSPORT 4</channel>
    <channel site="[ENC][EX]canalplus.com_0" site_id="987||EUROSPORT.5" xmltv_id="EUROSPORT 5">EUROSPORT 5</channel>
    <channel site="[ENC][EX]canalplus.com_0" site_id="988||EUROSPORT.6" xmltv_id="EUROSPORT 6">EUROSPORT 6</channel>
    <channel site="[ENC][EX]canalplus.com_0" site_id="989||EUROSPORT.7" xmltv_id="EUROSPORT 7">EUROSPORT 7</channel>
    <channel site="[ENC][EX]canalplus.com_0" site_id="990||EUROSPORT.8" xmltv_id="EUROSPORT 8">EUROSPORT 8</channel>
    <channel site="[ENC][EX]canalplus.com_0" site_id="991||EUROSPORT.9" xmltv_id="EUROSPORT 9">EUROSPORT 9</channel>
    <channel site="[ENC][EX]canalplus.com_0" site_id="546||EVENEMENT.SPORT.4K.HDR.UHD" xmltv_id="EVENEMENT SPORT 4K HDR UHD">EVENEMENT SPORT 4K HDR UHD</channel>
    <channel site="[ENC][EX]canalplus.com_0" site_id="872||EVENEMENT.SPORT.4K.HLG.UHD" xmltv_id="EVENEMENT SPORT 4K HLG UHD">EVENEMENT SPORT 4K HLG UHD</channel>
    <channel site="[ENC][EX]canalplus.com_0" site_id="726||EVENEMENT.SPORT.4K.UHD" xmltv_id="EVENEMENT SPORT 4K UHD">EVENEMENT SPORT 4K UHD</channel>
    <channel site="[ENC][EX]canalplus.com_0" site_id="926||F3.ALPES" xmltv_id="F3 ALPES">F3 ALPES</channel>
    <channel site="[ENC][EX]canalplus.com_0" site_id="941||F3.ALSACE" xmltv_id="F3 ALSACE">F3 ALSACE</channel>
    <channel site="[ENC][EX]canalplus.com_0" site_id="922||F3.AQUITAINE" xmltv_id="F3 AQUITAINE">F3 AQUITAINE</channel>
    <channel site="[ENC][EX]canalplus.com_0" site_id="924||F3.AUVERGNE" xmltv_id="F3 AUVERGNE">F3 AUVERGNE</channel>
    <channel site="[ENC][EX]canalplus.com_0" site_id="923||F3.BNORMANDIE" xmltv_id="F3 BNORMANDIE">F3 BNORMANDIE</channel>
    <channel site="[ENC][EX]canalplus.com_0" site_id="925||F3.BOURGOGNE" xmltv_id="F3 BOURGOGNE">F3 BOURGOGNE</channel>
    <channel site="[ENC][EX]canalplus.com_0" site_id="939||F3.BRETAGNE" xmltv_id="F3 BRETAGNE">F3 BRETAGNE</channel>
    <channel site="[ENC][EX]canalplus.com_0" site_id="935||F3.CENTRE" xmltv_id="F3 CENTRE">F3 CENTRE</channel>
    <channel site="[ENC][EX]canalplus.com_0" site_id="938||F3.CHAMP.ARDENNE" xmltv_id="F3 CHAMP ARDENNE">F3 CHAMP ARDENNE</channel>
    <channel site="[ENC][EX]canalplus.com_0" site_id="943||F3.CORSEVIASTELLA" xmltv_id="F3 CORSEVIASTELLA">F3 CORSEVIASTELLA</channel>
    <channel site="[ENC][EX]canalplus.com_0" site_id="934||F3.COTE.D'AZUR" xmltv_id="F3 COTE D'AZUR">F3 COTE D'AZUR</channel>
    <channel site="[ENC][EX]canalplus.com_0" site_id="921||F3.FRANCHE.COMTE" xmltv_id="F3 FRANCHE COMTE">F3 FRANCHE COMTE</channel>
    <channel site="[ENC][EX]canalplus.com_0" site_id="940||F3.HNORMANDIE" xmltv_id="F3 HNORMANDIE">F3 HNORMANDIE</channel>
    <channel site="[ENC][EX]canalplus.com_0" site_id="931||F3.LANGUEDOCROU" xmltv_id="F3 LANGUEDOCROU">F3 LANGUEDOCROU</channel>
    <channel site="[ENC][EX]canalplus.com_0" site_id="928||F3.LIMOUSIN" xmltv_id="F3 LIMOUSIN">F3 LIMOUSIN</channel>
    <channel site="[ENC][EX]canalplus.com_0" site_id="932||F3.LORRAINE" xmltv_id="F3 LORRAINE">F3 LORRAINE</channel>
    <channel site="[ENC][EX]canalplus.com_0" site_id="942||F3.MIDI.PYRENEES" xmltv_id="F3 MIDI PYRENEES">F3 MIDI PYRENEES</channel>
    <channel site="[ENC][EX]canalplus.com_0" site_id="927||F3.NORD.PDC" xmltv_id="F3 NORD PDC">F3 NORD PDC</channel>
    <channel site="[ENC][EX]canalplus.com_0" site_id="936||F3.PARIS.IDF" xmltv_id="F3 PARIS IDF">F3 PARIS IDF</channel>
    <channel site="[ENC][EX]canalplus.com_0" site_id="933||F3.PAYS.DE.LA.LOIRE" xmltv_id="F3 PAYS DE LA LOIRE">F3 PAYS DE LA LOIRE</channel>
    <channel site="[ENC][EX]canalplus.com_0" site_id="920||F3.PICARDIE" xmltv_id="F3 PICARDIE">F3 PICARDIE</channel>
    <channel site="[ENC][EX]canalplus.com_0" site_id="937||F3.POITOUCHAR" xmltv_id="F3 POITOUCHAR">F3 POITOUCHAR</channel>
    <channel site="[ENC][EX]canalplus.com_0" site_id="930||F3.PROV.ALPES" xmltv_id="F3 PROV ALPES">F3 PROV ALPES</channel>
    <channel site="[ENC][EX]canalplus.com_0" site_id="929||F3.RHONE.ALPES" xmltv_id="F3 RHONE ALPES">F3 RHONE ALPES</channel>
    <channel site="[ENC][EX]canalplus.com_0" site_id="26||FRANCE.2" xmltv_id="FRANCE 2">FRANCE 2</channel>
    <channel site="[ENC][EX]canalplus.com_0" site_id="310||FRANCE.24" xmltv_id="FRANCE 24">FRANCE 24</channel>
    <channel site="[ENC][EX]canalplus.com_0" site_id="311||FRANCE.24.ENG" xmltv_id="FRANCE 24 ENG">FRANCE 24 ENG</channel>
    <channel site="[ENC][EX]canalplus.com_0" site_id="543||FRANCE.3" xmltv_id="FRANCE 3">FRANCE 3</channel>
    <channel site="[ENC][EX]canalplus.com_0" site_id="544||FRANCE.4" xmltv_id="FRANCE 4">FRANCE 4</channel>
    <channel site="[ENC][EX]canalplus.com_0" site_id="545||FRANCE.5" xmltv_id="FRANCE 5">FRANCE 5</channel>
    <channel site="[ENC][EX]canalplus.com_0" site_id="670||FRANCEINFO:" xmltv_id="FRANCEINFO:">FRANCEINFO:</channel>
    <channel site="[ENC][EX]canalplus.com_0" site_id="592||GAME.ONE" xmltv_id="GAME ONE">GAME ONE</channel>
    <channel site="[ENC][EX]canalplus.com_0" site_id="378||GOLF." xmltv_id="GOLF+">GOLF+</channel>
    <channel site="[ENC][EX]canalplus.com_0" site_id="549||GULLI" xmltv_id="GULLI">GULLI</channel>
    <channel site="[ENC][EX]canalplus.com_0" site_id="550||HISTOIRE.TV" xmltv_id="HISTOIRE TV">HISTOIRE TV</channel>
    <channel site="[ENC][EX]canalplus.com_0" site_id="362||I24.NEWS" xmltv_id="I24 NEWS">I24 NEWS</channel>
    <channel site="[ENC][EX]canalplus.com_0" site_id="551||INFOSPORT." xmltv_id="INFOSPORT+">INFOSPORT+</channel>
    <channel site="[ENC][EX]canalplus.com_0" site_id="484||J-ONE" xmltv_id="J-ONE">J-ONE</channel>
    <channel site="[ENC][EX]canalplus.com_0" site_id="451||L'EQUIPE" xmltv_id="L'EQUIPE">L'EQUIPE</channel>
    <channel site="[ENC][EX]canalplus.com_0" site_id="552||LA.CHAINE.METEO" xmltv_id="LA CHAINE METEO">LA CHAINE METEO</channel>
    <channel site="[ENC][EX]canalplus.com_0" site_id="773||LA.TELE" xmltv_id="LA TELE">LA TELE</channel>
    <channel site="[ENC][EX]canalplus.com_0" site_id="553||LCI" xmltv_id="LCI">LCI</channel>
    <channel site="[ENC][EX]canalplus.com_0" site_id="554||LCP" xmltv_id="LCP">LCP</channel>
    <channel site="[ENC][EX]canalplus.com_0" site_id="774||LEMAN.BLEU" xmltv_id="LEMAN BLEU">LEMAN BLEU</channel>
    <channel site="[ENC][EX]canalplus.com_0" site_id="639||LL.EVENT.UHD" xmltv_id="LL EVENT UHD">LL EVENT UHD</channel>
    <channel site="[ENC][EX]canalplus.com_0" site_id="313||M6" xmltv_id="M6">M6</channel>
    <channel site="[ENC][EX]canalplus.com_0" site_id="352||M6.MUSIC" xmltv_id="M6 MUSIC">M6 MUSIC</channel>
    <channel site="[ENC][EX]canalplus.com_0" site_id="672||MAN.X" xmltv_id="MAN X">MAN X</channel>
    <channel site="[ENC][EX]canalplus.com_0" site_id="613||MANGAS" xmltv_id="MANGAS">MANGAS</channel>
    <channel site="[ENC][EX]canalplus.com_0" site_id="556||MCM" xmltv_id="MCM">MCM</channel>
    <channel site="[ENC][EX]canalplus.com_0" site_id="580||MELODY" xmltv_id="MELODY">MELODY</channel>
    <channel site="[ENC][EX]canalplus.com_0" site_id="560||MEZZO" xmltv_id="MEZZO">MEZZO</channel>
    <channel site="[ENC][EX]canalplus.com_0" site_id="268||MEZZO.LIVE" xmltv_id="MEZZO LIVE">MEZZO LIVE</channel>
    <channel site="[ENC][EX]canalplus.com_0" site_id="819||MGG.TV" xmltv_id="MGG TV">MGG TV</channel>
    <channel site="[ENC][EX]canalplus.com_0" site_id="470||MTV" xmltv_id="MTV">MTV</channel>
    <channel site="[ENC][EX]canalplus.com_0" site_id="562||MULTISPORTS.1" xmltv_id="MULTISPORTS 1">MULTISPORTS 1</channel>
    <channel site="[ENC][EX]canalplus.com_0" site_id="563||MULTISPORTS.2" xmltv_id="MULTISPORTS 2">MULTISPORTS 2</channel>
    <channel site="[ENC][EX]canalplus.com_0" site_id="564||MULTISPORTS.3" xmltv_id="MULTISPORTS 3">MULTISPORTS 3</channel>
    <channel site="[ENC][EX]canalplus.com_0" site_id="565||MULTISPORTS.4" xmltv_id="MULTISPORTS 4">MULTISPORTS 4</channel>
    <channel site="[ENC][EX]canalplus.com_0" site_id="566||MULTISPORTS.5" xmltv_id="MULTISPORTS 5">MULTISPORTS 5</channel>
    <channel site="[ENC][EX]canalplus.com_0" site_id="567||MULTISPORTS.6" xmltv_id="MULTISPORTS 6">MULTISPORTS 6</channel>
    <channel site="[ENC][EX]canalplus.com_0" site_id="1051||MULTISPORTS.7" xmltv_id="MULTISPORTS 7">MULTISPORTS 7</channel>
    <channel site="[ENC][EX]canalplus.com_0" site_id="678||MUSEUM" xmltv_id="MUSEUM">MUSEUM</channel>
    <channel site="[ENC][EX]canalplus.com_0" site_id="302||NATIONAL.GEO" xmltv_id="NATIONAL GEO">NATIONAL GEO</channel>
    <channel site="[ENC][EX]canalplus.com_0" site_id="290||NATIONAL.GEOGRAPHIC.WILD" xmltv_id="NATIONAL GEOGRAPHIC WILD">NATIONAL GEOGRAPHIC WILD</channel>
    <channel site="[ENC][EX]canalplus.com_0" site_id="654||NHK.WORLD-JAPAN" xmltv_id="NHK WORLD-JAPAN">NHK WORLD-JAPAN</channel>
    <channel site="[ENC][EX]canalplus.com_0" site_id="591||NICKELODEON" xmltv_id="NICKELODEON">NICKELODEON</channel>
    <channel site="[ENC][EX]canalplus.com_0" site_id="593||NICKELODEON.JUNIOR" xmltv_id="NICKELODEON JUNIOR">NICKELODEON JUNIOR</channel>
    <channel site="[ENC][EX]canalplus.com_0" site_id="518||NICKELODEON.TEEN" xmltv_id="NICKELODEON TEEN">NICKELODEON TEEN</channel>
    <channel site="[ENC][EX]canalplus.com_0" site_id="998||NOA" xmltv_id="NOA">NOA</channel>
    <channel site="[ENC][EX]canalplus.com_0" site_id="527||NOLLYWOOD.TV" xmltv_id="NOLLYWOOD TV">NOLLYWOOD TV</channel>
    <channel site="[ENC][EX]canalplus.com_0" site_id="693||NOVELAS.TV" xmltv_id="NOVELAS TV">NOVELAS TV</channel>
    <channel site="[ENC][EX]canalplus.com_0" site_id="568||NRJ.12" xmltv_id="NRJ 12">NRJ 12</channel>
    <channel site="[ENC][EX]canalplus.com_0" site_id="569||NRJ.HITS" xmltv_id="NRJ HITS">NRJ HITS</channel>
    <channel site="[ENC][EX]canalplus.com_0" site_id="468||OCS.GEANTS" xmltv_id="OCS GEANTS">OCS GEANTS</channel>
    <channel site="[ENC][EX]canalplus.com_0" site_id="789||OCS.GEANTS..CH." xmltv_id="OCS GEANTS (CH)">OCS GEANTS (CH)</channel>
    <channel site="[ENC][EX]canalplus.com_0" site_id="372||OCS.MAX" xmltv_id="OCS MAX">OCS MAX</channel>
    <channel site="[ENC][EX]canalplus.com_0" site_id="787||OCS.MAX..CH." xmltv_id="OCS MAX (CH)">OCS MAX (CH)</channel>
    <channel site="[ENC][EX]canalplus.com_0" site_id="466||OCS.PULP" xmltv_id="OCS PULP">OCS PULP</channel>
    <channel site="[ENC][EX]canalplus.com_0" site_id="788||OCS.PULP..CH." xmltv_id="OCS PULP (CH)">OCS PULP (CH)</channel>
    <channel site="[ENC][EX]canalplus.com_0" site_id="813||OLYMPIA.TV" xmltv_id="OLYMPIA TV">OLYMPIA TV</channel>
    <channel site="[ENC][EX]canalplus.com_0" site_id="783||ORF.1" xmltv_id="ORF 1">ORF 1</channel>
    <channel site="[ENC][EX]canalplus.com_0" site_id="487||PARAMOUNT.CHANNEL" xmltv_id="PARAMOUNT CHANNEL">PARAMOUNT CHANNEL</channel>
    <channel site="[ENC][EX]canalplus.com_0" site_id="294||PARIS.PREMIERE" xmltv_id="PARIS PREMIERE">PARIS PREMIERE</channel>
    <channel site="[ENC][EX]canalplus.com_0" site_id="575||PINK.X" xmltv_id="PINK X">PINK X</channel>
    <channel site="[ENC][EX]canalplus.com_0" site_id="576||PIWI." xmltv_id="PIWI+">PIWI+</channel>
    <channel site="[ENC][EX]canalplus.com_0" site_id="270||PLANETE." xmltv_id="PLANETE+">PLANETE+</channel>
    <channel site="[ENC][EX]canalplus.com_0" site_id="588||PLANETE.AVENTURE" xmltv_id="PLANETE+AVENTURE">PLANETE+AVENTURE</channel>
    <channel site="[ENC][EX]canalplus.com_0" site_id="587||PLANETE.CRIME" xmltv_id="PLANETE+CRIME">PLANETE+CRIME</channel>
    <channel site="[ENC][EX]canalplus.com_0" site_id="692||POLAR." xmltv_id="POLAR+">POLAR+</channel>
    <channel site="[ENC][EX]canalplus.com_0" site_id="782||RAI.UNO" xmltv_id="RAI UNO">RAI UNO</channel>
    <channel site="[ENC][EX]canalplus.com_0" site_id="738||RELIN.CINE..CLASSIC" xmltv_id="RELIN CINE+ CLASSIC">RELIN CINE+ CLASSIC</channel>
    <channel site="[ENC][EX]canalplus.com_0" site_id="737||RELIN.PIWI" xmltv_id="RELIN PIWI">RELIN PIWI</channel>
    <channel site="[ENC][EX]canalplus.com_0" site_id="740||RELIN.SEASONS" xmltv_id="RELIN SEASONS">RELIN SEASONS</channel>
    <channel site="[ENC][EX]canalplus.com_0" site_id="557||RFM.TV" xmltv_id="RFM TV">RFM TV</channel>
    <channel site="[ENC][EX]canalplus.com_0" site_id="595||RMC.DECOUVERTE" xmltv_id="RMC DECOUVERTE">RMC DECOUVERTE</channel>
    <channel site="[ENC][EX]canalplus.com_0" site_id="732||RMC.SPORT.1" xmltv_id="RMC SPORT 1">RMC SPORT 1</channel>
    <channel site="[ENC][EX]canalplus.com_0" site_id="733||RMC.SPORT.2" xmltv_id="RMC SPORT 2">RMC SPORT 2</channel>
    <channel site="[ENC][EX]canalplus.com_0" site_id="734||RMC.SPORT.3" xmltv_id="RMC SPORT 3">RMC SPORT 3</channel>
    <channel site="[ENC][EX]canalplus.com_0" site_id="735||RMC.SPORT.4" xmltv_id="RMC SPORT 4">RMC SPORT 4</channel>
    <channel site="[ENC][EX]canalplus.com_0" site_id="761||RMC.SPORT.LIVE.10" xmltv_id="RMC SPORT LIVE 10">RMC SPORT LIVE 10</channel>
    <channel site="[ENC][EX]canalplus.com_0" site_id="762||RMC.SPORT.LIVE.11" xmltv_id="RMC SPORT LIVE 11">RMC SPORT LIVE 11</channel>
    <channel site="[ENC][EX]canalplus.com_0" site_id="763||RMC.SPORT.LIVE.12" xmltv_id="RMC SPORT LIVE 12">RMC SPORT LIVE 12</channel>
    <channel site="[ENC][EX]canalplus.com_0" site_id="764||RMC.SPORT.LIVE.13" xmltv_id="RMC SPORT LIVE 13">RMC SPORT LIVE 13</channel>
    <channel site="[ENC][EX]canalplus.com_0" site_id="765||RMC.SPORT.LIVE.14" xmltv_id="RMC SPORT LIVE 14">RMC SPORT LIVE 14</channel>
    <channel site="[ENC][EX]canalplus.com_0" site_id="766||RMC.SPORT.LIVE.3" xmltv_id="RMC SPORT LIVE 3">RMC SPORT LIVE 3</channel>
    <channel site="[ENC][EX]canalplus.com_0" site_id="767||RMC.SPORT.LIVE.4" xmltv_id="RMC SPORT LIVE 4">RMC SPORT LIVE 4</channel>
    <channel site="[ENC][EX]canalplus.com_0" site_id="756||RMC.SPORT.LIVE.5" xmltv_id="RMC SPORT LIVE 5">RMC SPORT LIVE 5</channel>
    <channel site="[ENC][EX]canalplus.com_0" site_id="757||RMC.SPORT.LIVE.6" xmltv_id="RMC SPORT LIVE 6">RMC SPORT LIVE 6</channel>
    <channel site="[ENC][EX]canalplus.com_0" site_id="758||RMC.SPORT.LIVE.7" xmltv_id="RMC SPORT LIVE 7">RMC SPORT LIVE 7</channel>
    <channel site="[ENC][EX]canalplus.com_0" site_id="759||RMC.SPORT.LIVE.8" xmltv_id="RMC SPORT LIVE 8">RMC SPORT LIVE 8</channel>
    <channel site="[ENC][EX]canalplus.com_0" site_id="760||RMC.SPORT.LIVE.9" xmltv_id="RMC SPORT LIVE 9">RMC SPORT LIVE 9</channel>
    <channel site="[ENC][EX]canalplus.com_0" site_id="571||RMC.STORY" xmltv_id="RMC STORY">RMC STORY</channel>
    <channel site="[ENC][EX]canalplus.com_0" site_id="776||RSI.1" xmltv_id="RSI 1">RSI 1</channel>
    <channel site="[ENC][EX]canalplus.com_0" site_id="777||RSI.2" xmltv_id="RSI 2">RSI 2</channel>
    <channel site="[ENC][EX]canalplus.com_0" site_id="123||RTL" xmltv_id="RTL">RTL</channel>
    <channel site="[ENC][EX]canalplus.com_0" site_id="505||RTL9" xmltv_id="RTL9">RTL9</channel>
    <channel site="[ENC][EX]canalplus.com_0" site_id="770||RTS.1" xmltv_id="RTS 1">RTS 1</channel>
    <channel site="[ENC][EX]canalplus.com_0" site_id="771||RTS.2" xmltv_id="RTS 2">RTS 2</channel>
    <channel site="[ENC][EX]canalplus.com_0" site_id="577||SEASONS" xmltv_id="SEASONS">SEASONS</channel>
    <channel site="[ENC][EX]canalplus.com_0" site_id="356||SERIE.CLUB" xmltv_id="SERIE CLUB">SERIE CLUB</channel>
    <channel site="[ENC][EX]canalplus.com_0" site_id="778||SRF.1" xmltv_id="SRF 1">SRF 1</channel>
    <channel site="[ENC][EX]canalplus.com_0" site_id="779||SRF.2" xmltv_id="SRF 2">SRF 2</channel>
    <channel site="[ENC][EX]canalplus.com_0" site_id="775||TELEBIELINGUE" xmltv_id="TELEBIELINGUE">TELEBIELINGUE</channel>
    <channel site="[ENC][EX]canalplus.com_0" site_id="581||TELETOON." xmltv_id="TELETOON+">TELETOON+</channel>
    <channel site="[ENC][EX]canalplus.com_0" site_id="582||TELETOON.1" xmltv_id="TELETOON+1">TELETOON+1</channel>
    <channel site="[ENC][EX]canalplus.com_0" site_id="739||TEST.CSTAR" xmltv_id="TEST CSTAR">TEST CSTAR</channel>
    <channel site="[ENC][EX]canalplus.com_0" site_id="876||TEST01" xmltv_id="TEST01">TEST01</channel>
    <channel site="[ENC][EX]canalplus.com_0" site_id="877||TEST02" xmltv_id="TEST02">TEST02</channel>
    <channel site="[ENC][EX]canalplus.com_0" site_id="100||TEST03" xmltv_id="TEST03">TEST03</channel>
    <channel site="[ENC][EX]canalplus.com_0" site_id="202||TEST04" xmltv_id="TEST04">TEST04</channel>
    <channel site="[ENC][EX]canalplus.com_0" site_id="76||TEST05" xmltv_id="TEST05">TEST05</channel>
    <channel site="[ENC][EX]canalplus.com_0" site_id="77||TEST06" xmltv_id="TEST06">TEST06</channel>
    <channel site="[ENC][EX]canalplus.com_0" site_id="78||TEST07" xmltv_id="TEST07">TEST07</channel>
    <channel site="[ENC][EX]canalplus.com_0" site_id="79||TEST08" xmltv_id="TEST08">TEST08</channel>
    <channel site="[ENC][EX]canalplus.com_0" site_id="80||TEST09" xmltv_id="TEST09">TEST09</channel>
    <channel site="[ENC][EX]canalplus.com_0" site_id="82||TEST10" xmltv_id="TEST10">TEST10</channel>
    <channel site="[ENC][EX]canalplus.com_0" site_id="85||TEST11" xmltv_id="TEST11">TEST11</channel>
    <channel site="[ENC][EX]canalplus.com_0" site_id="89||TEST12" xmltv_id="TEST12">TEST12</channel>
    <channel site="[ENC][EX]canalplus.com_0" site_id="90||TEST13" xmltv_id="TEST13">TEST13</channel>
    <channel site="[ENC][EX]canalplus.com_0" site_id="292||TEVA" xmltv_id="TEVA">TEVA</channel>
    <channel site="[ENC][EX]canalplus.com_0" site_id="312||TF1" xmltv_id="TF1">TF1</channel>
    <channel site="[ENC][EX]canalplus.com_0" site_id="526||TF1.SERIES.FILMS" xmltv_id="TF1 SERIES FILMS">TF1 SERIES FILMS</channel>
    <channel site="[ENC][EX]canalplus.com_0" site_id="570||TFX" xmltv_id="TFX">TFX</channel>
    <channel site="[ENC][EX]canalplus.com_0" site_id="583||TIJI" xmltv_id="TIJI">TIJI</channel>
    <channel site="[ENC][EX]canalplus.com_0" site_id="584||TMC" xmltv_id="TMC">TMC</channel>
    <channel site="[ENC][EX]canalplus.com_0" site_id="620||TOUTE.L'HISTOIRE" xmltv_id="TOUTE L'HISTOIRE">TOUTE L'HISTOIRE</channel>
    <channel site="[ENC][EX]canalplus.com_0" site_id="674||TRACE.AFRICA" xmltv_id="TRACE AFRICA">TRACE AFRICA</channel>
    <channel site="[ENC][EX]canalplus.com_0" site_id="784||TRACE.LATINA" xmltv_id="TRACE LATINA">TRACE LATINA</channel>
    <channel site="[ENC][EX]canalplus.com_0" site_id="585||TRACE.URBAN" xmltv_id="TRACE URBAN">TRACE URBAN</channel>
    <channel site="[ENC][EX]canalplus.com_0" site_id="586||TV.BREIZH" xmltv_id="TV BREIZH">TV BREIZH</channel>
    <channel site="[ENC][EX]canalplus.com_0" site_id="1076||TV.MONACO" xmltv_id="TV MONACO">TV MONACO</channel>
    <channel site="[ENC][EX]canalplus.com_0" site_id="520||TV5.MONDE" xmltv_id="TV5 MONDE">TV5 MONDE</channel>
    <channel site="[ENC][EX]canalplus.com_0" site_id="71||TVE.INTERNACIONAL" xmltv_id="TVE INTERNACIONAL">TVE INTERNACIONAL</channel>
    <channel site="[ENC][EX]canalplus.com_0" site_id="142||USHUAIA.TV" xmltv_id="USHUAIA TV">USHUAIA TV</channel>
    <channel site="[ENC][EX]canalplus.com_0" site_id="547||VIXEN" xmltv_id="VIXEN">VIXEN</channel>
    <channel site="[ENC][EX]canalplus.com_0" site_id="477||VOYAGE" xmltv_id="VOYAGE">VOYAGE</channel>
    <channel site="[ENC][EX]canalplus.com_0" site_id="296||W9" xmltv_id="W9">W9</channel>
    <channel site="[ENC][EX]canalplus.com_0" site_id="616||XXL" xmltv_id="XXL">XXL</channel>
  </channels>
</site>