<?xml version="1.0" encoding="UTF-8"?>
<site generator-info-name="Tempest EPG Generator (made by Kvanc)" generator-info-url="https://github.com/K-vanc/Tempest-EPG-Generator.git" site="[ENC][EX]telecablesat.fr_0">
  <channels>
    <channel site="[ENC][EX]telecablesat.fr_0" site_id="/chaine/2/13eme-rue||2.png" xmltv_id="13eme RUE">13eme RUE</channel>
    <channel site="[ENC][EX]telecablesat.fr_0" site_id="/chaine/340/2m-monde||340.png" xmltv_id="2M Monde">2M Monde</channel>
    <channel site="[ENC][EX]telecablesat.fr_0" site_id="/chaine/3/3sat||3.png" xmltv_id="3SAT">3SAT</channel>
    <channel site="[ENC][EX]telecablesat.fr_0" site_id="/chaine/1403/6ter||1403.png" xmltv_id="6ter">6ter</channel>
    <channel site="[ENC][EX]telecablesat.fr_0" site_id="/chaine/421/8-mont-blanc||421.png" xmltv_id="8 Mont-Blanc">8 Mont-Blanc</channel>
    <channel site="[ENC][EX]telecablesat.fr_0" site_id="/chaine/2049/a-international-france||2049.png" xmltv_id="A+ International France">A+ International France</channel>
    <channel site="[ENC][EX]telecablesat.fr_0" site_id="/chaine/5/ab-1||5.png" xmltv_id="AB 1">AB 1</channel>
    <channel site="[ENC][EX]telecablesat.fr_0" site_id="/chaine/254/ab-3||254.png" xmltv_id="AB 3">AB 3</channel>
    <channel site="[ENC][EX]telecablesat.fr_0" site_id="/chaine/303/abxplore||303.png" xmltv_id="ABXPLORE">ABXPLORE</channel>
    <channel site="[ENC][EX]telecablesat.fr_0" site_id="/chaine/10/action||10.png" xmltv_id="Action">Action</channel>
    <channel site="[ENC][EX]telecablesat.fr_0" site_id="/chaine/388/actv||388.png" xmltv_id="ACTV">ACTV</channel>
    <channel site="[ENC][EX]telecablesat.fr_0" site_id="/chaine/525/al-jazeera-english||525.png" xmltv_id="Al Jazeera English">Al Jazeera English</channel>
    <channel site="[ENC][EX]telecablesat.fr_0" site_id="/chaine/12/animaux||12.png" xmltv_id="Animaux">Animaux</channel>
    <channel site="[ENC][EX]telecablesat.fr_0" site_id="/chaine/436/antenne-reunion||436.png" xmltv_id="Antenne Réunion">Antenne Réunion</channel>
    <channel site="[ENC][EX]telecablesat.fr_0" site_id="/chaine/111/arte||111.png" xmltv_id="Arte">Arte</channel>
    <channel site="[ENC][EX]telecablesat.fr_0" site_id="/chaine/1140/atv-guadeloupe||1140.png" xmltv_id="ATV Guadeloupe">ATV Guadeloupe</channel>
    <channel site="[ENC][EX]telecablesat.fr_0" site_id="/chaine/1531/atv-guyane||1531.png" xmltv_id="ATV Guyane">ATV Guyane</channel>
    <channel site="[ENC][EX]telecablesat.fr_0" site_id="/chaine/295/atv-martinique||295.png" xmltv_id="ATV Martinique">ATV Martinique</channel>
    <channel site="[ENC][EX]telecablesat.fr_0" site_id="/chaine/15/automoto||15.png" xmltv_id="Automoto">Automoto</channel>
    <channel site="[ENC][EX]telecablesat.fr_0" site_id="/chaine/16/bbc-1||16.png" xmltv_id="BBC 1">BBC 1</channel>
    <channel site="[ENC][EX]telecablesat.fr_0" site_id="/chaine/17/bbc-2||17.png" xmltv_id="BBC 2">BBC 2</channel>
    <channel site="[ENC][EX]telecablesat.fr_0" site_id="/chaine/18/bbc-entertainment||18.png" xmltv_id="BBC Entertainment">BBC Entertainment</channel>
    <channel site="[ENC][EX]telecablesat.fr_0" site_id="/chaine/19/bbc-world-news||19.png" xmltv_id="BBC World News">BBC World News</channel>
    <channel site="[ENC][EX]telecablesat.fr_0" site_id="/chaine/29/be-1||29.png" xmltv_id="BE 1">BE 1</channel>
    <channel site="[ENC][EX]telecablesat.fr_0" site_id="/chaine/417/be-cine||417.png" xmltv_id="Be Ciné">Be Ciné</channel>
    <channel site="[ENC][EX]telecablesat.fr_0" site_id="/chaine/418/be-series||418.png" xmltv_id="Be Séries">Be Séries</channel>
    <channel site="[ENC][EX]telecablesat.fr_0" site_id="/chaine/1290/bein-sports-1||1290.png" xmltv_id="beIN SPORTS 1">beIN SPORTS 1</channel>
    <channel site="[ENC][EX]telecablesat.fr_0" site_id="/chaine/1304/bein-sports-2||1304.png" xmltv_id="beIN SPORTS 2">beIN SPORTS 2</channel>
    <channel site="[ENC][EX]telecablesat.fr_0" site_id="/chaine/1335/bein-sports-3||1335.png" xmltv_id="beIN SPORTS 3">beIN SPORTS 3</channel>
    <channel site="[ENC][EX]telecablesat.fr_0" site_id="/chaine/1342/bein-sports-max-10||1342.png" xmltv_id="beIN SPORTS MAX 10">beIN SPORTS MAX 10</channel>
    <channel site="[ENC][EX]telecablesat.fr_0" site_id="/chaine/1336/bein-sports-max-4||1336.png" xmltv_id="beIN SPORTS MAX 4">beIN SPORTS MAX 4</channel>
    <channel site="[ENC][EX]telecablesat.fr_0" site_id="/chaine/1337/bein-sports-max-5||1337.png" xmltv_id="beIN SPORTS MAX 5">beIN SPORTS MAX 5</channel>
    <channel site="[ENC][EX]telecablesat.fr_0" site_id="/chaine/1338/bein-sports-max-6||1338.png" xmltv_id="beIN SPORTS MAX 6">beIN SPORTS MAX 6</channel>
    <channel site="[ENC][EX]telecablesat.fr_0" site_id="/chaine/1339/bein-sports-max-7||1339.png" xmltv_id="beIN SPORTS MAX 7">beIN SPORTS MAX 7</channel>
    <channel site="[ENC][EX]telecablesat.fr_0" site_id="/chaine/1340/bein-sports-max-8||1340.png" xmltv_id="beIN SPORTS MAX 8">beIN SPORTS MAX 8</channel>
    <channel site="[ENC][EX]telecablesat.fr_0" site_id="/chaine/1341/bein-sports-max-9||1341.png" xmltv_id="beIN SPORTS MAX 9">beIN SPORTS MAX 9</channel>
    <channel site="[ENC][EX]telecablesat.fr_0" site_id="/chaine/1960/bet||1960.png" xmltv_id="BET">BET</channel>
    <channel site="[ENC][EX]telecablesat.fr_0" site_id="/chaine/1073/bfm-business||1073.png" xmltv_id="BFM Business">BFM Business</channel>
    <channel site="[ENC][EX]telecablesat.fr_0" site_id="/chaine/930/bfm-grand-lille||930.png" xmltv_id="BFM Grand Lille">BFM Grand Lille</channel>
    <channel site="[ENC][EX]telecablesat.fr_0" site_id="/chaine/116/bfm-lyon-metropole||116.png" xmltv_id="BFM Lyon Métropole">BFM Lyon Métropole</channel>
    <channel site="[ENC][EX]telecablesat.fr_0" site_id="/chaine/481/bfmtv||481.png" xmltv_id="BFMTV">BFMTV</channel>
    <channel site="[ENC][EX]telecablesat.fr_0" site_id="/chaine/321/boomerang||321.png" xmltv_id="Boomerang">Boomerang</channel>
    <channel site="[ENC][EX]telecablesat.fr_0" site_id="/chaine/382/bx1||382.png" xmltv_id="BX1">BX1</channel>
    <channel site="[ENC][EX]telecablesat.fr_0" site_id="/chaine/445/c8||445.png" xmltv_id="C8">C8</channel>
    <channel site="[ENC][EX]telecablesat.fr_0" site_id="/chaine/389/canal-c||389.png" xmltv_id="Canal C">Canal C</channel>
    <channel site="[ENC][EX]telecablesat.fr_0" site_id="/chaine/32/canal-j||32.png" xmltv_id="Canal J">Canal J</channel>
    <channel site="[ENC][EX]telecablesat.fr_0" site_id="/chaine/936/canal-z||936.png" xmltv_id="Canal Z">Canal Z</channel>
    <channel site="[ENC][EX]telecablesat.fr_0" site_id="/chaine/386/canal-zoom||386.png" xmltv_id="Canal Zoom">Canal Zoom</channel>
    <channel site="[ENC][EX]telecablesat.fr_0" site_id="/chaine/34/canal||34.png" xmltv_id="Canal+">Canal+</channel>
    <channel site="[ENC][EX]telecablesat.fr_0" site_id="/chaine/376/canal-antilles||376.png" xmltv_id="Canal+ Antilles">Canal+ Antilles</channel>
    <channel site="[ENC][EX]telecablesat.fr_0" site_id="/chaine/33/canal-cinema-s||33.png" xmltv_id="Canal+ Cinéma(s)">Canal+ Cinéma(s)</channel>
    <channel site="[ENC][EX]telecablesat.fr_0" site_id="/chaine/3347/canal-docs||3347.png" xmltv_id="Canal+ DOCS">Canal+ DOCS</channel>
    <channel site="[ENC][EX]telecablesat.fr_0" site_id="/chaine/3349/canal-grand-ecran||3349.png" xmltv_id="Canal+ Grand Ecran">Canal+ Grand Ecran</channel>
    <channel site="[ENC][EX]telecablesat.fr_0" site_id="/chaine/657/canal-kids||657.png" xmltv_id="Canal+ KIDS">Canal+ KIDS</channel>
    <channel site="[ENC][EX]telecablesat.fr_0" site_id="/chaine/1563/canal-series||1563.png" xmltv_id="Canal+ Séries">Canal+ Séries</channel>
    <channel site="[ENC][EX]telecablesat.fr_0" site_id="/chaine/35/canal-sport||35.png" xmltv_id="Canal+ Sport">Canal+ Sport</channel>
    <channel site="[ENC][EX]telecablesat.fr_0" site_id="/chaine/24/canvas||24.png" xmltv_id="Canvas">Canvas</channel>
    <channel site="[ENC][EX]telecablesat.fr_0" site_id="/chaine/36/cartoon-network||36.png" xmltv_id="Cartoon Network">Cartoon Network</channel>
    <channel site="[ENC][EX]telecablesat.fr_0" site_id="/chaine/318/cgtn||318.png" xmltv_id="CGTN">CGTN</channel>
    <channel site="[ENC][EX]telecablesat.fr_0" site_id="/chaine/38/chasse-et-peche||38.png" xmltv_id="Chasse et pêche">Chasse et pêche</channel>
    <channel site="[ENC][EX]telecablesat.fr_0" site_id="/chaine/1399/cherie-25||1399.png" xmltv_id="Chérie 25">Chérie 25</channel>
    <channel site="[ENC][EX]telecablesat.fr_0" site_id="/chaine/287/cine-classic||287.png" xmltv_id="Ciné+ Classic">Ciné+ Classic</channel>
    <channel site="[ENC][EX]telecablesat.fr_0" site_id="/chaine/437/cine-classic-belgique||437.png" xmltv_id="Ciné+ Classic Belgique">Ciné+ Classic Belgique</channel>
    <channel site="[ENC][EX]telecablesat.fr_0" site_id="/chaine/285/cine-club||285.png" xmltv_id="Ciné+ Club">Ciné+ Club</channel>
    <channel site="[ENC][EX]telecablesat.fr_0" site_id="/chaine/283/cine-emotion||283.png" xmltv_id="Ciné+ Emotion">Ciné+ Emotion</channel>
    <channel site="[ENC][EX]telecablesat.fr_0" site_id="/chaine/401/cine-famiz||401.png" xmltv_id="Ciné+ Famiz">Ciné+ Famiz</channel>
    <channel site="[ENC][EX]telecablesat.fr_0" site_id="/chaine/284/cine-frisson||284.png" xmltv_id="Ciné+ Frisson">Ciné+ Frisson</channel>
    <channel site="[ENC][EX]telecablesat.fr_0" site_id="/chaine/317/cine-frisson-belgique||317.png" xmltv_id="Ciné+ Frisson Belgique">Ciné+ Frisson Belgique</channel>
    <channel site="[ENC][EX]telecablesat.fr_0" site_id="/chaine/282/cine-premier||282.png" xmltv_id="Ciné+ Premier">Ciné+ Premier</channel>
    <channel site="[ENC][EX]telecablesat.fr_0" site_id="/chaine/294/cine-premier-belgique||294.png" xmltv_id="Ciné+ Premier Belgique">Ciné+ Premier Belgique</channel>
    <channel site="[ENC][EX]telecablesat.fr_0" site_id="/chaine/226/cnews||226.png" xmltv_id="CNEWS">CNEWS</channel>
    <channel site="[ENC][EX]telecablesat.fr_0" site_id="/chaine/53/cnn||53.png" xmltv_id="CNN">CNN</channel>
    <channel site="[ENC][EX]telecablesat.fr_0" site_id="/chaine/54/comedie||54.png" xmltv_id="Comédie+">Comédie+</channel>
    <channel site="[ENC][EX]telecablesat.fr_0" site_id="/chaine/2752/comedy-central||2752.png" xmltv_id="Comedy Central">Comedy Central</channel>
    <channel site="[ENC][EX]telecablesat.fr_0" site_id="/chaine/2037/crime-district||2037.png" xmltv_id="Crime District">Crime District</channel>
    <channel site="[ENC][EX]telecablesat.fr_0" site_id="/chaine/458/cstar||458.png" xmltv_id="CSTAR">CSTAR</channel>
    <channel site="[ENC][EX]telecablesat.fr_0" site_id="/chaine/13/das-erste||13.png" xmltv_id="Das Erste">Das Erste</channel>
    <channel site="[ENC][EX]telecablesat.fr_0" site_id="/chaine/57/demain-tv||57.png" xmltv_id="Demain TV">Demain TV</channel>
    <channel site="[ENC][EX]telecablesat.fr_0" site_id="/chaine/400/discovery-channel||400.png" xmltv_id="Discovery Channel">Discovery Channel</channel>
    <channel site="[ENC][EX]telecablesat.fr_0" site_id="/chaine/2184/discovery-investigation||2184.png" xmltv_id="Discovery Investigation">Discovery Investigation</channel>
    <channel site="[ENC][EX]telecablesat.fr_0" site_id="/chaine/1374/discovery-science||1374.png" xmltv_id="Discovery Science">Discovery Science</channel>
    <channel site="[ENC][EX]telecablesat.fr_0" site_id="/chaine/58/disney-channel||58.png" xmltv_id="Disney Channel">Disney Channel</channel>
    <channel site="[ENC][EX]telecablesat.fr_0" site_id="/chaine/1967/disney-channel-wallonia||1967.png" xmltv_id="Disney Channel Wallonia">Disney Channel Wallonia</channel>
    <channel site="[ENC][EX]telecablesat.fr_0" site_id="/chaine/300/disney-junior||300.png" xmltv_id="Disney Junior">Disney Junior</channel>
    <channel site="[ENC][EX]telecablesat.fr_0" site_id="/chaine/560/dorcel-tv||560.png" xmltv_id="Dorcel TV">Dorcel TV</channel>
    <channel site="[ENC][EX]telecablesat.fr_0" site_id="/chaine/61/dw-english||61.png" xmltv_id="DW (English)">DW (English)</channel>
    <channel site="[ENC][EX]telecablesat.fr_0" site_id="/chaine/405/e||405.png" xmltv_id="E !">E !</channel>
    <channel site="[ENC][EX]telecablesat.fr_0" site_id="/chaine/23/een||23.png" xmltv_id="één">één</channel>
    <channel site="[ENC][EX]telecablesat.fr_0" site_id="/chaine/2024/eleven-sports-1||2024.png" xmltv_id="Eleven Sports 1">Eleven Sports 1</channel>
    <channel site="[ENC][EX]telecablesat.fr_0" site_id="/chaine/2025/eleven-sports-2||2025.png" xmltv_id="Eleven Sports 2">Eleven Sports 2</channel>
    <channel site="[ENC][EX]telecablesat.fr_0" site_id="/chaine/2381/eleven-sports-3||2381.png" xmltv_id="Eleven Sports 3">Eleven Sports 3</channel>
    <channel site="[ENC][EX]telecablesat.fr_0" site_id="/chaine/64/equidia||64.png" xmltv_id="Equidia">Equidia</channel>
    <channel site="[ENC][EX]telecablesat.fr_0" site_id="/chaine/1190/eurochannel||1190.png" xmltv_id="Eurochannel">Eurochannel</channel>
    <channel site="[ENC][EX]telecablesat.fr_0" site_id="/chaine/140/euronews||140.png" xmltv_id="Euronews">Euronews</channel>
    <channel site="[ENC][EX]telecablesat.fr_0" site_id="/chaine/76/eurosport-1||76.png" xmltv_id="Eurosport 1">Eurosport 1</channel>
    <channel site="[ENC][EX]telecablesat.fr_0" site_id="/chaine/439/eurosport-2||439.png" xmltv_id="Eurosport 2">Eurosport 2</channel>
    <channel site="[ENC][EX]telecablesat.fr_0" site_id="/chaine/4/france-2||4.png" xmltv_id="France 2">France 2</channel>
    <channel site="[ENC][EX]telecablesat.fr_0" site_id="/chaine/529/france-24||529.png" xmltv_id="France 24">France 24</channel>
    <channel site="[ENC][EX]telecablesat.fr_0" site_id="/chaine/80/france-3||80.png" xmltv_id="France 3">France 3</channel>
    <channel site="[ENC][EX]telecablesat.fr_0" site_id="/chaine/1921/france-3-alpes||1921.png" xmltv_id="France 3 Alpes">France 3 Alpes</channel>
    <channel site="[ENC][EX]telecablesat.fr_0" site_id="/chaine/1922/france-3-alsace||1922.png" xmltv_id="France 3 Alsace">France 3 Alsace</channel>
    <channel site="[ENC][EX]telecablesat.fr_0" site_id="/chaine/1923/france-3-aquitaine||1923.png" xmltv_id="France 3 Aquitaine">France 3 Aquitaine</channel>
    <channel site="[ENC][EX]telecablesat.fr_0" site_id="/chaine/1924/france-3-auvergne||1924.png" xmltv_id="France 3 Auvergne">France 3 Auvergne</channel>
    <channel site="[ENC][EX]telecablesat.fr_0" site_id="/chaine/1926/france-3-bourgogne||1926.png" xmltv_id="France 3 Bourgogne">France 3 Bourgogne</channel>
    <channel site="[ENC][EX]telecablesat.fr_0" site_id="/chaine/1927/france-3-bretagne||1927.png" xmltv_id="France 3 Bretagne">France 3 Bretagne</channel>
    <channel site="[ENC][EX]telecablesat.fr_0" site_id="/chaine/1928/france-3-centre-val-de-loire||1928.png" xmltv_id="France 3 Centre-Val de Loire">France 3 Centre-Val de Loire</channel>
    <channel site="[ENC][EX]telecablesat.fr_0" site_id="/chaine/1929/france-3-champagne-ardennes||1929.png" xmltv_id="France 3 Champagne-Ardennes">France 3 Champagne-Ardennes</channel>
    <channel site="[ENC][EX]telecablesat.fr_0" site_id="/chaine/308/france-3-corse-via-stella||308.png" xmltv_id="France 3 Corse Via Stella">France 3 Corse Via Stella</channel>
    <channel site="[ENC][EX]telecablesat.fr_0" site_id="/chaine/1931/france-3-cote-d-azur||1931.png" xmltv_id="France 3 Côte d'Azur">France 3 Côte d'Azur</channel>
    <channel site="[ENC][EX]telecablesat.fr_0" site_id="/chaine/1932/france-3-franche-comte||1932.png" xmltv_id="France 3 Franche-Comté">France 3 Franche-Comté</channel>
    <channel site="[ENC][EX]telecablesat.fr_0" site_id="/chaine/1934/france-3-languedoc-roussillon||1934.png" xmltv_id="France 3 Languedoc-Roussillon">France 3 Languedoc-Roussillon</channel>
    <channel site="[ENC][EX]telecablesat.fr_0" site_id="/chaine/1935/france-3-limousin||1935.png" xmltv_id="France 3 Limousin">France 3 Limousin</channel>
    <channel site="[ENC][EX]telecablesat.fr_0" site_id="/chaine/1936/france-3-lorraine||1936.png" xmltv_id="France 3 Lorraine">France 3 Lorraine</channel>
    <channel site="[ENC][EX]telecablesat.fr_0" site_id="/chaine/1937/france-3-midi-pyrenees||1937.png" xmltv_id="France 3 Midi-Pyrénées">France 3 Midi-Pyrénées</channel>
    <channel site="[ENC][EX]telecablesat.fr_0" site_id="/chaine/1938/france-3-nord-pas-de-calais||1938.png" xmltv_id="France 3 Nord Pas-de-Calais">France 3 Nord Pas-de-Calais</channel>
    <channel site="[ENC][EX]telecablesat.fr_0" site_id="/chaine/1925/france-3-normandie-caen||1925.png" xmltv_id="France 3 Normandie - Caen">France 3 Normandie - Caen</channel>
    <channel site="[ENC][EX]telecablesat.fr_0" site_id="/chaine/1933/france-3-normandie-rouen||1933.png" xmltv_id="France 3 Normandie - Rouen">France 3 Normandie - Rouen</channel>
    <channel site="[ENC][EX]telecablesat.fr_0" site_id="/chaine/1939/france-3-paris-ile-de-france||1939.png" xmltv_id="France 3 Paris Ile-de-France">France 3 Paris Ile-de-France</channel>
    <channel site="[ENC][EX]telecablesat.fr_0" site_id="/chaine/1940/france-3-pays-de-la-loire||1940.png" xmltv_id="France 3 Pays de la Loire">France 3 Pays de la Loire</channel>
    <channel site="[ENC][EX]telecablesat.fr_0" site_id="/chaine/1941/france-3-picardie||1941.png" xmltv_id="France 3 Picardie">France 3 Picardie</channel>
    <channel site="[ENC][EX]telecablesat.fr_0" site_id="/chaine/1942/france-3-poitou-charentes||1942.png" xmltv_id="France 3 Poitou-Charentes">France 3 Poitou-Charentes</channel>
    <channel site="[ENC][EX]telecablesat.fr_0" site_id="/chaine/1943/france-3-provence-alpes||1943.png" xmltv_id="France 3 Provence-Alpes">France 3 Provence-Alpes</channel>
    <channel site="[ENC][EX]telecablesat.fr_0" site_id="/chaine/1944/france-3-rhone-alpes||1944.png" xmltv_id="France 3 Rhône-Alpes">France 3 Rhône-Alpes</channel>
    <channel site="[ENC][EX]telecablesat.fr_0" site_id="/chaine/78/france-4||78.png" xmltv_id="France 4">France 4</channel>
    <channel site="[ENC][EX]telecablesat.fr_0" site_id="/chaine/47/france-5||47.png" xmltv_id="France 5">France 5</channel>
    <channel site="[ENC][EX]telecablesat.fr_0" site_id="/chaine/2111/franceinfo||2111.png" xmltv_id="Franceinfo">Franceinfo</channel>
    <channel site="[ENC][EX]telecablesat.fr_0" site_id="/chaine/87/game-one||87.png" xmltv_id="Game One">Game One</channel>
    <channel site="[ENC][EX]telecablesat.fr_0" site_id="/chaine/1166/golf-channel||1166.png" xmltv_id="Golf Channel">Golf Channel</channel>
    <channel site="[ENC][EX]telecablesat.fr_0" site_id="/chaine/1295/golf||1295.png" xmltv_id="Golf+">Golf+</channel>
    <channel site="[ENC][EX]telecablesat.fr_0" site_id="/chaine/329/guadeloupe-la-1ere||329.png" xmltv_id="Guadeloupe la 1ère">Guadeloupe la 1ère</channel>
    <channel site="[ENC][EX]telecablesat.fr_0" site_id="/chaine/482/gulli||482.png" xmltv_id="Gulli">Gulli</channel>
    <channel site="[ENC][EX]telecablesat.fr_0" site_id="/chaine/260/guyane-la-1ere||260.png" xmltv_id="Guyane la 1ère">Guyane la 1ère</channel>
    <channel site="[ENC][EX]telecablesat.fr_0" site_id="/chaine/88/histoire-tv||88.png" xmltv_id="Histoire TV">Histoire TV</channel>
    <channel site="[ENC][EX]telecablesat.fr_0" site_id="/chaine/416/hustler-tv||416.png" xmltv_id="Hustler TV">Hustler TV</channel>
    <channel site="[ENC][EX]telecablesat.fr_0" site_id="/chaine/781/i24news||781.png" xmltv_id="I24news">I24news</channel>
    <channel site="[ENC][EX]telecablesat.fr_0" site_id="/chaine/94/infosport||94.png" xmltv_id="Infosport+">Infosport+</channel>
    <channel site="[ENC][EX]telecablesat.fr_0" site_id="/chaine/1585/j-one||1585.png" xmltv_id="J-One">J-One</channel>
    <channel site="[ENC][EX]telecablesat.fr_0" site_id="/chaine/1280/ketnet||1280.png" xmltv_id="Ketnet">Ketnet</channel>
    <channel site="[ENC][EX]telecablesat.fr_0" site_id="/chaine/110/kto||110.png" xmltv_id="KTO">KTO</channel>
    <channel site="[ENC][EX]telecablesat.fr_0" site_id="/chaine/1401/l-equipe||1401.png" xmltv_id="L'Equipe">L'Equipe</channel>
    <channel site="[ENC][EX]telecablesat.fr_0" site_id="/chaine/234/la-chaine-parlementaire||234.png" xmltv_id="La Chaîne parlementaire">La Chaîne parlementaire</channel>
    <channel site="[ENC][EX]telecablesat.fr_0" site_id="/chaine/892/la-trois||892.png" xmltv_id="La Trois">La Trois</channel>
    <channel site="[ENC][EX]telecablesat.fr_0" site_id="/chaine/164/la-une||164.png" xmltv_id="La Une">La Une</channel>
    <channel site="[ENC][EX]telecablesat.fr_0" site_id="/chaine/112/lci-la-chaine-info||112.png" xmltv_id="LCI - La Chaîne Info">LCI - La Chaîne Info</channel>
    <channel site="[ENC][EX]telecablesat.fr_0" site_id="/chaine/118/m6||118.png" xmltv_id="M6">M6</channel>
    <channel site="[ENC][EX]telecablesat.fr_0" site_id="/chaine/683/man-x||683.png" xmltv_id="Man-X">Man-X</channel>
    <channel site="[ENC][EX]telecablesat.fr_0" site_id="/chaine/6/mangas||6.png" xmltv_id="Mangas">Mangas</channel>
    <channel site="[ENC][EX]telecablesat.fr_0" site_id="/chaine/328/martinique-la-1ere||328.png" xmltv_id="Martinique la 1ère">Martinique la 1ère</channel>
    <channel site="[ENC][EX]telecablesat.fr_0" site_id="/chaine/393/matele||393.png" xmltv_id="MAtélé">MAtélé</channel>
    <channel site="[ENC][EX]telecablesat.fr_0" site_id="/chaine/1080/mayotte-la-1ere||1080.png" xmltv_id="Mayotte la 1ère">Mayotte la 1ère</channel>
    <channel site="[ENC][EX]telecablesat.fr_0" site_id="/chaine/121/mcm||121.png" xmltv_id="MCM">MCM</channel>
    <channel site="[ENC][EX]telecablesat.fr_0" site_id="/chaine/265/melody||265.png" xmltv_id="Melody">Melody</channel>
    <channel site="[ENC][EX]telecablesat.fr_0" site_id="/chaine/2321/melody-d-afrique||2321.png" xmltv_id="Melody d'Afrique">Melody d'Afrique</channel>
    <channel site="[ENC][EX]telecablesat.fr_0" site_id="/chaine/1452/men-s-up-tv||1452.png" xmltv_id="Men's UP TV">Men's UP TV</channel>
    <channel site="[ENC][EX]telecablesat.fr_0" site_id="/chaine/125/mezzo||125.png" xmltv_id="Mezzo">Mezzo</channel>
    <channel site="[ENC][EX]telecablesat.fr_0" site_id="/chaine/907/mezzo-live-hd||907.png" xmltv_id="Mezzo Live HD">Mezzo Live HD</channel>
    <channel site="[ENC][EX]telecablesat.fr_0" site_id="/chaine/128/mtv||128.png" xmltv_id="MTV">MTV</channel>
    <channel site="[ENC][EX]telecablesat.fr_0" site_id="/chaine/1072/museum-tv||1072.png" xmltv_id="Museum TV">Museum TV</channel>
    <channel site="[ENC][EX]telecablesat.fr_0" site_id="/chaine/829/myzen-tv||829.png" xmltv_id="MyZen.tv">MyZen.tv</channel>
    <channel site="[ENC][EX]telecablesat.fr_0" site_id="/chaine/243/national-geographic||243.png" xmltv_id="National Geographic">National Geographic</channel>
    <channel site="[ENC][EX]telecablesat.fr_0" site_id="/chaine/719/national-geographic-wild||719.png" xmltv_id="National Geographic Wild">National Geographic Wild</channel>
    <channel site="[ENC][EX]telecablesat.fr_0" site_id="/chaine/415/nautical-channel||415.png" xmltv_id="Nautical Channel">Nautical Channel</channel>
    <channel site="[ENC][EX]telecablesat.fr_0" site_id="/chaine/832/nick-jr||832.png" xmltv_id="Nick Jr">Nick Jr</channel>
    <channel site="[ENC][EX]telecablesat.fr_0" site_id="/chaine/473/nickelodeon||473.png" xmltv_id="Nickelodéon">Nickelodéon</channel>
    <channel site="[ENC][EX]telecablesat.fr_0" site_id="/chaine/888/nickelodeon-junior||888.png" xmltv_id="Nickelodeon Junior">Nickelodeon Junior</channel>
    <channel site="[ENC][EX]telecablesat.fr_0" site_id="/chaine/1968/nickelodeon-wallonia||1968.png" xmltv_id="Nickelodéon Wallonia">Nickelodéon Wallonia</channel>
    <channel site="[ENC][EX]telecablesat.fr_0" site_id="/chaine/1461/nollywood-tv||1461.png" xmltv_id="Nollywood TV">Nollywood TV</channel>
    <channel site="[ENC][EX]telecablesat.fr_0" site_id="/chaine/1833/notele||1833.png" xmltv_id="NoTélé">NoTélé</channel>
    <channel site="[ENC][EX]telecablesat.fr_0" site_id="/chaine/240/nouvelle-caledonie-la-1ere||240.png" xmltv_id="Nouvelle-Calédonie la 1ère">Nouvelle-Calédonie la 1ère</channel>
    <channel site="[ENC][EX]telecablesat.fr_0" site_id="/chaine/1832/novelas-tv||1832.png" xmltv_id="Novelas TV">Novelas TV</channel>
    <channel site="[ENC][EX]telecablesat.fr_0" site_id="/chaine/444/nrj-12||444.png" xmltv_id="NRJ 12">NRJ 12</channel>
    <channel site="[ENC][EX]telecablesat.fr_0" site_id="/chaine/733/ocs-city||733.png" xmltv_id="OCS City">OCS City</channel>
    <channel site="[ENC][EX]telecablesat.fr_0" site_id="/chaine/734/ocs-geants||734.png" xmltv_id="OCS Géants">OCS Géants</channel>
    <channel site="[ENC][EX]telecablesat.fr_0" site_id="/chaine/730/ocs-max||730.png" xmltv_id="OCS Max">OCS Max</channel>
    <channel site="[ENC][EX]telecablesat.fr_0" site_id="/chaine/732/ocs-pulp||732.png" xmltv_id="OCS Pulp">OCS Pulp</channel>
    <channel site="[ENC][EX]telecablesat.fr_0" site_id="/chaine/463/oltv||463.png" xmltv_id="OLTV">OLTV</channel>
    <channel site="[ENC][EX]telecablesat.fr_0" site_id="/chaine/2958/olympia-tv||2958.png" xmltv_id="Olympia TV">Olympia TV</channel>
    <channel site="[ENC][EX]telecablesat.fr_0" site_id="/chaine/1562/paramount-channel||1562.png" xmltv_id="Paramount Channel">Paramount Channel</channel>
    <channel site="[ENC][EX]telecablesat.fr_0" site_id="/chaine/145/paris-premiere||145.png" xmltv_id="Paris Première">Paris Première</channel>
    <channel site="[ENC][EX]telecablesat.fr_0" site_id="/chaine/406/pink-tv||406.png" xmltv_id="Pink TV">Pink TV</channel>
    <channel site="[ENC][EX]telecablesat.fr_0" site_id="/chaine/344/piwi||344.png" xmltv_id="Piwi+">Piwi+</channel>
    <channel site="[ENC][EX]telecablesat.fr_0" site_id="/chaine/147/planete||147.png" xmltv_id="Planète+">Planète+</channel>
    <channel site="[ENC][EX]telecablesat.fr_0" site_id="/chaine/402/planete-aventure-experience||402.png" xmltv_id="Planète+ Aventure &amp; Expérience">Planète+ Aventure &amp; Expérience</channel>
    <channel site="[ENC][EX]telecablesat.fr_0" site_id="/chaine/662/planete-crime-investigation||662.png" xmltv_id="Planète+ Crime Investigation">Planète+ Crime Investigation</channel>
    <channel site="[ENC][EX]telecablesat.fr_0" site_id="/chaine/2326/polar||2326.png" xmltv_id="Polar+">Polar+</channel>
    <channel site="[ENC][EX]telecablesat.fr_0" site_id="/chaine/964/pro7||964.png" xmltv_id="Pro7">Pro7</channel>
    <channel site="[ENC][EX]telecablesat.fr_0" site_id="/chaine/1075/proximus-11||1075.png" xmltv_id="Proximus 11">Proximus 11</channel>
    <channel site="[ENC][EX]telecablesat.fr_0" site_id="/chaine/154/rai-due||154.png" xmltv_id="Rai Due">Rai Due</channel>
    <channel site="[ENC][EX]telecablesat.fr_0" site_id="/chaine/155/rai-tre||155.png" xmltv_id="Rai Tre">Rai Tre</channel>
    <channel site="[ENC][EX]telecablesat.fr_0" site_id="/chaine/156/rai-uno||156.png" xmltv_id="Rai Uno">Rai Uno</channel>
    <channel site="[ENC][EX]telecablesat.fr_0" site_id="/chaine/245/reunion-la-1ere||245.png" xmltv_id="Réunion la 1ère">Réunion la 1ère</channel>
    <channel site="[ENC][EX]telecablesat.fr_0" site_id="/chaine/1400/rmc-decouverte||1400.png" xmltv_id="RMC Découverte">RMC Découverte</channel>
    <channel site="[ENC][EX]telecablesat.fr_0" site_id="/chaine/2665/rmc-sport-1||2665.png" xmltv_id="RMC Sport 1">RMC Sport 1</channel>
    <channel site="[ENC][EX]telecablesat.fr_0" site_id="/chaine/2029/rmc-sport-1-uhd||2029.png" xmltv_id="RMC Sport 1 UHD">RMC Sport 1 UHD</channel>
    <channel site="[ENC][EX]telecablesat.fr_0" site_id="/chaine/2666/rmc-sport-2||2666.png" xmltv_id="RMC Sport 2">RMC Sport 2</channel>
    <channel site="[ENC][EX]telecablesat.fr_0" site_id="/chaine/2095/rmc-sport-access-1||2095.png" xmltv_id="RMC Sport Access 1">RMC Sport Access 1</channel>
    <channel site="[ENC][EX]telecablesat.fr_0" site_id="/chaine/2673/rmc-sport-live-10||2673.png" xmltv_id="RMC Sport Live 10">RMC Sport Live 10</channel>
    <channel site="[ENC][EX]telecablesat.fr_0" site_id="/chaine/2674/rmc-sport-live-11||2674.png" xmltv_id="RMC Sport Live 11">RMC Sport Live 11</channel>
    <channel site="[ENC][EX]telecablesat.fr_0" site_id="/chaine/2675/rmc-sport-live-12||2675.png" xmltv_id="RMC Sport Live 12">RMC Sport Live 12</channel>
    <channel site="[ENC][EX]telecablesat.fr_0" site_id="/chaine/2676/rmc-sport-live-13||2676.png" xmltv_id="RMC Sport Live 13">RMC Sport Live 13</channel>
    <channel site="[ENC][EX]telecablesat.fr_0" site_id="/chaine/2677/rmc-sport-live-14||2677.png" xmltv_id="RMC Sport Live 14">RMC Sport Live 14</channel>
    <channel site="[ENC][EX]telecablesat.fr_0" site_id="/chaine/2668/rmc-sport-live-5||2668.png" xmltv_id="RMC Sport Live 5">RMC Sport Live 5</channel>
    <channel site="[ENC][EX]telecablesat.fr_0" site_id="/chaine/2669/rmc-sport-live-6||2669.png" xmltv_id="RMC Sport Live 6">RMC Sport Live 6</channel>
    <channel site="[ENC][EX]telecablesat.fr_0" site_id="/chaine/2670/rmc-sport-live-7||2670.png" xmltv_id="RMC Sport Live 7">RMC Sport Live 7</channel>
    <channel site="[ENC][EX]telecablesat.fr_0" site_id="/chaine/2671/rmc-sport-live-8||2671.png" xmltv_id="RMC Sport Live 8">RMC Sport Live 8</channel>
    <channel site="[ENC][EX]telecablesat.fr_0" site_id="/chaine/2672/rmc-sport-live-9||2672.png" xmltv_id="RMC Sport Live 9">RMC Sport Live 9</channel>
    <channel site="[ENC][EX]telecablesat.fr_0" site_id="/chaine/1402/rmc-story||1402.png" xmltv_id="RMC Story">RMC Story</channel>
    <channel site="[ENC][EX]telecablesat.fr_0" site_id="/chaine/822/rouge-tv||822.png" xmltv_id="Rouge TV">Rouge TV</channel>
    <channel site="[ENC][EX]telecablesat.fr_0" site_id="/chaine/200/rsi-la-1||200.png" xmltv_id="RSI LA 1">RSI LA 1</channel>
    <channel site="[ENC][EX]telecablesat.fr_0" site_id="/chaine/201/rsi-la-2||201.png" xmltv_id="RSI LA 2">RSI LA 2</channel>
    <channel site="[ENC][EX]telecablesat.fr_0" site_id="/chaine/390/rtc-tele-liege||390.png" xmltv_id="RTC Télé Liège">RTC Télé Liège</channel>
    <channel site="[ENC][EX]telecablesat.fr_0" site_id="/chaine/115/rtl-9||115.png" xmltv_id="RTL 9">RTL 9</channel>
    <channel site="[ENC][EX]telecablesat.fr_0" site_id="/chaine/50/rtl-club||50.png" xmltv_id="RTL Club">RTL Club</channel>
    <channel site="[ENC][EX]telecablesat.fr_0" site_id="/chaine/377/rtl-plug||377.png" xmltv_id="RTL Plug">RTL Plug</channel>
    <channel site="[ENC][EX]telecablesat.fr_0" site_id="/chaine/168/rtl-tvi||168.png" xmltv_id="RTL TVI">RTL TVI</channel>
    <channel site="[ENC][EX]telecablesat.fr_0" site_id="/chaine/169/rtpi||169.png" xmltv_id="RTPI">RTPI</channel>
    <channel site="[ENC][EX]telecablesat.fr_0" site_id="/chaine/202/rts-1||202.png" xmltv_id="RTS 1">RTS 1</channel>
    <channel site="[ENC][EX]telecablesat.fr_0" site_id="/chaine/183/rts-2||183.png" xmltv_id="RTS 2">RTS 2</channel>
    <channel site="[ENC][EX]telecablesat.fr_0" site_id="/chaine/1094/saint-pierre-et-miquelon-la-1ere||1094.png" xmltv_id="Saint-Pierre et Miquelon la 1ère">Saint-Pierre et Miquelon la 1ère</channel>
    <channel site="[ENC][EX]telecablesat.fr_0" site_id="/chaine/63/science-vie-tv||63.png" xmltv_id="Science &amp; Vie TV">Science &amp; Vie TV</channel>
    <channel site="[ENC][EX]telecablesat.fr_0" site_id="/chaine/173/seasons||173.png" xmltv_id="Seasons">Seasons</channel>
    <channel site="[ENC][EX]telecablesat.fr_0" site_id="/chaine/49/serieclub||49.png" xmltv_id="serieclub">serieclub</channel>
    <channel site="[ENC][EX]telecablesat.fr_0" site_id="/chaine/835/stingray-brava||835.png" xmltv_id="Stingray Brava">Stingray Brava</channel>
    <channel site="[ENC][EX]telecablesat.fr_0" site_id="/chaine/1357/stingray-djazz||1357.png" xmltv_id="Stingray Djazz">Stingray Djazz</channel>
    <channel site="[ENC][EX]telecablesat.fr_0" site_id="/chaine/2090/stingray-festival-4k||2090.png" xmltv_id="Stingray Festival 4K">Stingray Festival 4K</channel>
    <channel site="[ENC][EX]telecablesat.fr_0" site_id="/chaine/479/syfy||479.png" xmltv_id="Syfy">Syfy</channel>
    <channel site="[ENC][EX]telecablesat.fr_0" site_id="/chaine/185/tcm-cinema||185.png" xmltv_id="TCM Cinéma">TCM Cinéma</channel>
    <channel site="[ENC][EX]telecablesat.fr_0" site_id="/chaine/387/tele-mb||387.png" xmltv_id="Télé MB">Télé MB</channel>
    <channel site="[ENC][EX]telecablesat.fr_0" site_id="/chaine/383/tele-sambre||383.png" xmltv_id="Télé Sambre">Télé Sambre</channel>
    <channel site="[ENC][EX]telecablesat.fr_0" site_id="/chaine/491/telenantes||491.png" xmltv_id="Télénantes">Télénantes</channel>
    <channel site="[ENC][EX]telecablesat.fr_0" site_id="/chaine/197/teletoon||197.png" xmltv_id="TéléToon+">TéléToon+</channel>
    <channel site="[ENC][EX]telecablesat.fr_0" site_id="/chaine/191/teva||191.png" xmltv_id="Téva">Téva</channel>
    <channel site="[ENC][EX]telecablesat.fr_0" site_id="/chaine/192/tf1||192.png" xmltv_id="TF1">TF1</channel>
    <channel site="[ENC][EX]telecablesat.fr_0" site_id="/chaine/1404/tf1-series-films||1404.png" xmltv_id="TF1 Séries Films">TF1 Séries Films</channel>
    <channel site="[ENC][EX]telecablesat.fr_0" site_id="/chaine/446/tfx||446.png" xmltv_id="TFX">TFX</channel>
    <channel site="[ENC][EX]telecablesat.fr_0" site_id="/chaine/229/tiji||229.png" xmltv_id="TIJI">TIJI</channel>
    <channel site="[ENC][EX]telecablesat.fr_0" site_id="/chaine/187/tipik||187.png" xmltv_id="Tipik">Tipik</channel>
    <channel site="[ENC][EX]telecablesat.fr_0" site_id="/chaine/195/tmc||195.png" xmltv_id="TMC">TMC</channel>
    <channel site="[ENC][EX]telecablesat.fr_0" site_id="/chaine/7/toute-l-histoire||7.png" xmltv_id="Toute l'histoire">Toute l'histoire</channel>
    <channel site="[ENC][EX]telecablesat.fr_0" site_id="/chaine/1168/trace-sport-stars||1168.png" xmltv_id="TRACE Sport Stars">TRACE Sport Stars</channel>
    <channel site="[ENC][EX]telecablesat.fr_0" site_id="/chaine/1776/trek||1776.png" xmltv_id="Trek">Trek</channel>
    <channel site="[ENC][EX]telecablesat.fr_0" site_id="/chaine/385/tv-com||385.png" xmltv_id="TV COM">TV COM</channel>
    <channel site="[ENC][EX]telecablesat.fr_0" site_id="/chaine/392/tv-lux||392.png" xmltv_id="TV Lux">TV Lux</channel>
    <channel site="[ENC][EX]telecablesat.fr_0" site_id="/chaine/540/tv-tours||540.png" xmltv_id="TV Tours">TV Tours</channel>
    <channel site="[ENC][EX]telecablesat.fr_0" site_id="/chaine/205/tv5monde||205.png" xmltv_id="TV5MONDE">TV5MONDE</channel>
    <channel site="[ENC][EX]telecablesat.fr_0" site_id="/chaine/232/tv5monde-europe||232.png" xmltv_id="TV5MONDE Europe">TV5MONDE Europe</channel>
    <channel site="[ENC][EX]telecablesat.fr_0" site_id="/chaine/273/tv7-bordeaux||273.png" xmltv_id="TV7 Bordeaux">TV7 Bordeaux</channel>
    <channel site="[ENC][EX]telecablesat.fr_0" site_id="/chaine/225/tvbreizh||225.png" xmltv_id="TvBreizh">TvBreizh</channel>
    <channel site="[ENC][EX]telecablesat.fr_0" site_id="/chaine/208/tve||208.png" xmltv_id="TVE">TVE</channel>
    <channel site="[ENC][EX]telecablesat.fr_0" site_id="/chaine/206/tve-1||206.png" xmltv_id="TVE 1">TVE 1</channel>
    <channel site="[ENC][EX]telecablesat.fr_0" site_id="/chaine/207/tve-2||207.png" xmltv_id="TVE 2">TVE 2</channel>
    <channel site="[ENC][EX]telecablesat.fr_0" site_id="/chaine/492/tvsud-marseille||492.png" xmltv_id="TVSUD Marseille">TVSUD Marseille</channel>
    <channel site="[ENC][EX]telecablesat.fr_0" site_id="/chaine/451/ushuaia-tv||451.png" xmltv_id="Ushuaïa TV">Ushuaïa TV</channel>
    <channel site="[ENC][EX]telecablesat.fr_0" site_id="/chaine/391/vedia||391.png" xmltv_id="VEDIA">VEDIA</channel>
    <channel site="[ENC][EX]telecablesat.fr_0" site_id="/chaine/704/via-occitanie-montpellier||704.png" xmltv_id="Vià Occitanie Montpellier">Vià Occitanie Montpellier</channel>
    <channel site="[ENC][EX]telecablesat.fr_0" site_id="/chaine/538/via-occitanie-pays-gardois||538.png" xmltv_id="Vià Occitanie Pays Gardois">Vià Occitanie Pays Gardois</channel>
    <channel site="[ENC][EX]telecablesat.fr_0" site_id="/chaine/1045/viamoselletv||1045.png" xmltv_id="ViàMoselleTV">ViàMoselleTV</channel>
    <channel site="[ENC][EX]telecablesat.fr_0" site_id="/chaine/1144/voo-foot||1144.png" xmltv_id="Voo Foot">Voo Foot</channel>
    <channel site="[ENC][EX]telecablesat.fr_0" site_id="/chaine/413/voosport-world-1||413.png" xmltv_id="VOOsport World 1">VOOsport World 1</channel>
    <channel site="[ENC][EX]telecablesat.fr_0" site_id="/chaine/414/voosport-world-2||414.png" xmltv_id="VOOsport World 2">VOOsport World 2</channel>
    <channel site="[ENC][EX]telecablesat.fr_0" site_id="/chaine/472/voosport-world-3||472.png" xmltv_id="VOOsport World 3">VOOsport World 3</channel>
    <channel site="[ENC][EX]telecablesat.fr_0" site_id="/chaine/215/vtm||215.png" xmltv_id="VTM">VTM</channel>
    <channel site="[ENC][EX]telecablesat.fr_0" site_id="/chaine/119/w9||119.png" xmltv_id="W9">W9</channel>
    <channel site="[ENC][EX]telecablesat.fr_0" site_id="/chaine/519/wallis-et-futuna-la-1ere||519.png" xmltv_id="Wallis et Futuna la 1ère">Wallis et Futuna la 1ère</channel>
    <channel site="[ENC][EX]telecablesat.fr_0" site_id="/chaine/2334/warner-tv||2334.png" xmltv_id="Warner TV">Warner TV</channel>
    <channel site="[ENC][EX]telecablesat.fr_0" site_id="/chaine/2040/warner-tv-next||2040.png" xmltv_id="Warner TV Next">Warner TV Next</channel>
    <channel site="[ENC][EX]telecablesat.fr_0" site_id="/chaine/218/xxl||218.png" xmltv_id="XXL">XXL</channel>
    <channel site="[ENC][EX]telecablesat.fr_0" site_id="/chaine/219/zdf||219.png" xmltv_id="ZDF">ZDF</channel>
  </channels>
</site>