<?xml version="1.0" encoding="UTF-8"?>
<site generator-info-name="Tempest EPG Generator (made by Kvanc)" generator-info-url="https://github.com/K-vanc/Tempest-EPG-Generator.git" site="[ENC]rakuten.tv[fr]_0">
  <channels>
    <channel site="[ENC]rakuten.tv[fr]_0" site_id="the-guardian" xmltv_id="The Guardian">The Guardian</channel>
    <channel site="[ENC]rakuten.tv[fr]_0" site_id="cgtn" xmltv_id="CGTN">CGTN</channel>
    <channel site="[ENC]rakuten.tv[fr]_0" site_id="africanews-fr" xmltv_id="Africanews Français">Africanews Français</channel>
    <channel site="[ENC]rakuten.tv[fr]_0" site_id="bloomberg-tv-new" xmltv_id="Bloomberg Television">Bloomberg Television</channel>
    <channel site="[ENC]rakuten.tv[fr]_0" site_id="bloomberg-originals" xmltv_id="Bloomberg Originals">Bloomberg Originals</channel>
    <channel site="[ENC]rakuten.tv[fr]_0" site_id="ticker-news" xmltv_id="ticker NEWS">ticker NEWS</channel>
    <channel site="[ENC]rakuten.tv[fr]_0" site_id="revry-news" xmltv_id="Revry News">Revry News</channel>
    <channel site="[ENC]rakuten.tv[fr]_0" site_id="cgtn-fr" xmltv_id="CGTN">CGTN</channel>
    <channel site="[ENC]rakuten.tv[fr]_0" site_id="reuters" xmltv_id="Reuters">Reuters</channel>
    <channel site="[ENC]rakuten.tv[fr]_0" site_id="euronews-live-fr" xmltv_id="Euronews DIRECT">Euronews DIRECT</channel>
    <channel site="[ENC]rakuten.tv[fr]_0" site_id="cgtn-documentary" xmltv_id="CGTN Documentary">CGTN Documentary</channel>
    <channel site="[ENC]rakuten.tv[fr]_0" site_id="nature-time-fr" xmltv_id="Nature Time">Nature Time</channel>
    <channel site="[ENC]rakuten.tv[fr]_0" site_id="documentaries-fr-rakuten-tv-2da0b59d-675e-4ed7-9b61-3fb3af147bb3" xmltv_id="Documentaires - Rakuten TV">Documentaires - Rakuten TV</channel>
    <channel site="[ENC]rakuten.tv[fr]_0" site_id="weather-spy-new" xmltv_id="Weather Spy">Weather Spy</channel>
    <channel site="[ENC]rakuten.tv[fr]_0" site_id="stingray-naturescape" xmltv_id="Stingray Naturescape">Stingray Naturescape</channel>
    <channel site="[ENC]rakuten.tv[fr]_0" site_id="wb-caillou-fr" xmltv_id="Caillou">Caillou</channel>
    <channel site="[ENC]rakuten.tv[fr]_0" site_id="wb-teletubbies-en" xmltv_id="Teletubbies">Teletubbies</channel>
    <channel site="[ENC]rakuten.tv[fr]_0" site_id="brat-tv" xmltv_id="Brat TV">Brat TV</channel>
    <channel site="[ENC]rakuten.tv[fr]_0" site_id="baby-shark-tv" xmltv_id="Baby Shark TV">Baby Shark TV</channel>
    <channel site="[ENC]rakuten.tv[fr]_0" site_id="now-90s" xmltv_id="NOW Rock">NOW Rock</channel>
    <channel site="[ENC]rakuten.tv[fr]_0" site_id="now-80s" xmltv_id="NOW 80s">NOW 80s</channel>
    <channel site="[ENC]rakuten.tv[fr]_0" site_id="now-70s" xmltv_id="NOW 70s">NOW 70s</channel>
    <channel site="[ENC]rakuten.tv[fr]_0" site_id="deluxe-lounge-hd" xmltv_id="Deluxe Lounge HD">Deluxe Lounge HD</channel>
    <channel site="[ENC]rakuten.tv[fr]_0" site_id="qello-concerts-by-stingray" xmltv_id="Qello Concerts by Stingray">Qello Concerts by Stingray</channel>
    <channel site="[ENC]rakuten.tv[fr]_0" site_id="stingray-remember-the-80-s" xmltv_id="Stingray: Remember the 80’s">Stingray: Remember the 80’s</channel>
    <channel site="[ENC]rakuten.tv[fr]_0" site_id="stingray-hit-list" xmltv_id="Stingray: Hitlist">Stingray: Hitlist</channel>
    <channel site="[ENC]rakuten.tv[fr]_0" site_id="stingray-greatest-hits" xmltv_id="Stingray Greatest Hits">Stingray Greatest Hits</channel>
    <channel site="[ENC]rakuten.tv[fr]_0" site_id="qwest-tv" xmltv_id="Qwest TV">Qwest TV</channel>
    <channel site="[ENC]rakuten.tv[fr]_0" site_id="clubbing-tv" xmltv_id="CLUBBING TV">CLUBBING TV</channel>
    <channel site="[ENC]rakuten.tv[fr]_0" site_id="gusto-tv-new" xmltv_id="Gusto TV">Gusto TV</channel>
    <channel site="[ENC]rakuten.tv[fr]_0" site_id="echappees-belles" xmltv_id="Echappées Belles &amp; Co.">Echappées Belles &amp; Co.</channel>
    <channel site="[ENC]rakuten.tv[fr]_0" site_id="powernation" xmltv_id="Powernation">Powernation</channel>
    <channel site="[ENC]rakuten.tv[fr]_0" site_id="myzen-fit-fr" xmltv_id="Wellbeing TV">Wellbeing TV</channel>
    <channel site="[ENC]rakuten.tv[fr]_0" site_id="museum-fast-fr" xmltv_id="BelAir TV">BelAir TV</channel>
    <channel site="[ENC]rakuten.tv[fr]_0" site_id="vogue" xmltv_id="Vogue">Vogue</channel>
    <channel site="[ENC]rakuten.tv[fr]_0" site_id="vanity-fair" xmltv_id="Vanity Fair">Vanity Fair</channel>
    <channel site="[ENC]rakuten.tv[fr]_0" site_id="travelxp-fr" xmltv_id="Travelxp">Travelxp</channel>
    <channel site="[ENC]rakuten.tv[fr]_0" site_id="the-design-network" xmltv_id="The Design Network">The Design Network</channel>
    <channel site="[ENC]rakuten.tv[fr]_0" site_id="fashion-tv" xmltv_id="Fashion TV">Fashion TV</channel>
    <channel site="[ENC]rakuten.tv[fr]_0" site_id="gq" xmltv_id="GQ">GQ</channel>
    <channel site="[ENC]rakuten.tv[fr]_0" site_id="mavtv-motorsports-network-new" xmltv_id="MAVTV Motorsports Network">MAVTV Motorsports Network</channel>
    <channel site="[ENC]rakuten.tv[fr]_0" site_id="adventure-sports-tv-fr" xmltv_id="Adventure Sports TV">Adventure Sports TV</channel>
    <channel site="[ENC]rakuten.tv[fr]_0" site_id="motorracing-french-feed" xmltv_id="Motor Racing">Motor Racing</channel>
    <channel site="[ENC]rakuten.tv[fr]_0" site_id="motorvision-tv-french" xmltv_id="MOTORVISION.TV">MOTORVISION.TV</channel>
    <channel site="[ENC]rakuten.tv[fr]_0" site_id="usga" xmltv_id="USGA">USGA</channel>
    <channel site="[ENC]rakuten.tv[fr]_0" site_id="edgesport" xmltv_id="EDGEsport">EDGEsport</channel>
    <channel site="[ENC]rakuten.tv[fr]_0" site_id="world-poker-tour" xmltv_id="World Poker Tour">World Poker Tour</channel>
    <channel site="[ENC]rakuten.tv[fr]_0" site_id="glory-kickboxing" xmltv_id="GLORY Kickboxing">GLORY Kickboxing</channel>
    <channel site="[ENC]rakuten.tv[fr]_0" site_id="hard-knocks-fighting-championship" xmltv_id="Hard Knocks Fighting Championship">Hard Knocks Fighting Championship</channel>
    <channel site="[ENC]rakuten.tv[fr]_0" site_id="estv" xmltv_id="ESTV">ESTV</channel>
    <channel site="[ENC]rakuten.tv[fr]_0" site_id="billiards-tv" xmltv_id="World Billiards TV">World Billiards TV</channel>
    <channel site="[ENC]rakuten.tv[fr]_0" site_id="fuel-tv-new" xmltv_id="Fuel TV">Fuel TV</channel>
    <channel site="[ENC]rakuten.tv[fr]_0" site_id="fifa-plus-fr" xmltv_id="FIFA+">FIFA+</channel>
    <channel site="[ENC]rakuten.tv[fr]_0" site_id="homicide-fast-media" xmltv_id="Homicide, La chaine du fait divers">Homicide, La chaine du fait divers</channel>
    <channel site="[ENC]rakuten.tv[fr]_0" site_id="la-verite-fast-media" xmltv_id="Y A Que La Vérité Qui Compte La Chaîne">Y A Que La Vérité Qui Compte La Chaîne</channel>
    <channel site="[ENC]rakuten.tv[fr]_0" site_id="motus-fast-media" xmltv_id="Motus La Chaîne">Motus La Chaîne</channel>
    <channel site="[ENC]rakuten.tv[fr]_0" site_id="jukin-fail-army-new" xmltv_id="Fail Army">Fail Army</channel>
    <channel site="[ENC]rakuten.tv[fr]_0" site_id="revry" xmltv_id="Revry">Revry</channel>
    <channel site="[ENC]rakuten.tv[fr]_0" site_id="just-for-laughs-gags-fr" xmltv_id="Gags - Juste pour rire">Gags - Juste pour rire</channel>
    <channel site="[ENC]rakuten.tv[fr]_0" site_id="afv-family" xmltv_id="AFV Family">AFV Family</channel>
    <channel site="[ENC]rakuten.tv[fr]_0" site_id="people-are-awesome-new" xmltv_id="People Are Awesome">People Are Awesome</channel>
    <channel site="[ENC]rakuten.tv[fr]_0" site_id="the-pet-collective-new" xmltv_id="The Pet Collective">The Pet Collective</channel>
    <channel site="[ENC]rakuten.tv[fr]_0" site_id="filmrise-free-binge-watch-fr" xmltv_id="FilmRise Binge Watch">FilmRise Binge Watch</channel>
    <channel site="[ENC]rakuten.tv[fr]_0" site_id="yu-gi-oh-fr" xmltv_id="Yu-Gi-Oh!">Yu-Gi-Oh!</channel>
    <channel site="[ENC]rakuten.tv[fr]_0" site_id="alerte-a-malibu-tv" xmltv_id="Alerte à Malibu TV">Alerte à Malibu TV</channel>
    <channel site="[ENC]rakuten.tv[fr]_0" site_id="generation-sitcoms" xmltv_id="Génération Sitcoms">Génération Sitcoms</channel>
    <channel site="[ENC]rakuten.tv[fr]_0" site_id="les-filles-d-a-cote" xmltv_id="Les Filles d'a Coté">Les Filles d'a Coté</channel>
    <channel site="[ENC]rakuten.tv[fr]_0" site_id="enquetes-de-choc-fast-media" xmltv_id="Enquêtes de Choc">Enquêtes de Choc</channel>
    <channel site="[ENC]rakuten.tv[fr]_0" site_id="adn" xmltv_id="ADN">ADN</channel>
    <channel site="[ENC]rakuten.tv[fr]_0" site_id="televisa-telenovelas" xmltv_id="TELEVISA Telenovela Channel">TELEVISA Telenovela Channel</channel>
    <channel site="[ENC]rakuten.tv[fr]_0" site_id="bbc-drama-fr" xmltv_id="BBC Drama">BBC Drama</channel>
    <channel site="[ENC]rakuten.tv[fr]_0" site_id="bbc-doctor-who-fr" xmltv_id="Doctor Who">Doctor Who</channel>
    <channel site="[ENC]rakuten.tv[fr]_0" site_id="rakuten-viki-new" xmltv_id="Rakuten VIKI">Rakuten VIKI</channel>
    <channel site="[ENC]rakuten.tv[fr]_0" site_id="frequence-novelas" xmltv_id="Fréquence Novelas">Fréquence Novelas</channel>
    <channel site="[ENC]rakuten.tv[fr]_0" site_id="filmrise-free-series-fr" xmltv_id="FilmRise Séries">FilmRise Séries</channel>
    <channel site="[ENC]rakuten.tv[fr]_0" site_id="alerte-cobra-fr-rakuten-tv" xmltv_id="Alerte Cobra - Rakuten TV">Alerte Cobra - Rakuten TV</channel>
    <channel site="[ENC]rakuten.tv[fr]_0" site_id="crime-series-fr-rakuten-tv" xmltv_id="Crime - Rakuten TV">Crime - Rakuten TV</channel>
    <channel site="[ENC]rakuten.tv[fr]_0" site_id="brefcinema" xmltv_id="Brefcinema">Brefcinema</channel>
    <channel site="[ENC]rakuten.tv[fr]_0" site_id="screamin" xmltv_id="ScreamIN">ScreamIN</channel>
    <channel site="[ENC]rakuten.tv[fr]_0" site_id="emotion-l" xmltv_id="Emotion'L">Emotion'L</channel>
    <channel site="[ENC]rakuten.tv[fr]_0" site_id="cine-nanar" xmltv_id="Ciné Nanar">Ciné Nanar</channel>
    <channel site="[ENC]rakuten.tv[fr]_0" site_id="universcine" xmltv_id="Universciné">Universciné</channel>
    <channel site="[ENC]rakuten.tv[fr]_0" site_id="mytime-movie-network-french" xmltv_id="MyTime Movie Network">MyTime Movie Network</channel>
    <channel site="[ENC]rakuten.tv[fr]_0" site_id="trailers" xmltv_id="Trailers">Trailers</channel>
    <channel site="[ENC]rakuten.tv[fr]_0" site_id="romance-fr-rakuten-tv" xmltv_id="Films Romantiques - Rakuten TV">Films Romantiques - Rakuten TV</channel>
    <channel site="[ENC]rakuten.tv[fr]_0" site_id="thriller-fr-rakuten-tv" xmltv_id="Thrillers - Rakuten TV">Thrillers - Rakuten TV</channel>
    <channel site="[ENC]rakuten.tv[fr]_0" site_id="family-fr-rakuten-tv" xmltv_id="100% Noël - Rakuten TV">100% Noël - Rakuten TV</channel>
    <channel site="[ENC]rakuten.tv[fr]_0" site_id="films-francais-rakuten-tv" xmltv_id="Films Français - Rakuten TV">Films Français - Rakuten TV</channel>
    <channel site="[ENC]rakuten.tv[fr]_0" site_id="drama-fr-rakuten-tv" xmltv_id="Drames - Rakuten TV">Drames - Rakuten TV</channel>
    <channel site="[ENC]rakuten.tv[fr]_0" site_id="comedy-fr-rakuten-tv" xmltv_id="Comédies - Rakuten TV">Comédies - Rakuten TV</channel>
    <channel site="[ENC]rakuten.tv[fr]_0" site_id="action-fr-rakuten-tv" xmltv_id="Films d'Action - Rakuten TV">Films d'Action - Rakuten TV</channel>
    <channel site="[ENC]rakuten.tv[fr]_0" site_id="top-free-fr-rakuten-tv" xmltv_id="Top Films - Rakuten TV">Top Films - Rakuten TV</channel>
  </channels>
</site>