<?xml version="1.0" encoding="UTF-8"?>
<site generator-info-name="Tempest EPG Generator (made by Kvanc)" generator-info-url="https://github.com/K-vanc/Tempest-EPG-Generator.git" site="[ENC]programme-tv.net_0">
  <channels>
    <channel site="[ENC]programme-tv.net_0" site_id="6ter-202" xmltv_id="6ter">6ter</channel>
    <channel site="[ENC]programme-tv.net_0" site_id="8-mont-blanc-385" xmltv_id="8 Mont-Blanc">8 Mont-Blanc</channel>
    <channel site="[ENC]programme-tv.net_0" site_id="alsace-20-366" xmltv_id="Alsace 20">Alsace 20</channel>
    <channel site="[ENC]programme-tv.net_0" site_id="arte-337" xmltv_id="Arte">Arte</channel>
    <channel site="[ENC]programme-tv.net_0" site_id="bet-299" xmltv_id="BET">BET</channel>
    <channel site="[ENC]programme-tv.net_0" site_id="bfm-grand-lille-367" xmltv_id="BFM Grand Lille">BFM Grand Lille</channel>
    <channel site="[ENC]programme-tv.net_0" site_id="bfm-lyon-metropole-364" xmltv_id="BFM Lyon Métropole">BFM Lyon Métropole</channel>
    <channel site="[ENC]programme-tv.net_0" site_id="c8-4" xmltv_id="C8">C8</channel>
    <channel site="[ENC]programme-tv.net_0" site_id="cstar-28" xmltv_id="CSTAR">CSTAR</channel>
    <channel site="[ENC]programme-tv.net_0" site_id="canal-32-390" xmltv_id="Canal 32">Canal 32</channel>
    <channel site="[ENC]programme-tv.net_0" site_id="canal-partage-tnt-ile-de-france-163" xmltv_id="Canal partagé TNT Ile-de-France">Canal partagé TNT Ile-de-France</channel>
    <channel site="[ENC]programme-tv.net_0" site_id="canalplus-2" xmltv_id="Canal+">Canal+</channel>
    <channel site="[ENC]programme-tv.net_0" site_id="cherie-25-206" xmltv_id="Chérie 25">Chérie 25</channel>
    <channel site="[ENC]programme-tv.net_0" site_id="demain-tv-53" xmltv_id="Demain TV">Demain TV</channel>
    <channel site="[ENC]programme-tv.net_0" site_id="france-2-6" xmltv_id="France 2">France 2</channel>
    <channel site="[ENC]programme-tv.net_0" site_id="france-3-7" xmltv_id="France 3">France 3</channel>
    <channel site="[ENC]programme-tv.net_0" site_id="france-4-8" xmltv_id="France 4">France 4</channel>
    <channel site="[ENC]programme-tv.net_0" site_id="france-5-9" xmltv_id="France 5">France 5</channel>
    <channel site="[ENC]programme-tv.net_0" site_id="idf1-161" xmltv_id="IDF1">IDF1</channel>
    <channel site="[ENC]programme-tv.net_0" site_id="kto-68" xmltv_id="KTO">KTO</channel>
    <channel site="[ENC]programme-tv.net_0" site_id="lm-tv-sarthe-376" xmltv_id="LM TV Sarthe">LM TV Sarthe</channel>
    <channel site="[ENC]programme-tv.net_0" site_id="m6-12" xmltv_id="M6">M6</channel>
    <channel site="[ENC]programme-tv.net_0" site_id="nrj-12-13" xmltv_id="NRJ 12">NRJ 12</channel>
    <channel site="[ENC]programme-tv.net_0" site_id="novelas-tv-400" xmltv_id="Novelas TV">Novelas TV</channel>
    <channel site="[ENC]programme-tv.net_0" site_id="paris-premiere-15" xmltv_id="Paris Première">Paris Première</channel>
    <channel site="[ENC]programme-tv.net_0" site_id="plug-rtl-145" xmltv_id="Plug RTL">Plug RTL</channel>
    <channel site="[ENC]programme-tv.net_0" site_id="rmc-story-203" xmltv_id="RMC Story">RMC Story</channel>
    <channel site="[ENC]programme-tv.net_0" site_id="rtl-9-17" xmltv_id="RTL 9">RTL 9</channel>
    <channel site="[ENC]programme-tv.net_0" site_id="tf1-19" xmltv_id="TF1">TF1</channel>
    <channel site="[ENC]programme-tv.net_0" site_id="tfx-14" xmltv_id="TFX">TFX</channel>
    <channel site="[ENC]programme-tv.net_0" site_id="tmc-21" xmltv_id="TMC">TMC</channel>
    <channel site="[ENC]programme-tv.net_0" site_id="tv-tours-393" xmltv_id="TV Tours">TV Tours</channel>
    <channel site="[ENC]programme-tv.net_0" site_id="tv5monde-128" xmltv_id="TV5MONDE">TV5MONDE</channel>
    <channel site="[ENC]programme-tv.net_0" site_id="tv7-bordeaux-382" xmltv_id="TV7 Bordeaux">TV7 Bordeaux</channel>
    <channel site="[ENC]programme-tv.net_0" site_id="tvr-rennes-35-bretagne-362" xmltv_id="TVR Rennes 35 Bretagne">TVR Rennes 35 Bretagne</channel>
    <channel site="[ENC]programme-tv.net_0" site_id="tvsud-montpellier-344" xmltv_id="TVSUD Montpellier">TVSUD Montpellier</channel>
    <channel site="[ENC]programme-tv.net_0" site_id="tvsud-nimes-341" xmltv_id="TVSUD Nîmes">TVSUD Nîmes</channel>
    <channel site="[ENC]programme-tv.net_0" site_id="tele-grenoble-isere-396" xmltv_id="Télé Grenoble Isère">Télé Grenoble Isère</channel>
    <channel site="[ENC]programme-tv.net_0" site_id="telenantes-373" xmltv_id="Télénantes">Télénantes</channel>
    <channel site="[ENC]programme-tv.net_0" site_id="teva-23" xmltv_id="Téva">Téva</channel>
    <channel site="[ENC]programme-tv.net_0" site_id="vosges-television-343" xmltv_id="Vosges Télévision">Vosges Télévision</channel>
    <channel site="[ENC]programme-tv.net_0" site_id="w9-24" xmltv_id="W9">W9</channel>
    <channel site="[ENC]programme-tv.net_0" site_id="weo-394" xmltv_id="Wéo">Wéo</channel>
    <channel site="[ENC]programme-tv.net_0" site_id="13eme-rue-26" xmltv_id="13eme RUE">13eme RUE</channel>
    <channel site="[ENC]programme-tv.net_0" site_id="ab-1-31" xmltv_id="AB 1">AB 1</channel>
    <channel site="[ENC]programme-tv.net_0" site_id="altice-studio-398" xmltv_id="Altice Studio">Altice Studio</channel>
    <channel site="[ENC]programme-tv.net_0" site_id="canalplus-series-227" xmltv_id="Canal+ Séries">Canal+ Séries</channel>
    <channel site="[ENC]programme-tv.net_0" site_id="comedy-central-472" xmltv_id="Comedy Central">Comedy Central</channel>
    <channel site="[ENC]programme-tv.net_0" site_id="comedieplus-27" xmltv_id="Comédie+">Comédie+</channel>
    <channel site="[ENC]programme-tv.net_0" site_id="e-141" xmltv_id="E !">E !</channel>
    <channel site="[ENC]programme-tv.net_0" site_id="polarplus-401" xmltv_id="Polar+">Polar+</channel>
    <channel site="[ENC]programme-tv.net_0" site_id="syfy-110" xmltv_id="Syfy">Syfy</channel>
    <channel site="[ENC]programme-tv.net_0" site_id="tf1-series-films-201" xmltv_id="TF1 Séries Films">TF1 Séries Films</channel>
    <channel site="[ENC]programme-tv.net_0" site_id="tvbreizh-129" xmltv_id="TvBreizh">TvBreizh</channel>
    <channel site="[ENC]programme-tv.net_0" site_id="warner-tv-403" xmltv_id="Warner TV">Warner TV</channel>
    <channel site="[ENC]programme-tv.net_0" site_id="serieclub-18" xmltv_id="serieclub">serieclub</channel>
    <channel site="[ENC]programme-tv.net_0" site_id="action-32" xmltv_id="Action">Action</channel>
    <channel site="[ENC]programme-tv.net_0" site_id="canalplus-cinema-35" xmltv_id="Canal+ Cinéma">Canal+ Cinéma</channel>
    <channel site="[ENC]programme-tv.net_0" site_id="canalplus-decale-36" xmltv_id="Canal+ Décalé">Canal+ Décalé</channel>
    <channel site="[ENC]programme-tv.net_0" site_id="cineplus-classic-44" xmltv_id="Ciné+ Classic">Ciné+ Classic</channel>
    <channel site="[ENC]programme-tv.net_0" site_id="cineplus-club-43" xmltv_id="Ciné+ Club">Ciné+ Club</channel>
    <channel site="[ENC]programme-tv.net_0" site_id="cineplus-emotion-45" xmltv_id="Ciné+ Emotion">Ciné+ Emotion</channel>
    <channel site="[ENC]programme-tv.net_0" site_id="cineplus-famiz-46" xmltv_id="Ciné+ Famiz">Ciné+ Famiz</channel>
    <channel site="[ENC]programme-tv.net_0" site_id="cineplus-frisson-47" xmltv_id="Ciné+ Frisson">Ciné+ Frisson</channel>
    <channel site="[ENC]programme-tv.net_0" site_id="cineplus-premier-3" xmltv_id="Ciné+ Premier">Ciné+ Premier</channel>
    <channel site="[ENC]programme-tv.net_0" site_id="nollywood-tv-348" xmltv_id="Nollywood TV">Nollywood TV</channel>
    <channel site="[ENC]programme-tv.net_0" site_id="ocs-choc-169" xmltv_id="OCS Choc">OCS Choc</channel>
    <channel site="[ENC]programme-tv.net_0" site_id="ocs-city-173" xmltv_id="OCS City">OCS City</channel>
    <channel site="[ENC]programme-tv.net_0" site_id="ocs-geants-170" xmltv_id="OCS Géants">OCS Géants</channel>
    <channel site="[ENC]programme-tv.net_0" site_id="ocs-max-172" xmltv_id="OCS Max">OCS Max</channel>
    <channel site="[ENC]programme-tv.net_0" site_id="paramount-channel-226" xmltv_id="Paramount Channel">Paramount Channel</channel>
    <channel site="[ENC]programme-tv.net_0" site_id="tcm-cinema-113" xmltv_id="TCM Cinéma">TCM Cinéma</channel>
    <channel site="[ENC]programme-tv.net_0" site_id="animaux-33" xmltv_id="Animaux">Animaux</channel>
    <channel site="[ENC]programme-tv.net_0" site_id="bblack-359" xmltv_id="BBlack">BBlack</channel>
    <channel site="[ENC]programme-tv.net_0" site_id="chasse-et-peche-42" xmltv_id="Chasse et pêche">Chasse et pêche</channel>
    <channel site="[ENC]programme-tv.net_0" site_id="crime-district-363" xmltv_id="Crime District">Crime District</channel>
    <channel site="[ENC]programme-tv.net_0" site_id="discovery-channel-54" xmltv_id="Discovery Channel">Discovery Channel</channel>
    <channel site="[ENC]programme-tv.net_0" site_id="discovery-science-200" xmltv_id="Discovery Science">Discovery Science</channel>
    <channel site="[ENC]programme-tv.net_0" site_id="eurochannel-236" xmltv_id="Eurochannel">Eurochannel</channel>
    <channel site="[ENC]programme-tv.net_0" site_id="fashion-tv-358" xmltv_id="Fashion TV">Fashion TV</channel>
    <channel site="[ENC]programme-tv.net_0" site_id="histoire-tv-72" xmltv_id="Histoire TV">Histoire TV</channel>
    <channel site="[ENC]programme-tv.net_0" site_id="la-chaine-meteo-77" xmltv_id="La Chaîne Météo">La Chaîne Météo</channel>
    <channel site="[ENC]programme-tv.net_0" site_id="mirabelle-tv-239" xmltv_id="Mirabelle TV">Mirabelle TV</channel>
    <channel site="[ENC]programme-tv.net_0" site_id="myzen-tv-381" xmltv_id="MyZen.tv">MyZen.tv</channel>
    <channel site="[ENC]programme-tv.net_0" site_id="nat-geo-wild-207" xmltv_id="Nat Geo Wild">Nat Geo Wild</channel>
    <channel site="[ENC]programme-tv.net_0" site_id="national-geographic-98" xmltv_id="National Geographic">National Geographic</channel>
    <channel site="[ENC]programme-tv.net_0" site_id="planeteplus-16" xmltv_id="Planète+">Planète+</channel>
    <channel site="[ENC]programme-tv.net_0" site_id="planeteplus-aventure-experience-105" xmltv_id="Planète+ Aventure Expérience">Planète+ Aventure Expérience</channel>
    <channel site="[ENC]programme-tv.net_0" site_id="planeteplus-crime-investigation-151" xmltv_id="Planète+ Crime Investigation">Planète+ Crime Investigation</channel>
    <channel site="[ENC]programme-tv.net_0" site_id="rmc-decouverte-205" xmltv_id="RMC Découverte">RMC Découverte</channel>
    <channel site="[ENC]programme-tv.net_0" site_id="science-vie-tv-58" xmltv_id="Science &amp; Vie TV">Science &amp; Vie TV</channel>
    <channel site="[ENC]programme-tv.net_0" site_id="seasons-111" xmltv_id="Seasons">Seasons</channel>
    <channel site="[ENC]programme-tv.net_0" site_id="toute-lhistoire-117" xmltv_id="Toute l'histoire">Toute l'histoire</channel>
    <channel site="[ENC]programme-tv.net_0" site_id="ushuaia-tv-132" xmltv_id="Ushuaïa TV">Ushuaïa TV</channel>
    <channel site="[ENC]programme-tv.net_0" site_id="aplus-international-france-383" xmltv_id="A+ International France">A+ International France</channel>
    <channel site="[ENC]programme-tv.net_0" site_id="ab-3-138" xmltv_id="AB 3">AB 3</channel>
    <channel site="[ENC]programme-tv.net_0" site_id="abxplore-139" xmltv_id="ABXPLORE">ABXPLORE</channel>
    <channel site="[ENC]programme-tv.net_0" site_id="al-jazeera-english-196" xmltv_id="Al Jazeera English">Al Jazeera English</channel>
    <channel site="[ENC]programme-tv.net_0" site_id="b-one-339" xmltv_id="B.One">B.One</channel>
    <channel site="[ENC]programme-tv.net_0" site_id="bbc-1-230" xmltv_id="BBC 1">BBC 1</channel>
    <channel site="[ENC]programme-tv.net_0" site_id="bbc-2-231" xmltv_id="BBC 2">BBC 2</channel>
    <channel site="[ENC]programme-tv.net_0" site_id="bbc-entertainment-194" xmltv_id="BBC Entertainment">BBC Entertainment</channel>
    <channel site="[ENC]programme-tv.net_0" site_id="bbc4-247" xmltv_id="BBC4">BBC4</channel>
    <channel site="[ENC]programme-tv.net_0" site_id="be-1-248" xmltv_id="BE 1">BE 1</channel>
    <channel site="[ENC]programme-tv.net_0" site_id="be-cine-249" xmltv_id="Be Ciné">Be Ciné</channel>
    <channel site="[ENC]programme-tv.net_0" site_id="be-series-253" xmltv_id="Be Séries">Be Séries</channel>
    <channel site="[ENC]programme-tv.net_0" site_id="cnn-235" xmltv_id="CNN">CNN</channel>
    <channel site="[ENC]programme-tv.net_0" site_id="canal-z-254" xmltv_id="Canal Z">Canal Z</channel>
    <channel site="[ENC]programme-tv.net_0" site_id="club-rtl-140" xmltv_id="Club RTL">Club RTL</channel>
    <channel site="[ENC]programme-tv.net_0" site_id="das-erste-185" xmltv_id="Das Erste">Das Erste</channel>
    <channel site="[ENC]programme-tv.net_0" site_id="disney-channel-wallonia-271" xmltv_id="Disney Channel Wallonia">Disney Channel Wallonia</channel>
    <channel site="[ENC]programme-tv.net_0" site_id="gong-max-350" xmltv_id="Gong Max">Gong Max</channel>
    <channel site="[ENC]programme-tv.net_0" site_id="ketnet-255" xmltv_id="Ketnet">Ketnet</channel>
    <channel site="[ENC]programme-tv.net_0" site_id="la-trois-175" xmltv_id="La Trois">La Trois</channel>
    <channel site="[ENC]programme-tv.net_0" site_id="la-une-144" xmltv_id="La Une">La Une</channel>
    <channel site="[ENC]programme-tv.net_0" site_id="npo1-266" xmltv_id="NPO1">NPO1</channel>
    <channel site="[ENC]programme-tv.net_0" site_id="npo2-267" xmltv_id="NPO2">NPO2</channel>
    <channel site="[ENC]programme-tv.net_0" site_id="nickelodeon-wallonia-272" xmltv_id="Nickelodéon Wallonia">Nickelodéon Wallonia</channel>
    <channel site="[ENC]programme-tv.net_0" site_id="play5-261" xmltv_id="Play5">Play5</channel>
    <channel site="[ENC]programme-tv.net_0" site_id="proximus-11-250" xmltv_id="Proximus 11">Proximus 11</channel>
    <channel site="[ENC]programme-tv.net_0" site_id="rtl-tvi-146" xmltv_id="RTL TVI">RTL TVI</channel>
    <channel site="[ENC]programme-tv.net_0" site_id="rtl-television-198" xmltv_id="RTL Télévision">RTL Télévision</channel>
    <channel site="[ENC]programme-tv.net_0" site_id="rtpi-187" xmltv_id="RTPI">RTPI</channel>
    <channel site="[ENC]programme-tv.net_0" site_id="rts-deux-148" xmltv_id="RTS Deux">RTS Deux</channel>
    <channel site="[ENC]programme-tv.net_0" site_id="rts-un-147" xmltv_id="RTS Un">RTS Un</channel>
    <channel site="[ENC]programme-tv.net_0" site_id="rai-uno-188" xmltv_id="Rai Uno">Rai Uno</channel>
    <channel site="[ENC]programme-tv.net_0" site_id="swr-208" xmltv_id="SWR">SWR</channel>
    <channel site="[ENC]programme-tv.net_0" site_id="tve-186" xmltv_id="TVE">TVE</channel>
    <channel site="[ENC]programme-tv.net_0" site_id="tipik-143" xmltv_id="Tipik">Tipik</channel>
    <channel site="[ENC]programme-tv.net_0" site_id="voosport-world-1-251" xmltv_id="VOOsport World 1">VOOsport World 1</channel>
    <channel site="[ENC]programme-tv.net_0" site_id="voosport-world-2-252" xmltv_id="VOOsport World 2">VOOsport World 2</channel>
    <channel site="[ENC]programme-tv.net_0" site_id="vtm-263" xmltv_id="VTM">VTM</channel>
    <channel site="[ENC]programme-tv.net_0" site_id="vtm2-244" xmltv_id="VTM2">VTM2</channel>
    <channel site="[ENC]programme-tv.net_0" site_id="vtm3-262" xmltv_id="VTM3">VTM3</channel>
    <channel site="[ENC]programme-tv.net_0" site_id="vtm4-245" xmltv_id="VTM4">VTM4</channel>
    <channel site="[ENC]programme-tv.net_0" site_id="vier-260" xmltv_id="Vier">Vier</channel>
    <channel site="[ENC]programme-tv.net_0" site_id="zdf-193" xmltv_id="ZDF">ZDF</channel>
    <channel site="[ENC]programme-tv.net_0" site_id="een-264" xmltv_id="één">één</channel>
    <channel site="[ENC]programme-tv.net_0" site_id="bfm-business-232" xmltv_id="BFM Business">BFM Business</channel>
    <channel site="[ENC]programme-tv.net_0" site_id="bfm-paris-379" xmltv_id="BFM Paris">BFM Paris</channel>
    <channel site="[ENC]programme-tv.net_0" site_id="bfmtv-25" xmltv_id="BFMTV">BFMTV</channel>
    <channel site="[ENC]programme-tv.net_0" site_id="cnews-30" xmltv_id="CNEWS">CNEWS</channel>
    <channel site="[ENC]programme-tv.net_0" site_id="euronews-62" xmltv_id="Euronews">Euronews</channel>
    <channel site="[ENC]programme-tv.net_0" site_id="france-24-142" xmltv_id="France 24">France 24</channel>
    <channel site="[ENC]programme-tv.net_0" site_id="franceinfo-307" xmltv_id="Franceinfo">Franceinfo</channel>
    <channel site="[ENC]programme-tv.net_0" site_id="i24news-243" xmltv_id="I24news">I24news</channel>
    <channel site="[ENC]programme-tv.net_0" site_id="lci-la-chaine-info-78" xmltv_id="LCI - La Chaîne Info">LCI - La Chaîne Info</channel>
    <channel site="[ENC]programme-tv.net_0" site_id="lcp-100-377" xmltv_id="LCP 100%">LCP 100%</channel>
    <channel site="[ENC]programme-tv.net_0" site_id="la-chaine-parlementaire-11" xmltv_id="La Chaîne parlementaire">La Chaîne parlementaire</channel>
    <channel site="[ENC]programme-tv.net_0" site_id="baby-tv-229" xmltv_id="Baby TV">Baby TV</channel>
    <channel site="[ENC]programme-tv.net_0" site_id="boing-233" xmltv_id="Boing">Boing</channel>
    <channel site="[ENC]programme-tv.net_0" site_id="boomerang-34" xmltv_id="Boomerang">Boomerang</channel>
    <channel site="[ENC]programme-tv.net_0" site_id="canal-j-40" xmltv_id="Canal J">Canal J</channel>
    <channel site="[ENC]programme-tv.net_0" site_id="cartoon-network-41" xmltv_id="Cartoon Network">Cartoon Network</channel>
    <channel site="[ENC]programme-tv.net_0" site_id="disney-channel-57" xmltv_id="Disney Channel">Disney Channel</channel>
    <channel site="[ENC]programme-tv.net_0" site_id="disney-junior-166" xmltv_id="Disney Junior">Disney Junior</channel>
    <channel site="[ENC]programme-tv.net_0" site_id="game-one-71" xmltv_id="Game One">Game One</channel>
    <channel site="[ENC]programme-tv.net_0" site_id="gong-355" xmltv_id="Gong">Gong</channel>
    <channel site="[ENC]programme-tv.net_0" site_id="gulli-29" xmltv_id="Gulli">Gulli</channel>
    <channel site="[ENC]programme-tv.net_0" site_id="j-one-387" xmltv_id="J-One">J-One</channel>
    <channel site="[ENC]programme-tv.net_0" site_id="mangas-82" xmltv_id="Mangas">Mangas</channel>
    <channel site="[ENC]programme-tv.net_0" site_id="nickelodeon-junior-199" xmltv_id="Nickelodeon Junior">Nickelodeon Junior</channel>
    <channel site="[ENC]programme-tv.net_0" site_id="nickelodeon-99" xmltv_id="Nickelodéon">Nickelodéon</channel>
    <channel site="[ENC]programme-tv.net_0" site_id="nickelodeon-teen-384" xmltv_id="Nickelodéon Teen">Nickelodéon Teen</channel>
    <channel site="[ENC]programme-tv.net_0" site_id="piwiplus-104" xmltv_id="Piwi+">Piwi+</channel>
    <channel site="[ENC]programme-tv.net_0" site_id="tiji-115" xmltv_id="TIJI">TIJI</channel>
    <channel site="[ENC]programme-tv.net_0" site_id="toonami-338" xmltv_id="Toonami">Toonami</channel>
    <channel site="[ENC]programme-tv.net_0" site_id="teletoonplus-131" xmltv_id="TéléToon+">TéléToon+</channel>
    <channel site="[ENC]programme-tv.net_0" site_id="m6-music-80" xmltv_id="M6 Music">M6 Music</channel>
    <channel site="[ENC]programme-tv.net_0" site_id="mcm-87" xmltv_id="MCM">MCM</channel>
    <channel site="[ENC]programme-tv.net_0" site_id="mcm-top-86" xmltv_id="MCM Top">MCM Top</channel>
    <channel site="[ENC]programme-tv.net_0" site_id="mtv-96" xmltv_id="MTV">MTV</channel>
    <channel site="[ENC]programme-tv.net_0" site_id="mtv-hits-93" xmltv_id="MTV Hits">MTV Hits</channel>
    <channel site="[ENC]programme-tv.net_0" site_id="mtv-hits-france-273" xmltv_id="MTV Hits (France)">MTV Hits (France)</channel>
    <channel site="[ENC]programme-tv.net_0" site_id="mtv-rocks-91" xmltv_id="MTV Rocks">MTV Rocks</channel>
    <channel site="[ENC]programme-tv.net_0" site_id="melody-179" xmltv_id="Melody">Melody</channel>
    <channel site="[ENC]programme-tv.net_0" site_id="mezzo-88" xmltv_id="Mezzo">Mezzo</channel>
    <channel site="[ENC]programme-tv.net_0" site_id="mezzo-live-hd-311" xmltv_id="Mezzo Live HD">Mezzo Live HD</channel>
    <channel site="[ENC]programme-tv.net_0" site_id="nrj-hits-167" xmltv_id="NRJ Hits">NRJ Hits</channel>
    <channel site="[ENC]programme-tv.net_0" site_id="rfm-tv-85" xmltv_id="RFM TV">RFM TV</channel>
    <channel site="[ENC]programme-tv.net_0" site_id="stingray-djazz-361" xmltv_id="Stingray Djazz">Stingray Djazz</channel>
    <channel site="[ENC]programme-tv.net_0" site_id="stingray-festival-4k-357" xmltv_id="Stingray Festival 4K">Stingray Festival 4K</channel>
    <channel site="[ENC]programme-tv.net_0" site_id="stingray-i-concerts-392" xmltv_id="Stingray i-Concerts">Stingray i-Concerts</channel>
    <channel site="[ENC]programme-tv.net_0" site_id="trace-africa-347" xmltv_id="Trace Africa">Trace Africa</channel>
    <channel site="[ENC]programme-tv.net_0" site_id="trace-tropical-395" xmltv_id="Trace Tropical">Trace Tropical</channel>
    <channel site="[ENC]programme-tv.net_0" site_id="trace-urban-127" xmltv_id="Trace Urban">Trace Urban</channel>
    <channel site="[ENC]programme-tv.net_0" site_id="vh1-133" xmltv_id="VH1">VH1</channel>
    <channel site="[ENC]programme-tv.net_0" site_id="vh1-classic-356" xmltv_id="VH1 Classic">VH1 Classic</channel>
    <channel site="[ENC]programme-tv.net_0" site_id="automoto-89" xmltv_id="Automoto">Automoto</channel>
    <channel site="[ENC]programme-tv.net_0" site_id="canalplus-sport-37" xmltv_id="Canal+ Sport">Canal+ Sport</channel>
    <channel site="[ENC]programme-tv.net_0" site_id="canvas-234" xmltv_id="Canvas">Canvas</channel>
    <channel site="[ENC]programme-tv.net_0" site_id="equidia-59" xmltv_id="Equidia">Equidia</channel>
    <channel site="[ENC]programme-tv.net_0" site_id="eurosport-1-5" xmltv_id="Eurosport 1">Eurosport 1</channel>
    <channel site="[ENC]programme-tv.net_0" site_id="eurosport-2-63" xmltv_id="Eurosport 2">Eurosport 2</channel>
    <channel site="[ENC]programme-tv.net_0" site_id="ginx-352" xmltv_id="Ginx">Ginx</channel>
    <channel site="[ENC]programme-tv.net_0" site_id="golf-channel-354" xmltv_id="Golf Channel">Golf Channel</channel>
    <channel site="[ENC]programme-tv.net_0" site_id="golfplus-189" xmltv_id="Golf+">Golf+</channel>
    <channel site="[ENC]programme-tv.net_0" site_id="infosportplus-74" xmltv_id="Infosport+">Infosport+</channel>
    <channel site="[ENC]programme-tv.net_0" site_id="lequipe-204" xmltv_id="L'Equipe">L'Equipe</channel>
    <channel site="[ENC]programme-tv.net_0" site_id="nautical-channel-109" xmltv_id="Nautical Channel">Nautical Channel</channel>
    <channel site="[ENC]programme-tv.net_0" site_id="oltv-101" xmltv_id="OLTV">OLTV</channel>
    <channel site="[ENC]programme-tv.net_0" site_id="onzeo-242" xmltv_id="Onzéo">Onzéo</channel>
    <channel site="[ENC]programme-tv.net_0" site_id="rmc-sport-1-452" xmltv_id="RMC Sport 1">RMC Sport 1</channel>
    <channel site="[ENC]programme-tv.net_0" site_id="rmc-sport-1-uhd-334" xmltv_id="RMC Sport 1 UHD">RMC Sport 1 UHD</channel>
    <channel site="[ENC]programme-tv.net_0" site_id="rmc-sport-2-453" xmltv_id="RMC Sport 2">RMC Sport 2</channel>
    <channel site="[ENC]programme-tv.net_0" site_id="rmc-sport-access-1-336" xmltv_id="RMC Sport Access 1">RMC Sport Access 1</channel>
    <channel site="[ENC]programme-tv.net_0" site_id="rmc-sport-access-2-178" xmltv_id="RMC Sport Access 2">RMC Sport Access 2</channel>
    <channel site="[ENC]programme-tv.net_0" site_id="rmc-sport-live-10-459" xmltv_id="RMC Sport Live 10">RMC Sport Live 10</channel>
    <channel site="[ENC]programme-tv.net_0" site_id="rmc-sport-live-11-455" xmltv_id="RMC Sport Live 11">RMC Sport Live 11</channel>
    <channel site="[ENC]programme-tv.net_0" site_id="rmc-sport-live-12-456" xmltv_id="RMC Sport Live 12">RMC Sport Live 12</channel>
    <channel site="[ENC]programme-tv.net_0" site_id="rmc-sport-live-13-466" xmltv_id="RMC Sport Live 13">RMC Sport Live 13</channel>
    <channel site="[ENC]programme-tv.net_0" site_id="rmc-sport-live-14-462" xmltv_id="RMC Sport Live 14">RMC Sport Live 14</channel>
    <channel site="[ENC]programme-tv.net_0" site_id="rmc-sport-live-5-464" xmltv_id="RMC Sport Live 5">RMC Sport Live 5</channel>
    <channel site="[ENC]programme-tv.net_0" site_id="rmc-sport-live-6-465" xmltv_id="RMC Sport Live 6">RMC Sport Live 6</channel>
    <channel site="[ENC]programme-tv.net_0" site_id="rmc-sport-live-7-457" xmltv_id="RMC Sport Live 7">RMC Sport Live 7</channel>
    <channel site="[ENC]programme-tv.net_0" site_id="rmc-sport-live-8-458" xmltv_id="RMC Sport Live 8">RMC Sport Live 8</channel>
    <channel site="[ENC]programme-tv.net_0" site_id="rmc-sport-live-9-460" xmltv_id="RMC Sport Live 9">RMC Sport Live 9</channel>
    <channel site="[ENC]programme-tv.net_0" site_id="trace-sport-stars-197" xmltv_id="TRACE Sport Stars">TRACE Sport Stars</channel>
    <channel site="[ENC]programme-tv.net_0" site_id="trek-269" xmltv_id="Trek">Trek</channel>
    <channel site="[ENC]programme-tv.net_0" site_id="bein-sports-1-183" xmltv_id="beIN SPORTS 1">beIN SPORTS 1</channel>
    <channel site="[ENC]programme-tv.net_0" site_id="bein-sports-2-184" xmltv_id="beIN SPORTS 2">beIN SPORTS 2</channel>
    <channel site="[ENC]programme-tv.net_0" site_id="bein-sports-3-265" xmltv_id="beIN SPORTS 3">beIN SPORTS 3</channel>
    <channel site="[ENC]programme-tv.net_0" site_id="bein-sports-max-10-305" xmltv_id="beIN SPORTS MAX 10">beIN SPORTS MAX 10</channel>
    <channel site="[ENC]programme-tv.net_0" site_id="bein-sports-max-4-300" xmltv_id="beIN SPORTS MAX 4">beIN SPORTS MAX 4</channel>
    <channel site="[ENC]programme-tv.net_0" site_id="bein-sports-max-5-301" xmltv_id="beIN SPORTS MAX 5">beIN SPORTS MAX 5</channel>
    <channel site="[ENC]programme-tv.net_0" site_id="bein-sports-max-6-302" xmltv_id="beIN SPORTS MAX 6">beIN SPORTS MAX 6</channel>
    <channel site="[ENC]programme-tv.net_0" site_id="bein-sports-max-7-303" xmltv_id="beIN SPORTS MAX 7">beIN SPORTS MAX 7</channel>
    <channel site="[ENC]programme-tv.net_0" site_id="bein-sports-max-8-304" xmltv_id="beIN SPORTS MAX 8">beIN SPORTS MAX 8</channel>
    <channel site="[ENC]programme-tv.net_0" site_id="bein-sports-max-9-306" xmltv_id="beIN SPORTS MAX 9">beIN SPORTS MAX 9</channel>
    <channel site="[ENC]programme-tv.net_0" site_id="pink-tv-103" xmltv_id="Pink TV">Pink TV</channel>
    <channel site="[ENC]programme-tv.net_0" site_id="xxl-135" xmltv_id="XXL">XXL</channel>
    <channel site="[ENC]programme-tv.net_0" site_id="france-3-alpes-275" xmltv_id="France 3 Alpes">France 3 Alpes</channel>
    <channel site="[ENC]programme-tv.net_0" site_id="france-3-alsace-276" xmltv_id="France 3 Alsace">France 3 Alsace</channel>
    <channel site="[ENC]programme-tv.net_0" site_id="france-3-aquitaine-277" xmltv_id="France 3 Aquitaine">France 3 Aquitaine</channel>
    <channel site="[ENC]programme-tv.net_0" site_id="france-3-auvergne-278" xmltv_id="France 3 Auvergne">France 3 Auvergne</channel>
    <channel site="[ENC]programme-tv.net_0" site_id="france-3-basse-normandie-279" xmltv_id="France 3 Basse-Normandie">France 3 Basse-Normandie</channel>
    <channel site="[ENC]programme-tv.net_0" site_id="france-3-bourgogne-280" xmltv_id="France 3 Bourgogne">France 3 Bourgogne</channel>
    <channel site="[ENC]programme-tv.net_0" site_id="france-3-bretagne-281" xmltv_id="France 3 Bretagne">France 3 Bretagne</channel>
    <channel site="[ENC]programme-tv.net_0" site_id="france-3-centre-val-de-loire-282" xmltv_id="France 3 Centre-Val de Loire">France 3 Centre-Val de Loire</channel>
    <channel site="[ENC]programme-tv.net_0" site_id="france-3-champagne-ardennes-283" xmltv_id="France 3 Champagne-Ardennes">France 3 Champagne-Ardennes</channel>
    <channel site="[ENC]programme-tv.net_0" site_id="france-3-corse-via-stella-284" xmltv_id="France 3 Corse Via Stella">France 3 Corse Via Stella</channel>
    <channel site="[ENC]programme-tv.net_0" site_id="france-3-cote-dazur-285" xmltv_id="France 3 Côte d'Azur">France 3 Côte d'Azur</channel>
    <channel site="[ENC]programme-tv.net_0" site_id="france-3-franche-comte-286" xmltv_id="France 3 Franche-Comté">France 3 Franche-Comté</channel>
    <channel site="[ENC]programme-tv.net_0" site_id="france-3-haute-normandie-287" xmltv_id="France 3 Haute-Normandie">France 3 Haute-Normandie</channel>
    <channel site="[ENC]programme-tv.net_0" site_id="france-3-languedoc-roussillon-288" xmltv_id="France 3 Languedoc-Roussillon">France 3 Languedoc-Roussillon</channel>
    <channel site="[ENC]programme-tv.net_0" site_id="france-3-limousin-289" xmltv_id="France 3 Limousin">France 3 Limousin</channel>
    <channel site="[ENC]programme-tv.net_0" site_id="france-3-lorraine-290" xmltv_id="France 3 Lorraine">France 3 Lorraine</channel>
    <channel site="[ENC]programme-tv.net_0" site_id="france-3-midi-pyrenees-291" xmltv_id="France 3 Midi-Pyrénées">France 3 Midi-Pyrénées</channel>
    <channel site="[ENC]programme-tv.net_0" site_id="france-3-nord-pas-de-calais-292" xmltv_id="France 3 Nord Pas-de-Calais">France 3 Nord Pas-de-Calais</channel>
    <channel site="[ENC]programme-tv.net_0" site_id="france-3-paris-ile-de-france-293" xmltv_id="France 3 Paris Ile-de-France">France 3 Paris Ile-de-France</channel>
    <channel site="[ENC]programme-tv.net_0" site_id="france-3-pays-de-la-loire-294" xmltv_id="France 3 Pays de la Loire">France 3 Pays de la Loire</channel>
    <channel site="[ENC]programme-tv.net_0" site_id="france-3-picardie-295" xmltv_id="France 3 Picardie">France 3 Picardie</channel>
    <channel site="[ENC]programme-tv.net_0" site_id="france-3-poitou-charentes-296" xmltv_id="France 3 Poitou-Charentes">France 3 Poitou-Charentes</channel>
    <channel site="[ENC]programme-tv.net_0" site_id="france-3-provence-alpes-297" xmltv_id="France 3 Provence-Alpes">France 3 Provence-Alpes</channel>
    <channel site="[ENC]programme-tv.net_0" site_id="france-3-rhone-alpes-298" xmltv_id="France 3 Rhône-Alpes">France 3 Rhône-Alpes</channel>
    <channel site="[ENC]programme-tv.net_0" site_id="01tv-475" xmltv_id="01TV">01TV</channel>
    <channel site="[ENC]programme-tv.net_0" site_id="3sat-10501" xmltv_id="3Sat">3Sat</channel>
    <channel site="[ENC]programme-tv.net_0" site_id="ard-alpha-4504" xmltv_id="ARD Alpha">ARD Alpha</channel>
    <channel site="[ENC]programme-tv.net_0" site_id="africa-24-6510" xmltv_id="Africa 24">Africa 24</channel>
    <channel site="[ENC]programme-tv.net_0" site_id="astrocenter-tv-hd-6501" xmltv_id="Astrocenter TV HD">Astrocenter TV HD</channel>
    <channel site="[ENC]programme-tv.net_0" site_id="bbc-world-news-485" xmltv_id="BBC World News">BBC World News</channel>
    <channel site="[ENC]programme-tv.net_0" site_id="bfm-cote-dazur-4502" xmltv_id="BFM Cote dAzur">BFM Cote dAzur</channel>
    <channel site="[ENC]programme-tv.net_0" site_id="bfm-dici-alpes-du-sud-6505" xmltv_id="BFM DICI Alpes du Sud">BFM DICI Alpes du Sud</channel>
    <channel site="[ENC]programme-tv.net_0" site_id="bfm-dici-haute-provence-6504" xmltv_id="BFM DICI Haute-Provence">BFM DICI Haute-Provence</channel>
    <channel site="[ENC]programme-tv.net_0" site_id="bfm-grand-littoral-5506" xmltv_id="BFM Grand Littoral">BFM Grand Littoral</channel>
    <channel site="[ENC]programme-tv.net_0" site_id="bfm-marseille-4503" xmltv_id="BFM Marseille">BFM Marseille</channel>
    <channel site="[ENC]programme-tv.net_0" site_id="bfm-var-4506" xmltv_id="BFM Var">BFM Var</channel>
    <channel site="[ENC]programme-tv.net_0" site_id="br-fernsehen-3518" xmltv_id="BR Fernsehen">BR Fernsehen</channel>
    <channel site="[ENC]programme-tv.net_0" site_id="bloomberg-10502" xmltv_id="Bloomberg">Bloomberg</channel>
    <channel site="[ENC]programme-tv.net_0" site_id="cstar-hits-france-489" xmltv_id="CSTAR Hits France">CSTAR Hits France</channel>
    <channel site="[ENC]programme-tv.net_0" site_id="canalplus-docs-9501" xmltv_id="Canal+ Docs">Canal+ Docs</channel>
    <channel site="[ENC]programme-tv.net_0" site_id="canalplus-formula-1-10503" xmltv_id="Canal+ Formula 1">Canal+ Formula 1</channel>
    <channel site="[ENC]programme-tv.net_0" site_id="canalplus-grand-ecran-11504" xmltv_id="Canal+ Grand Ecran">Canal+ Grand Ecran</channel>
    <channel site="[ENC]programme-tv.net_0" site_id="canalplus-kids-11505" xmltv_id="Canal+ KIDS">Canal+ KIDS</channel>
    <channel site="[ENC]programme-tv.net_0" site_id="canalplus-moto-gp-10505" xmltv_id="Canal+ Moto GP">Canal+ Moto GP</channel>
    <channel site="[ENC]programme-tv.net_0" site_id="canalplus-premier-league-10506" xmltv_id="Canal+ Premier League">Canal+ Premier League</channel>
    <channel site="[ENC]programme-tv.net_0" site_id="canalplus-top-14-10507" xmltv_id="Canal+ Top 14">Canal+ Top 14</channel>
    <channel site="[ENC]programme-tv.net_0" site_id="clique-tv-484" xmltv_id="Clique TV">Clique TV</channel>
    <channel site="[ENC]programme-tv.net_0" site_id="discovery-investigation-488" xmltv_id="Discovery Investigation">Discovery Investigation</channel>
    <channel site="[ENC]programme-tv.net_0" site_id="disney-channel-plus1-3510" xmltv_id="Disney Channel +1">Disney Channel +1</channel>
    <channel site="[ENC]programme-tv.net_0" site_id="disneyplus-3504" xmltv_id="Disney+">Disney+</channel>
    <channel site="[ENC]programme-tv.net_0" site_id="e4-5502" xmltv_id="E4">E4</channel>
    <channel site="[ENC]programme-tv.net_0" site_id="es1-483" xmltv_id="ES1">ES1</channel>
    <channel site="[ENC]programme-tv.net_0" site_id="footplus-24-24-2504" xmltv_id="Foot+ 24/24">Foot+ 24/24</channel>
    <channel site="[ENC]programme-tv.net_0" site_id="game-one-plus1-3509" xmltv_id="Game One +1">Game One +1</channel>
    <channel site="[ENC]programme-tv.net_0" site_id="hr-fernsehen-4501" xmltv_id="HR Fernsehen">HR Fernsehen</channel>
    <channel site="[ENC]programme-tv.net_0" site_id="kika-3501" xmltv_id="KIKA">KIKA</channel>
    <channel site="[ENC]programme-tv.net_0" site_id="la-chaine-normande-6509" xmltv_id="La Chaîne normande">La Chaîne normande</channel>
    <channel site="[ENC]programme-tv.net_0" site_id="lifetime-7501" xmltv_id="Lifetime">Lifetime</channel>
    <channel site="[ENC]programme-tv.net_0" site_id="lucky-jack-473" xmltv_id="Lucky Jack">Lucky Jack</channel>
    <channel site="[ENC]programme-tv.net_0" site_id="luxe-tv-6506" xmltv_id="Luxe TV">Luxe TV</channel>
    <channel site="[ENC]programme-tv.net_0" site_id="mdr-fernsehen-4505" xmltv_id="MDR Fernsehen">MDR Fernsehen</channel>
    <channel site="[ENC]programme-tv.net_0" site_id="maritima-tv-6507" xmltv_id="Maritima TV">Maritima TV</channel>
    <channel site="[ENC]programme-tv.net_0" site_id="mens-up-6502" xmltv_id="Men's UP">Men's UP</channel>
    <channel site="[ENC]programme-tv.net_0" site_id="mosaik-cristal-8501" xmltv_id="Mosaïk Cristal">Mosaïk Cristal</channel>
    <channel site="[ENC]programme-tv.net_0" site_id="multisports-2501" xmltv_id="Multisports">Multisports</channel>
    <channel site="[ENC]programme-tv.net_0" site_id="multisports-1-2508" xmltv_id="Multisports 1">Multisports 1</channel>
    <channel site="[ENC]programme-tv.net_0" site_id="multisports-2-2505" xmltv_id="Multisports 2">Multisports 2</channel>
    <channel site="[ENC]programme-tv.net_0" site_id="multisports-3-2502" xmltv_id="Multisports 3">Multisports 3</channel>
    <channel site="[ENC]programme-tv.net_0" site_id="multisports-4-2507" xmltv_id="Multisports 4">Multisports 4</channel>
    <channel site="[ENC]programme-tv.net_0" site_id="multisports-5-2503" xmltv_id="Multisports 5">Multisports 5</channel>
    <channel site="[ENC]programme-tv.net_0" site_id="multisports6-2506" xmltv_id="Multisports6">Multisports6</channel>
    <channel site="[ENC]programme-tv.net_0" site_id="museum-tv-474" xmltv_id="Museum TV">Museum TV</channel>
    <channel site="[ENC]programme-tv.net_0" site_id="ndr-fernsehen-3516" xmltv_id="NDR FERNSEHEN">NDR FERNSEHEN</channel>
    <channel site="[ENC]programme-tv.net_0" site_id="nickelodeon-plus1-3520" xmltv_id="Nickelodéon +1">Nickelodéon +1</channel>
    <channel site="[ENC]programme-tv.net_0" site_id="olympia-tv-479" xmltv_id="Olympia TV">Olympia TV</channel>
    <channel site="[ENC]programme-tv.net_0" site_id="one-3502" xmltv_id="One">One</channel>
    <channel site="[ENC]programme-tv.net_0" site_id="phoenix-3517" xmltv_id="PHOENIX">PHOENIX</channel>
    <channel site="[ENC]programme-tv.net_0" site_id="pro7-11501" xmltv_id="Pro7">Pro7</channel>
    <channel site="[ENC]programme-tv.net_0" site_id="prosieben-3508" xmltv_id="ProSieben">ProSieben</channel>
    <channel site="[ENC]programme-tv.net_0" site_id="public-senat-2424-6511" xmltv_id="Public Sénat 2424">Public Sénat 2424</channel>
    <channel site="[ENC]programme-tv.net_0" site_id="rmc-sport-live-3-5503" xmltv_id="RMC Sport Live 3">RMC Sport Live 3</channel>
    <channel site="[ENC]programme-tv.net_0" site_id="rmc-sport-live-4-5501" xmltv_id="RMC Sport Live 4">RMC Sport Live 4</channel>
    <channel site="[ENC]programme-tv.net_0" site_id="rsi-la-1-482" xmltv_id="RSI LA 1">RSI LA 1</channel>
    <channel site="[ENC]programme-tv.net_0" site_id="rsi-la-2-481" xmltv_id="RSI LA 2">RSI LA 2</channel>
    <channel site="[ENC]programme-tv.net_0" site_id="rt-france-480" xmltv_id="RT France">RT France</channel>
    <channel site="[ENC]programme-tv.net_0" site_id="rtl-zwei-3515" xmltv_id="RTL ZWEI">RTL ZWEI</channel>
    <channel site="[ENC]programme-tv.net_0" site_id="sat-1-3512" xmltv_id="SAT.1">SAT.1</channel>
    <channel site="[ENC]programme-tv.net_0" site_id="srf-1-478" xmltv_id="SRF 1">SRF 1</channel>
    <channel site="[ENC]programme-tv.net_0" site_id="srf-2-477" xmltv_id="SRF 2">SRF 2</channel>
    <channel site="[ENC]programme-tv.net_0" site_id="skynews-11502" xmltv_id="Skynews">Skynews</channel>
    <channel site="[ENC]programme-tv.net_0" site_id="sport-en-france-476" xmltv_id="Sport en France">Sport en France</channel>
    <channel site="[ENC]programme-tv.net_0" site_id="stingray-classica-11503" xmltv_id="Stingray Classica">Stingray Classica</channel>
    <channel site="[ENC]programme-tv.net_0" site_id="super-rtl-3505" xmltv_id="Super RTL">Super RTL</channel>
    <channel site="[ENC]programme-tv.net_0" site_id="tf1plus1-492" xmltv_id="TF1+1">TF1+1</channel>
    <channel site="[ENC]programme-tv.net_0" site_id="tmcplus1-491" xmltv_id="TMC+1">TMC+1</channel>
    <channel site="[ENC]programme-tv.net_0" site_id="tntv-france-6503" xmltv_id="TNTV France">TNTV France</channel>
    <channel site="[ENC]programme-tv.net_0" site_id="tvpi-6508" xmltv_id="TVPI">TVPI</channel>
    <channel site="[ENC]programme-tv.net_0" site_id="tagesschau24-3514" xmltv_id="Tagesschau24">Tagesschau24</channel>
    <channel site="[ENC]programme-tv.net_0" site_id="trace-latina-487" xmltv_id="Trace Latina">Trace Latina</channel>
    <channel site="[ENC]programme-tv.net_0" site_id="tebesud-5505" xmltv_id="TébéSud">TébéSud</channel>
    <channel site="[ENC]programme-tv.net_0" site_id="tebeo-5504" xmltv_id="Tébéo">Tébéo</channel>
    <channel site="[ENC]programme-tv.net_0" site_id="teletoonplus1-3519" xmltv_id="TéléToon+1">TéléToon+1</channel>
    <channel site="[ENC]programme-tv.net_0" site_id="ultra-nature-501" xmltv_id="Ultra Nature">Ultra Nature</channel>
    <channel site="[ENC]programme-tv.net_0" site_id="vox-3503" xmltv_id="VOX">VOX</channel>
    <channel site="[ENC]programme-tv.net_0" site_id="wdr-3511" xmltv_id="WDR">WDR</channel>
    <channel site="[ENC]programme-tv.net_0" site_id="zdf-info-3506" xmltv_id="ZDF INFO">ZDF INFO</channel>
    <channel site="[ENC]programme-tv.net_0" site_id="zdf-neo-3507" xmltv_id="ZDF NEO">ZDF NEO</channel>
    <channel site="[ENC]programme-tv.net_0" site_id="paramountfr1-8502" xmltv_id="paramountfr1">paramountfr1</channel>
  </channels>
</site>