<?xml version="1.0" encoding="UTF-8"?>
<site generator-info-name="Tempest EPG Generator (made by Kvanc)" generator-info-url="https://github.com/K-vanc/Tempest-EPG-Generator.git" site="[ENC][EX]chaines-tv.orange.fr_0">
  <channels>
    <channel site="[ENC][EX]chaines-tv.orange.fr_0" site_id="192" xmltv_id="TF1">TF1</channel>
    <channel site="[ENC][EX]chaines-tv.orange.fr_0" site_id="4" xmltv_id="FRANCE2">FRANCE2</channel>
    <channel site="[ENC][EX]chaines-tv.orange.fr_0" site_id="80" xmltv_id="FRANCE3">FRANCE3</channel>
    <channel site="[ENC][EX]chaines-tv.orange.fr_0" site_id="34" xmltv_id="CANAL PLUS">CANAL PLUS</channel>
    <channel site="[ENC][EX]chaines-tv.orange.fr_0" site_id="47" xmltv_id="FRANCE5">FRANCE5</channel>
    <channel site="[ENC][EX]chaines-tv.orange.fr_0" site_id="118" xmltv_id="M6">M6</channel>
    <channel site="[ENC][EX]chaines-tv.orange.fr_0" site_id="111" xmltv_id="ARTE">ARTE</channel>
    <channel site="[ENC][EX]chaines-tv.orange.fr_0" site_id="445" xmltv_id="C8">C8</channel>
    <channel site="[ENC][EX]chaines-tv.orange.fr_0" site_id="119" xmltv_id="W9">W9</channel>
    <channel site="[ENC][EX]chaines-tv.orange.fr_0" site_id="195" xmltv_id="TMC">TMC</channel>
    <channel site="[ENC][EX]chaines-tv.orange.fr_0" site_id="446" xmltv_id="TFX">TFX</channel>
    <channel site="[ENC][EX]chaines-tv.orange.fr_0" site_id="444" xmltv_id="NRJ12">NRJ12</channel>
    <channel site="[ENC][EX]chaines-tv.orange.fr_0" site_id="234" xmltv_id="LCP PS">LCP PS</channel>
    <channel site="[ENC][EX]chaines-tv.orange.fr_0" site_id="78" xmltv_id="FRANCE 4">FRANCE 4</channel>
    <channel site="[ENC][EX]chaines-tv.orange.fr_0" site_id="481" xmltv_id="BFM TV">BFM TV</channel>
    <channel site="[ENC][EX]chaines-tv.orange.fr_0" site_id="226" xmltv_id="CNEWS">CNEWS</channel>
    <channel site="[ENC][EX]chaines-tv.orange.fr_0" site_id="458" xmltv_id="CSTAR">CSTAR</channel>
    <channel site="[ENC][EX]chaines-tv.orange.fr_0" site_id="482" xmltv_id="GULLI">GULLI</channel>
    <channel site="[ENC][EX]chaines-tv.orange.fr_0" site_id="1404" xmltv_id="TF1 SERIES FILMS">TF1 SERIES FILMS</channel>
    <channel site="[ENC][EX]chaines-tv.orange.fr_0" site_id="1401" xmltv_id="LA CHAINE L EQUIPE">LA CHAINE L EQUIPE</channel>
    <channel site="[ENC][EX]chaines-tv.orange.fr_0" site_id="1403" xmltv_id="6TER">6TER</channel>
    <channel site="[ENC][EX]chaines-tv.orange.fr_0" site_id="1402" xmltv_id="RMC STORY">RMC STORY</channel>
    <channel site="[ENC][EX]chaines-tv.orange.fr_0" site_id="1400" xmltv_id="RMC DECOUVERTE">RMC DECOUVERTE</channel>
    <channel site="[ENC][EX]chaines-tv.orange.fr_0" site_id="1399" xmltv_id="CHERIE 25">CHERIE 25</channel>
    <channel site="[ENC][EX]chaines-tv.orange.fr_0" site_id="112" xmltv_id="LCI">LCI</channel>
    <channel site="[ENC][EX]chaines-tv.orange.fr_0" site_id="2111" xmltv_id="FRANCEINFO">FRANCEINFO</channel>
    <channel site="[ENC][EX]chaines-tv.orange.fr_0" site_id="205" xmltv_id="TV5MONDE">TV5MONDE</channel>
    <channel site="[ENC][EX]chaines-tv.orange.fr_0" site_id="191" xmltv_id="TEVA">TEVA</channel>
    <channel site="[ENC][EX]chaines-tv.orange.fr_0" site_id="145" xmltv_id="PARISPREMIERE">PARISPREMIERE</channel>
    <channel site="[ENC][EX]chaines-tv.orange.fr_0" site_id="115" xmltv_id="RTL9">RTL9</channel>
    <channel site="[ENC][EX]chaines-tv.orange.fr_0" site_id="225" xmltv_id="TVBREIZH">TVBREIZH</channel>
    <channel site="[ENC][EX]chaines-tv.orange.fr_0" site_id="3504" xmltv_id="ACCES LIMITE">ACCES LIMITE</channel>
    <channel site="[ENC][EX]chaines-tv.orange.fr_0" site_id="3501" xmltv_id="ACCES LIMITE">ACCES LIMITE</channel>
    <channel site="[ENC][EX]chaines-tv.orange.fr_0" site_id="35" xmltv_id="ACCES LIMITE">ACCES LIMITE</channel>
    <channel site="[ENC][EX]chaines-tv.orange.fr_0" site_id="3779" xmltv_id="ACCES LIMITE">ACCES LIMITE</channel>
    <channel site="[ENC][EX]chaines-tv.orange.fr_0" site_id="3349" xmltv_id="ACCES LIMITE">ACCES LIMITE</channel>
    <channel site="[ENC][EX]chaines-tv.orange.fr_0" site_id="33" xmltv_id="ACCES LIMITE">ACCES LIMITE</channel>
    <channel site="[ENC][EX]chaines-tv.orange.fr_0" site_id="1563" xmltv_id="ACCES LIMITE">ACCES LIMITE</channel>
    <channel site="[ENC][EX]chaines-tv.orange.fr_0" site_id="3347" xmltv_id="ACCES LIMITE">ACCES LIMITE</channel>
    <channel site="[ENC][EX]chaines-tv.orange.fr_0" site_id="3348" xmltv_id="ACCES LIMITE">ACCES LIMITE</channel>
    <channel site="[ENC][EX]chaines-tv.orange.fr_0" site_id="1290" xmltv_id="BEINSPORTS1">BEINSPORTS1</channel>
    <channel site="[ENC][EX]chaines-tv.orange.fr_0" site_id="1304" xmltv_id="BEINSPORTS 2">BEINSPORTS 2</channel>
    <channel site="[ENC][EX]chaines-tv.orange.fr_0" site_id="1335" xmltv_id="BEINSPORTS 3">BEINSPORTS 3</channel>
    <channel site="[ENC][EX]chaines-tv.orange.fr_0" site_id="730" xmltv_id="OCSMAX">OCSMAX</channel>
    <channel site="[ENC][EX]chaines-tv.orange.fr_0" site_id="732" xmltv_id="OCSCHOC">OCSCHOC</channel>
    <channel site="[ENC][EX]chaines-tv.orange.fr_0" site_id="734" xmltv_id="OCS GEANTS">OCS GEANTS</channel>
    <channel site="[ENC][EX]chaines-tv.orange.fr_0" site_id="1562" xmltv_id="PARAMOUNT CHANNEL">PARAMOUNT CHANNEL</channel>
    <channel site="[ENC][EX]chaines-tv.orange.fr_0" site_id="2072" xmltv_id="PARAMOUNT CHANNEL DECALE">PARAMOUNT CHANNEL DECALE</channel>
    <channel site="[ENC][EX]chaines-tv.orange.fr_0" site_id="185" xmltv_id="TCMCINEMA">TCMCINEMA</channel>
    <channel site="[ENC][EX]chaines-tv.orange.fr_0" site_id="10" xmltv_id="ACTION">ACTION</channel>
    <channel site="[ENC][EX]chaines-tv.orange.fr_0" site_id="282" xmltv_id="CINE PREMIER">CINE PREMIER</channel>
    <channel site="[ENC][EX]chaines-tv.orange.fr_0" site_id="284" xmltv_id="CINE FRISSON">CINE FRISSON</channel>
    <channel site="[ENC][EX]chaines-tv.orange.fr_0" site_id="283" xmltv_id="CINE EMOTION">CINE EMOTION</channel>
    <channel site="[ENC][EX]chaines-tv.orange.fr_0" site_id="401" xmltv_id="CINE FAMIZ">CINE FAMIZ</channel>
    <channel site="[ENC][EX]chaines-tv.orange.fr_0" site_id="285" xmltv_id="CINE CLUB">CINE CLUB</channel>
    <channel site="[ENC][EX]chaines-tv.orange.fr_0" site_id="287" xmltv_id="CINE CLASSIC">CINE CLASSIC</channel>
    <channel site="[ENC][EX]chaines-tv.orange.fr_0" site_id="1190" xmltv_id="EUROCHANNEL">EUROCHANNEL</channel>
    <channel site="[ENC][EX]chaines-tv.orange.fr_0" site_id="128" xmltv_id="MTV">MTV</channel>
    <channel site="[ENC][EX]chaines-tv.orange.fr_0" site_id="1960" xmltv_id="BET">BET</channel>
    <channel site="[ENC][EX]chaines-tv.orange.fr_0" site_id="5" xmltv_id="AB1">AB1</channel>
    <channel site="[ENC][EX]chaines-tv.orange.fr_0" site_id="2441" xmltv_id="TF1 PLUS 1">TF1 PLUS 1</channel>
    <channel site="[ENC][EX]chaines-tv.orange.fr_0" site_id="2752" xmltv_id="COMEDY CENTRAL">COMEDY CENTRAL</channel>
    <channel site="[ENC][EX]chaines-tv.orange.fr_0" site_id="87" xmltv_id="GAME ONE">GAME ONE</channel>
    <channel site="[ENC][EX]chaines-tv.orange.fr_0" site_id="1167" xmltv_id="GAME ONE PLUS 1">GAME ONE PLUS 1</channel>
    <channel site="[ENC][EX]chaines-tv.orange.fr_0" site_id="54" xmltv_id="COMEDIE PLUS">COMEDIE PLUS</channel>
    <channel site="[ENC][EX]chaines-tv.orange.fr_0" site_id="2326" xmltv_id="POLAR">POLAR</channel>
    <channel site="[ENC][EX]chaines-tv.orange.fr_0" site_id="49" xmltv_id="SERIE CLUB">SERIE CLUB</channel>
    <channel site="[ENC][EX]chaines-tv.orange.fr_0" site_id="2803" xmltv_id="PITCHOUN TV">PITCHOUN TV</channel>
    <channel site="[ENC][EX]chaines-tv.orange.fr_0" site_id="321" xmltv_id="BOOMERANG">BOOMERANG</channel>
    <channel site="[ENC][EX]chaines-tv.orange.fr_0" site_id="928" xmltv_id="BOOMERANG PLUS 1">BOOMERANG PLUS 1</channel>
    <channel site="[ENC][EX]chaines-tv.orange.fr_0" site_id="3738" xmltv_id="BOING">BOING</channel>
    <channel site="[ENC][EX]chaines-tv.orange.fr_0" site_id="229" xmltv_id="TIJI">TIJI</channel>
    <channel site="[ENC][EX]chaines-tv.orange.fr_0" site_id="32" xmltv_id="CANAL J">CANAL J</channel>
    <channel site="[ENC][EX]chaines-tv.orange.fr_0" site_id="888" xmltv_id="NICKELODEON JUNIOR">NICKELODEON JUNIOR</channel>
    <channel site="[ENC][EX]chaines-tv.orange.fr_0" site_id="473" xmltv_id="NICKELODEON">NICKELODEON</channel>
    <channel site="[ENC][EX]chaines-tv.orange.fr_0" site_id="2065" xmltv_id="NICKELODEON PLUS 1">NICKELODEON PLUS 1</channel>
    <channel site="[ENC][EX]chaines-tv.orange.fr_0" site_id="1746" xmltv_id="NICKELODEON 4TEEN">NICKELODEON 4TEEN</channel>
    <channel site="[ENC][EX]chaines-tv.orange.fr_0" site_id="58" xmltv_id="DISNEY CHANNEL">DISNEY CHANNEL</channel>
    <channel site="[ENC][EX]chaines-tv.orange.fr_0" site_id="299" xmltv_id="DISNEYCHANNEL1">DISNEYCHANNEL1</channel>
    <channel site="[ENC][EX]chaines-tv.orange.fr_0" site_id="300" xmltv_id="DISNEY JUNIOR">DISNEY JUNIOR</channel>
    <channel site="[ENC][EX]chaines-tv.orange.fr_0" site_id="344" xmltv_id="PIWI PLUS">PIWI PLUS</channel>
    <channel site="[ENC][EX]chaines-tv.orange.fr_0" site_id="197" xmltv_id="TELETOON">TELETOON</channel>
    <channel site="[ENC][EX]chaines-tv.orange.fr_0" site_id="293" xmltv_id="TELETOON PLUS 1">TELETOON PLUS 1</channel>
    <channel site="[ENC][EX]chaines-tv.orange.fr_0" site_id="1165" xmltv_id="LA CHAINE DU PERE NOEL">LA CHAINE DU PERE NOEL</channel>
    <channel site="[ENC][EX]chaines-tv.orange.fr_0" site_id="3561" xmltv_id="L ESPRIT SORCIER TV">L ESPRIT SORCIER TV</channel>
    <channel site="[ENC][EX]chaines-tv.orange.fr_0" site_id="1072" xmltv_id="MUSEUM">MUSEUM</channel>
    <channel site="[ENC][EX]chaines-tv.orange.fr_0" site_id="3360" xmltv_id="MAISON ET TRAVAUX">MAISON ET TRAVAUX</channel>
    <channel site="[ENC][EX]chaines-tv.orange.fr_0" site_id="3106" xmltv_id="TOP SANTE">TOP SANTE</channel>
    <channel site="[ENC][EX]chaines-tv.orange.fr_0" site_id="12" xmltv_id="ANIMAUX">ANIMAUX</channel>
    <channel site="[ENC][EX]chaines-tv.orange.fr_0" site_id="2037" xmltv_id="CRIME DISTRICT">CRIME DISTRICT</channel>
    <channel site="[ENC][EX]chaines-tv.orange.fr_0" site_id="38" xmltv_id="CHASSE PECHE">CHASSE PECHE</channel>
    <channel site="[ENC][EX]chaines-tv.orange.fr_0" site_id="7" xmltv_id="TOUTE HISTOIRE">TOUTE HISTOIRE</channel>
    <channel site="[ENC][EX]chaines-tv.orange.fr_0" site_id="88" xmltv_id="HISTOIRE">HISTOIRE</channel>
    <channel site="[ENC][EX]chaines-tv.orange.fr_0" site_id="451" xmltv_id="USHUAIA TV">USHUAIA TV</channel>
    <channel site="[ENC][EX]chaines-tv.orange.fr_0" site_id="829" xmltv_id="MY ZEN TV">MY ZEN TV</channel>
    <channel site="[ENC][EX]chaines-tv.orange.fr_0" site_id="63" xmltv_id="SCIENCE VIE TV">SCIENCE VIE TV</channel>
    <channel site="[ENC][EX]chaines-tv.orange.fr_0" site_id="508" xmltv_id="NATIONAL GEOGRAPHIC">NATIONAL GEOGRAPHIC</channel>
    <channel site="[ENC][EX]chaines-tv.orange.fr_0" site_id="719" xmltv_id="NAT GEO WILD">NAT GEO WILD</channel>
    <channel site="[ENC][EX]chaines-tv.orange.fr_0" site_id="147" xmltv_id="PLANETE PLUS">PLANETE PLUS</channel>
    <channel site="[ENC][EX]chaines-tv.orange.fr_0" site_id="662" xmltv_id="PLANETE PLUS CI">PLANETE PLUS CI</channel>
    <channel site="[ENC][EX]chaines-tv.orange.fr_0" site_id="402" xmltv_id="PLANETE PLUS AVENTURE EXPERIENCE">PLANETE PLUS AVENTURE EXPERIENCE</channel>
    <channel site="[ENC][EX]chaines-tv.orange.fr_0" site_id="2353" xmltv_id="ES1">ES1</channel>
    <channel site="[ENC][EX]chaines-tv.orange.fr_0" site_id="2942" xmltv_id="01 TV">01 TV</channel>
    <channel site="[ENC][EX]chaines-tv.orange.fr_0" site_id="121" xmltv_id="MCM">MCM</channel>
    <channel site="[ENC][EX]chaines-tv.orange.fr_0" site_id="2442" xmltv_id="TMC PLUS 1">TMC PLUS 1</channel>
    <channel site="[ENC][EX]chaines-tv.orange.fr_0" site_id="6" xmltv_id="MANGAS">MANGAS</channel>
    <channel site="[ENC][EX]chaines-tv.orange.fr_0" site_id="2040" xmltv_id="TOONAMI">TOONAMI</channel>
    <channel site="[ENC][EX]chaines-tv.orange.fr_0" site_id="1585" xmltv_id="J ONE">J ONE</channel>
    <channel site="[ENC][EX]chaines-tv.orange.fr_0" site_id="605" xmltv_id="NRJHITS">NRJHITS</channel>
    <channel site="[ENC][EX]chaines-tv.orange.fr_0" site_id="2006" xmltv_id="MTV HITS">MTV HITS</channel>
    <channel site="[ENC][EX]chaines-tv.orange.fr_0" site_id="2321" xmltv_id="ACCES LIMITE">ACCES LIMITE</channel>
    <channel site="[ENC][EX]chaines-tv.orange.fr_0" site_id="1989" xmltv_id="CLUBBING TV">CLUBBING TV</channel>
    <channel site="[ENC][EX]chaines-tv.orange.fr_0" site_id="453" xmltv_id="M6MUSIC">M6MUSIC</channel>
    <channel site="[ENC][EX]chaines-tv.orange.fr_0" site_id="265" xmltv_id="MELODY">MELODY</channel>
    <channel site="[ENC][EX]chaines-tv.orange.fr_0" site_id="2958" xmltv_id="OLYMPIA TV">OLYMPIA TV</channel>
    <channel site="[ENC][EX]chaines-tv.orange.fr_0" site_id="125" xmltv_id="MEZZO">MEZZO</channel>
    <channel site="[ENC][EX]chaines-tv.orange.fr_0" site_id="907" xmltv_id="MEZZO LIVE HD">MEZZO LIVE HD</channel>
    <channel site="[ENC][EX]chaines-tv.orange.fr_0" site_id="1353" xmltv_id="CLASSICA">CLASSICA</channel>
    <channel site="[ENC][EX]chaines-tv.orange.fr_0" site_id="64" xmltv_id="EQUIDIA LIVE">EQUIDIA LIVE</channel>
    <channel site="[ENC][EX]chaines-tv.orange.fr_0" site_id="2837" xmltv_id="SPORT EN FRANCE">SPORT EN FRANCE</channel>
    <channel site="[ENC][EX]chaines-tv.orange.fr_0" site_id="1336" xmltv_id="BEINSPORTS MAX4">BEINSPORTS MAX4</channel>
    <channel site="[ENC][EX]chaines-tv.orange.fr_0" site_id="1337" xmltv_id="BEINSPORTS MAX5">BEINSPORTS MAX5</channel>
    <channel site="[ENC][EX]chaines-tv.orange.fr_0" site_id="1338" xmltv_id="BEINSPORTS MAX6">BEINSPORTS MAX6</channel>
    <channel site="[ENC][EX]chaines-tv.orange.fr_0" site_id="1339" xmltv_id="BEINSPORTS MAX7">BEINSPORTS MAX7</channel>
    <channel site="[ENC][EX]chaines-tv.orange.fr_0" site_id="1340" xmltv_id="BEINSPORTS MAX8">BEINSPORTS MAX8</channel>
    <channel site="[ENC][EX]chaines-tv.orange.fr_0" site_id="1341" xmltv_id="BEINSPORTS MAX9">BEINSPORTS MAX9</channel>
    <channel site="[ENC][EX]chaines-tv.orange.fr_0" site_id="1342" xmltv_id="BEINSPORTS MAX 10">BEINSPORTS MAX 10</channel>
    <channel site="[ENC][EX]chaines-tv.orange.fr_0" site_id="15" xmltv_id="ABMOTEURS">ABMOTEURS</channel>
    <channel site="[ENC][EX]chaines-tv.orange.fr_0" site_id="1166" xmltv_id="GOLF CHANNEL">GOLF CHANNEL</channel>
    <channel site="[ENC][EX]chaines-tv.orange.fr_0" site_id="3795" xmltv_id="DAZN1">DAZN1</channel>
    <channel site="[ENC][EX]chaines-tv.orange.fr_0" site_id="3170" xmltv_id="CANAL PLUS LIGUE 1">CANAL PLUS LIGUE 1</channel>
    <channel site="[ENC][EX]chaines-tv.orange.fr_0" site_id="1061" xmltv_id="LUCKY JACK">LUCKY JACK</channel>
    <channel site="[ENC][EX]chaines-tv.orange.fr_0" site_id="1996" xmltv_id="FASHIONTV">FASHIONTV</channel>
    <channel site="[ENC][EX]chaines-tv.orange.fr_0" site_id="531" xmltv_id="LUXE TV">LUXE TV</channel>
    <channel site="[ENC][EX]chaines-tv.orange.fr_0" site_id="3767" xmltv_id="SQOOL TV">SQOOL TV</channel>
    <channel site="[ENC][EX]chaines-tv.orange.fr_0" site_id="57" xmltv_id="DEMAIN">DEMAIN</channel>
    <channel site="[ENC][EX]chaines-tv.orange.fr_0" site_id="110" xmltv_id="KTO">KTO</channel>
    <channel site="[ENC][EX]chaines-tv.orange.fr_0" site_id="992" xmltv_id="LCP 100 POURCENT">LCP 100 POURCENT</channel>
    <channel site="[ENC][EX]chaines-tv.orange.fr_0" site_id="529" xmltv_id="FRANCE 24 FRANCAIS">FRANCE 24 FRANCAIS</channel>
    <channel site="[ENC][EX]chaines-tv.orange.fr_0" site_id="1073" xmltv_id="BFM BUSINESS">BFM BUSINESS</channel>
    <channel site="[ENC][EX]chaines-tv.orange.fr_0" site_id="140" xmltv_id="EURONEWS">EURONEWS</channel>
    <channel site="[ENC][EX]chaines-tv.orange.fr_0" site_id="671" xmltv_id="FRANCE24ANGLAIS">FRANCE24ANGLAIS</channel>
    <channel site="[ENC][EX]chaines-tv.orange.fr_0" site_id="53" xmltv_id="CNN">CNN</channel>
    <channel site="[ENC][EX]chaines-tv.orange.fr_0" site_id="51" xmltv_id="CNBC">CNBC</channel>
    <channel site="[ENC][EX]chaines-tv.orange.fr_0" site_id="410" xmltv_id="BLOOMBERGEUROPE">BLOOMBERGEUROPE</channel>
    <channel site="[ENC][EX]chaines-tv.orange.fr_0" site_id="19" xmltv_id="BBCWORLDNEWS">BBCWORLDNEWS</channel>
    <channel site="[ENC][EX]chaines-tv.orange.fr_0" site_id="525" xmltv_id="ALJAZEERAANGLAIS">ALJAZEERAANGLAIS</channel>
    <channel site="[ENC][EX]chaines-tv.orange.fr_0" site_id="3413" xmltv_id="FRANCE24ARABE">FRANCE24ARABE</channel>
    <channel site="[ENC][EX]chaines-tv.orange.fr_0" site_id="781" xmltv_id="I24NEWS">I24NEWS</channel>
    <channel site="[ENC][EX]chaines-tv.orange.fr_0" site_id="830" xmltv_id="NHKWORLD">NHKWORLD</channel>
    <channel site="[ENC][EX]chaines-tv.orange.fr_0" site_id="61" xmltv_id="DEUTSCHE WELLE ENGLISH">DEUTSCHE WELLE ENGLISH</channel>
    <channel site="[ENC][EX]chaines-tv.orange.fr_0" site_id="3562" xmltv_id="FRANCE 24 ESPAGNOL">FRANCE 24 ESPAGNOL</channel>
    <channel site="[ENC][EX]chaines-tv.orange.fr_0" site_id="1921" xmltv_id="F3 ALPES">F3 ALPES</channel>
    <channel site="[ENC][EX]chaines-tv.orange.fr_0" site_id="1922" xmltv_id="F3 ALSACE">F3 ALSACE</channel>
    <channel site="[ENC][EX]chaines-tv.orange.fr_0" site_id="1923" xmltv_id="F3 AQUITAINE">F3 AQUITAINE</channel>
    <channel site="[ENC][EX]chaines-tv.orange.fr_0" site_id="1924" xmltv_id="F3 AUVERGNE">F3 AUVERGNE</channel>
    <channel site="[ENC][EX]chaines-tv.orange.fr_0" site_id="1925" xmltv_id="F3 BASSE NORMANDIE">F3 BASSE NORMANDIE</channel>
    <channel site="[ENC][EX]chaines-tv.orange.fr_0" site_id="1926" xmltv_id="F3 BOURGOGNE">F3 BOURGOGNE</channel>
    <channel site="[ENC][EX]chaines-tv.orange.fr_0" site_id="1927" xmltv_id="F3 BRETAGNE">F3 BRETAGNE</channel>
    <channel site="[ENC][EX]chaines-tv.orange.fr_0" site_id="1928" xmltv_id="F3 CENTRE">F3 CENTRE</channel>
    <channel site="[ENC][EX]chaines-tv.orange.fr_0" site_id="1929" xmltv_id="F3 CHAMPAGNE ARDENNE">F3 CHAMPAGNE ARDENNE</channel>
    <channel site="[ENC][EX]chaines-tv.orange.fr_0" site_id="308" xmltv_id="F3 CORSE VIA STELLA">F3 CORSE VIA STELLA</channel>
    <channel site="[ENC][EX]chaines-tv.orange.fr_0" site_id="1931" xmltv_id="F3 COTE D AZUR">F3 COTE D AZUR</channel>
    <channel site="[ENC][EX]chaines-tv.orange.fr_0" site_id="1932" xmltv_id="F3 FRANCHE COMTE">F3 FRANCHE COMTE</channel>
    <channel site="[ENC][EX]chaines-tv.orange.fr_0" site_id="1933" xmltv_id="F3 HAUTE NORMANDIE">F3 HAUTE NORMANDIE</channel>
    <channel site="[ENC][EX]chaines-tv.orange.fr_0" site_id="1934" xmltv_id="F3 LANGUEDOC">F3 LANGUEDOC</channel>
    <channel site="[ENC][EX]chaines-tv.orange.fr_0" site_id="1935" xmltv_id="F3 LIMOUSIN">F3 LIMOUSIN</channel>
    <channel site="[ENC][EX]chaines-tv.orange.fr_0" site_id="1936" xmltv_id="F3 LORRAINE">F3 LORRAINE</channel>
    <channel site="[ENC][EX]chaines-tv.orange.fr_0" site_id="1937" xmltv_id="F3 MIDI PYRENEES">F3 MIDI PYRENEES</channel>
    <channel site="[ENC][EX]chaines-tv.orange.fr_0" site_id="1938" xmltv_id="F3 NORD P CALAIS">F3 NORD P CALAIS</channel>
    <channel site="[ENC][EX]chaines-tv.orange.fr_0" site_id="1939" xmltv_id="F3 PARIS IDF">F3 PARIS IDF</channel>
    <channel site="[ENC][EX]chaines-tv.orange.fr_0" site_id="1940" xmltv_id="F3 PAYS DE LA LOIRE">F3 PAYS DE LA LOIRE</channel>
    <channel site="[ENC][EX]chaines-tv.orange.fr_0" site_id="1941" xmltv_id="F3 PICARDIE">F3 PICARDIE</channel>
    <channel site="[ENC][EX]chaines-tv.orange.fr_0" site_id="1942" xmltv_id="F3 POITOU CHARENTES">F3 POITOU CHARENTES</channel>
    <channel site="[ENC][EX]chaines-tv.orange.fr_0" site_id="1943" xmltv_id="F3 PROVENCE ALPES">F3 PROVENCE ALPES</channel>
    <channel site="[ENC][EX]chaines-tv.orange.fr_0" site_id="1944" xmltv_id="F3 RHONE ALPES">F3 RHONE ALPES</channel>
    <channel site="[ENC][EX]chaines-tv.orange.fr_0" site_id="3786" xmltv_id="TV MONACO">TV MONACO</channel>
    <channel site="[ENC][EX]chaines-tv.orange.fr_0" site_id="18" xmltv_id="BBC ENTERTAINMENT">BBC ENTERTAINMENT</channel>
    <channel site="[ENC][EX]chaines-tv.orange.fr_0" site_id="2169" xmltv_id="TCM CINEMA ANGLAIS">TCM CINEMA ANGLAIS</channel>
    <channel site="[ENC][EX]chaines-tv.orange.fr_0" site_id="2168" xmltv_id="BOOMERANG ANGLAIS">BOOMERANG ANGLAIS</channel>
    <channel site="[ENC][EX]chaines-tv.orange.fr_0" site_id="208" xmltv_id="TVE INTERNACIONAL">TVE INTERNACIONAL</channel>
    <channel site="[ENC][EX]chaines-tv.orange.fr_0" site_id="169" xmltv_id="RTPI">RTPI</channel>
    <channel site="[ENC][EX]chaines-tv.orange.fr_0" site_id="156" xmltv_id="RAIUNO">RAIUNO</channel>
    <channel site="[ENC][EX]chaines-tv.orange.fr_0" site_id="154" xmltv_id="RAIDUE">RAIDUE</channel>
    <channel site="[ENC][EX]chaines-tv.orange.fr_0" site_id="155" xmltv_id="RAITRE">RAITRE</channel>
    <channel site="[ENC][EX]chaines-tv.orange.fr_0" site_id="1129" xmltv_id="RAINEWS24">RAINEWS24</channel>
    <channel site="[ENC][EX]chaines-tv.orange.fr_0" site_id="340" xmltv_id="2M MONDE">2M MONDE</channel>
    <channel site="[ENC][EX]chaines-tv.orange.fr_0" site_id="1133" xmltv_id="ACCES LIMITE">ACCES LIMITE</channel>
    <channel site="[ENC][EX]chaines-tv.orange.fr_0" site_id="2913" xmltv_id="NCI">NCI</channel>
    <channel site="[ENC][EX]chaines-tv.orange.fr_0" site_id="1832" xmltv_id="NOVELAS TV">NOVELAS TV</channel>
    <channel site="[ENC][EX]chaines-tv.orange.fr_0" site_id="1461" xmltv_id="NOLLYWOOD">NOLLYWOOD</channel>
    <channel site="[ENC][EX]chaines-tv.orange.fr_0" site_id="2908" xmltv_id="SUNU YEUF">SUNU YEUF</channel>
    <channel site="[ENC][EX]chaines-tv.orange.fr_0" site_id="2527" xmltv_id="ACCES LIMITE">ACCES LIMITE</channel>
    <channel site="[ENC][EX]chaines-tv.orange.fr_0" site_id="3301" xmltv_id="ACCES LIMITE">ACCES LIMITE</channel>
  </channels>
</site>