<?xml version="1.0" encoding="UTF-8"?>
<site generator-info-name="Tempest EPG Generator (made by Kvanc)" generator-info-url="https://github.com/K-vanc/Tempest-EPG-Generator.git" site="tv-programme.telecablesat.fr_0">
  <channels>
    <channel site="tv-programme.telecablesat.fr_0" site_id="13eme-rue||2" xmltv_id="13eme RUE">13eme RUE</channel>
    <channel site="tv-programme.telecablesat.fr_0" site_id="2m-monde||340" xmltv_id="2M Monde">2M Monde</channel>
    <channel site="tv-programme.telecablesat.fr_0" site_id="3sat||3" xmltv_id="3SAT">3SAT</channel>
    <channel site="tv-programme.telecablesat.fr_0" site_id="6ter||1403" xmltv_id="6ter">6ter</channel>
    <channel site="tv-programme.telecablesat.fr_0" site_id="8-mont-blanc||421" xmltv_id="8 Mont-Blanc">8 Mont-Blanc</channel>
    <channel site="tv-programme.telecablesat.fr_0" site_id="a-international-france||2049" xmltv_id="A+ International France">A+ International France</channel>
    <channel site="tv-programme.telecablesat.fr_0" site_id="ab-1||5" xmltv_id="AB 1">AB 1</channel>
    <channel site="tv-programme.telecablesat.fr_0" site_id="ab-3||254" xmltv_id="AB 3">AB 3</channel>
    <channel site="tv-programme.telecablesat.fr_0" site_id="abxplore||303" xmltv_id="ABXPLORE">ABXPLORE</channel>
    <channel site="tv-programme.telecablesat.fr_0" site_id="action||10" xmltv_id="Action">Action</channel>
    <channel site="tv-programme.telecablesat.fr_0" site_id="actv||388" xmltv_id="ACTV">ACTV</channel>
    <channel site="tv-programme.telecablesat.fr_0" site_id="al-jazeera-english||525" xmltv_id="Al Jazeera English">Al Jazeera English</channel>
    <channel site="tv-programme.telecablesat.fr_0" site_id="animaux||12" xmltv_id="Animaux">Animaux</channel>
    <channel site="tv-programme.telecablesat.fr_0" site_id="antenne-reunion||436" xmltv_id="Antenne Réunion">Antenne Réunion</channel>
    <channel site="tv-programme.telecablesat.fr_0" site_id="arte||111" xmltv_id="Arte">Arte</channel>
    <channel site="tv-programme.telecablesat.fr_0" site_id="atv-guadeloupe||1140" xmltv_id="ATV Guadeloupe">ATV Guadeloupe</channel>
    <channel site="tv-programme.telecablesat.fr_0" site_id="atv-guyane||1531" xmltv_id="ATV Guyane">ATV Guyane</channel>
    <channel site="tv-programme.telecablesat.fr_0" site_id="atv-martinique||295" xmltv_id="ATV Martinique">ATV Martinique</channel>
    <channel site="tv-programme.telecablesat.fr_0" site_id="automoto||15" xmltv_id="Automoto">Automoto</channel>
    <channel site="tv-programme.telecablesat.fr_0" site_id="bbc-1||16" xmltv_id="BBC 1">BBC 1</channel>
    <channel site="tv-programme.telecablesat.fr_0" site_id="bbc-2||17" xmltv_id="BBC 2">BBC 2</channel>
    <channel site="tv-programme.telecablesat.fr_0" site_id="bbc-entertainment||18" xmltv_id="BBC Entertainment">BBC Entertainment</channel>
    <channel site="tv-programme.telecablesat.fr_0" site_id="bbc-world-news||19" xmltv_id="BBC World News">BBC World News</channel>
    <channel site="tv-programme.telecablesat.fr_0" site_id="be-1||29" xmltv_id="BE 1">BE 1</channel>
    <channel site="tv-programme.telecablesat.fr_0" site_id="be-cine||417" xmltv_id="Be Ciné">Be Ciné</channel>
    <channel site="tv-programme.telecablesat.fr_0" site_id="be-series||418" xmltv_id="Be Séries">Be Séries</channel>
    <channel site="tv-programme.telecablesat.fr_0" site_id="bein-sports-1||1290" xmltv_id="beIN SPORTS 1">beIN SPORTS 1</channel>
    <channel site="tv-programme.telecablesat.fr_0" site_id="bein-sports-2||1304" xmltv_id="beIN SPORTS 2">beIN SPORTS 2</channel>
    <channel site="tv-programme.telecablesat.fr_0" site_id="bein-sports-3||1335" xmltv_id="beIN SPORTS 3">beIN SPORTS 3</channel>
    <channel site="tv-programme.telecablesat.fr_0" site_id="bein-sports-max-10||1342" xmltv_id="beIN SPORTS MAX 10">beIN SPORTS MAX 10</channel>
    <channel site="tv-programme.telecablesat.fr_0" site_id="bein-sports-max-4||1336" xmltv_id="beIN SPORTS MAX 4">beIN SPORTS MAX 4</channel>
    <channel site="tv-programme.telecablesat.fr_0" site_id="bein-sports-max-5||1337" xmltv_id="beIN SPORTS MAX 5">beIN SPORTS MAX 5</channel>
    <channel site="tv-programme.telecablesat.fr_0" site_id="bein-sports-max-6||1338" xmltv_id="beIN SPORTS MAX 6">beIN SPORTS MAX 6</channel>
    <channel site="tv-programme.telecablesat.fr_0" site_id="bein-sports-max-7||1339" xmltv_id="beIN SPORTS MAX 7">beIN SPORTS MAX 7</channel>
    <channel site="tv-programme.telecablesat.fr_0" site_id="bein-sports-max-8||1340" xmltv_id="beIN SPORTS MAX 8">beIN SPORTS MAX 8</channel>
    <channel site="tv-programme.telecablesat.fr_0" site_id="bein-sports-max-9||1341" xmltv_id="beIN SPORTS MAX 9">beIN SPORTS MAX 9</channel>
    <channel site="tv-programme.telecablesat.fr_0" site_id="bet||1960" xmltv_id="BET">BET</channel>
    <channel site="tv-programme.telecablesat.fr_0" site_id="bfm-business||1073" xmltv_id="BFM Business">BFM Business</channel>
    <channel site="tv-programme.telecablesat.fr_0" site_id="bfm-grand-lille||930" xmltv_id="BFM Grand Lille">BFM Grand Lille</channel>
    <channel site="tv-programme.telecablesat.fr_0" site_id="bfm-lyon-metropole||116" xmltv_id="BFM Lyon Métropole">BFM Lyon Métropole</channel>
    <channel site="tv-programme.telecablesat.fr_0" site_id="bfmtv||481" xmltv_id="BFMTV">BFMTV</channel>
    <channel site="tv-programme.telecablesat.fr_0" site_id="boomerang||321" xmltv_id="Boomerang">Boomerang</channel>
    <channel site="tv-programme.telecablesat.fr_0" site_id="bx1||382" xmltv_id="BX1">BX1</channel>
    <channel site="tv-programme.telecablesat.fr_0" site_id="c8||445" xmltv_id="C8">C8</channel>
    <channel site="tv-programme.telecablesat.fr_0" site_id="canal-c||389" xmltv_id="Canal C">Canal C</channel>
    <channel site="tv-programme.telecablesat.fr_0" site_id="canal-j||32" xmltv_id="Canal J">Canal J</channel>
    <channel site="tv-programme.telecablesat.fr_0" site_id="canal-z||936" xmltv_id="Canal Z">Canal Z</channel>
    <channel site="tv-programme.telecablesat.fr_0" site_id="canal-zoom||386" xmltv_id="Canal Zoom">Canal Zoom</channel>
    <channel site="tv-programme.telecablesat.fr_0" site_id="canal||34" xmltv_id="Canal+">Canal+</channel>
    <channel site="tv-programme.telecablesat.fr_0" site_id="canal-antilles||376" xmltv_id="Canal+ Antilles">Canal+ Antilles</channel>
    <channel site="tv-programme.telecablesat.fr_0" site_id="canal-cinema-s||33" xmltv_id="Canal+ Cinéma(s)">Canal+ Cinéma(s)</channel>
    <channel site="tv-programme.telecablesat.fr_0" site_id="canal-docs||3347" xmltv_id="Canal+ DOCS">Canal+ DOCS</channel>
    <channel site="tv-programme.telecablesat.fr_0" site_id="canal-grand-ecran||3349" xmltv_id="Canal+ Grand Ecran">Canal+ Grand Ecran</channel>
    <channel site="tv-programme.telecablesat.fr_0" site_id="canal-kids||657" xmltv_id="Canal+ KIDS">Canal+ KIDS</channel>
    <channel site="tv-programme.telecablesat.fr_0" site_id="canal-series||1563" xmltv_id="Canal+ Séries">Canal+ Séries</channel>
    <channel site="tv-programme.telecablesat.fr_0" site_id="canal-sport||35" xmltv_id="Canal+ Sport">Canal+ Sport</channel>
    <channel site="tv-programme.telecablesat.fr_0" site_id="canvas||24" xmltv_id="Canvas">Canvas</channel>
    <channel site="tv-programme.telecablesat.fr_0" site_id="cartoon-network||36" xmltv_id="Cartoon Network">Cartoon Network</channel>
    <channel site="tv-programme.telecablesat.fr_0" site_id="cgtn||318" xmltv_id="CGTN">CGTN</channel>
    <channel site="tv-programme.telecablesat.fr_0" site_id="chasse-et-peche||38" xmltv_id="Chasse et pêche">Chasse et pêche</channel>
    <channel site="tv-programme.telecablesat.fr_0" site_id="cherie-25||1399" xmltv_id="Chérie 25">Chérie 25</channel>
    <channel site="tv-programme.telecablesat.fr_0" site_id="cine-classic||287" xmltv_id="Ciné+ Classic">Ciné+ Classic</channel>
    <channel site="tv-programme.telecablesat.fr_0" site_id="cine-classic-belgique||437" xmltv_id="Ciné+ Classic Belgique">Ciné+ Classic Belgique</channel>
    <channel site="tv-programme.telecablesat.fr_0" site_id="cine-club||285" xmltv_id="Ciné+ Club">Ciné+ Club</channel>
    <channel site="tv-programme.telecablesat.fr_0" site_id="cine-emotion||283" xmltv_id="Ciné+ Emotion">Ciné+ Emotion</channel>
    <channel site="tv-programme.telecablesat.fr_0" site_id="cine-famiz||401" xmltv_id="Ciné+ Famiz">Ciné+ Famiz</channel>
    <channel site="tv-programme.telecablesat.fr_0" site_id="cine-frisson||284" xmltv_id="Ciné+ Frisson">Ciné+ Frisson</channel>
    <channel site="tv-programme.telecablesat.fr_0" site_id="cine-frisson-belgique||317" xmltv_id="Ciné+ Frisson Belgique">Ciné+ Frisson Belgique</channel>
    <channel site="tv-programme.telecablesat.fr_0" site_id="cine-premier||282" xmltv_id="Ciné+ Premier">Ciné+ Premier</channel>
    <channel site="tv-programme.telecablesat.fr_0" site_id="cine-premier-belgique||294" xmltv_id="Ciné+ Premier Belgique">Ciné+ Premier Belgique</channel>
    <channel site="tv-programme.telecablesat.fr_0" site_id="cnews||226" xmltv_id="CNEWS">CNEWS</channel>
    <channel site="tv-programme.telecablesat.fr_0" site_id="cnn||53" xmltv_id="CNN">CNN</channel>
    <channel site="tv-programme.telecablesat.fr_0" site_id="comedie||54" xmltv_id="Comédie+">Comédie+</channel>
    <channel site="tv-programme.telecablesat.fr_0" site_id="comedy-central||2752" xmltv_id="Comedy Central">Comedy Central</channel>
    <channel site="tv-programme.telecablesat.fr_0" site_id="crime-district||2037" xmltv_id="Crime District">Crime District</channel>
    <channel site="tv-programme.telecablesat.fr_0" site_id="cstar||458" xmltv_id="CSTAR">CSTAR</channel>
    <channel site="tv-programme.telecablesat.fr_0" site_id="das-erste||13" xmltv_id="Das Erste">Das Erste</channel>
    <channel site="tv-programme.telecablesat.fr_0" site_id="demain-tv||57" xmltv_id="Demain TV">Demain TV</channel>
    <channel site="tv-programme.telecablesat.fr_0" site_id="discovery-channel||400" xmltv_id="Discovery Channel">Discovery Channel</channel>
    <channel site="tv-programme.telecablesat.fr_0" site_id="discovery-investigation||2184" xmltv_id="Discovery Investigation">Discovery Investigation</channel>
    <channel site="tv-programme.telecablesat.fr_0" site_id="discovery-science||1374" xmltv_id="Discovery Science">Discovery Science</channel>
    <channel site="tv-programme.telecablesat.fr_0" site_id="disney-channel||58" xmltv_id="Disney Channel">Disney Channel</channel>
    <channel site="tv-programme.telecablesat.fr_0" site_id="disney-channel-wallonia||1967" xmltv_id="Disney Channel Wallonia">Disney Channel Wallonia</channel>
    <channel site="tv-programme.telecablesat.fr_0" site_id="disney-junior||300" xmltv_id="Disney Junior">Disney Junior</channel>
    <channel site="tv-programme.telecablesat.fr_0" site_id="dorcel-tv||560" xmltv_id="Dorcel TV">Dorcel TV</channel>
    <channel site="tv-programme.telecablesat.fr_0" site_id="dw-english||61" xmltv_id="DW (English)">DW (English)</channel>
    <channel site="tv-programme.telecablesat.fr_0" site_id="e||405" xmltv_id="E !">E !</channel>
    <channel site="tv-programme.telecablesat.fr_0" site_id="een||23" xmltv_id="één">één</channel>
    <channel site="tv-programme.telecablesat.fr_0" site_id="eleven-sports-1||2024" xmltv_id="Eleven Sports 1">Eleven Sports 1</channel>
    <channel site="tv-programme.telecablesat.fr_0" site_id="eleven-sports-2||2025" xmltv_id="Eleven Sports 2">Eleven Sports 2</channel>
    <channel site="tv-programme.telecablesat.fr_0" site_id="eleven-sports-3||2381" xmltv_id="Eleven Sports 3">Eleven Sports 3</channel>
    <channel site="tv-programme.telecablesat.fr_0" site_id="equidia||64" xmltv_id="Equidia">Equidia</channel>
    <channel site="tv-programme.telecablesat.fr_0" site_id="eurochannel||1190" xmltv_id="Eurochannel">Eurochannel</channel>
    <channel site="tv-programme.telecablesat.fr_0" site_id="euronews||140" xmltv_id="Euronews">Euronews</channel>
    <channel site="tv-programme.telecablesat.fr_0" site_id="eurosport-1||76" xmltv_id="Eurosport 1">Eurosport 1</channel>
    <channel site="tv-programme.telecablesat.fr_0" site_id="eurosport-2||439" xmltv_id="Eurosport 2">Eurosport 2</channel>
    <channel site="tv-programme.telecablesat.fr_0" site_id="france-2||4" xmltv_id="France 2">France 2</channel>
    <channel site="tv-programme.telecablesat.fr_0" site_id="france-24||529" xmltv_id="France 24">France 24</channel>
    <channel site="tv-programme.telecablesat.fr_0" site_id="france-3||80" xmltv_id="France 3">France 3</channel>
    <channel site="tv-programme.telecablesat.fr_0" site_id="france-3-alpes||1921" xmltv_id="France 3 Alpes">France 3 Alpes</channel>
    <channel site="tv-programme.telecablesat.fr_0" site_id="france-3-alsace||1922" xmltv_id="France 3 Alsace">France 3 Alsace</channel>
    <channel site="tv-programme.telecablesat.fr_0" site_id="france-3-aquitaine||1923" xmltv_id="France 3 Aquitaine">France 3 Aquitaine</channel>
    <channel site="tv-programme.telecablesat.fr_0" site_id="france-3-auvergne||1924" xmltv_id="France 3 Auvergne">France 3 Auvergne</channel>
    <channel site="tv-programme.telecablesat.fr_0" site_id="france-3-bourgogne||1926" xmltv_id="France 3 Bourgogne">France 3 Bourgogne</channel>
    <channel site="tv-programme.telecablesat.fr_0" site_id="france-3-bretagne||1927" xmltv_id="France 3 Bretagne">France 3 Bretagne</channel>
    <channel site="tv-programme.telecablesat.fr_0" site_id="france-3-centre-val-de-loire||1928" xmltv_id="France 3 Centre-Val de Loire">France 3 Centre-Val de Loire</channel>
    <channel site="tv-programme.telecablesat.fr_0" site_id="france-3-champagne-ardennes||1929" xmltv_id="France 3 Champagne-Ardennes">France 3 Champagne-Ardennes</channel>
    <channel site="tv-programme.telecablesat.fr_0" site_id="france-3-corse-via-stella||308" xmltv_id="France 3 Corse Via Stella">France 3 Corse Via Stella</channel>
    <channel site="tv-programme.telecablesat.fr_0" site_id="france-3-cote-d-azur||1931" xmltv_id="France 3 Côte d'Azur">France 3 Côte d'Azur</channel>
    <channel site="tv-programme.telecablesat.fr_0" site_id="france-3-franche-comte||1932" xmltv_id="France 3 Franche-Comté">France 3 Franche-Comté</channel>
    <channel site="tv-programme.telecablesat.fr_0" site_id="france-3-languedoc-roussillon||1934" xmltv_id="France 3 Languedoc-Roussillon">France 3 Languedoc-Roussillon</channel>
    <channel site="tv-programme.telecablesat.fr_0" site_id="france-3-limousin||1935" xmltv_id="France 3 Limousin">France 3 Limousin</channel>
    <channel site="tv-programme.telecablesat.fr_0" site_id="france-3-lorraine||1936" xmltv_id="France 3 Lorraine">France 3 Lorraine</channel>
    <channel site="tv-programme.telecablesat.fr_0" site_id="france-3-midi-pyrenees||1937" xmltv_id="France 3 Midi-Pyrénées">France 3 Midi-Pyrénées</channel>
    <channel site="tv-programme.telecablesat.fr_0" site_id="france-3-nord-pas-de-calais||1938" xmltv_id="France 3 Nord Pas-de-Calais">France 3 Nord Pas-de-Calais</channel>
    <channel site="tv-programme.telecablesat.fr_0" site_id="france-3-normandie-caen||1925" xmltv_id="France 3 Normandie - Caen">France 3 Normandie - Caen</channel>
    <channel site="tv-programme.telecablesat.fr_0" site_id="france-3-normandie-rouen||1933" xmltv_id="France 3 Normandie - Rouen">France 3 Normandie - Rouen</channel>
    <channel site="tv-programme.telecablesat.fr_0" site_id="france-3-paris-ile-de-france||1939" xmltv_id="France 3 Paris Ile-de-France">France 3 Paris Ile-de-France</channel>
    <channel site="tv-programme.telecablesat.fr_0" site_id="france-3-pays-de-la-loire||1940" xmltv_id="France 3 Pays de la Loire">France 3 Pays de la Loire</channel>
    <channel site="tv-programme.telecablesat.fr_0" site_id="france-3-picardie||1941" xmltv_id="France 3 Picardie">France 3 Picardie</channel>
    <channel site="tv-programme.telecablesat.fr_0" site_id="france-3-poitou-charentes||1942" xmltv_id="France 3 Poitou-Charentes">France 3 Poitou-Charentes</channel>
    <channel site="tv-programme.telecablesat.fr_0" site_id="france-3-provence-alpes||1943" xmltv_id="France 3 Provence-Alpes">France 3 Provence-Alpes</channel>
    <channel site="tv-programme.telecablesat.fr_0" site_id="france-3-rhone-alpes||1944" xmltv_id="France 3 Rhône-Alpes">France 3 Rhône-Alpes</channel>
    <channel site="tv-programme.telecablesat.fr_0" site_id="france-4||78" xmltv_id="France 4">France 4</channel>
    <channel site="tv-programme.telecablesat.fr_0" site_id="france-5||47" xmltv_id="France 5">France 5</channel>
    <channel site="tv-programme.telecablesat.fr_0" site_id="franceinfo||2111" xmltv_id="Franceinfo">Franceinfo</channel>
    <channel site="tv-programme.telecablesat.fr_0" site_id="game-one||87" xmltv_id="Game One">Game One</channel>
    <channel site="tv-programme.telecablesat.fr_0" site_id="golf-channel||1166" xmltv_id="Golf Channel">Golf Channel</channel>
    <channel site="tv-programme.telecablesat.fr_0" site_id="golf||1295" xmltv_id="Golf+">Golf+</channel>
    <channel site="tv-programme.telecablesat.fr_0" site_id="guadeloupe-la-1ere||329" xmltv_id="Guadeloupe la 1ère">Guadeloupe la 1ère</channel>
    <channel site="tv-programme.telecablesat.fr_0" site_id="gulli||482" xmltv_id="Gulli">Gulli</channel>
    <channel site="tv-programme.telecablesat.fr_0" site_id="guyane-la-1ere||260" xmltv_id="Guyane la 1ère">Guyane la 1ère</channel>
    <channel site="tv-programme.telecablesat.fr_0" site_id="histoire-tv||88" xmltv_id="Histoire TV">Histoire TV</channel>
    <channel site="tv-programme.telecablesat.fr_0" site_id="hustler-tv||416" xmltv_id="Hustler TV">Hustler TV</channel>
    <channel site="tv-programme.telecablesat.fr_0" site_id="i24news||781" xmltv_id="I24news">I24news</channel>
    <channel site="tv-programme.telecablesat.fr_0" site_id="infosport||94" xmltv_id="Infosport+">Infosport+</channel>
    <channel site="tv-programme.telecablesat.fr_0" site_id="j-one||1585" xmltv_id="J-One">J-One</channel>
    <channel site="tv-programme.telecablesat.fr_0" site_id="ketnet||1280" xmltv_id="Ketnet">Ketnet</channel>
    <channel site="tv-programme.telecablesat.fr_0" site_id="kto||110" xmltv_id="KTO">KTO</channel>
    <channel site="tv-programme.telecablesat.fr_0" site_id="l-equipe||1401" xmltv_id="L'Equipe">L'Equipe</channel>
    <channel site="tv-programme.telecablesat.fr_0" site_id="la-chaine-parlementaire||234" xmltv_id="La Chaîne parlementaire">La Chaîne parlementaire</channel>
    <channel site="tv-programme.telecablesat.fr_0" site_id="la-trois||892" xmltv_id="La Trois">La Trois</channel>
    <channel site="tv-programme.telecablesat.fr_0" site_id="la-une||164" xmltv_id="La Une">La Une</channel>
    <channel site="tv-programme.telecablesat.fr_0" site_id="lci-la-chaine-info||112" xmltv_id="LCI - La Chaîne Info">LCI - La Chaîne Info</channel>
    <channel site="tv-programme.telecablesat.fr_0" site_id="m6||118" xmltv_id="M6">M6</channel>
    <channel site="tv-programme.telecablesat.fr_0" site_id="man-x||683" xmltv_id="Man-X">Man-X</channel>
    <channel site="tv-programme.telecablesat.fr_0" site_id="mangas||6" xmltv_id="Mangas">Mangas</channel>
    <channel site="tv-programme.telecablesat.fr_0" site_id="martinique-la-1ere||328" xmltv_id="Martinique la 1ère">Martinique la 1ère</channel>
    <channel site="tv-programme.telecablesat.fr_0" site_id="matele||393" xmltv_id="MAtélé">MAtélé</channel>
    <channel site="tv-programme.telecablesat.fr_0" site_id="mayotte-la-1ere||1080" xmltv_id="Mayotte la 1ère">Mayotte la 1ère</channel>
    <channel site="tv-programme.telecablesat.fr_0" site_id="mcm||121" xmltv_id="MCM">MCM</channel>
    <channel site="tv-programme.telecablesat.fr_0" site_id="melody||265" xmltv_id="Melody">Melody</channel>
    <channel site="tv-programme.telecablesat.fr_0" site_id="melody-d-afrique||2321" xmltv_id="Melody d'Afrique">Melody d'Afrique</channel>
    <channel site="tv-programme.telecablesat.fr_0" site_id="men-s-up-tv||1452" xmltv_id="Men's UP TV">Men's UP TV</channel>
    <channel site="tv-programme.telecablesat.fr_0" site_id="mezzo||125" xmltv_id="Mezzo">Mezzo</channel>
    <channel site="tv-programme.telecablesat.fr_0" site_id="mezzo-live-hd||907" xmltv_id="Mezzo Live HD">Mezzo Live HD</channel>
    <channel site="tv-programme.telecablesat.fr_0" site_id="mtv||128" xmltv_id="MTV">MTV</channel>
    <channel site="tv-programme.telecablesat.fr_0" site_id="museum-tv||1072" xmltv_id="Museum TV">Museum TV</channel>
    <channel site="tv-programme.telecablesat.fr_0" site_id="myzen-tv||829" xmltv_id="MyZen.tv">MyZen.tv</channel>
    <channel site="tv-programme.telecablesat.fr_0" site_id="national-geographic||243" xmltv_id="National Geographic">National Geographic</channel>
    <channel site="tv-programme.telecablesat.fr_0" site_id="national-geographic-wild||719" xmltv_id="National Geographic Wild">National Geographic Wild</channel>
    <channel site="tv-programme.telecablesat.fr_0" site_id="nautical-channel||415" xmltv_id="Nautical Channel">Nautical Channel</channel>
    <channel site="tv-programme.telecablesat.fr_0" site_id="nick-jr||832" xmltv_id="Nick Jr">Nick Jr</channel>
    <channel site="tv-programme.telecablesat.fr_0" site_id="nickelodeon||473" xmltv_id="Nickelodéon">Nickelodéon</channel>
    <channel site="tv-programme.telecablesat.fr_0" site_id="nickelodeon-junior||888" xmltv_id="Nickelodeon Junior">Nickelodeon Junior</channel>
    <channel site="tv-programme.telecablesat.fr_0" site_id="nickelodeon-wallonia||1968" xmltv_id="Nickelodéon Wallonia">Nickelodéon Wallonia</channel>
    <channel site="tv-programme.telecablesat.fr_0" site_id="nollywood-tv||1461" xmltv_id="Nollywood TV">Nollywood TV</channel>
    <channel site="tv-programme.telecablesat.fr_0" site_id="notele||1833" xmltv_id="NoTélé">NoTélé</channel>
    <channel site="tv-programme.telecablesat.fr_0" site_id="nouvelle-caledonie-la-1ere||240" xmltv_id="Nouvelle-Calédonie la 1ère">Nouvelle-Calédonie la 1ère</channel>
    <channel site="tv-programme.telecablesat.fr_0" site_id="novelas-tv||1832" xmltv_id="Novelas TV">Novelas TV</channel>
    <channel site="tv-programme.telecablesat.fr_0" site_id="nrj-12||444" xmltv_id="NRJ 12">NRJ 12</channel>
    <channel site="tv-programme.telecablesat.fr_0" site_id="ocs-city||733" xmltv_id="OCS City">OCS City</channel>
    <channel site="tv-programme.telecablesat.fr_0" site_id="ocs-geants||734" xmltv_id="OCS Géants">OCS Géants</channel>
    <channel site="tv-programme.telecablesat.fr_0" site_id="ocs-max||730" xmltv_id="OCS Max">OCS Max</channel>
    <channel site="tv-programme.telecablesat.fr_0" site_id="ocs-pulp||732" xmltv_id="OCS Pulp">OCS Pulp</channel>
    <channel site="tv-programme.telecablesat.fr_0" site_id="oltv||463" xmltv_id="OLTV">OLTV</channel>
    <channel site="tv-programme.telecablesat.fr_0" site_id="olympia-tv||2958" xmltv_id="Olympia TV">Olympia TV</channel>
    <channel site="tv-programme.telecablesat.fr_0" site_id="paramount-channel||1562" xmltv_id="Paramount Channel">Paramount Channel</channel>
    <channel site="tv-programme.telecablesat.fr_0" site_id="paris-premiere||145" xmltv_id="Paris Première">Paris Première</channel>
    <channel site="tv-programme.telecablesat.fr_0" site_id="pink-tv||406" xmltv_id="Pink TV">Pink TV</channel>
    <channel site="tv-programme.telecablesat.fr_0" site_id="piwi||344" xmltv_id="Piwi+">Piwi+</channel>
    <channel site="tv-programme.telecablesat.fr_0" site_id="planete||147" xmltv_id="Planète+">Planète+</channel>
    <channel site="tv-programme.telecablesat.fr_0" site_id="planete-aventure-experience||402" xmltv_id="Planète+ Aventure &amp; Expérience">Planète+ Aventure &amp; Expérience</channel>
    <channel site="tv-programme.telecablesat.fr_0" site_id="planete-crime-investigation||662" xmltv_id="Planète+ Crime Investigation">Planète+ Crime Investigation</channel>
    <channel site="tv-programme.telecablesat.fr_0" site_id="polar||2326" xmltv_id="Polar+">Polar+</channel>
    <channel site="tv-programme.telecablesat.fr_0" site_id="pro7||964" xmltv_id="Pro7">Pro7</channel>
    <channel site="tv-programme.telecablesat.fr_0" site_id="proximus-11||1075" xmltv_id="Proximus 11">Proximus 11</channel>
    <channel site="tv-programme.telecablesat.fr_0" site_id="rai-due||154" xmltv_id="Rai Due">Rai Due</channel>
    <channel site="tv-programme.telecablesat.fr_0" site_id="rai-tre||155" xmltv_id="Rai Tre">Rai Tre</channel>
    <channel site="tv-programme.telecablesat.fr_0" site_id="rai-uno||156" xmltv_id="Rai Uno">Rai Uno</channel>
    <channel site="tv-programme.telecablesat.fr_0" site_id="reunion-la-1ere||245" xmltv_id="Réunion la 1ère">Réunion la 1ère</channel>
    <channel site="tv-programme.telecablesat.fr_0" site_id="rmc-decouverte||1400" xmltv_id="RMC Découverte">RMC Découverte</channel>
    <channel site="tv-programme.telecablesat.fr_0" site_id="rmc-sport-1||2665" xmltv_id="RMC Sport 1">RMC Sport 1</channel>
    <channel site="tv-programme.telecablesat.fr_0" site_id="rmc-sport-1-uhd||2029" xmltv_id="RMC Sport 1 UHD">RMC Sport 1 UHD</channel>
    <channel site="tv-programme.telecablesat.fr_0" site_id="rmc-sport-2||2666" xmltv_id="RMC Sport 2">RMC Sport 2</channel>
    <channel site="tv-programme.telecablesat.fr_0" site_id="rmc-sport-access-1||2095" xmltv_id="RMC Sport Access 1">RMC Sport Access 1</channel>
    <channel site="tv-programme.telecablesat.fr_0" site_id="rmc-sport-live-10||2673" xmltv_id="RMC Sport Live 10">RMC Sport Live 10</channel>
    <channel site="tv-programme.telecablesat.fr_0" site_id="rmc-sport-live-11||2674" xmltv_id="RMC Sport Live 11">RMC Sport Live 11</channel>
    <channel site="tv-programme.telecablesat.fr_0" site_id="rmc-sport-live-12||2675" xmltv_id="RMC Sport Live 12">RMC Sport Live 12</channel>
    <channel site="tv-programme.telecablesat.fr_0" site_id="rmc-sport-live-13||2676" xmltv_id="RMC Sport Live 13">RMC Sport Live 13</channel>
    <channel site="tv-programme.telecablesat.fr_0" site_id="rmc-sport-live-14||2677" xmltv_id="RMC Sport Live 14">RMC Sport Live 14</channel>
    <channel site="tv-programme.telecablesat.fr_0" site_id="rmc-sport-live-5||2668" xmltv_id="RMC Sport Live 5">RMC Sport Live 5</channel>
    <channel site="tv-programme.telecablesat.fr_0" site_id="rmc-sport-live-6||2669" xmltv_id="RMC Sport Live 6">RMC Sport Live 6</channel>
    <channel site="tv-programme.telecablesat.fr_0" site_id="rmc-sport-live-7||2670" xmltv_id="RMC Sport Live 7">RMC Sport Live 7</channel>
    <channel site="tv-programme.telecablesat.fr_0" site_id="rmc-sport-live-8||2671" xmltv_id="RMC Sport Live 8">RMC Sport Live 8</channel>
    <channel site="tv-programme.telecablesat.fr_0" site_id="rmc-sport-live-9||2672" xmltv_id="RMC Sport Live 9">RMC Sport Live 9</channel>
    <channel site="tv-programme.telecablesat.fr_0" site_id="rmc-story||1402" xmltv_id="RMC Story">RMC Story</channel>
    <channel site="tv-programme.telecablesat.fr_0" site_id="rouge-tv||822" xmltv_id="Rouge TV">Rouge TV</channel>
    <channel site="tv-programme.telecablesat.fr_0" site_id="rsi-la-1||200" xmltv_id="RSI LA 1">RSI LA 1</channel>
    <channel site="tv-programme.telecablesat.fr_0" site_id="rsi-la-2||201" xmltv_id="RSI LA 2">RSI LA 2</channel>
    <channel site="tv-programme.telecablesat.fr_0" site_id="rtc-tele-liege||390" xmltv_id="RTC Télé Liège">RTC Télé Liège</channel>
    <channel site="tv-programme.telecablesat.fr_0" site_id="rtl-9||115" xmltv_id="RTL 9">RTL 9</channel>
    <channel site="tv-programme.telecablesat.fr_0" site_id="rtl-club||50" xmltv_id="RTL Club">RTL Club</channel>
    <channel site="tv-programme.telecablesat.fr_0" site_id="rtl-plug||377" xmltv_id="RTL Plug">RTL Plug</channel>
    <channel site="tv-programme.telecablesat.fr_0" site_id="rtl-tvi||168" xmltv_id="RTL TVI">RTL TVI</channel>
    <channel site="tv-programme.telecablesat.fr_0" site_id="rtpi||169" xmltv_id="RTPI">RTPI</channel>
    <channel site="tv-programme.telecablesat.fr_0" site_id="rts-1||202" xmltv_id="RTS 1">RTS 1</channel>
    <channel site="tv-programme.telecablesat.fr_0" site_id="rts-2||183" xmltv_id="RTS 2">RTS 2</channel>
    <channel site="tv-programme.telecablesat.fr_0" site_id="saint-pierre-et-miquelon-la-1ere||1094" xmltv_id="Saint-Pierre et Miquelon la 1ère">Saint-Pierre et Miquelon la 1ère</channel>
    <channel site="tv-programme.telecablesat.fr_0" site_id="science-vie-tv||63" xmltv_id="Science &amp; Vie TV">Science &amp; Vie TV</channel>
    <channel site="tv-programme.telecablesat.fr_0" site_id="seasons||173" xmltv_id="Seasons">Seasons</channel>
    <channel site="tv-programme.telecablesat.fr_0" site_id="serieclub||49" xmltv_id="serieclub">serieclub</channel>
    <channel site="tv-programme.telecablesat.fr_0" site_id="stingray-brava||835" xmltv_id="Stingray Brava">Stingray Brava</channel>
    <channel site="tv-programme.telecablesat.fr_0" site_id="stingray-djazz||1357" xmltv_id="Stingray Djazz">Stingray Djazz</channel>
    <channel site="tv-programme.telecablesat.fr_0" site_id="stingray-festival-4k||2090" xmltv_id="Stingray Festival 4K">Stingray Festival 4K</channel>
    <channel site="tv-programme.telecablesat.fr_0" site_id="syfy||479" xmltv_id="Syfy">Syfy</channel>
    <channel site="tv-programme.telecablesat.fr_0" site_id="tcm-cinema||185" xmltv_id="TCM Cinéma">TCM Cinéma</channel>
    <channel site="tv-programme.telecablesat.fr_0" site_id="tele-mb||387" xmltv_id="Télé MB">Télé MB</channel>
    <channel site="tv-programme.telecablesat.fr_0" site_id="tele-sambre||383" xmltv_id="Télé Sambre">Télé Sambre</channel>
    <channel site="tv-programme.telecablesat.fr_0" site_id="telenantes||491" xmltv_id="Télénantes">Télénantes</channel>
    <channel site="tv-programme.telecablesat.fr_0" site_id="teletoon||197" xmltv_id="TéléToon+">TéléToon+</channel>
    <channel site="tv-programme.telecablesat.fr_0" site_id="teva||191" xmltv_id="Téva">Téva</channel>
    <channel site="tv-programme.telecablesat.fr_0" site_id="tf1||192" xmltv_id="TF1">TF1</channel>
    <channel site="tv-programme.telecablesat.fr_0" site_id="tf1-series-films||1404" xmltv_id="TF1 Séries Films">TF1 Séries Films</channel>
    <channel site="tv-programme.telecablesat.fr_0" site_id="tfx||446" xmltv_id="TFX">TFX</channel>
    <channel site="tv-programme.telecablesat.fr_0" site_id="tiji||229" xmltv_id="TIJI">TIJI</channel>
    <channel site="tv-programme.telecablesat.fr_0" site_id="tipik||187" xmltv_id="Tipik">Tipik</channel>
    <channel site="tv-programme.telecablesat.fr_0" site_id="tmc||195" xmltv_id="TMC">TMC</channel>
    <channel site="tv-programme.telecablesat.fr_0" site_id="toute-l-histoire||7" xmltv_id="Toute l'histoire">Toute l'histoire</channel>
    <channel site="tv-programme.telecablesat.fr_0" site_id="trace-sport-stars||1168" xmltv_id="TRACE Sport Stars">TRACE Sport Stars</channel>
    <channel site="tv-programme.telecablesat.fr_0" site_id="trek||1776" xmltv_id="Trek">Trek</channel>
    <channel site="tv-programme.telecablesat.fr_0" site_id="tv-com||385" xmltv_id="TV COM">TV COM</channel>
    <channel site="tv-programme.telecablesat.fr_0" site_id="tv-lux||392" xmltv_id="TV Lux">TV Lux</channel>
    <channel site="tv-programme.telecablesat.fr_0" site_id="tv-tours||540" xmltv_id="TV Tours">TV Tours</channel>
    <channel site="tv-programme.telecablesat.fr_0" site_id="tv5monde||205" xmltv_id="TV5MONDE">TV5MONDE</channel>
    <channel site="tv-programme.telecablesat.fr_0" site_id="tv5monde-europe||232" xmltv_id="TV5MONDE Europe">TV5MONDE Europe</channel>
    <channel site="tv-programme.telecablesat.fr_0" site_id="tv7-bordeaux||273" xmltv_id="TV7 Bordeaux">TV7 Bordeaux</channel>
    <channel site="tv-programme.telecablesat.fr_0" site_id="tvbreizh||225" xmltv_id="TvBreizh">TvBreizh</channel>
    <channel site="tv-programme.telecablesat.fr_0" site_id="tve||208" xmltv_id="TVE">TVE</channel>
    <channel site="tv-programme.telecablesat.fr_0" site_id="tve-1||206" xmltv_id="TVE 1">TVE 1</channel>
    <channel site="tv-programme.telecablesat.fr_0" site_id="tve-2||207" xmltv_id="TVE 2">TVE 2</channel>
    <channel site="tv-programme.telecablesat.fr_0" site_id="tvsud-marseille||492" xmltv_id="TVSUD Marseille">TVSUD Marseille</channel>
    <channel site="tv-programme.telecablesat.fr_0" site_id="ushuaia-tv||451" xmltv_id="Ushuaïa TV">Ushuaïa TV</channel>
    <channel site="tv-programme.telecablesat.fr_0" site_id="vedia||391" xmltv_id="VEDIA">VEDIA</channel>
    <channel site="tv-programme.telecablesat.fr_0" site_id="via-occitanie-montpellier||704" xmltv_id="Vià Occitanie Montpellier">Vià Occitanie Montpellier</channel>
    <channel site="tv-programme.telecablesat.fr_0" site_id="via-occitanie-pays-gardois||538" xmltv_id="Vià Occitanie Pays Gardois">Vià Occitanie Pays Gardois</channel>
    <channel site="tv-programme.telecablesat.fr_0" site_id="viamoselletv||1045" xmltv_id="ViàMoselleTV">ViàMoselleTV</channel>
    <channel site="tv-programme.telecablesat.fr_0" site_id="voo-foot||1144" xmltv_id="Voo Foot">Voo Foot</channel>
    <channel site="tv-programme.telecablesat.fr_0" site_id="voosport-world-1||413" xmltv_id="VOOsport World 1">VOOsport World 1</channel>
    <channel site="tv-programme.telecablesat.fr_0" site_id="voosport-world-2||414" xmltv_id="VOOsport World 2">VOOsport World 2</channel>
    <channel site="tv-programme.telecablesat.fr_0" site_id="voosport-world-3||472" xmltv_id="VOOsport World 3">VOOsport World 3</channel>
    <channel site="tv-programme.telecablesat.fr_0" site_id="vtm||215" xmltv_id="VTM">VTM</channel>
    <channel site="tv-programme.telecablesat.fr_0" site_id="w9||119" xmltv_id="W9">W9</channel>
    <channel site="tv-programme.telecablesat.fr_0" site_id="wallis-et-futuna-la-1ere||519" xmltv_id="Wallis et Futuna la 1ère">Wallis et Futuna la 1ère</channel>
    <channel site="tv-programme.telecablesat.fr_0" site_id="warner-tv||2334" xmltv_id="Warner TV">Warner TV</channel>
    <channel site="tv-programme.telecablesat.fr_0" site_id="warner-tv-next||2040" xmltv_id="Warner TV Next">Warner TV Next</channel>
    <channel site="tv-programme.telecablesat.fr_0" site_id="xxl||218" xmltv_id="XXL">XXL</channel>
    <channel site="tv-programme.telecablesat.fr_0" site_id="zdf||219" xmltv_id="ZDF">ZDF</channel>
  </channels>
</site>