<?xml version="1.0" encoding="UTF-8"?>
<site generator-info-name="Tempest EPG Generator (made by Kvanc)" generator-info-url="https://github.com/K-vanc/Tempest-EPG-Generator.git" site="[ENC]rev.bs_0">
  <channels>
    <channel site="[ENC]rev.bs_0" site_id="205" xmltv_id="PULSE 5">PULSE 5</channel>
    <channel site="[ENC]rev.bs_0" site_id="206||//zap2it.tmsimg.com/assets/s28717_h5_aa.png" xmltv_id="NBC-E">NBC-E</channel>
    <channel site="[ENC]rev.bs_0" site_id="207||//zap2it.tmsimg.com/h4/NowShowing/10212/s10212_h4_ba.png" xmltv_id="FOX-E HD">FOX-E HD</channel>
    <channel site="[ENC]rev.bs_0" site_id="208||//zap2it.tmsimg.com/assets/s46245_h3_aa.png" xmltv_id="CBC HD">CBC HD</channel>
    <channel site="[ENC]rev.bs_0" site_id="209||//zap2it.tmsimg.com/h5/NowShowing/10098/s10098_h5_aa.png" xmltv_id="CBS-E">CBS-E</channel>
    <channel site="[ENC]rev.bs_0" site_id="210||//zap2it.tmsimg.com/h3/NowShowing/10003/s10003_h3_aa.png" xmltv_id="ABC-E HD">ABC-E HD</channel>
    <channel site="[ENC]rev.bs_0" site_id="211||//zap2it.tmsimg.com/h3/NowShowing/36504/s36504_h3_aa.png" xmltv_id="ZNS">ZNS</channel>
    <channel site="[ENC]rev.bs_0" site_id="212||//zap2it.tmsimg.com/h3/NowShowing/50522/s50522_h3_aa.png" xmltv_id="OUR TV">OUR TV</channel>
    <channel site="[ENC]rev.bs_0" site_id="213||//zap2it.tmsimg.com/h5/NowShowing/11039/s11039_h5_aa.png" xmltv_id="PBS">PBS</channel>
    <channel site="[ENC]rev.bs_0" site_id="214||//zap2it.tmsimg.com/h5/NowShowing/56653/s56653_h5_ba.png" xmltv_id="JCN">JCN</channel>
    <channel site="[ENC]rev.bs_0" site_id="215||//zap2it.tmsimg.com/h5/NowShowing/10991/s10991_h5_aa.png" xmltv_id="NBC-W">NBC-W</channel>
    <channel site="[ENC]rev.bs_0" site_id="216||//zap2it.tmsimg.com/h5/NowShowing/10212/s10212_h5_aa.png" xmltv_id="Fox-W">Fox-W</channel>
    <channel site="[ENC]rev.bs_0" site_id="217||//zap2it.tmsimg.com/h5/NowShowing/10098/s10098_h5_aa.png" xmltv_id="CBS-W">CBS-W</channel>
    <channel site="[ENC]rev.bs_0" site_id="218||//zap2it.tmsimg.com/h3/NowShowing/10003/s10003_h3_aa.png" xmltv_id="ABC-W">ABC-W</channel>
    <channel site="[ENC]rev.bs_0" site_id="219||//zap2it.tmsimg.com/assets/s10125_h3_aa.png" xmltv_id="CityTV HD">CityTV HD</channel>
    <channel site="[ENC]rev.bs_0" site_id="220||//zap2it.tmsimg.com/h3/NowShowing/10108/s10108_h3_aa.png" xmltv_id="CTV">CTV</channel>
    <channel site="[ENC]rev.bs_0" site_id="221||//zap2it.tmsimg.com/h3/NowShowing/16213/s16213_h3_aa.png" xmltv_id="Warner HD">Warner HD</channel>
    <channel site="[ENC]rev.bs_0" site_id="222||//zap2it.tmsimg.com/assets/s56727_h3_aa.png" xmltv_id="SYFY">SYFY</channel>
    <channel site="[ENC]rev.bs_0" site_id="224||//zap2it.tmsimg.com/h3/NowShowing/101310/s101310_h3_aa.png" xmltv_id="Island Luck">Island Luck</channel>
    <channel site="[ENC]rev.bs_0" site_id="225||//zap2it.tmsimg.com/h5/NowShowing/75073/s75073_h5_aa.png" xmltv_id="TBS">TBS</channel>
    <channel site="[ENC]rev.bs_0" site_id="226||//zap2it.tmsimg.com/h5/NowShowing/11779/s11779_h5_aa.png" xmltv_id="WPIX">WPIX</channel>
    <channel site="[ENC]rev.bs_0" site_id="227||//zap2it.tmsimg.com/assets/s51307_h5_aa.png" xmltv_id="KTLA (LA)">KTLA (LA)</channel>
    <channel site="[ENC]rev.bs_0" site_id="228||//zap2it.tmsimg.com/h5/NowShowing/51307/s51307_h5_aa.png" xmltv_id="MY9 (New Jersey)">MY9 (New Jersey)</channel>
    <channel site="[ENC]rev.bs_0" site_id="229||//zap2it.tmsimg.com/h3/NowShowing/11474/s11474_h3_aa.png" xmltv_id="WGN">WGN</channel>
    <channel site="[ENC]rev.bs_0" site_id="231||//zap2it.tmsimg.com/h4/NowShowing/16499/s16499_h4_aa.png" xmltv_id="Space">Space</channel>
    <channel site="[ENC]rev.bs_0" site_id="249||//zap2it.tmsimg.com/h5/NowShowing/71294/s71294_h5_aa.png" xmltv_id="Recipe TV">Recipe TV</channel>
    <channel site="[ENC]rev.bs_0" site_id="250||//zap2it.tmsimg.com/h3/NowShowing/14902/s14902_h3_aa.png" xmltv_id="HGTV HD">HGTV HD</channel>
    <channel site="[ENC]rev.bs_0" site_id="251||//zap2it.tmsimg.com/h5/NowShowing/30156/s30156_h5_aa.png" xmltv_id="Cooking Channel HD">Cooking Channel HD</channel>
    <channel site="[ENC]rev.bs_0" site_id="252||//zap2it.tmsimg.com/h3/NowShowing/12574/s12574_h3_aa.png" xmltv_id="Food HD">Food HD</channel>
    <channel site="[ENC]rev.bs_0" site_id="253||//zap2it.tmsimg.com/h4/NowShowing/18544/s18544_h4_ba.png" xmltv_id="DIY HD">DIY HD</channel>
    <channel site="[ENC]rev.bs_0" site_id="254||//zap2it.tmsimg.com/h4/NowShowing/14771/s14771_h4_ba.png" xmltv_id="History">History</channel>
    <channel site="[ENC]rev.bs_0" site_id="255||//zap2it.tmsimg.com/h3/NowShowing/16834/s16834_h3_aa.png" xmltv_id="FYI HD">FYI HD</channel>
    <channel site="[ENC]rev.bs_0" site_id="256||//zap2it.tmsimg.com/h5/NowShowing/24959/s24959_h5_ba.png" xmltv_id="National Geographic Channel SD">National Geographic Channel SD</channel>
    <channel site="[ENC]rev.bs_0" site_id="257||//zap2it.tmsimg.com/h5/NowShowing/66488/s66488_h5_aa.png" xmltv_id="Discovery World English">Discovery World English</channel>
    <channel site="[ENC]rev.bs_0" site_id="258||//zap2it.tmsimg.com/assets/s119237_h3_aa.png" xmltv_id="Discovery">Discovery</channel>
    <channel site="[ENC]rev.bs_0" site_id="259||//zap2it.tmsimg.com/h5/NowShowing/18649/s18649_h5_aa.png" xmltv_id="Animal Planet">Animal Planet</channel>
    <channel site="[ENC]rev.bs_0" site_id="260||//zap2it.tmsimg.com/h5/NowShowing/110951/s110951_h5_aa.png" xmltv_id="Curiosity Stream">Curiosity Stream</channel>
    <channel site="[ENC]rev.bs_0" site_id="261||//zap2it.tmsimg.com/h3/NowShowing/11180/s11180_h3_aa.png" xmltv_id="Travel Channel HD">Travel Channel HD</channel>
    <channel site="[ENC]rev.bs_0" site_id="262||//zap2it.tmsimg.com/h5/NowShowing/48527/s48527_h5_aa.png" xmltv_id="Discovery Science">Discovery Science</channel>
    <channel site="[ENC]rev.bs_0" site_id="263||//zap2it.tmsimg.com/h5/NowShowing/46608/s46608_h5_aa.png" xmltv_id="Discovery Turbo">Discovery Turbo</channel>
    <channel site="[ENC]rev.bs_0" site_id="264||//zap2it.tmsimg.com/h3/NowShowing/48524/s48524_h3_aa.png" xmltv_id="Discovery Civilization Lat Am Eng">Discovery Civilization Lat Am Eng</channel>
    <channel site="[ENC]rev.bs_0" site_id="265||//zap2it.tmsimg.com/h3/NowShowing/16615/s16615_h3_aa.png" xmltv_id="INVESTIGATION DISCOVERY HD">INVESTIGATION DISCOVERY HD</channel>
    <channel site="[ENC]rev.bs_0" site_id="266||//zap2it.tmsimg.com/h3/NowShowing/73824/s73824_h3_aa.png" xmltv_id="TLC">TLC</channel>
    <channel site="[ENC]rev.bs_0" site_id="267||//zap2it.tmsimg.com/h5/NowShowing/44895/s44895_h5_aa.png" xmltv_id="AWE TV">AWE TV</channel>
    <channel site="[ENC]rev.bs_0" site_id="268||//zap2it.tmsimg.com/h3/NowShowing/24424/s24424_h3_aa.png" xmltv_id="Discovery Life">Discovery Life</channel>
    <channel site="[ENC]rev.bs_0" site_id="269||//zap2it.tmsimg.com/h5/NowShowing/47472/s47472_h5_ba.png" xmltv_id="Africa Channel HD">Africa Channel HD</channel>
    <channel site="[ENC]rev.bs_0" site_id="270||//zap2it.tmsimg.com/h3/NowShowing/16574/s16574_h3_aa.png" xmltv_id="Eurochannel">Eurochannel</channel>
    <channel site="[ENC]rev.bs_0" site_id="271||//zap2it.tmsimg.com/h4/NowShowing/49411/s49411_h4_aa.png" xmltv_id="Caribvision">Caribvision</channel>
    <channel site="[ENC]rev.bs_0" site_id="273||//zap2it.tmsimg.com/assets/s67331_h3_ba.png" xmltv_id="Nat Geo Wild">Nat Geo Wild</channel>
    <channel site="[ENC]rev.bs_0" site_id="275||//zap2it.tmsimg.com/h5/NowShowing/65940/s65940_h5_aa.png" xmltv_id="Discovery Theater">Discovery Theater</channel>
    <channel site="[ENC]rev.bs_0" site_id="276||//zap2it.tmsimg.com/h3/NowShowing/71303/s71303_h3_aa.png" xmltv_id="Destination TV">Destination TV</channel>
    <channel site="[ENC]rev.bs_0" site_id="282||//zap2it.tmsimg.com/assets/s92068_h3_aa.png" xmltv_id="GVTV Music HD">GVTV Music HD</channel>
    <channel site="[ENC]rev.bs_0" site_id="283||//zap2it.tmsimg.com/assets/s92067_h3_aa.png" xmltv_id="GVTV Extreme HD">GVTV Extreme HD</channel>
    <channel site="[ENC]rev.bs_0" site_id="284||//zap2it.tmsimg.com/assets/s92065_h3_ba.png" xmltv_id="GVTV Vouge HD">GVTV Vouge HD</channel>
    <channel site="[ENC]rev.bs_0" site_id="285||//zap2it.tmsimg.com/h5/NowShowing/75757/s75757_h5_aa.png" xmltv_id="GVTV HD">GVTV HD</channel>
    <channel site="[ENC]rev.bs_0" site_id="286||//zap2it.tmsimg.com/h5/NowShowing/16497/s16497_h5_aa.png" xmltv_id="iSAT">iSAT</channel>
    <channel site="[ENC]rev.bs_0" site_id="300||//zap2it.tmsimg.com/h3/NowShowing/41223/s41223_h3_aa.png" xmltv_id="The Disney Channel">The Disney Channel</channel>
    <channel site="[ENC]rev.bs_0" site_id="301||//zap2it.tmsimg.com/assets/s59562_h5_aa.png" xmltv_id="Cartoon Network">Cartoon Network</channel>
    <channel site="[ENC]rev.bs_0" site_id="303||//zap2it.tmsimg.com/h4/NowShowing/11006/s11006_h4_aa.png" xmltv_id="Nickelodeon">Nickelodeon</channel>
    <channel site="[ENC]rev.bs_0" site_id="304||//zap2it.tmsimg.com/h3/NowShowing/16665/s16665_h3_aa.png" xmltv_id="Discovery Kids">Discovery Kids</channel>
    <channel site="[ENC]rev.bs_0" site_id="305||//zap2it.tmsimg.com/h4/NowShowing/101364/s101364_h4_ba.png" xmltv_id="PBS Kids">PBS Kids</channel>
    <channel site="[ENC]rev.bs_0" site_id="306||//zap2it.tmsimg.com/h4/NowShowing/10119/s10119_h4_aa.png" xmltv_id="TVO">TVO</channel>
    <channel site="[ENC]rev.bs_0" site_id="307||//zap2it.tmsimg.com/h3/NowShowing/12045/s12045_h3_aa.png" xmltv_id="YTV">YTV</channel>
    <channel site="[ENC]rev.bs_0" site_id="309||//zap2it.tmsimg.com/h3/NowShowing/17639/s17639_h3_aa.png" xmltv_id="Treehouse">Treehouse</channel>
    <channel site="[ENC]rev.bs_0" site_id="312||//zap2it.tmsimg.com/assets/s14755_h3_aa.png" xmltv_id="Boomerang">Boomerang</channel>
    <channel site="[ENC]rev.bs_0" site_id="314||//zap2it.tmsimg.com/h5/NowShowing/89923/s89923_h5_aa.png" xmltv_id="Escape TV">Escape TV</channel>
    <channel site="[ENC]rev.bs_0" site_id="315||//zap2it.tmsimg.com/h3/NowShowing/59036/s59036_h3_aa.png" xmltv_id="Teen Nick">Teen Nick</channel>
    <channel site="[ENC]rev.bs_0" site_id="318||//zap2it.tmsimg.com/h3/NowShowing/50338/s50338_h3_aa.png" xmltv_id="Baby First">Baby First</channel>
    <channel site="[ENC]rev.bs_0" site_id="319||//zap2it.tmsimg.com/h5/NowShowing/54930/s54930_h5_aa.png" xmltv_id="Disney XD">Disney XD</channel>
    <channel site="[ENC]rev.bs_0" site_id="320||//zap2it.tmsimg.com/h5/NowShowing/60506/s60506_h5_aa.png" xmltv_id="Disney Junior">Disney Junior</channel>
    <channel site="[ENC]rev.bs_0" site_id="340||//zap2it.tmsimg.com/h3/NowShowing/83097/s83097_h3_aa.png" xmltv_id="REVOLT">REVOLT</channel>
    <channel site="[ENC]rev.bs_0" site_id="341||//zap2it.tmsimg.com/h3/NowShowing/18822/s18822_h3_aa.png" xmltv_id="VICELAND HD">VICELAND HD</channel>
    <channel site="[ENC]rev.bs_0" site_id="350||//zap2it.tmsimg.com/h5/NowShowing/10989/s10989_h5_ba.png" xmltv_id="E! Entertainment">E! Entertainment</channel>
    <channel site="[ENC]rev.bs_0" site_id="354||//zap2it.tmsimg.com/assets/s10149_h5_ba.png" xmltv_id="Comedy Central HD">Comedy Central HD</channel>
    <channel site="[ENC]rev.bs_0" site_id="355||//zap2it.tmsimg.com/assets/s82470_h3_aa.png" xmltv_id="Comedy TV">Comedy TV</channel>
    <channel site="[ENC]rev.bs_0" site_id="356||//zap2it.tmsimg.com/h3/NowShowing/10051/s10051_h3_aa.png" xmltv_id="BET">BET</channel>
    <channel site="[ENC]rev.bs_0" site_id="357||//zap2it.tmsimg.com/h5/NowShowing/89922/s89922_h5_ba.png" xmltv_id="Grit">Grit</channel>
    <channel site="[ENC]rev.bs_0" site_id="358||//zap2it.tmsimg.com/h3/NowShowing/80063/s80063_h3_aa.png" xmltv_id="Cala Classics TV HD">Cala Classics TV HD</channel>
    <channel site="[ENC]rev.bs_0" site_id="359||//zap2it.tmsimg.com/h4/NowShowing/70436/s70436_h4_aa.png" xmltv_id="ME TV">ME TV</channel>
    <channel site="[ENC]rev.bs_0" site_id="361||//zap2it.tmsimg.com/h3/NowShowing/14909/s14909_h3_aa.png" xmltv_id="Game Show Network">Game Show Network</channel>
    <channel site="[ENC]rev.bs_0" site_id="362||//zap2it.tmsimg.com/h5/NowShowing/65556/s65556_h5_aa.png" xmltv_id="Jewelry Channel">Jewelry Channel</channel>
    <channel site="[ENC]rev.bs_0" site_id="366||//zap2it.tmsimg.com/h5/NowShowing/35513/s35513_h5_aa.png" xmltv_id="TV ONE SD">TV ONE SD</channel>
    <channel site="[ENC]rev.bs_0" site_id="367||//zap2it.tmsimg.com/h3/NowShowing/73067/s73067_h3_aa.png" xmltv_id="Bounce">Bounce</channel>
    <channel site="[ENC]rev.bs_0" site_id="368||//zap2it.tmsimg.com/h5/NowShowing/10989/s10989_h5_aa.png" xmltv_id="Entertainment TV">Entertainment TV</channel>
    <channel site="[ENC]rev.bs_0" site_id="369||//zap2it.tmsimg.com/h5/NowShowing/28506/s28506_h5_aa.png" xmltv_id="AXS HD">AXS HD</channel>
    <channel site="[ENC]rev.bs_0" site_id="370||//zap2it.tmsimg.com/h5/NowShowing/10986/s10986_h5_aa.png" xmltv_id="MTV">MTV</channel>
    <channel site="[ENC]rev.bs_0" site_id="372||//zap2it.tmsimg.com/assets/s42567_h3_aa.png" xmltv_id="VH1">VH1</channel>
    <channel site="[ENC]rev.bs_0" site_id="374||//zap2it.tmsimg.com/h3/NowShowing/16361/s16361_h3_aa.png" xmltv_id="MTV2">MTV2</channel>
    <channel site="[ENC]rev.bs_0" site_id="376||//zap2it.tmsimg.com/h5/NowShowing/30419/s30419_h5_aa.png" xmltv_id="BET Jams">BET Jams</channel>
    <channel site="[ENC]rev.bs_0" site_id="377||//zap2it.tmsimg.com/h4/NowShowing/30418/s30418_h4_ba.png" xmltv_id="Nick Music">Nick Music</channel>
    <channel site="[ENC]rev.bs_0" site_id="379||//zap2it.tmsimg.com/h5/NowShowing/18718/s18718_h5_aa.png" xmltv_id="BET Soul">BET Soul</channel>
    <channel site="[ENC]rev.bs_0" site_id="380||//zap2it.tmsimg.com/h3/NowShowing/14897/s14897_h3_aa.png" xmltv_id="Centric/BET Her">Centric/BET Her</channel>
    <channel site="[ENC]rev.bs_0" site_id="381||//zap2it.tmsimg.com/h3/NowShowing/49948/s49948_h3_aa.png" xmltv_id="Tempo">Tempo</channel>
    <channel site="[ENC]rev.bs_0" site_id="382" xmltv_id="OCTV">OCTV</channel>
    <channel site="[ENC]rev.bs_0" site_id="384" xmltv_id="Telepacific">Telepacific</channel>
    <channel site="[ENC]rev.bs_0" site_id="385||//zap2it.tmsimg.com/assets/s16484_h3_aa.png" xmltv_id="BET Gospel">BET Gospel</channel>
    <channel site="[ENC]rev.bs_0" site_id="390||//zap2it.tmsimg.com/h5/NowShowing/10138/s10138_h5_aa.png" xmltv_id="CMT MUSIC">CMT MUSIC</channel>
    <channel site="[ENC]rev.bs_0" site_id="400||//zap2it.tmsimg.com/h5/NowShowing/10145/s10145_h5_aa.png" xmltv_id="Headline News">Headline News</channel>
    <channel site="[ENC]rev.bs_0" site_id="402||//zap2it.tmsimg.com/h5/NowShowing/16300/s16300_h5_aa.png" xmltv_id="MSNBC">MSNBC</channel>
    <channel site="[ENC]rev.bs_0" site_id="403||//zap2it.tmsimg.com/h3/NowShowing/10139/s10139_h3_ba.png" xmltv_id="CNBC">CNBC</channel>
    <channel site="[ENC]rev.bs_0" site_id="404||//zap2it.tmsimg.com/h3/NowShowing/20296/s20296_h3_aa.png" xmltv_id="Al Jazeera">Al Jazeera</channel>
    <channel site="[ENC]rev.bs_0" site_id="405||//zap2it.tmsimg.com/assets/s58646_h3_aa.png" xmltv_id="CNN">CNN</channel>
    <channel site="[ENC]rev.bs_0" site_id="406||//zap2it.tmsimg.com/h4/NowShowing/82542/s82542_h4_ba.png" xmltv_id="OAN">OAN</channel>
    <channel site="[ENC]rev.bs_0" site_id="407||//zap2it.tmsimg.com/h3/NowShowing/16374/s16374_h3_aa.png" xmltv_id="FOX News Channel">FOX News Channel</channel>
    <channel site="[ENC]rev.bs_0" site_id="408||//zap2it.tmsimg.com/h5/NowShowing/10146/s10146_h5_ba.png" xmltv_id="CNN International">CNN International</channel>
    <channel site="[ENC]rev.bs_0" site_id="409||//zap2it.tmsimg.com/h3/NowShowing/36844/s36844_h3_aa.png" xmltv_id="BBC World News SD">BBC World News SD</channel>
    <channel site="[ENC]rev.bs_0" site_id="410||//zap2it.tmsimg.com/assets/s58718_h3_aa.png" xmltv_id="FOX Business SD">FOX Business SD</channel>
    <channel site="[ENC]rev.bs_0" site_id="411||//zap2it.tmsimg.com/h3/NowShowing/11187/s11187_h3_aa.png" xmltv_id="Weather Channel">Weather Channel</channel>
    <channel site="[ENC]rev.bs_0" site_id="412||//zap2it.tmsimg.com/h3/NowShowing/79913/s79913_h3_aa.png" xmltv_id="CalaWeather">CalaWeather</channel>
    <channel site="[ENC]rev.bs_0" site_id="414||//zap2it.tmsimg.com/h4/NowShowing/16496/s16496_h4_aa.png" xmltv_id="TRU TV">TRU TV</channel>
    <channel site="[ENC]rev.bs_0" site_id="415||//zap2it.tmsimg.com/h3/NowShowing/79670/s79670_h3_aa.png" xmltv_id="Justice Central">Justice Central</channel>
    <channel site="[ENC]rev.bs_0" site_id="416||//zap2it.tmsimg.com/h5/NowShowing/109553/s109553_h5_aa.png" xmltv_id="Law &amp; Crime">Law &amp; Crime</channel>
    <channel site="[ENC]rev.bs_0" site_id="417||//zap2it.tmsimg.com/assets/s26089_h4_ba.png" xmltv_id="Bloomberg">Bloomberg</channel>
    <channel site="[ENC]rev.bs_0" site_id="420||https://www.rev.bs/wp-content/uploads/2020/06/Coat_of_arms_of_the_Bahamas.svg_-245x300.png" xmltv_id="Parliamentary Channel">Parliamentary Channel</channel>
    <channel site="[ENC]rev.bs_0" site_id="426||//zap2it.tmsimg.com/h3/NowShowing/28174/s28174_h3_aa.png" xmltv_id="Euro News">Euro News</channel>
    <channel site="[ENC]rev.bs_0" site_id="450||//zap2it.tmsimg.com/assets/s71148_h4_ba.png" xmltv_id="TNT HD">TNT HD</channel>
    <channel site="[ENC]rev.bs_0" site_id="453||//zap2it.tmsimg.com/h5/NowShowing/11163/s11163_h5_aa.png" xmltv_id="Paramount">Paramount</channel>
    <channel site="[ENC]rev.bs_0" site_id="454||//zap2it.tmsimg.com/h3/NowShowing/76870/s76870_h3_aa.png" xmltv_id="Entertainment Studios.TV">Entertainment Studios.TV</channel>
    <channel site="[ENC]rev.bs_0" site_id="456||//zap2it.tmsimg.com/h5/NowShowing/73681/s73681_h5_aa.png" xmltv_id="FX HD">FX HD</channel>
    <channel site="[ENC]rev.bs_0" site_id="459||//zap2it.tmsimg.com/h5/NowShowing/45169/s45169_h5_aa.png" xmltv_id="MAV">MAV</channel>
    <channel site="[ENC]rev.bs_0" site_id="462||//zap2it.tmsimg.com/h4/NowShowing/16794/s16794_h4_aa.png" xmltv_id="Cinemax">Cinemax</channel>
    <channel site="[ENC]rev.bs_0" site_id="465||//zap2it.tmsimg.com/h5/NowShowing/18633/s18633_h5_aa.png" xmltv_id="ION TV">ION TV</channel>
    <channel site="[ENC]rev.bs_0" site_id="470||//zap2it.tmsimg.com/h3/NowShowing/10918/s10918_h3_aa.png" xmltv_id="Lifetime">Lifetime</channel>
    <channel site="[ENC]rev.bs_0" site_id="472||//zap2it.tmsimg.com/h4/NowShowing/18480/s18480_h4_aa.png" xmltv_id="Lifetime Movies Network (LMN)">Lifetime Movies Network (LMN)</channel>
    <channel site="[ENC]rev.bs_0" site_id="473||//zap2it.tmsimg.com/h5/NowShowing/29612/s29612_h5_aa.png" xmltv_id="LRW">LRW</channel>
    <channel site="[ENC]rev.bs_0" site_id="475||//zap2it.tmsimg.com/assets/s114456_h3_aa.png" xmltv_id="OWN">OWN</channel>
    <channel site="[ENC]rev.bs_0" site_id="480||//zap2it.tmsimg.com/h5/NowShowing/10035/s10035_h5_aa.png" xmltv_id="A&amp;E HD">A&amp;E HD</channel>
    <channel site="[ENC]rev.bs_0" site_id="483||//zap2it.tmsimg.com/h5/NowShowing/10057/s10057_h5_aa.png" xmltv_id="Bravo">Bravo</channel>
    <channel site="[ENC]rev.bs_0" site_id="485||//zap2it.tmsimg.com/h3/NowShowing/18332/s18332_h3_aa.png" xmltv_id="BBC America HD">BBC America HD</channel>
    <channel site="[ENC]rev.bs_0" site_id="487||//zap2it.tmsimg.com/h3/NowShowing/55241/s55241_h3_aa.png" xmltv_id="ION Life HD">ION Life HD</channel>
    <channel site="[ENC]rev.bs_0" site_id="489||//zap2it.tmsimg.com/h3/NowShowing/52247/s52247_h3_aa.png" xmltv_id="AMC">AMC</channel>
    <channel site="[ENC]rev.bs_0" site_id="492||//zap2it.tmsimg.com/h3/NowShowing/19246/s19246_h3_ba.png" xmltv_id="TCM - Turner Classic Movies">TCM - Turner Classic Movies</channel>
    <channel site="[ENC]rev.bs_0" site_id="501||//zap2it.tmsimg.com/h5/NowShowing/10240/s10240_h5_aa.png" xmltv_id="HBO Caribbean East English">HBO Caribbean East English</channel>
    <channel site="[ENC]rev.bs_0" site_id="502||//zap2it.tmsimg.com/h3/NowShowing/34879/s34879_h3_aa.png" xmltv_id="HBO Family Latin Am">HBO Family Latin Am</channel>
    <channel site="[ENC]rev.bs_0" site_id="503||//zap2it.tmsimg.com/h4/NowShowing/80120/s80120_h4_ba.png" xmltv_id="HBO Signature Latin America English">HBO Signature Latin America English</channel>
    <channel site="[ENC]rev.bs_0" site_id="504||//zap2it.tmsimg.com/h5/NowShowing/34725/s34725_h5_ba.png" xmltv_id="HBO Plus Panamericano English">HBO Plus Panamericano English</channel>
    <channel site="[ENC]rev.bs_0" site_id="506||//zap2it.tmsimg.com/h5/NowShowing/10240/s10240_h5_aa.png" xmltv_id="HBO Core East">HBO Core East</channel>
    <channel site="[ENC]rev.bs_0" site_id="507||//zap2it.tmsimg.com/h3/NowShowing/68140/s68140_h3_aa.png" xmltv_id="HBO2 Latin America (English)">HBO2 Latin America (English)</channel>
    <channel site="[ENC]rev.bs_0" site_id="540||//zap2it.tmsimg.com/h5/NowShowing/70081/s70081_h5_aa.png" xmltv_id="HBO Mundi East Caribbean">HBO Mundi East Caribbean</channel>
    <channel site="[ENC]rev.bs_0" site_id="541||//zap2it.tmsimg.com/h3/NowShowing/68134/s68134_h3_aa.png" xmltv_id="HBO PoP">HBO PoP</channel>
    <channel site="[ENC]rev.bs_0" site_id="542||//zap2it.tmsimg.com/h5/NowShowing/80211/s80211_h5_aa.png" xmltv_id="HBO Xtreme">HBO Xtreme</channel>
    <channel site="[ENC]rev.bs_0" site_id="545||//zap2it.tmsimg.com/h5/NowShowing/70081/s70081_h5_aa.png" xmltv_id="HBO Mundi West">HBO Mundi West</channel>
    <channel site="[ENC]rev.bs_0" site_id="555||//zap2it.tmsimg.com/h3/NowShowing/18812/s18812_h3_aa.png" xmltv_id="FOX1 East English">FOX1 East English</channel>
    <channel site="[ENC]rev.bs_0" site_id="556||https://www.rev.bs/wp-content/uploads/2021/02/star-premium-trans.png" xmltv_id="FOX1 West English">FOX1 West English</channel>
    <channel site="[ENC]rev.bs_0" site_id="557||https://www.rev.bs/wp-content/uploads/2021/02/star-premium-trans.png" xmltv_id="FOX Movies East English">FOX Movies East English</channel>
    <channel site="[ENC]rev.bs_0" site_id="558||https://www.rev.bs/wp-content/uploads/2021/02/star-premium-trans.png" xmltv_id="FOX Action East English">FOX Action East English</channel>
    <channel site="[ENC]rev.bs_0" site_id="559||https://www.rev.bs/wp-content/uploads/2021/02/star-premium-trans.png" xmltv_id="FOX Action West English">FOX Action West English</channel>
    <channel site="[ENC]rev.bs_0" site_id="560||https://www.rev.bs/wp-content/uploads/2021/02/star-premium-trans.png" xmltv_id="FOX Premium Comedy">FOX Premium Comedy</channel>
    <channel site="[ENC]rev.bs_0" site_id="561||https://www.rev.bs/wp-content/uploads/2021/02/star-premium-trans.png" xmltv_id="FOX Family East English">FOX Family East English</channel>
    <channel site="[ENC]rev.bs_0" site_id="562||https://www.rev.bs/wp-content/uploads/2021/02/star-premium-trans.png" xmltv_id="FOX Family West English">FOX Family West English</channel>
    <channel site="[ENC]rev.bs_0" site_id="563||//zap2it.tmsimg.com/h3/NowShowing/44028/s44028_h3_aa.png" xmltv_id="FOX Classics English">FOX Classics English</channel>
    <channel site="[ENC]rev.bs_0" site_id="564||https://www.rev.bs/wp-content/uploads/2021/02/star-premium-trans.png" xmltv_id="FOX Cinema English">FOX Cinema English</channel>
    <channel site="[ENC]rev.bs_0" site_id="586||//zap2it.tmsimg.com/h5/NowShowing/81275/s81275_h5_aa.png" xmltv_id="Movies!">Movies!</channel>
    <channel site="[ENC]rev.bs_0" site_id="650||//zap2it.tmsimg.com/h3/NowShowing/14767/s14767_h3_aa.png" xmltv_id="Trinity Broadcasting">Trinity Broadcasting</channel>
    <channel site="[ENC]rev.bs_0" site_id="651" xmltv_id="The Inspiration Network">The Inspiration Network</channel>
    <channel site="[ENC]rev.bs_0" site_id="652||//zap2it.tmsimg.com/h4/NowShowing/21781/s21781_h4_ba.png" xmltv_id="Word">Word</channel>
    <channel site="[ENC]rev.bs_0" site_id="653||//zap2it.tmsimg.com/h3/NowShowing/10002/s10002_h3_aa.png" xmltv_id="3ABN">3ABN</channel>
    <channel site="[ENC]rev.bs_0" site_id="656||//zap2it.tmsimg.com/assets/s10119_h3_aa.png" xmltv_id="Church Channel">Church Channel</channel>
    <channel site="[ENC]rev.bs_0" site_id="657||//zap2it.tmsimg.com/h5/NowShowing/10183/s10183_h5_aa.png" xmltv_id="EWTN">EWTN</channel>
    <channel site="[ENC]rev.bs_0" site_id="658||//zap2it.tmsimg.com/h3/NowShowing/49266/s49266_h3_aa.png" xmltv_id="HOPE">HOPE</channel>
    <channel site="[ENC]rev.bs_0" site_id="659||//zap2it.tmsimg.com/h4/NowShowing/19026/s19026_h4_ba.png" xmltv_id="Daystar">Daystar</channel>
    <channel site="[ENC]rev.bs_0" site_id="660||https://www.rev.bs/wp-content/uploads/2020/06/bcn-logo-300x201.png" xmltv_id="BCN">BCN</channel>
    <channel site="[ENC]rev.bs_0" site_id="661||//zap2it.tmsimg.com/h5/NowShowing/71798/s71798_h5_aa.png" xmltv_id="IMPACT">IMPACT</channel>
    <channel site="[ENC]rev.bs_0" site_id="676||//zap2it.tmsimg.com/h3/NowShowing/74479/s74479_h3_aa.png" xmltv_id="DW (GERMAN)">DW (GERMAN)</channel>
    <channel site="[ENC]rev.bs_0" site_id="677||//zap2it.tmsimg.com/h3/NowShowing/16422/s16422_h3_aa.png" xmltv_id="TV5 (FRENCH)">TV5 (FRENCH)</channel>
    <channel site="[ENC]rev.bs_0" site_id="679||//zap2it.tmsimg.com/h5/NowShowing/11118/s11118_h5_ba.png" xmltv_id="Univision Network">Univision Network</channel>
    <channel site="[ENC]rev.bs_0" site_id="680||//zap2it.tmsimg.com/h3/NowShowing/29114/s29114_h3_aa.png" xmltv_id="CCTV 9">CCTV 9</channel>
    <channel site="[ENC]rev.bs_0" site_id="681||//zap2it.tmsimg.com/h3/NowShowing/16372/s16372_h3_aa.png" xmltv_id="Antenna 20 Years">Antenna 20 Years</channel>
    <channel site="[ENC]rev.bs_0" site_id="682||//zap2it.tmsimg.com/h3/NowShowing/17250/s17250_h3_aa.png" xmltv_id="Rai Italia">Rai Italia</channel>
    <channel site="[ENC]rev.bs_0" site_id="688||//zap2it.tmsimg.com/h5/NowShowing/24248/s24248_h5_aa.png" xmltv_id="CCTV 4">CCTV 4</channel>
    <channel site="[ENC]rev.bs_0" site_id="689" xmltv_id="Island TV/Tropik">Island TV/Tropik</channel>
    <channel site="[ENC]rev.bs_0" site_id="700" xmltv_id="ESPN Caribbean HD">ESPN Caribbean HD</channel>
    <channel site="[ENC]rev.bs_0" site_id="703||//zap2it.tmsimg.com/h5/NowShowing/66879/s66879_h5_ba.png" xmltv_id="Fox Soccer Plus">Fox Soccer Plus</channel>
    <channel site="[ENC]rev.bs_0" site_id="705||//zap2it.tmsimg.com/h3/NowShowing/55885/s55885_h3_aa.png" xmltv_id="ESPN2 CARIBBEAN">ESPN2 CARIBBEAN</channel>
    <channel site="[ENC]rev.bs_0" site_id="707||//zap2it.tmsimg.com/h3/NowShowing/33178/s33178_h3_aa.png" xmltv_id="Fox Sports 2">Fox Sports 2</channel>
    <channel site="[ENC]rev.bs_0" site_id="708||//zap2it.tmsimg.com/h5/NowShowing/14776/s14776_h5_aa.png" xmltv_id="Outdoor Channel">Outdoor Channel</channel>
    <channel site="[ENC]rev.bs_0" site_id="711||//zap2it.tmsimg.com/h4/NowShowing/34710/s34710_h4_aa.png" xmltv_id="NFL Network">NFL Network</channel>
    <channel site="[ENC]rev.bs_0" site_id="713||//zap2it.tmsimg.com/h3/NowShowing/58321/s58321_h3_aa.png" xmltv_id="Big Ten">Big Ten</channel>
    <channel site="[ENC]rev.bs_0" site_id="715||//zap2it.tmsimg.com/assets/s34313_h3_aa.png" xmltv_id="The Sports Network 1">The Sports Network 1</channel>
    <channel site="[ENC]rev.bs_0" site_id="717||//zap2it.tmsimg.com/h3/NowShowing/15952/s15952_h3_aa.png" xmltv_id="NBC Sports HD">NBC Sports HD</channel>
    <channel site="[ENC]rev.bs_0" site_id="718||//zap2it.tmsimg.com/h5/NowShowing/60111/s60111_h5_aa.png" xmltv_id="Pursuit">Pursuit</channel>
    <channel site="[ENC]rev.bs_0" site_id="720||https://www.rev.bs/wp-content/uploads/2020/06/quest-logo.png" xmltv_id="Quest!">Quest!</channel>
    <channel site="[ENC]rev.bs_0" site_id="721||//zap2it.tmsimg.com/h5/NowShowing/14899/s14899_h5_ba.png" xmltv_id="Golf Channel HD">Golf Channel HD</channel>
    <channel site="[ENC]rev.bs_0" site_id="723||//zap2it.tmsimg.com/h3/NowShowing/45654/s45654_h3_ba.png" xmltv_id="ESPNU">ESPNU</channel>
    <channel site="[ENC]rev.bs_0" site_id="724||//zap2it.tmsimg.com/h3/NowShowing/89535/s89535_h3_aa.png" xmltv_id="SEC Network">SEC Network</channel>
    <channel site="[ENC]rev.bs_0" site_id="725||//zap2it.tmsimg.com/h5/NowShowing/89098/s89098_h5_ba.png" xmltv_id="Fantasy Sports">Fantasy Sports</channel>
    <channel site="[ENC]rev.bs_0" site_id="726||//zap2it.tmsimg.com/h3/NowShowing/81448/s81448_h3_aa.png" xmltv_id="The Fight Network">The Fight Network</channel>
    <channel site="[ENC]rev.bs_0" site_id="728||//zap2it.tmsimg.com/h4/NowShowing/62079/s62079_h4_aa.png" xmltv_id="MLB">MLB</channel>
    <channel site="[ENC]rev.bs_0" site_id="730||//zap2it.tmsimg.com/h3/NowShowing/32281/s32281_h3_aa.png" xmltv_id="NBA Network">NBA Network</channel>
    <channel site="[ENC]rev.bs_0" site_id="732||//zap2it.tmsimg.com/h3/NowShowing/30189/s30189_h3_aa.png" xmltv_id="Fox Soccer Plus">Fox Soccer Plus</channel>
    <channel site="[ENC]rev.bs_0" site_id="735||//zap2it.tmsimg.com/h3/NowShowing/49559/s49559_h3_aa.png" xmltv_id="Sports Max 1">Sports Max 1</channel>
    <channel site="[ENC]rev.bs_0" site_id="745||//zap2it.tmsimg.com/h3/NowShowing/82672/s82672_h3_aa.png" xmltv_id="SportsMax 2">SportsMax 2</channel>
    <channel site="[ENC]rev.bs_0" site_id="749||//zap2it.tmsimg.com/h3/NowShowing/65024/s65024_h3_aa.png" xmltv_id="NFL RedZone">NFL RedZone</channel>
    <channel site="[ENC]rev.bs_0" site_id="900||//zap2it.tmsimg.com/h3/NowShowing/95856/s95856_h3_aa.png" xmltv_id="Stingray Classic Masters">Stingray Classic Masters</channel>
    <channel site="[ENC]rev.bs_0" site_id="901||//zap2it.tmsimg.com/h5/NowShowing/68635/s68635_h5_ba.png" xmltv_id="Stingray Broadway">Stingray Broadway</channel>
    <channel site="[ENC]rev.bs_0" site_id="902||//zap2it.tmsimg.com/h4/NowShowing/68685/s68685_h4_ba.png" xmltv_id="Stingray Gospel">Stingray Gospel</channel>
    <channel site="[ENC]rev.bs_0" site_id="903||//zap2it.tmsimg.com/h3/NowShowing/95856/s95856_h3_aa.png" xmltv_id="Stingray Latino Tropical">Stingray Latino Tropical</channel>
    <channel site="[ENC]rev.bs_0" site_id="904||//zap2it.tmsimg.com/h3/NowShowing/95856/s95856_h3_aa.png" xmltv_id="Stingray Jazz Now">Stingray Jazz Now</channel>
    <channel site="[ENC]rev.bs_0" site_id="905||//zap2it.tmsimg.com/h5/NowShowing/68624/s68624_h5_ba.png" xmltv_id="Stingray Hip Hop">Stingray Hip Hop</channel>
    <channel site="[ENC]rev.bs_0" site_id="906||//zap2it.tmsimg.com/h5/NowShowing/67567/s67567_h5_ba.png" xmltv_id="Stingray Classic Rock">Stingray Classic Rock</channel>
    <channel site="[ENC]rev.bs_0" site_id="907||//zap2it.tmsimg.com/h3/NowShowing/95856/s95856_h3_aa.png" xmltv_id="Stingray Latino Urbana">Stingray Latino Urbana</channel>
    <channel site="[ENC]rev.bs_0" site_id="908||//zap2it.tmsimg.com/h3/NowShowing/95856/s95856_h3_aa.png" xmltv_id="Stingray Today's Latin Pop">Stingray Today's Latin Pop</channel>
    <channel site="[ENC]rev.bs_0" site_id="909||//zap2it.tmsimg.com/h4/NowShowing/68678/s68678_h4_ba.png" xmltv_id="Stingray Holiday Hits">Stingray Holiday Hits</channel>
    <channel site="[ENC]rev.bs_0" site_id="910||//zap2it.tmsimg.com/h5/NowShowing/67557/s67557_h5_ba.png" xmltv_id="Stingray Hot Country">Stingray Hot Country</channel>
    <channel site="[ENC]rev.bs_0" site_id="911||//zap2it.tmsimg.com/h4/NowShowing/67559/s67559_h4_ba.png" xmltv_id="Stingray Country Classics">Stingray Country Classics</channel>
    <channel site="[ENC]rev.bs_0" site_id="912||//zap2it.tmsimg.com/h4/NowShowing/68688/s68688_h4_ba.png" xmltv_id="Stingray Rock en EspaÒol">Stingray Rock en EspaÒol</channel>
    <channel site="[ENC]rev.bs_0" site_id="913||//zap2it.tmsimg.com/h3/NowShowing/95856/s95856_h3_aa.png" xmltv_id="Stingray Retro Latino">Stingray Retro Latino</channel>
    <channel site="[ENC]rev.bs_0" site_id="914||//zap2it.tmsimg.com/h3/NowShowing/95856/s95856_h3_aa.png" xmltv_id="Stingray Pop Adult">Stingray Pop Adult</channel>
    <channel site="[ENC]rev.bs_0" site_id="915||//zap2it.tmsimg.com/h5/NowShowing/68682/s68682_h5_ba.png" xmltv_id="Stingray Alt Rock Classics">Stingray Alt Rock Classics</channel>
    <channel site="[ENC]rev.bs_0" site_id="916||//zap2it.tmsimg.com/h5/NowShowing/68626/s68626_h5_ba.png" xmltv_id="Stingray Dance Clubbin'">Stingray Dance Clubbin'</channel>
    <channel site="[ENC]rev.bs_0" site_id="917||//zap2it.tmsimg.com/h3/NowShowing/95856/s95856_h3_aa.png" xmltv_id="Stingray Romance Latino">Stingray Romance Latino</channel>
    <channel site="[ENC]rev.bs_0" site_id="918||//zap2it.tmsimg.com/h3/NowShowing/95856/s95856_h3_aa.png" xmltv_id="Stingray Heavy Metal">Stingray Heavy Metal</channel>
    <channel site="[ENC]rev.bs_0" site_id="919||//zap2it.tmsimg.com/h3/NowShowing/95856/s95856_h3_aa.png" xmltv_id="Stingray Jazz Masters">Stingray Jazz Masters</channel>
    <channel site="[ENC]rev.bs_0" site_id="920||//zap2it.tmsimg.com/h3/NowShowing/95856/s95856_h3_aa.png" xmltv_id="Stingray Standards">Stingray Standards</channel>
    <channel site="[ENC]rev.bs_0" site_id="921||//zap2it.tmsimg.com/h5/NowShowing/67575/s67575_h5_ba.png" xmltv_id="Stingray Pop Classics">Stingray Pop Classics</channel>
    <channel site="[ENC]rev.bs_0" site_id="922||//zap2it.tmsimg.com/h3/NowShowing/95856/s95856_h3_aa.png" xmltv_id="Stingray The Spa">Stingray The Spa</channel>
    <channel site="[ENC]rev.bs_0" site_id="923||//zap2it.tmsimg.com/h3/NowShowing/95856/s95856_h3_aa.png" xmltv_id="Stingray Hit List">Stingray Hit List</channel>
    <channel site="[ENC]rev.bs_0" site_id="924||//zap2it.tmsimg.com/h3/NowShowing/95856/s95856_h3_aa.png" xmltv_id="Stingray Rock">Stingray Rock</channel>
    <channel site="[ENC]rev.bs_0" site_id="925||//zap2it.tmsimg.com/h4/NowShowing/68630/s68630_h4_ba.png" xmltv_id="Stingray The Chill Lounge">Stingray The Chill Lounge</channel>
    <channel site="[ENC]rev.bs_0" site_id="926||//zap2it.tmsimg.com/h4/NowShowing/67568/s67568_h4_ba.png" xmltv_id="Stingray Rock Alternative">Stingray Rock Alternative</channel>
    <channel site="[ENC]rev.bs_0" site_id="927||//zap2it.tmsimg.com/h4/NowShowing/67573/s67573_h4_ba.png" xmltv_id="Stingray Easy Listening">Stingray Easy Listening</channel>
    <channel site="[ENC]rev.bs_0" site_id="928||//zap2it.tmsimg.com/h4/NowShowing/68633/s68633_h4_ba.png" xmltv_id="Stingray Chamber Music">Stingray Chamber Music</channel>
    <channel site="[ENC]rev.bs_0" site_id="929||//zap2it.tmsimg.com/h5/NowShowing/67572/s67572_h5_ba.png" xmltv_id="Stingray The Blues">Stingray The Blues</channel>
    <channel site="[ENC]rev.bs_0" site_id="930||//zap2it.tmsimg.com/h3/NowShowing/95856/s95856_h3_aa.png" xmltv_id="Stingray Jukebox Oldies">Stingray Jukebox Oldies</channel>
    <channel site="[ENC]rev.bs_0" site_id="931||//zap2it.tmsimg.com/h4/NowShowing/67571/s67571_h4_ba.png" xmltv_id="Stingray Smooth Jazz">Stingray Smooth Jazz</channel>
    <channel site="[ENC]rev.bs_0" site_id="932||//zap2it.tmsimg.com/h3/NowShowing/95856/s95856_h3_aa.png" xmltv_id="Stingray Urban Beats">Stingray Urban Beats</channel>
    <channel site="[ENC]rev.bs_0" site_id="933||//zap2it.tmsimg.com/h4/NowShowing/68620/s68620_h4_ba.png" xmltv_id="Stingray Nothin' But 90's">Stingray Nothin' But 90's</channel>
    <channel site="[ENC]rev.bs_0" site_id="934||//zap2it.tmsimg.com/h4/NowShowing/67561/s67561_h4_ba.png" xmltv_id="Stingray The Light">Stingray The Light</channel>
    <channel site="[ENC]rev.bs_0" site_id="935||//zap2it.tmsimg.com/h4/NowShowing/67565/s67565_h4_aa.png" xmltv_id="Stingray Flashback 70's">Stingray Flashback 70's</channel>
    <channel site="[ENC]rev.bs_0" site_id="936||//zap2it.tmsimg.com/h4/NowShowing/67566/s67566_h4_ba.png" xmltv_id="Stingray Everything 80's">Stingray Everything 80's</channel>
    <channel site="[ENC]rev.bs_0" site_id="937||//zap2it.tmsimg.com/h4/NowShowing/67579/s67579_h4_ba.png" xmltv_id="Stingray Jammin'">Stingray Jammin'</channel>
    <channel site="[ENC]rev.bs_0" site_id="938||//zap2it.tmsimg.com/h4/NowShowing/67581/s67581_h4_ba.png" xmltv_id="Stingray Kids' Stuff">Stingray Kids' Stuff</channel>
    <channel site="[ENC]rev.bs_0" site_id="939||//zap2it.tmsimg.com/h5/NowShowing/68637/s68637_h5_ba.png" xmltv_id="Stingray Eclectic Electronic">Stingray Eclectic Electronic</channel>
    <channel site="[ENC]rev.bs_0" site_id="940||//zap2it.tmsimg.com/h4/NowShowing/68683/s68683_h4_ba.png" xmltv_id="Stingray Alt Country/Americana">Stingray Alt Country/Americana</channel>
    <channel site="[ENC]rev.bs_0" site_id="941||//zap2it.tmsimg.com/h4/NowShowing/68627/s68627_h4_ba.png" xmltv_id="Stingray No Fences">Stingray No Fences</channel>
    <channel site="[ENC]rev.bs_0" site_id="942||//zap2it.tmsimg.com/h5/NowShowing/67576/s67576_h5_ba.png" xmltv_id="Stingray Folk Roots">Stingray Folk Roots</channel>
    <channel site="[ENC]rev.bs_0" site_id="943||//zap2it.tmsimg.com/h4/NowShowing/68631/s68631_h4_aa.png" xmltv_id="Stingray Bluegrass">Stingray Bluegrass</channel>
    <channel site="[ENC]rev.bs_0" site_id="944||//zap2it.tmsimg.com/h4/NowShowing/68628/s68628_h4_ba.png" xmltv_id="Stingray Classic RnB n Soul">Stingray Classic RnB n Soul</channel>
    <channel site="[ENC]rev.bs_0" site_id="945||//zap2it.tmsimg.com/h3/NowShowing/95856/s95856_h3_aa.png" xmltv_id="Stingray Maximum Party">Stingray Maximum Party</channel>
    <channel site="[ENC]rev.bs_0" site_id="946||//zap2it.tmsimg.com/h3/NowShowing/95856/s95856_h3_aa.png" xmltv_id="Stingray Adult Alternative">Stingray Adult Alternative</channel>
    <channel site="[ENC]rev.bs_0" site_id="947||//zap2it.tmsimg.com/h4/NowShowing/67563/s67563_h4_ba.png" xmltv_id="Stingray Soul Storm">Stingray Soul Storm</channel>
    <channel site="[ENC]rev.bs_0" site_id="948||//zap2it.tmsimg.com/h3/NowShowing/95856/s95856_h3_aa.png" xmltv_id="Stingray Groove Disco n Funk">Stingray Groove Disco n Funk</channel>
    <channel site="[ENC]rev.bs_0" site_id="949||//zap2it.tmsimg.com/h5/NowShowing/68686/s68686_h5_ba.png" xmltv_id="Stingray Y2K">Stingray Y2K</channel>
    <channel site="[ENC]rev.bs_0" site_id="950||//zap2it.tmsimg.com/h5/NowShowing/105123/s105123_h5_aa.png" xmltv_id="More FM">More FM</channel>
    <channel site="[ENC]rev.bs_0" site_id="951||//zap2it.tmsimg.com/h5/NowShowing/105114/s105114_h5_aa.png" xmltv_id="Love 97">Love 97</channel>
    <channel site="[ENC]rev.bs_0" site_id="952||//zap2it.tmsimg.com/h3/NowShowing/105115/s105115_h3_aa.png" xmltv_id="100 JAMZ">100 JAMZ</channel>
    <channel site="[ENC]rev.bs_0" site_id="953||//zap2it.tmsimg.com/h3/NowShowing/105116/s105116_h3_aa.png" xmltv_id="Island FM">Island FM</channel>
    <channel site="[ENC]rev.bs_0" site_id="954||//zap2it.tmsimg.com/h3/NowShowing/105068/s105068_h3_aa.png" xmltv_id="Joy FM">Joy FM</channel>
    <channel site="[ENC]rev.bs_0" site_id="955||//zap2it.tmsimg.com/h3/NowShowing/105126/s105126_h3_aa.png" xmltv_id="ZNS 104.5">ZNS 104.5</channel>
    <channel site="[ENC]rev.bs_0" site_id="965||//zap2it.tmsimg.com/h3/NowShowing/105124/s105124_h3_aa.png" xmltv_id="KISS 96 FREEPORT">KISS 96 FREEPORT</channel>
    <channel site="[ENC]rev.bs_0" site_id="966" xmltv_id="RADIO ABACO">RADIO ABACO</channel>
    <channel site="[ENC]rev.bs_0" site_id="967" xmltv_id="SPLASH">SPLASH</channel>
    <channel site="[ENC]rev.bs_0" site_id="969||//zap2it.tmsimg.com/h4/NowShowing/105071/s105071_h4_aa.png" xmltv_id="Guardian Radio 69.9">Guardian Radio 69.9</channel>
    <channel site="[ENC]rev.bs_0" site_id="970||//zap2it.tmsimg.com/h3/NowShowing/105125/s105125_h3_aa.png" xmltv_id="PEACE">PEACE</channel>
    <channel site="[ENC]rev.bs_0" site_id="971||//zap2it.tmsimg.com/h3/NowShowing/105069/s105069_h3_aa.png" xmltv_id="HOT 91.7">HOT 91.7</channel>
    <channel site="[ENC]rev.bs_0" site_id="972" xmltv_id="Turning Point">Turning Point</channel>
    <channel site="[ENC]rev.bs_0" site_id="973||//zap2it.tmsimg.com/h3/NowShowing/105068/s105068_h3_aa.png" xmltv_id="Prayse FM">Prayse FM</channel>
    <channel site="[ENC]rev.bs_0" site_id="974||//zap2it.tmsimg.com/h3/NowShowing/105068/s105068_h3_aa.png" xmltv_id="Global FM">Global FM</channel>
    <channel site="[ENC]rev.bs_0" site_id="976||//zap2it.tmsimg.com/h3/NowShowing/105070/s105070_h3_aa.png" xmltv_id="STAR">STAR</channel>
    <channel site="[ENC]rev.bs_0" site_id="977" xmltv_id="Cable Radio 1 Hot Talk Live">Cable Radio 1 Hot Talk Live</channel>
    <channel site="[ENC]rev.bs_0" site_id="979" xmltv_id="Sports and Progressive Talk Radio">Sports and Progressive Talk Radio</channel>
    <channel site="[ENC]rev.bs_0" site_id="981" xmltv_id="Truth &amp; Justice Radio">Truth &amp; Justice Radio</channel>
    <channel site="[ENC]rev.bs_0" site_id="983" xmltv_id="American Life Talk Radio">American Life Talk Radio</channel>
    <channel site="[ENC]rev.bs_0" site_id="985" xmltv_id="WCPE">WCPE</channel>
    <channel site="[ENC]rev.bs_0" site_id="987" xmltv_id="YFM">YFM</channel>
    <channel site="[ENC]rev.bs_0" site_id="989||//zap2it.tmsimg.com/h3/NowShowing/105113/s105113_h3_aa.png" xmltv_id="ZNS 107.9">ZNS 107.9</channel>
    <channel site="[ENC]rev.bs_0" site_id="990" xmltv_id="Bahamian Or Nuttin'">Bahamian Or Nuttin'</channel>
  </channels>
</site>