<?xml version="1.0" encoding="UTF-8"?>
<site generator-info-name="Tempest EPG Generator (made by Kvanc)" generator-info-url="https://github.com/K-vanc/Tempest-EPG-Generator.git" site="[ENC][EX]tvmao.com_0">
  <channels>
    <channel site="[ENC][EX]tvmao.com_0" site_id="/CCTV-CCTV1" xmltv_id="CCTV-1综合">CCTV-1综合</channel>
    <channel site="[ENC][EX]tvmao.com_0" site_id="/CCTV-CCTV2" xmltv_id="CCTV-2财经">CCTV-2财经</channel>
    <channel site="[ENC][EX]tvmao.com_0" site_id="/CCTV-CCTV5" xmltv_id="CCTV-5体育">CCTV-5体育</channel>
    <channel site="[ENC][EX]tvmao.com_0" site_id="/CCTV-CCTV6" xmltv_id="CCTV-6电影">CCTV-6电影</channel>
    <channel site="[ENC][EX]tvmao.com_0" site_id="/CCTV-CCTV10" xmltv_id="CCTV-10科教">CCTV-10科教</channel>
    <channel site="[ENC][EX]tvmao.com_0" site_id="/CCTV-CCTV8" xmltv_id="CCTV-8电视剧">CCTV-8电视剧</channel>
    <channel site="[ENC][EX]tvmao.com_0" site_id="/CCTV-CCTV7" xmltv_id="CCTV-7国防军事">CCTV-7国防军事</channel>
    <channel site="[ENC][EX]tvmao.com_0" site_id="/CCTV-CCTV3" xmltv_id="CCTV-3综艺">CCTV-3综艺</channel>
    <channel site="[ENC][EX]tvmao.com_0" site_id="/CCTV-CCTV4" xmltv_id="CCTV-4国际">CCTV-4国际</channel>
    <channel site="[ENC][EX]tvmao.com_0" site_id="/CCTV-CCTV9" xmltv_id="CCTV-9纪录">CCTV-9纪录</channel>
    <channel site="[ENC][EX]tvmao.com_0" site_id="/CCTV-CCTV11" xmltv_id="CCTV-11戏曲">CCTV-11戏曲</channel>
    <channel site="[ENC][EX]tvmao.com_0" site_id="/CCTV-CCTV12" xmltv_id="CCTV-12法制">CCTV-12法制</channel>
    <channel site="[ENC][EX]tvmao.com_0" site_id="/CCTV-CCTV13" xmltv_id="CCTV-13新闻">CCTV-13新闻</channel>
    <channel site="[ENC][EX]tvmao.com_0" site_id="/CCTV-CCTV15" xmltv_id="CCTV-14少儿">CCTV-14少儿</channel>
    <channel site="[ENC][EX]tvmao.com_0" site_id="/CCTV-CCTV16" xmltv_id="CCTV-15音乐">CCTV-15音乐</channel>
    <channel site="[ENC][EX]tvmao.com_0" site_id="/CCTV-CCTV17" xmltv_id="CGTN 西语">CGTN 西语</channel>
    <channel site="[ENC][EX]tvmao.com_0" site_id="/CCTV-CCTV18" xmltv_id="CGTN 纪录(英)">CGTN 纪录(英)</channel>
    <channel site="[ENC][EX]tvmao.com_0" site_id="/CCTV-CCTV19" xmltv_id="CGTN">CGTN</channel>
    <channel site="[ENC][EX]tvmao.com_0" site_id="/CCTV-CCTVEUROPE" xmltv_id="CCTV-4欧洲">CCTV-4欧洲</channel>
    <channel site="[ENC][EX]tvmao.com_0" site_id="/CCTV-CCTVAMERICAS" xmltv_id="CCTV-4美洲">CCTV-4美洲</channel>
    <channel site="[ENC][EX]tvmao.com_0" site_id="/CCTV-CCTVF" xmltv_id="CGTN 法语">CGTN 法语</channel>
    <channel site="[ENC][EX]tvmao.com_0" site_id="/CCTV-CCTV5-PLUS" xmltv_id="CCTV5加">CCTV5加</channel>
    <channel site="[ENC][EX]tvmao.com_0" site_id="/CCTV-CCTVA" xmltv_id="CGTN 阿语">CGTN 阿语</channel>
    <channel site="[ENC][EX]tvmao.com_0" site_id="/CCTV-CCTVR" xmltv_id="CGTN 俄语">CGTN 俄语</channel>
    <channel site="[ENC][EX]tvmao.com_0" site_id="/CCTV-CCTV17NY" xmltv_id="CCTV-17农业">CCTV-17农业</channel>
    <channel site="[ENC][EX]tvmao.com_0" site_id="/CCTV-CCTVOLY" xmltv_id="CCTV-16奥林匹克">CCTV-16奥林匹克</channel>
    <channel site="[ENC][EX]tvmao.com_0" site_id="_satellite/AHTV1" xmltv_id="安徽卫视">安徽卫视</channel>
    <channel site="[ENC][EX]tvmao.com_0" site_id="_satellite/BTV1" xmltv_id="北京卫视">北京卫视</channel>
    <channel site="[ENC][EX]tvmao.com_0" site_id="_satellite/BTV10" xmltv_id="卡酷少儿">卡酷少儿</channel>
    <channel site="[ENC][EX]tvmao.com_0" site_id="_satellite/CCQTV1" xmltv_id="重庆卫视">重庆卫视</channel>
    <channel site="[ENC][EX]tvmao.com_0" site_id="_satellite/FJTV2" xmltv_id="东南卫视">东南卫视</channel>
    <channel site="[ENC][EX]tvmao.com_0" site_id="_satellite/XMTV5" xmltv_id="厦门卫视">厦门卫视</channel>
    <channel site="[ENC][EX]tvmao.com_0" site_id="_satellite/GSTV1" xmltv_id="甘肃卫视">甘肃卫视</channel>
    <channel site="[ENC][EX]tvmao.com_0" site_id="_satellite/GDTV1" xmltv_id="广东卫视">广东卫视</channel>
    <channel site="[ENC][EX]tvmao.com_0" site_id="_satellite/SZTV1" xmltv_id="深圳卫视">深圳卫视</channel>
    <channel site="[ENC][EX]tvmao.com_0" site_id="_satellite/GUANXI1" xmltv_id="广西卫视">广西卫视</channel>
    <channel site="[ENC][EX]tvmao.com_0" site_id="_satellite/GUIZOUTV1" xmltv_id="贵州卫视">贵州卫视</channel>
    <channel site="[ENC][EX]tvmao.com_0" site_id="_satellite/TCTC1" xmltv_id="海南卫视">海南卫视</channel>
    <channel site="[ENC][EX]tvmao.com_0" site_id="_satellite/HEBEI1" xmltv_id="河北卫视">河北卫视</channel>
    <channel site="[ENC][EX]tvmao.com_0" site_id="_satellite/HLJTV1" xmltv_id="黑龙江卫视">黑龙江卫视</channel>
    <channel site="[ENC][EX]tvmao.com_0" site_id="_satellite/HNTV1" xmltv_id="河南卫视">河南卫视</channel>
    <channel site="[ENC][EX]tvmao.com_0" site_id="_satellite/HUBEI1" xmltv_id="湖北卫视">湖北卫视</channel>
    <channel site="[ENC][EX]tvmao.com_0" site_id="_satellite/HUNANTV1" xmltv_id="湖南卫视">湖南卫视</channel>
    <channel site="[ENC][EX]tvmao.com_0" site_id="_satellite/HUNANTV2" xmltv_id="湖南金鹰卡通频道">湖南金鹰卡通频道</channel>
    <channel site="[ENC][EX]tvmao.com_0" site_id="_satellite/JSTV1" xmltv_id="江苏卫视">江苏卫视</channel>
    <channel site="[ENC][EX]tvmao.com_0" site_id="_satellite/JXTV1" xmltv_id="江西卫视">江西卫视</channel>
    <channel site="[ENC][EX]tvmao.com_0" site_id="_satellite/JILIN1" xmltv_id="吉林卫视">吉林卫视</channel>
    <channel site="[ENC][EX]tvmao.com_0" site_id="_satellite/LNTV1" xmltv_id="辽宁卫视">辽宁卫视</channel>
    <channel site="[ENC][EX]tvmao.com_0" site_id="_satellite/NMGTV1" xmltv_id="内蒙卫视">内蒙卫视</channel>
    <channel site="[ENC][EX]tvmao.com_0" site_id="_satellite/NXTV2" xmltv_id="宁夏卫视">宁夏卫视</channel>
    <channel site="[ENC][EX]tvmao.com_0" site_id="_satellite/SXTV1" xmltv_id="山西卫视">山西卫视</channel>
    <channel site="[ENC][EX]tvmao.com_0" site_id="_satellite/SDTV1" xmltv_id="山东卫视">山东卫视</channel>
    <channel site="[ENC][EX]tvmao.com_0" site_id="_satellite/DONGFANG1" xmltv_id="东方卫视">东方卫视</channel>
    <channel site="[ENC][EX]tvmao.com_0" site_id="_satellite/TOONMAX1" xmltv_id="哈哈炫动">哈哈炫动</channel>
    <channel site="[ENC][EX]tvmao.com_0" site_id="_satellite/SHXITV1" xmltv_id="陕西卫视">陕西卫视</channel>
    <channel site="[ENC][EX]tvmao.com_0" site_id="_satellite/SCTV1" xmltv_id="四川卫视">四川卫视</channel>
    <channel site="[ENC][EX]tvmao.com_0" site_id="_satellite/TJTV1" xmltv_id="天津卫视">天津卫视</channel>
    <channel site="[ENC][EX]tvmao.com_0" site_id="_satellite/XJTV1" xmltv_id="新疆卫视">新疆卫视</channel>
    <channel site="[ENC][EX]tvmao.com_0" site_id="_satellite/YNTV1" xmltv_id="云南卫视">云南卫视</channel>
    <channel site="[ENC][EX]tvmao.com_0" site_id="_satellite/ZJTV1" xmltv_id="浙江卫视">浙江卫视</channel>
    <channel site="[ENC][EX]tvmao.com_0" site_id="_satellite/QHTV1" xmltv_id="青海卫视">青海卫视</channel>
    <channel site="[ENC][EX]tvmao.com_0" site_id="_satellite/XIZANGTV1" xmltv_id="西藏卫视(藏语)">西藏卫视(藏语)</channel>
    <channel site="[ENC][EX]tvmao.com_0" site_id="_satellite/XIZANGTV2" xmltv_id="西藏卫视">西藏卫视</channel>
    <channel site="[ENC][EX]tvmao.com_0" site_id="_satellite/YANBIAN1" xmltv_id="延边卫视">延边卫视</channel>
    <channel site="[ENC][EX]tvmao.com_0" site_id="_satellite/BINGTUAN" xmltv_id="兵团卫视">兵团卫视</channel>
    <channel site="[ENC][EX]tvmao.com_0" site_id="_satellite/HXTV" xmltv_id="海峡卫视">海峡卫视</channel>
    <channel site="[ENC][EX]tvmao.com_0" site_id="_satellite/HHWS" xmltv_id="黄河卫视">黄河卫视</channel>
    <channel site="[ENC][EX]tvmao.com_0" site_id="_satellite/KAMBA-TV" xmltv_id="康巴卫视">康巴卫视</channel>
    <channel site="[ENC][EX]tvmao.com_0" site_id="_satellite/SANSHATV" xmltv_id="三沙卫视">三沙卫视</channel>
    <channel site="[ENC][EX]tvmao.com_0" site_id="/CCTVPAYFEE-CCTVPAYFEE1" xmltv_id="风云足球">风云足球</channel>
    <channel site="[ENC][EX]tvmao.com_0" site_id="/CCTVPAYFEE-CCTVPAYFEE2" xmltv_id="风云音乐">风云音乐</channel>
    <channel site="[ENC][EX]tvmao.com_0" site_id="/CCTVPAYFEE-CCTVPAYFEE3" xmltv_id="第一剧场">第一剧场</channel>
    <channel site="[ENC][EX]tvmao.com_0" site_id="/CCTVPAYFEE-CCTVPAYFEE4" xmltv_id="风云剧场">风云剧场</channel>
    <channel site="[ENC][EX]tvmao.com_0" site_id="/CCTVPAYFEE-CCTVPAYFEE5" xmltv_id="世界地理">世界地理</channel>
    <channel site="[ENC][EX]tvmao.com_0" site_id="/CCTVPAYFEE-CCTVPAYFEE6" xmltv_id="电视指南">电视指南</channel>
    <channel site="[ENC][EX]tvmao.com_0" site_id="/CCTVPAYFEE-CCTVPAYFEE7" xmltv_id="怀旧剧场">怀旧剧场</channel>
    <channel site="[ENC][EX]tvmao.com_0" site_id="/CCTVPAYFEE-CCTVPAYFEE8" xmltv_id="兵器科技">兵器科技</channel>
    <channel site="[ENC][EX]tvmao.com_0" site_id="/CCTVPAYFEE-CCTVPAYFEE9" xmltv_id="女性时尚">女性时尚</channel>
    <channel site="[ENC][EX]tvmao.com_0" site_id="/CCTVPAYFEE-CCTVPAYFEE12" xmltv_id="CCTV-电影">CCTV-电影</channel>
    <channel site="[ENC][EX]tvmao.com_0" site_id="/CCTVPAYFEE-CCTVPAYFEE13" xmltv_id="高尔夫网球">高尔夫网球</channel>
    <channel site="[ENC][EX]tvmao.com_0" site_id="/CCTVPAYFEE-CCTVPAYFEE14" xmltv_id="央视精品">央视精品</channel>
    <channel site="[ENC][EX]tvmao.com_0" site_id="/CCTVPAYFEE-CCTVPAYFEE15" xmltv_id="中视购物">中视购物</channel>
    <channel site="[ENC][EX]tvmao.com_0" site_id="/CCTVPAYFEE-CCTVPAYFEE17" xmltv_id="法律服务">法律服务</channel>
    <channel site="[ENC][EX]tvmao.com_0" site_id="/CCTVPAYFEE-CCTVPAYFEE20" xmltv_id="梨园">梨园</channel>
    <channel site="[ENC][EX]tvmao.com_0" site_id="/CCTVPAYFEE-CCTVPAYFEE22" xmltv_id="汽摩">汽摩</channel>
    <channel site="[ENC][EX]tvmao.com_0" site_id="/CCTVPAYFEE-CCTVPAYFEE24" xmltv_id="留学世界*">留学世界*</channel>
    <channel site="[ENC][EX]tvmao.com_0" site_id="/CCTVPAYFEE-PHOTOGRAPHY-CHANNEL" xmltv_id="摄影频道">摄影频道</channel>
    <channel site="[ENC][EX]tvmao.com_0" site_id="/CCTVPAYFEE-TIANYUANWEIQI" xmltv_id="天元围棋">天元围棋</channel>
    <channel site="[ENC][EX]tvmao.com_0" site_id="/CCTVPAYFEE-CCTVPAYFEE33" xmltv_id="早期教育">早期教育</channel>
    <channel site="[ENC][EX]tvmao.com_0" site_id="/CCTVPAYFEE-CCTVPAYFEE35" xmltv_id="CCTV中学生频道">CCTV中学生频道</channel>
    <channel site="[ENC][EX]tvmao.com_0" site_id="/CCTVPAYFEE-CCTVPAYFEE36" xmltv_id="CCTV央视台球">CCTV央视台球</channel>
    <channel site="[ENC][EX]tvmao.com_0" site_id="/CETV-CETV1" xmltv_id="中国教育">中国教育</channel>
    <channel site="[ENC][EX]tvmao.com_0" site_id="/CETV-CETV2" xmltv_id="中教二台">中教二台</channel>
    <channel site="[ENC][EX]tvmao.com_0" site_id="/CETV-CETV3" xmltv_id="中教三台">中教三台</channel>
    <channel site="[ENC][EX]tvmao.com_0" site_id="/CETV-CETV4" xmltv_id="中教四台">中教四台</channel>
    <channel site="[ENC][EX]tvmao.com_0" site_id="/CHC-XFBY" xmltv_id="先锋乒羽">先锋乒羽</channel>
    <channel site="[ENC][EX]tvmao.com_0" site_id="_digital/SITV3" xmltv_id="法治天地">法治天地</channel>
    <channel site="[ENC][EX]tvmao.com_0" site_id="_digital/SITV6" xmltv_id="金色学堂">金色学堂</channel>
    <channel site="[ENC][EX]tvmao.com_0" site_id="_digital/SITV13" xmltv_id="卫生健康">卫生健康</channel>
    <channel site="[ENC][EX]tvmao.com_0" site_id="_digital/SITV14" xmltv_id="东方财经·浦东">东方财经·浦东</channel>
    <channel site="[ENC][EX]tvmao.com_0" site_id="_digital/SITV15" xmltv_id="SITV经典剧场">SITV经典剧场</channel>
    <channel site="[ENC][EX]tvmao.com_0" site_id="_digital/SITV22" xmltv_id="英语教室*">英语教室*</channel>
    <channel site="[ENC][EX]tvmao.com_0" site_id="_digital/SITV26" xmltv_id="玩具益智">玩具益智</channel>
    <channel site="[ENC][EX]tvmao.com_0" site_id="/CCTVPAYFEE-WUSHUSHIJIE" xmltv_id="武术世界">武术世界</channel>
    <channel site="[ENC][EX]tvmao.com_0" site_id="_digital/SITV30" xmltv_id="新视觉">新视觉</channel>
    <channel site="[ENC][EX]tvmao.com_0" site_id="/CHC-CHC1" xmltv_id="CHC动作电影">CHC动作电影</channel>
    <channel site="[ENC][EX]tvmao.com_0" site_id="/CHC-CHC2" xmltv_id="CHC家庭影院">CHC家庭影院</channel>
    <channel site="[ENC][EX]tvmao.com_0" site_id="/CHC-CHC3" xmltv_id="CHC影迷电影">CHC影迷电影</channel>
    <channel site="[ENC][EX]tvmao.com_0" site_id="/BAMC-BAMC1" xmltv_id="车迷频道">车迷频道</channel>
    <channel site="[ENC][EX]tvmao.com_0" site_id="/BAMC-BAMC3" xmltv_id="优优宝贝">优优宝贝</channel>
    <channel site="[ENC][EX]tvmao.com_0" site_id="/BAMC-BAMC4" xmltv_id="四海钓鱼">四海钓鱼</channel>
    <channel site="[ENC][EX]tvmao.com_0" site_id="/BAMC-BAMC6" xmltv_id="环球旅游">环球旅游</channel>
    <channel site="[ENC][EX]tvmao.com_0" site_id="/BAMC-BAMC8" xmltv_id="京视剧场">京视剧场</channel>
    <channel site="[ENC][EX]tvmao.com_0" site_id="/BAMC-BAMC9" xmltv_id="爱家购物">爱家购物</channel>
    <channel site="[ENC][EX]tvmao.com_0" site_id="/CCTVPAYFEE-CCTVPAYFEE37" xmltv_id="书画频道">书画频道</channel>
    <channel site="[ENC][EX]tvmao.com_0" site_id="/BAMC-SHOUCANGTIAXIA" xmltv_id="收藏天下">收藏天下</channel>
    <channel site="[ENC][EX]tvmao.com_0" site_id="/BAMC-CAIFUTIANXIA" xmltv_id="财富天下">财富天下</channel>
    <channel site="[ENC][EX]tvmao.com_0" site_id="_digital/JIATINGLICAI" xmltv_id="家庭理财">家庭理财</channel>
    <channel site="[ENC][EX]tvmao.com_0" site_id="/BAMC-CHINA-WEATHER-TV" xmltv_id="中国天气频道">中国天气频道</channel>
    <channel site="[ENC][EX]tvmao.com_0" site_id="/BAMC-FAMILY-CHANNEL" xmltv_id="证券服务">证券服务</channel>
    <channel site="[ENC][EX]tvmao.com_0" site_id="/CCTVPAYFEE-CCTVFXZL" xmltv_id="发现之旅">发现之旅</channel>
    <channel site="[ENC][EX]tvmao.com_0" site_id="/CCTVPAYFEE-HUANQIUQIGUAN" xmltv_id="环球奇观">环球奇观</channel>
    <channel site="[ENC][EX]tvmao.com_0" site_id="/CCTVPAYFEE-SHUOWENJIEZI" xmltv_id="国学">国学</channel>
    <channel site="[ENC][EX]tvmao.com_0" site_id="/CCTVPAYFEE-WENWUBAOKU" xmltv_id="文物宝库">文物宝库</channel>
    <channel site="[ENC][EX]tvmao.com_0" site_id="/CCTVPAYFEE-YOUERJIAOYU" xmltv_id="幼儿教育">幼儿教育</channel>
    <channel site="[ENC][EX]tvmao.com_0" site_id="/CCTVPAYFEE-CCTVLAOGUSHI" xmltv_id="CCTV老故事">CCTV老故事</channel>
    <channel site="[ENC][EX]tvmao.com_0" site_id="/CCTVPAYFEE-KUAILECHUIDIAO" xmltv_id="快乐垂钓">快乐垂钓</channel>
    <channel site="[ENC][EX]tvmao.com_0" site_id="_digital/EUROPEFOOTBALL" xmltv_id="欧洲足球">欧洲足球</channel>
    <channel site="[ENC][EX]tvmao.com_0" site_id="_digital/FANGCHAN" xmltv_id="房产频道">房产频道</channel>
    <channel site="[ENC][EX]tvmao.com_0" site_id="_digital/FUN-TV" xmltv_id="现代教育频道">现代教育频道</channel>
    <channel site="[ENC][EX]tvmao.com_0" site_id="_digital/SITV-SPORTS" xmltv_id="劲爆体育">劲爆体育</channel>
    <channel site="[ENC][EX]tvmao.com_0" site_id="_digital/SITV-DOCUMENTARY" xmltv_id="乐游">乐游</channel>
    <channel site="[ENC][EX]tvmao.com_0" site_id="_digital/SITV-MOVIES" xmltv_id="欢笑剧场">欢笑剧场</channel>
    <channel site="[ENC][EX]tvmao.com_0" site_id="_digital/SITV-YULE" xmltv_id="魅力足球">魅力足球</channel>
    <channel site="[ENC][EX]tvmao.com_0" site_id="/CHC-DOXTV" xmltv_id="DOXTV">DOXTV</channel>
    <channel site="[ENC][EX]tvmao.com_0" site_id="_digital/DOXYH" xmltv_id="DOX映画">DOX映画</channel>
    <channel site="[ENC][EX]tvmao.com_0" site_id="_digital/DOXJC" xmltv_id="DOX剧场">DOX剧场</channel>
    <channel site="[ENC][EX]tvmao.com_0" site_id="/CCTVPAYFEE-CHINA-FOODTV" xmltv_id="中华美食">中华美食</channel>
    <channel site="[ENC][EX]tvmao.com_0" site_id="_digital/DIGITAL-ERA" xmltv_id="数码时代*">数码时代*</channel>
    <channel site="[ENC][EX]tvmao.com_0" site_id="/CCTVPAYFEE-DANGJIAO" xmltv_id="全国党教">全国党教</channel>
    <channel site="[ENC][EX]tvmao.com_0" site_id="_digital/DONGFANGGW2" xmltv_id="东方购物二套">东方购物二套</channel>
    <channel site="[ENC][EX]tvmao.com_0" site_id="_digital/DIANBOYINGYUAN" xmltv_id="点播影院">点播影院</channel>
    <channel site="[ENC][EX]tvmao.com_0" site_id="_digital/CNRMALL" xmltv_id="央广购物">央广购物</channel>
    <channel site="[ENC][EX]tvmao.com_0" site_id="_digital/UGO" xmltv_id="优购物">优购物</channel>
    <channel site="[ENC][EX]tvmao.com_0" site_id="_digital/JIAJIAMALL" xmltv_id="家家购物">家家购物</channel>
    <channel site="[ENC][EX]tvmao.com_0" site_id="_digital/HAPPIGO" xmltv_id="快乐购">快乐购</channel>
    <channel site="[ENC][EX]tvmao.com_0" site_id="_digital/TTCJMALL" xmltv_id="三佳购物">三佳购物</channel>
    <channel site="[ENC][EX]tvmao.com_0" site_id="_digital/JIAYOUGO" xmltv_id="家有购物">家有购物</channel>
    <channel site="[ENC][EX]tvmao.com_0" site_id="_digital/JINGCAILIAONING" xmltv_id="晴彩辽宁">晴彩辽宁</channel>
    <channel site="[ENC][EX]tvmao.com_0" site_id="_digital/YYTD" xmltv_id="音乐天地">音乐天地</channel>
    <channel site="[ENC][EX]tvmao.com_0" site_id="/HSCM-TSJS" xmltv_id="HD探索纪录">HD探索纪录</channel>
    <channel site="[ENC][EX]tvmao.com_0" site_id="/HSCM-OMYY" xmltv_id="HD欧美影院">HD欧美影院</channel>
    <channel site="[ENC][EX]tvmao.com_0" site_id="_digital/IPTVEFEL" xmltv_id="外汇理财">外汇理财</channel>
    <channel site="[ENC][EX]tvmao.com_0" site_id="_digital/SITV-ZXQX" xmltv_id="资讯气象*">资讯气象*</channel>
    <channel site="[ENC][EX]tvmao.com_0" site_id="_digital/DOXXZ" xmltv_id="DOX新知">DOX新知</channel>
    <channel site="[ENC][EX]tvmao.com_0" site_id="_digital/DOXXY" xmltv_id="DOX新艺">DOX新艺</channel>
    <channel site="[ENC][EX]tvmao.com_0" site_id="/BAMC-GLOBALGO" xmltv_id="聚鲨环球精选">聚鲨环球精选</channel>
    <channel site="[ENC][EX]tvmao.com_0" site_id="_digital/SITV-CHILDREN" xmltv_id="动漫秀场">动漫秀场</channel>
    <channel site="[ENC][EX]tvmao.com_0" site_id="_digital/SITV-FASHION" xmltv_id="生活时尚">生活时尚</channel>
    <channel site="[ENC][EX]tvmao.com_0" site_id="_digital/SITV-MOVIE" xmltv_id="都市剧场">都市剧场</channel>
    <channel site="[ENC][EX]tvmao.com_0" site_id="_digital/SITV-GAME" xmltv_id="游戏风云">游戏风云</channel>
    <channel site="[ENC][EX]tvmao.com_0" site_id="_digital/JDDY" xmltv_id="环宇电影">环宇电影</channel>
    <channel site="[ENC][EX]tvmao.com_0" site_id="_digital/YZDY" xmltv_id="亚洲电影">亚洲电影</channel>
    <channel site="[ENC][EX]tvmao.com_0" site_id="_digital/BASKETBALL" xmltv_id="篮球频道">篮球频道</channel>
    <channel site="[ENC][EX]tvmao.com_0" site_id="_digital/DOX-CINEMA" xmltv_id="DOX院线">DOX院线</channel>
    <channel site="[ENC][EX]tvmao.com_0" site_id="_digital/DOXYL" xmltv_id="DOX英伦">DOX英伦</channel>
    <channel site="[ENC][EX]tvmao.com_0" site_id="_digital/DOXYJ" xmltv_id="DOX怡家">DOX怡家</channel>
    <channel site="[ENC][EX]tvmao.com_0" site_id="/HSCM-QSJL" xmltv_id="求索纪录">求索纪录</channel>
    <channel site="[ENC][EX]tvmao.com_0" site_id="/HSCM-QSDW" xmltv_id="求索动物">求索动物</channel>
    <channel site="[ENC][EX]tvmao.com_0" site_id="/HSCM-QSKX" xmltv_id="求索科学">求索科学</channel>
    <channel site="[ENC][EX]tvmao.com_0" site_id="/HSCM-HSJPJC" xmltv_id="HD精品剧场">HD精品剧场</channel>
    <channel site="[ENC][EX]tvmao.com_0" site_id="/HSCM-HSSEDM" xmltv_id="HD少儿动漫">HD少儿动漫</channel>
    <channel site="[ENC][EX]tvmao.com_0" site_id="/HSCM-HSDGYC" xmltv_id="动感英超">动感英超</channel>
    <channel site="[ENC][EX]tvmao.com_0" site_id="_digital/OMDY" xmltv_id="欧美电影">欧美电影</channel>
    <channel site="[ENC][EX]tvmao.com_0" site_id="_digital/XYOMJC" xmltv_id="星元欧美剧场">星元欧美剧场</channel>
    <channel site="[ENC][EX]tvmao.com_0" site_id="_digital/XYOMYX" xmltv_id="星元欧美院线">星元欧美院线</channel>
    <channel site="[ENC][EX]tvmao.com_0" site_id="_digital/XYYZJC" xmltv_id="星元亚洲剧场">星元亚洲剧场</channel>
    <channel site="[ENC][EX]tvmao.com_0" site_id="_digital/XYYZYX" xmltv_id="星元亚洲院线">星元亚洲院线</channel>
    <channel site="[ENC][EX]tvmao.com_0" site_id="_digital/XYSY" xmltv_id="星元首映">星元首映</channel>
    <channel site="[ENC][EX]tvmao.com_0" site_id="_digital/XYCZ" xmltv_id="星元成长">星元成长</channel>
    <channel site="[ENC][EX]tvmao.com_0" site_id="_digital/XYGJ" xmltv_id="星元国剧">星元国剧</channel>
    <channel site="[ENC][EX]tvmao.com_0" site_id="_digital/XYSE" xmltv_id="星元少儿">星元少儿</channel>
    <channel site="[ENC][EX]tvmao.com_0" site_id="_digital/XYCWDS" xmltv_id="川网导视">川网导视</channel>
    <channel site="[ENC][EX]tvmao.com_0" site_id="_digital/KKXW" xmltv_id="Knews24">Knews24</channel>
    <channel site="[ENC][EX]tvmao.com_0" site_id="_digital/SSJX1" xmltv_id="赛事精选-1">赛事精选-1</channel>
    <channel site="[ENC][EX]tvmao.com_0" site_id="_digital/SSJX2" xmltv_id="赛事精选-2">赛事精选-2</channel>
    <channel site="[ENC][EX]tvmao.com_0" site_id="_digital/SSJX3" xmltv_id="赛事精选-3">赛事精选-3</channel>
    <channel site="[ENC][EX]tvmao.com_0" site_id="_digital/DJTT" xmltv_id="电竞天堂">电竞天堂</channel>
    <channel site="[ENC][EX]tvmao.com_0" site_id="_digital/JGC" xmltv_id="竞G场">竞G场</channel>
    <channel site="[ENC][EX]tvmao.com_0" site_id="_digital/CJWJ" xmltv_id="超级玩家">超级玩家</channel>
    <channel site="[ENC][EX]tvmao.com_0" site_id="_digital/XJYY2" xmltv_id="星光院线">星光院线</channel>
    <channel site="[ENC][EX]tvmao.com_0" site_id="_digital/RMJC" xmltv_id="热门剧场">热门剧场</channel>
    <channel site="[ENC][EX]tvmao.com_0" site_id="_digital/WXJC" xmltv_id="武侠剧场">武侠剧场</channel>
    <channel site="[ENC][EX]tvmao.com_0" site_id="_digital/GZJC" xmltv_id="古装剧场">古装剧场</channel>
    <channel site="[ENC][EX]tvmao.com_0" site_id="_digital/DZJC" xmltv_id="谍战剧场">谍战剧场</channel>
    <channel site="[ENC][EX]tvmao.com_0" site_id="_digital/IPTV3" xmltv_id="IPTV3+">IPTV3+</channel>
    <channel site="[ENC][EX]tvmao.com_0" site_id="_digital/IPTV5" xmltv_id="IPTV5+">IPTV5+</channel>
    <channel site="[ENC][EX]tvmao.com_0" site_id="_digital/IPTV6" xmltv_id="IPTV6+">IPTV6+</channel>
    <channel site="[ENC][EX]tvmao.com_0" site_id="_digital/IPTV8" xmltv_id="IPTV8+">IPTV8+</channel>
    <channel site="[ENC][EX]tvmao.com_0" site_id="_digital/IPTVDZJC" xmltv_id="IPTV谍战剧场">IPTV谍战剧场</channel>
    <channel site="[ENC][EX]tvmao.com_0" site_id="_digital/IPTVXSXP" xmltv_id="IPTV相声小品">IPTV相声小品</channel>
    <channel site="[ENC][EX]tvmao.com_0" site_id="_digital/IPTVYW" xmltv_id="IPTV野外">IPTV野外</channel>
    <channel site="[ENC][EX]tvmao.com_0" site_id="_digital/IPTVFZ" xmltv_id="IPTV法治">IPTV法治</channel>
    <channel site="[ENC][EX]tvmao.com_0" site_id="_digital/IPTVRBJC" xmltv_id="IPTV热播剧场">IPTV热播剧场</channel>
    <channel site="[ENC][EX]tvmao.com_0" site_id="_digital/IPTVSEDH" xmltv_id="IPTV少儿动画">IPTV少儿动画</channel>
    <channel site="[ENC][EX]tvmao.com_0" site_id="_digital/IPTVMLSS" xmltv_id="IPTV魅力时尚">IPTV魅力时尚</channel>
    <channel site="[ENC][EX]tvmao.com_0" site_id="_digital/GJFY" xmltv_id="港剧风云">港剧风云</channel>
    <channel site="[ENC][EX]tvmao.com_0" site_id="_digital/MEISHI" xmltv_id="IPTV美食">IPTV美食</channel>
    <channel site="[ENC][EX]tvmao.com_0" site_id="_digital/LVYOU" xmltv_id="IPTV旅游">IPTV旅游</channel>
    <channel site="[ENC][EX]tvmao.com_0" site_id="_digital/NVREN" xmltv_id="IPTV女人">IPTV女人</channel>
    <channel site="[ENC][EX]tvmao.com_0" site_id="_digital/NFGW" xmltv_id="南方购物">南方购物</channel>
    <channel site="[ENC][EX]tvmao.com_0" site_id="_digital/BSTYCH" xmltv_id="IPTV演唱会">IPTV演唱会</channel>
    <channel site="[ENC][EX]tvmao.com_0" site_id="_digital/NMGZQ" xmltv_id="足球频道">足球频道</channel>
    <channel site="[ENC][EX]tvmao.com_0" site_id="/HSCM-HSJCYS" xmltv_id="精彩影视">精彩影视</channel>
    <channel site="[ENC][EX]tvmao.com_0" site_id="_digital/HUDONG" xmltv_id="互动导视">互动导视</channel>
    <channel site="[ENC][EX]tvmao.com_0" site_id="_digital/ZGJTPD" xmltv_id="中国交通频道">中国交通频道</channel>
    <channel site="[ENC][EX]tvmao.com_0" site_id="_digital/DOXYAQUPD" xmltv_id="DOX雅趣">DOX雅趣</channel>
    <channel site="[ENC][EX]tvmao.com_0" site_id="_digital/PPTVBBBS" xmltv_id="宝宝巴士">宝宝巴士</channel>
    <channel site="[ENC][EX]tvmao.com_0" site_id="_digital/PPTVEG" xmltv_id="二更视频">二更视频</channel>
    <channel site="[ENC][EX]tvmao.com_0" site_id="/BAMC-ZHTCTV" xmltv_id="中华特产">中华特产</channel>
    <channel site="[ENC][EX]tvmao.com_0" site_id="/CCTVPAYFEE-EETV" xmltv_id="生态环境">生态环境</channel>
    <channel site="[ENC][EX]tvmao.com_0" site_id="_satellite/NANFANG2" xmltv_id="南方卫视（上星版）*节目表">南方卫视（上星版）*节目表</channel>
    <channel site="[ENC][EX]tvmao.com_0" site_id="_digital/DOX-C-DRAMA" xmltv_id="DOX 4K节目表">DOX 4K节目表</channel>
    <channel site="[ENC][EX]tvmao.com_0" site_id="_digital/DOX-K-DRAMA" xmltv_id="DOX韩流节目表">DOX韩流节目表</channel>
    <channel site="[ENC][EX]tvmao.com_0" site_id="_digital/GTV-YOUXI" xmltv_id="GTV游戏竞技*节目表">GTV游戏竞技*节目表</channel>
    <channel site="[ENC][EX]tvmao.com_0" site_id="_digital/NVDS" xmltv_id="NV导视节目表">NV导视节目表</channel>
    <channel site="[ENC][EX]tvmao.com_0" site_id="_digital/SITV-SHANGJIANKANG" xmltv_id="尚健康*节目表">尚健康*节目表</channel>
    <channel site="[ENC][EX]tvmao.com_0" site_id="_digital/SITV11" xmltv_id="全纪实*节目表">全纪实*节目表</channel>
    <channel site="[ENC][EX]tvmao.com_0" site_id="_digital/SITV21" xmltv_id="动作影院*节目表">动作影院*节目表</channel>
    <channel site="[ENC][EX]tvmao.com_0" site_id="_digital/SITV4" xmltv_id="劲爆体育*节目表">劲爆体育*节目表</channel>
    <channel site="[ENC][EX]tvmao.com_0" site_id="_digital/SITV24" xmltv_id="劲爆足球*节目表">劲爆足球*节目表</channel>
    <channel site="[ENC][EX]tvmao.com_0" site_id="_digital/SITV19" xmltv_id="娱乐前线*节目表">娱乐前线*节目表</channel>
    <channel site="[ENC][EX]tvmao.com_0" site_id="_digital/SITV20" xmltv_id="学习考试*节目表">学习考试*节目表</channel>
    <channel site="[ENC][EX]tvmao.com_0" site_id="_digital/SITV29" xmltv_id="幸福彩*节目表">幸福彩*节目表</channel>
    <channel site="[ENC][EX]tvmao.com_0" site_id="_digital/SITV9" xmltv_id="极速汽车*节目表">极速汽车*节目表</channel>
    <channel site="[ENC][EX]tvmao.com_0" site_id="_digital/SITV7" xmltv_id="欢笑剧场*节目表">欢笑剧场*节目表</channel>
    <channel site="[ENC][EX]tvmao.com_0" site_id="_digital/SITV16" xmltv_id="海外影院节目表">海外影院节目表</channel>
    <channel site="[ENC][EX]tvmao.com_0" site_id="_digital/SITV2" xmltv_id="游戏风云*节目表">游戏风云*节目表</channel>
    <channel site="[ENC][EX]tvmao.com_0" site_id="_digital/SITV10" xmltv_id="生活时尚*节目表">生活时尚*节目表</channel>
    <channel site="[ENC][EX]tvmao.com_0" site_id="_digital/SITV17" xmltv_id="白金剧场*节目表">白金剧场*节目表</channel>
    <channel site="[ENC][EX]tvmao.com_0" site_id="_digital/SITV12" xmltv_id="都市剧场*节目表">都市剧场*节目表</channel>
    <channel site="[ENC][EX]tvmao.com_0" site_id="_digital/SITV18" xmltv_id="首映剧场*节目表">首映剧场*节目表</channel>
    <channel site="[ENC][EX]tvmao.com_0" site_id="_digital/SITV5" xmltv_id="魅力音乐*节目表">魅力音乐*节目表</channel>
    <channel site="[ENC][EX]tvmao.com_0" site_id="_digital/TIYUSAISHI" xmltv_id="体育赛事节目表">体育赛事节目表</channel>
    <channel site="[ENC][EX]tvmao.com_0" site_id="_digital/ZBGQJC" xmltv_id="中博高清剧场节目表">中博高清剧场节目表</channel>
    <channel site="[ENC][EX]tvmao.com_0" site_id="_digital/ZBGQSJ" xmltv_id="中博高清视界节目表">中博高清视界节目表</channel>
    <channel site="[ENC][EX]tvmao.com_0" site_id="_digital/SITV1" xmltv_id="动漫秀场*节目表">动漫秀场*节目表</channel>
    <channel site="[ENC][EX]tvmao.com_0" site_id="_digital/DMSJ" xmltv_id="动漫视界节目表">动漫视界节目表</channel>
    <channel site="[ENC][EX]tvmao.com_0" site_id="_digital/KTTD" xmltv_id="卡通天地节目表">卡通天地节目表</channel>
    <channel site="[ENC][EX]tvmao.com_0" site_id="_digital/GNJC" xmltv_id="国内剧场节目表">国内剧场节目表</channel>
    <channel site="[ENC][EX]tvmao.com_0" site_id="_digital/GJYY" xmltv_id="国际影院节目表">国际影院节目表</channel>
    <channel site="[ENC][EX]tvmao.com_0" site_id="_digital/GEOGRAPHIC-MAGAZINE" xmltv_id="地理杂志节目表">地理杂志节目表</channel>
    <channel site="[ENC][EX]tvmao.com_0" site_id="_digital/BOJI" xmltv_id="天津4K试验频道节目表">天津4K试验频道节目表</channel>
    <channel site="[ENC][EX]tvmao.com_0" site_id="_digital/TTGQSS" xmltv_id="高清时尚节目表">高清时尚节目表</channel>
    <channel site="[ENC][EX]tvmao.com_0" site_id="_digital/LNXQ" xmltv_id="岭南戏曲节目表">岭南戏曲节目表</channel>
    <channel site="[ENC][EX]tvmao.com_0" site_id="_digital/SITV-TRAVEL" xmltv_id="幸福彩*节目表">幸福彩*节目表</channel>
    <channel site="[ENC][EX]tvmao.com_0" site_id="_digital/HUIZAHN" xmltv_id="会展频道*节目表">会展频道*节目表</channel>
    <channel site="[ENC][EX]tvmao.com_0" site_id="_digital/YSJP" xmltv_id="影视精品节目表">影视精品节目表</channel>
    <channel site="[ENC][EX]tvmao.com_0" site_id="_digital/PETS-TV" xmltv_id="快乐宠物*节目表">快乐宠物*节目表</channel>
    <channel site="[ENC][EX]tvmao.com_0" site_id="_digital/SITV-HJYY" xmltv_id="怀旧影院*节目表">怀旧影院*节目表</channel>
    <channel site="[ENC][EX]tvmao.com_0" site_id="_digital/TSFX" xmltv_id="探索发现节目表">探索发现节目表</channel>
    <channel site="[ENC][EX]tvmao.com_0" site_id="_digital/EXPLORE-COLLECTION" xmltv_id="探索集锦节目表">探索集锦节目表</channel>
    <channel site="[ENC][EX]tvmao.com_0" site_id="_digital/XYXZ" xmltv_id="星元新知节目表">星元新知节目表</channel>
    <channel site="[ENC][EX]tvmao.com_0" site_id="_digital/XYLX" xmltv_id="星元旅行节目表">星元旅行节目表</channel>
    <channel site="[ENC][EX]tvmao.com_0" site_id="_digital/XYSX" xmltv_id="星元视讯节目表">星元视讯节目表</channel>
    <channel site="[ENC][EX]tvmao.com_0" site_id="_digital/XYHJ" xmltv_id="星元韩剧*节目表">星元韩剧*节目表</channel>
    <channel site="[ENC][EX]tvmao.com_0" site_id="_digital/JSTV5" xmltv_id="江苏靓妆频道节目表">江苏靓妆频道节目表</channel>
    <channel site="[ENC][EX]tvmao.com_0" site_id="_digital/YCH" xmltv_id="演唱会节目表">演唱会节目表</channel>
    <channel site="[ENC][EX]tvmao.com_0" site_id="_digital/HQJC" xmltv_id="环球剧场节目表">环球剧场节目表</channel>
    <channel site="[ENC][EX]tvmao.com_0" site_id="_digital/KJBL" xmltv_id="科技博览节目表">科技博览节目表</channel>
    <channel site="[ENC][EX]tvmao.com_0" site_id="_digital/SITV-LTYL" xmltv_id="立体娱乐 *节目表">立体娱乐 *节目表</channel>
    <channel site="[ENC][EX]tvmao.com_0" site_id="_digital/GZJPXS" xmltv_id="精品欣赏节目表">精品欣赏节目表</channel>
    <channel site="[ENC][EX]tvmao.com_0" site_id="_digital/DOCUMENTARY" xmltv_id="纪录片节目表">纪录片节目表</channel>
    <channel site="[ENC][EX]tvmao.com_0" site_id="_digital/MSZL" xmltv_id="美食之旅节目表">美食之旅节目表</channel>
    <channel site="[ENC][EX]tvmao.com_0" site_id="_digital/ENGLISH-TEACHING" xmltv_id="英语辅导频道节目表">英语辅导频道节目表</channel>
    <channel site="[ENC][EX]tvmao.com_0" site_id="_digital/JTYY3" xmltv_id="亚洲电影节目表">亚洲电影节目表</channel>
    <channel site="[ENC][EX]tvmao.com_0" site_id="_digital/CARTOON-THEATRE" xmltv_id="卡通剧场节目表">卡通剧场节目表</channel>
    <channel site="[ENC][EX]tvmao.com_0" site_id="_digital/JTYY1" xmltv_id="原声电影节目表">原声电影节目表</channel>
    <channel site="[ENC][EX]tvmao.com_0" site_id="_digital/JTJC2" xmltv_id="古装剧场节目表">古装剧场节目表</channel>
    <channel site="[ENC][EX]tvmao.com_0" site_id="_digital/YLJX" xmltv_id="喜剧电影节目表">喜剧电影节目表</channel>
    <channel site="[ENC][EX]tvmao.com_0" site_id="_digital/DZYS" xmltv_id="大众影视节目表">大众影视节目表</channel>
    <channel site="[ENC][EX]tvmao.com_0" site_id="_digital/FAMILY-LIFE" xmltv_id="家庭影院节目表">家庭影院节目表</channel>
    <channel site="[ENC][EX]tvmao.com_0" site_id="_digital/OLD-MOVIES" xmltv_id="怀旧电影节目表">怀旧电影节目表</channel>
    <channel site="[ENC][EX]tvmao.com_0" site_id="_digital/FAMILY-TRAVEL" xmltv_id="户外旅游节目表">户外旅游节目表</channel>
    <channel site="[ENC][EX]tvmao.com_0" site_id="_digital/XZJC" xmltv_id="探案剧场节目表">探案剧场节目表</channel>
    <channel site="[ENC][EX]tvmao.com_0" site_id="_digital/JTYY4" xmltv_id="热播电影节目表">热播电影节目表</channel>
    <channel site="[ENC][EX]tvmao.com_0" site_id="_digital/HWJC" xmltv_id="环球剧场节目表">环球剧场节目表</channel>
    <channel site="[ENC][EX]tvmao.com_0" site_id="_digital/JTJC1" xmltv_id="生活剧场节目表">生活剧场节目表</channel>
    <channel site="[ENC][EX]tvmao.com_0" site_id="_digital/JTJC3" xmltv_id="经典剧场节目表">经典剧场节目表</channel>
    <channel site="[ENC][EX]tvmao.com_0" site_id="_digital/JTYY2" xmltv_id="译制片节目表">译制片节目表</channel>
    <channel site="[ENC][EX]tvmao.com_0" site_id="_digital/YYH" xmltv_id="音乐会节目表">音乐会节目表</channel>
    <channel site="[ENC][EX]tvmao.com_0" site_id="_digital/MUSICTV" xmltv_id="音乐电视节目表">音乐电视节目表</channel>
    <channel site="[ENC][EX]tvmao.com_0" site_id="_digital/GOLF" xmltv_id="高尔夫频道节目表">高尔夫频道节目表</channel>
    <channel site="[ENC][EX]tvmao.com_0" site_id="_digital/CQNBA" xmltv_id="高清NBA节目表">高清NBA节目表</channel>
    <channel site="[ENC][EX]tvmao.com_0" site_id="_digital/SZTHM-YULE" xmltv_id="高清剧场频道*节目表">高清剧场频道*节目表</channel>
    <channel site="[ENC][EX]tvmao.com_0" site_id="_digital/SZTHM-MOVIES" xmltv_id="高清影视频道*节目表">高清影视频道*节目表</channel>
    <channel site="[ENC][EX]tvmao.com_0" site_id="_digital/SZTHM-MOVIES2" xmltv_id="高清影视频道（地区）节目表">高清影视频道（地区）节目表</channel>
    <channel site="[ENC][EX]tvmao.com_0" site_id="_digital/SZTHM-DISCOVERY" xmltv_id="高清探索频道*节目表">高清探索频道*节目表</channel>
    <channel site="[ENC][EX]tvmao.com_0" site_id="_digital/SZTHM-DISCOVERY2" xmltv_id="高清探索频道（地区）节目表">高清探索频道（地区）节目表</channel>
    <channel site="[ENC][EX]tvmao.com_0" site_id="_digital/SZTHM-SPORTS" xmltv_id="高清综合频道*节目表">高清综合频道*节目表</channel>
    <channel site="[ENC][EX]tvmao.com_0" site_id="_digital/SZTHM-SPORTS2" xmltv_id="高清综合频道（地区）节目表">高清综合频道（地区）节目表</channel>
    <channel site="[ENC][EX]tvmao.com_0" site_id="_digital/SZTHM-YULE2" xmltv_id="高清综艺频道（地区）节目表">高清综艺频道（地区）节目表</channel>
  </channels>
</site>