<?xml version="1.0" encoding="UTF-8"?>
<site generator-info-name="Tempest EPG Generator (made by Kvanc)" generator-info-url="https://github.com/K-vanc/Tempest-EPG-Generator.git" site="[ENC]hoy.tv_0">
  <channels>
    <channel site="[ENC]hoy.tv_0" site_id="76||1" xmltv_id="HOY 國際財經台">HOY 國際財經台</channel>
    <channel site="[ENC]hoy.tv_0" site_id="77||2" xmltv_id="HOY TV">HOY TV</channel>
    <channel site="[ENC]hoy.tv_0" site_id="78||3" xmltv_id="HOY 資訊台">HOY 資訊台</channel>
  </channels>
</site>