<?xml version="1.0" encoding="UTF-8"?>
<site generator-info-name="Tempest EPG Generator (made by Kvanc)" generator-info-url="https://github.com/K-vanc/Tempest-EPG-Generator.git" site="jxgdw.com_0">
  <channels>
    <channel site="jxgdw.com_0" site_id="164" xmltv_id="经典传奇">经典传奇</channel>
    <channel site="jxgdw.com_0" site_id="87" xmltv_id="江西卫视">江西卫视</channel>
    <channel site="jxgdw.com_0" site_id="86" xmltv_id="都市频道">都市频道</channel>
    <channel site="jxgdw.com_0" site_id="153" xmltv_id="经济生活">经济生活</channel>
    <channel site="jxgdw.com_0" site_id="84" xmltv_id="影视旅游">影视旅游</channel>
    <channel site="jxgdw.com_0" site_id="83" xmltv_id="公共农业">公共农业</channel>
    <channel site="jxgdw.com_0" site_id="82" xmltv_id="少儿频道">少儿频道</channel>
    <channel site="jxgdw.com_0" site_id="81" xmltv_id="新闻频道">新闻频道</channel>
    <channel site="jxgdw.com_0" site_id="112" xmltv_id="移动电视">移动电视</channel>
    <channel site="jxgdw.com_0" site_id="163" xmltv_id="央视">央视</channel>
    <channel site="jxgdw.com_0" site_id="162" xmltv_id="今视频出品">今视频出品</channel>
    <channel site="jxgdw.com_0" site_id="78" xmltv_id="陶瓷频道">陶瓷频道</channel>
    <channel site="jxgdw.com_0" site_id="79" xmltv_id="风尚购物">风尚购物</channel>
  </channels>
</site>