<?xml version="1.0" encoding="UTF-8"?>
<site generator-info-name="Tempest EPG Generator (made by Kvanc)" generator-info-url="https://github.com/K-vanc/Tempest-EPG-Generator.git" site="[ENC]promo.mytvsuper.com[zh]_0">
  <channels>
    <channel site="[ENC]promo.mytvsuper.com[zh]_0" site_id="CWIN||1679473718355177_CWIN.png" xmltv_id="SUPER FREE">SUPER FREE</channel>
    <channel site="[ENC]promo.mytvsuper.com[zh]_0" site_id="C18||1651032626745665_C18.png" xmltv_id="myTV SUPER 18台">myTV SUPER 18台</channel>
    <channel site="[ENC]promo.mytvsuper.com[zh]_0" site_id="TVG||1651032648621471_TVG.png" xmltv_id="黃金翡翠台">黃金翡翠台</channel>
    <channel site="[ENC]promo.mytvsuper.com[zh]_0" site_id="J||1651032626745665_C18.png" xmltv_id="翡翠台">翡翠台</channel>
    <channel site="[ENC]promo.mytvsuper.com[zh]_0" site_id="B||1651032626745665_C18.png" xmltv_id="J2">J2</channel>
    <channel site="[ENC]promo.mytvsuper.com[zh]_0" site_id="C||1651032626745665_C18.png" xmltv_id="無綫新聞台">無綫新聞台</channel>
    <channel site="[ENC]promo.mytvsuper.com[zh]_0" site_id="C2||1651032626745665_C18.png" xmltv_id="互動窗2">互動窗2</channel>
    <channel site="[ENC]promo.mytvsuper.com[zh]_0" site_id="C3||1651032626745665_C18.png" xmltv_id="互動窗1">互動窗1</channel>
    <channel site="[ENC]promo.mytvsuper.com[zh]_0" site_id="P||1651032673030814_CTVC.png" xmltv_id="明珠台">明珠台</channel>
    <channel site="[ENC]promo.mytvsuper.com[zh]_0" site_id="A||1651032687467218_CTVS.png" xmltv_id="無綫財經 體育 資訊台">無綫財經 體育 資訊台</channel>
    <channel site="[ENC]promo.mytvsuper.com[zh]_0" site_id="CTVC||1651032713939760_CDR3.png" xmltv_id="千禧經典台">千禧經典台</channel>
    <channel site="[ENC]promo.mytvsuper.com[zh]_0" site_id="CTVS||1651032626745665_C18.png" xmltv_id="亞洲劇台">亞洲劇台</channel>
    <channel site="[ENC]promo.mytvsuper.com[zh]_0" site_id="CDR3||1651033225649707_CTVE.png" xmltv_id="華語劇台">華語劇台</channel>
    <channel site="[ENC]promo.mytvsuper.com[zh]_0" site_id="TVO||1651033348934776_CCOC.png" xmltv_id="黃金華劇台">黃金華劇台</channel>
    <channel site="[ENC]promo.mytvsuper.com[zh]_0" site_id="CTVE||1651033359059853_KID.png" xmltv_id="娛樂新聞台">娛樂新聞台</channel>
    <channel site="[ENC]promo.mytvsuper.com[zh]_0" site_id="CCOC||1651032626745665_C18.png" xmltv_id="戲曲台">戲曲台</channel>
    <channel site="[ENC]promo.mytvsuper.com[zh]_0" site_id="KID||1651032626745665_C18.png" xmltv_id="SUPER Kids Channel">SUPER Kids Channel</channel>
    <channel site="[ENC]promo.mytvsuper.com[zh]_0" site_id="ZOO||1651033388527501_CNIJR.png" xmltv_id="ZooMoo">ZooMoo</channel>
    <channel site="[ENC]promo.mytvsuper.com[zh]_0" site_id="CNIKO||1651032626745665_C18.png" xmltv_id="Nickelodeon">Nickelodeon</channel>
    <channel site="[ENC]promo.mytvsuper.com[zh]_0" site_id="CNIJR||1651033399435307_CMAM.png" xmltv_id="Nick Jr">Nick Jr</channel>
    <channel site="[ENC]promo.mytvsuper.com[zh]_0" site_id="CCLM||1651033409415375_CTHR.png" xmltv_id="粵語片台">粵語片台</channel>
    <channel site="[ENC]promo.mytvsuper.com[zh]_0" site_id="CMAM||1651033418318599_CCCM.png" xmltv_id="美亞電影台">美亞電影台</channel>
    <channel site="[ENC]promo.mytvsuper.com[zh]_0" site_id="CTHR||1651032626745665_C18.png" xmltv_id="Thrill">Thrill</channel>
    <channel site="[ENC]promo.mytvsuper.com[zh]_0" site_id="CCCM||1651032626745665_C18.png" xmltv_id="天映經典頻道">天映經典頻道</channel>
    <channel site="[ENC]promo.mytvsuper.com[zh]_0" site_id="CMC||1651032626745665_C18.png" xmltv_id="中國電影頻道">中國電影頻道</channel>
    <channel site="[ENC]promo.mytvsuper.com[zh]_0" site_id="CRTX||1651032626745665_C18.png" xmltv_id="ROCK Action">ROCK Action</channel>
    <channel site="[ENC]promo.mytvsuper.com[zh]_0" site_id="CKIX||1651032626745665_C18.png" xmltv_id="KIX">KIX</channel>
    <channel site="[ENC]promo.mytvsuper.com[zh]_0" site_id="LNH||1651032626745665_C18.png" xmltv_id="Love Nature HD">Love Nature HD</channel>
    <channel site="[ENC]promo.mytvsuper.com[zh]_0" site_id="LN4||1651032626745665_C18.png" xmltv_id="Love Nature 4K">Love Nature 4K</channel>
    <channel site="[ENC]promo.mytvsuper.com[zh]_0" site_id="SMS||1651032626745665_C18.png" xmltv_id="Global Trekker">Global Trekker</channel>
    <channel site="[ENC]promo.mytvsuper.com[zh]_0" site_id="CRTE||1651032626745665_C18.png" xmltv_id="ROCK綜藝娛樂">ROCK綜藝娛樂</channel>
    <channel site="[ENC]promo.mytvsuper.com[zh]_0" site_id="CAXN||1651032626745665_C18.png" xmltv_id="AXN">AXN</channel>
    <channel site="[ENC]promo.mytvsuper.com[zh]_0" site_id="GEM||1651032626745665_C18.png" xmltv_id="GEM">GEM</channel>
    <channel site="[ENC]promo.mytvsuper.com[zh]_0" site_id="CANI||1651032626745665_C18.png" xmltv_id="Animax">Animax</channel>
    <channel site="[ENC]promo.mytvsuper.com[zh]_0" site_id="CJTV||1651032626745665_C18.png" xmltv_id="tvN">tvN</channel>
    <channel site="[ENC]promo.mytvsuper.com[zh]_0" site_id="CTS1||1651032626745665_C18.png" xmltv_id="無線衛星亞洲台">無線衛星亞洲台</channel>
    <channel site="[ENC]promo.mytvsuper.com[zh]_0" site_id="CRE||1651032626745665_C18.png" xmltv_id="創世電視">創世電視</channel>
    <channel site="[ENC]promo.mytvsuper.com[zh]_0" site_id="FBX||1681274162227607_DTV.png" xmltv_id="FashionBox">FashionBox</channel>
    <channel site="[ENC]promo.mytvsuper.com[zh]_0" site_id="CMEZ||1687317649786117_PCC.png" xmltv_id="Mezzo Live HD">Mezzo Live HD</channel>
    <channel site="[ENC]promo.mytvsuper.com[zh]_0" site_id="DTV||1687317650120517_PCC.png" xmltv_id="東方衛視國際頻道">東方衛視國際頻道</channel>
    <channel site="[ENC]promo.mytvsuper.com[zh]_0" site_id="PCC||1687317778020699_PIN.png" xmltv_id="鳳凰衛視中文台">鳳凰衛視中文台</channel>
    <channel site="[ENC]promo.mytvsuper.com[zh]_0" site_id="PIN||1687317778284878_PIN.png" xmltv_id="鳳凰衛視資訊台">鳳凰衛視資訊台</channel>
    <channel site="[ENC]promo.mytvsuper.com[zh]_0" site_id="PHK||1687317856641714_PHK.png" xmltv_id="鳳凰衛視香港台">鳳凰衛視香港台</channel>
    <channel site="[ENC]promo.mytvsuper.com[zh]_0" site_id="CMN1||1687317856889913_PHK.png" xmltv_id="神州新聞台">神州新聞台</channel>
    <channel site="[ENC]promo.mytvsuper.com[zh]_0" site_id="CTSN||1651032626745665_C18.png" xmltv_id="無線衛星新聞台">無線衛星新聞台</channel>
    <channel site="[ENC]promo.mytvsuper.com[zh]_0" site_id="CCNA||1651032626745665_C18.png" xmltv_id="亞洲新聞台">亞洲新聞台</channel>
    <channel site="[ENC]promo.mytvsuper.com[zh]_0" site_id="CJAZ||1651032626745665_C18.png" xmltv_id="半島電視台英語頻道">半島電視台英語頻道</channel>
    <channel site="[ENC]promo.mytvsuper.com[zh]_0" site_id="CF24||1651032626745665_C18.png" xmltv_id="France 24">France 24</channel>
    <channel site="[ENC]promo.mytvsuper.com[zh]_0" site_id="CDW1||1651032626745665_C18.png" xmltv_id="DW">DW</channel>
    <channel site="[ENC]promo.mytvsuper.com[zh]_0" site_id="CNHK||1651032626745665_C18.png" xmltv_id="NHK World-Japan">NHK World-Japan</channel>
    <channel site="[ENC]promo.mytvsuper.com[zh]_0" site_id="CARI||1651032626745665_C18.png" xmltv_id="Arirang TV">Arirang TV</channel>
    <channel site="[ENC]promo.mytvsuper.com[zh]_0" site_id="EVT1||1651032626745665_C18.png" xmltv_id="myTV SUPER直播足球1台">myTV SUPER直播足球1台</channel>
    <channel site="[ENC]promo.mytvsuper.com[zh]_0" site_id="EVT2||1697436008949329_EVT1.png" xmltv_id="myTV SUPER直播足球2台">myTV SUPER直播足球2台</channel>
    <channel site="[ENC]promo.mytvsuper.com[zh]_0" site_id="EVT3||1697436009252514_EVT1.png" xmltv_id="myTV SUPER直播足球3台">myTV SUPER直播足球3台</channel>
    <channel site="[ENC]promo.mytvsuper.com[zh]_0" site_id="EVT4||1651032626745665_C18.png" xmltv_id="myTV SUPER直播足球4台">myTV SUPER直播足球4台</channel>
    <channel site="[ENC]promo.mytvsuper.com[zh]_0" site_id="EVT5||1651032626745665_C18.png" xmltv_id="myTV SUPER直播足球5台">myTV SUPER直播足球5台</channel>
  </channels>
</site>