<?xml version="1.0" encoding="UTF-8"?>
<site generator-info-name="Tempest EPG Generator (made by Kvanc)" generator-info-url="https://github.com/K-vanc/Tempest-EPG-Generator.git" site="[ENC]epg.i-cable.com[en]_0">
  <channels>
    <channel site="[ENC]epg.i-cable.com[en]_0" site_id="108" xmltv_id="Finance Info Channel">Finance Info Channel</channel>
    <channel site="[ENC]epg.i-cable.com[en]_0" site_id="109" xmltv_id="News Channel">News Channel</channel>
    <channel site="[ENC]epg.i-cable.com[en]_0" site_id="110" xmltv_id="Live News Channel">Live News Channel</channel>
    <channel site="[ENC]epg.i-cable.com[en]_0" site_id="111" xmltv_id="CCTV-News">CCTV-News</channel>
    <channel site="[ENC]epg.i-cable.com[en]_0" site_id="112" xmltv_id="CCTV-4">CCTV-4</channel>
    <channel site="[ENC]epg.i-cable.com[en]_0" site_id="122" xmltv_id="BBC WorldNews">BBC WorldNews</channel>
    <channel site="[ENC]epg.i-cable.com[en]_0" site_id="113" xmltv_id="Phoenix InfoNews Channel">Phoenix InfoNews Channel</channel>
    <channel site="[ENC]epg.i-cable.com[en]_0" site_id="114" xmltv_id="ETTV AsiaNews">ETTV AsiaNews</channel>
    <channel site="[ENC]epg.i-cable.com[en]_0" site_id="121" xmltv_id="Sky News">Sky News</channel>
    <channel site="[ENC]epg.i-cable.com[en]_0" site_id="124" xmltv_id="CNNI">CNNI</channel>
    <channel site="[ENC]epg.i-cable.com[en]_0" site_id="125" xmltv_id="CNN HLN News">CNN HLN News</channel>
    <channel site="[ENC]epg.i-cable.com[en]_0" site_id="126" xmltv_id="NHK World-Japan">NHK World-Japan</channel>
    <channel site="[ENC]epg.i-cable.com[en]_0" site_id="127" xmltv_id="CNBC HK">CNBC HK</channel>
    <channel site="[ENC]epg.i-cable.com[en]_0" site_id="128" xmltv_id="Bloomberg TV HD">Bloomberg TV HD</channel>
    <channel site="[ENC]epg.i-cable.com[en]_0" site_id="129" xmltv_id="CGTN">CGTN</channel>
    <channel site="[ENC]epg.i-cable.com[en]_0" site_id="130" xmltv_id="Ch News Asia">Ch News Asia</channel>
    <channel site="[ENC]epg.i-cable.com[en]_0" site_id="131" xmltv_id="Russia Today">Russia Today</channel>
    <channel site="[ENC]epg.i-cable.com[en]_0" site_id="133" xmltv_id="Al Jazeera English">Al Jazeera English</channel>
    <channel site="[ENC]epg.i-cable.com[en]_0" site_id="134" xmltv_id="France 24 French">France 24 French</channel>
    <channel site="[ENC]epg.i-cable.com[en]_0" site_id="135" xmltv_id="France 24 English">France 24 English</channel>
    <channel site="[ENC]epg.i-cable.com[en]_0" site_id="136" xmltv_id="euronews(Eng)">euronews(Eng)</channel>
    <channel site="[ENC]epg.i-cable.com[en]_0" site_id="137" xmltv_id="euronews(Por)">euronews(Por)</channel>
    <channel site="[ENC]epg.i-cable.com[en]_0" site_id="139" xmltv_id="DW (English)">DW (English)</channel>
    <channel site="[ENC]epg.i-cable.com[en]_0" site_id="140" xmltv_id="DW (Deutsch)">DW (Deutsch)</channel>
    <channel site="[ENC]epg.i-cable.com[en]_0" site_id="151" xmltv_id="i-CABLE Finance Info Channel">i-CABLE Finance Info Channel</channel>
    <channel site="[ENC]epg.i-cable.com[en]_0" site_id="152" xmltv_id="i-CABLE News Channel">i-CABLE News Channel</channel>
    <channel site="[ENC]epg.i-cable.com[en]_0" site_id="153" xmltv_id="i-CABLE Live News Channel">i-CABLE Live News Channel</channel>
    <channel site="[ENC]epg.i-cable.com[en]_0" site_id="154" xmltv_id="PhoenixInfonews">PhoenixInfonews</channel>
    <channel site="[ENC]epg.i-cable.com[en]_0" site_id="155" xmltv_id="Bloomberg TV">Bloomberg TV</channel>
    <channel site="[ENC]epg.i-cable.com[en]_0" site_id="301" xmltv_id="Family Entertainment Channel HD">Family Entertainment Channel HD</channel>
    <channel site="[ENC]epg.i-cable.com[en]_0" site_id="304" xmltv_id="Phoenix Hong Kong Channel">Phoenix Hong Kong Channel</channel>
    <channel site="[ENC]epg.i-cable.com[en]_0" site_id="305" xmltv_id="GRT GBA Satellite TV">GRT GBA Satellite TV</channel>
    <channel site="[ENC]epg.i-cable.com[en]_0" site_id="310" xmltv_id="HITS">HITS</channel>
    <channel site="[ENC]epg.i-cable.com[en]_0" site_id="312" xmltv_id="Paramount Network Asia">Paramount Network Asia</channel>
    <channel site="[ENC]epg.i-cable.com[en]_0" site_id="317" xmltv_id="ROCK Entertainment">ROCK Entertainment</channel>
    <channel site="[ENC]epg.i-cable.com[en]_0" site_id="318" xmltv_id="ROCK Extreme">ROCK Extreme</channel>
    <channel site="[ENC]epg.i-cable.com[en]_0" site_id="319" xmltv_id="Fashion TV HD">Fashion TV HD</channel>
    <channel site="[ENC]epg.i-cable.com[en]_0" site_id="320" xmltv_id="tvN HD">tvN HD</channel>
    <channel site="[ENC]epg.i-cable.com[en]_0" site_id="322" xmltv_id="NHK World Pr">NHK World Pr</channel>
    <channel site="[ENC]epg.i-cable.com[en]_0" site_id="325" xmltv_id="Arirang TV">Arirang TV</channel>
    <channel site="[ENC]epg.i-cable.com[en]_0" site_id="326" xmltv_id="ABC Australia">ABC Australia</channel>
    <channel site="[ENC]epg.i-cable.com[en]_0" site_id="331" xmltv_id="ETTV Asia">ETTV Asia</channel>
    <channel site="[ENC]epg.i-cable.com[en]_0" site_id="332" xmltv_id="STAR Chinese Channel">STAR Chinese Channel</channel>
    <channel site="[ENC]epg.i-cable.com[en]_0" site_id="333" xmltv_id="MTV Live">MTV Live</channel>
    <channel site="[ENC]epg.i-cable.com[en]_0" site_id="334" xmltv_id="Dragon TV">Dragon TV</channel>
    <channel site="[ENC]epg.i-cable.com[en]_0" site_id="335" xmltv_id="SZTV">SZTV</channel>
    <channel site="[ENC]epg.i-cable.com[en]_0" site_id="336" xmltv_id="Hunan TV International">Hunan TV International</channel>
    <channel site="[ENC]epg.i-cable.com[en]_0" site_id="337" xmltv_id="Hubei TV">Hubei TV</channel>
    <channel site="[ENC]epg.i-cable.com[en]_0" site_id="340" xmltv_id="CCTV-11-Opera">CCTV-11-Opera</channel>
    <channel site="[ENC]epg.i-cable.com[en]_0" site_id="341" xmltv_id="CCTV-1">CCTV-1</channel>
    <channel site="[ENC]epg.i-cable.com[en]_0" site_id="371" xmltv_id="Family Entertainment Channel">Family Entertainment Channel</channel>
    <channel site="[ENC]epg.i-cable.com[en]_0" site_id="375" xmltv_id="Fashion TV">Fashion TV</channel>
    <channel site="[ENC]epg.i-cable.com[en]_0" site_id="376" xmltv_id="Phoenix Chi">Phoenix Chi</channel>
    <channel site="[ENC]epg.i-cable.com[en]_0" site_id="377" xmltv_id="tvN">tvN</channel>
    <channel site="[ENC]epg.i-cable.com[en]_0" site_id="378" xmltv_id="ROCK Entertainment">ROCK Entertainment</channel>
    <channel site="[ENC]epg.i-cable.com[en]_0" site_id="201" xmltv_id="CABLE Movies HD">CABLE Movies HD</channel>
    <channel site="[ENC]epg.i-cable.com[en]_0" site_id="202" xmltv_id="MyCineEu">MyCineEu</channel>
    <channel site="[ENC]epg.i-cable.com[en]_0" site_id="204" xmltv_id="Star Chinese Movies">Star Chinese Movies</channel>
    <channel site="[ENC]epg.i-cable.com[en]_0" site_id="213" xmltv_id="HITS MOVIES">HITS MOVIES</channel>
    <channel site="[ENC]epg.i-cable.com[en]_0" site_id="218" xmltv_id="HD Cine p.">HD Cine p.</channel>
    <channel site="[ENC]epg.i-cable.com[en]_0" site_id="219" xmltv_id="Thrill">Thrill</channel>
    <channel site="[ENC]epg.i-cable.com[en]_0" site_id="251" xmltv_id="CABLE Movies">CABLE Movies</channel>
    <channel site="[ENC]epg.i-cable.com[en]_0" site_id="252" xmltv_id="MyCineEu">MyCineEu</channel>
    <channel site="[ENC]epg.i-cable.com[en]_0" site_id="253" xmltv_id="Cine p.">Cine p.</channel>
    <channel site="[ENC]epg.i-cable.com[en]_0" site_id="601" xmltv_id="Sports Channel HD">Sports Channel HD</channel>
    <channel site="[ENC]epg.i-cable.com[en]_0" site_id="602" xmltv_id="Sports Plus 1">Sports Plus 1</channel>
    <channel site="[ENC]epg.i-cable.com[en]_0" site_id="603" xmltv_id="HD Channel 603">HD Channel 603</channel>
    <channel site="[ENC]epg.i-cable.com[en]_0" site_id="604" xmltv_id="Sports Plus 2">Sports Plus 2</channel>
    <channel site="[ENC]epg.i-cable.com[en]_0" site_id="605" xmltv_id="Sports Plus 3">Sports Plus 3</channel>
    <channel site="[ENC]epg.i-cable.com[en]_0" site_id="610" xmltv_id="TechStorm">TechStorm</channel>
    <channel site="[ENC]epg.i-cable.com[en]_0" site_id="611" xmltv_id="Eurosport">Eurosport</channel>
    <channel site="[ENC]epg.i-cable.com[en]_0" site_id="612" xmltv_id="FIGHT SPORTS">FIGHT SPORTS</channel>
    <channel site="[ENC]epg.i-cable.com[en]_0" site_id="614" xmltv_id="LFCTV">LFCTV</channel>
    <channel site="[ENC]epg.i-cable.com[en]_0" site_id="618" xmltv_id="Channel 18">Channel 18</channel>
    <channel site="[ENC]epg.i-cable.com[en]_0" site_id="651" xmltv_id="Eurosport">Eurosport</channel>
    <channel site="[ENC]epg.i-cable.com[en]_0" site_id="652" xmltv_id="FIGHT SPORTS">FIGHT SPORTS</channel>
    <channel site="[ENC]epg.i-cable.com[en]_0" site_id="654" xmltv_id="LFCTV">LFCTV</channel>
    <channel site="[ENC]epg.i-cable.com[en]_0" site_id="661" xmltv_id="Sports Channel">Sports Channel</channel>
    <channel site="[ENC]epg.i-cable.com[en]_0" site_id="662" xmltv_id="Sports Plus 1">Sports Plus 1</channel>
    <channel site="[ENC]epg.i-cable.com[en]_0" site_id="664" xmltv_id="Sports Plus 2">Sports Plus 2</channel>
    <channel site="[ENC]epg.i-cable.com[en]_0" site_id="665" xmltv_id="Sports Plus 3">Sports Plus 3</channel>
    <channel site="[ENC]epg.i-cable.com[en]_0" site_id="668" xmltv_id="Horse Racing 1">Horse Racing 1</channel>
    <channel site="[ENC]epg.i-cable.com[en]_0" site_id="669" xmltv_id="Horse Racing 2">Horse Racing 2</channel>
    <channel site="[ENC]epg.i-cable.com[en]_0" site_id="502" xmltv_id="Asia YOYO TV">Asia YOYO TV</channel>
    <channel site="[ENC]epg.i-cable.com[en]_0" site_id="510" xmltv_id="DreamWorks">DreamWorks</channel>
    <channel site="[ENC]epg.i-cable.com[en]_0" site_id="512" xmltv_id="Boomerang">Boomerang</channel>
    <channel site="[ENC]epg.i-cable.com[en]_0" site_id="513" xmltv_id="Da Vinci">Da Vinci</channel>
    <channel site="[ENC]epg.i-cable.com[en]_0" site_id="514" xmltv_id="Nickelodeon">Nickelodeon</channel>
    <channel site="[ENC]epg.i-cable.com[en]_0" site_id="515" xmltv_id="Nick Jr.">Nick Jr.</channel>
    <channel site="[ENC]epg.i-cable.com[en]_0" site_id="517" xmltv_id="CBeebies">CBeebies</channel>
    <channel site="[ENC]epg.i-cable.com[en]_0" site_id="511" xmltv_id="Cartoon Network">Cartoon Network</channel>
    <channel site="[ENC]epg.i-cable.com[en]_0" site_id="851" xmltv_id="Zee TV">Zee TV</channel>
    <channel site="[ENC]epg.i-cable.com[en]_0" site_id="852" xmltv_id="WION">WION</channel>
    <channel site="[ENC]epg.i-cable.com[en]_0" site_id="853" xmltv_id="Zee Cinema">Zee Cinema</channel>
    <channel site="[ENC]epg.i-cable.com[en]_0" site_id="854" xmltv_id="Zing">Zing</channel>
    <channel site="[ENC]epg.i-cable.com[en]_0" site_id="701" xmltv_id="Nat Geo Wild HD">Nat Geo Wild HD</channel>
    <channel site="[ENC]epg.i-cable.com[en]_0" site_id="702" xmltv_id="National Geographic HD">National Geographic HD</channel>
    <channel site="[ENC]epg.i-cable.com[en]_0" site_id="708" xmltv_id="Global Trekker">Global Trekker</channel>
    <channel site="[ENC]epg.i-cable.com[en]_0" site_id="709" xmltv_id="Outdoor Channel">Outdoor Channel</channel>
    <channel site="[ENC]epg.i-cable.com[en]_0" site_id="710" xmltv_id="Discovery Asia">Discovery Asia</channel>
    <channel site="[ENC]epg.i-cable.com[en]_0" site_id="711" xmltv_id="Discovery HD">Discovery HD</channel>
    <channel site="[ENC]epg.i-cable.com[en]_0" site_id="712" xmltv_id="TLC HD">TLC HD</channel>
    <channel site="[ENC]epg.i-cable.com[en]_0" site_id="713" xmltv_id="EVE HD">EVE HD</channel>
    <channel site="[ENC]epg.i-cable.com[en]_0" site_id="714" xmltv_id="Animal Planet HD">Animal Planet HD</channel>
    <channel site="[ENC]epg.i-cable.com[en]_0" site_id="715" xmltv_id="Discovery Science HD">Discovery Science HD</channel>
    <channel site="[ENC]epg.i-cable.com[en]_0" site_id="716" xmltv_id="DMAX HD">DMAX HD</channel>
    <channel site="[ENC]epg.i-cable.com[en]_0" site_id="717" xmltv_id="Asian Food Network">Asian Food Network</channel>
    <channel site="[ENC]epg.i-cable.com[en]_0" site_id="718" xmltv_id="Travel Channel">Travel Channel</channel>
    <channel site="[ENC]epg.i-cable.com[en]_0" site_id="720" xmltv_id="BBC Lifestyle HD">BBC Lifestyle HD</channel>
    <channel site="[ENC]epg.i-cable.com[en]_0" site_id="721" xmltv_id="BBC Earth">BBC Earth</channel>
    <channel site="[ENC]epg.i-cable.com[en]_0" site_id="722" xmltv_id="CGTN-Documentary">CGTN-Documentary</channel>
    <channel site="[ENC]epg.i-cable.com[en]_0" site_id="730" xmltv_id="Pet Club TV">Pet Club TV</channel>
    <channel site="[ENC]epg.i-cable.com[en]_0" site_id="751" xmltv_id="Nat Geo Wild">Nat Geo Wild</channel>
    <channel site="[ENC]epg.i-cable.com[en]_0" site_id="752" xmltv_id="National Geographic">National Geographic</channel>
    <channel site="[ENC]epg.i-cable.com[en]_0" site_id="754" xmltv_id="Discovery">Discovery</channel>
    <channel site="[ENC]epg.i-cable.com[en]_0" site_id="755" xmltv_id="TLC">TLC</channel>
    <channel site="[ENC]epg.i-cable.com[en]_0" site_id="756" xmltv_id="EVE">EVE</channel>
    <channel site="[ENC]epg.i-cable.com[en]_0" site_id="757" xmltv_id="Animal Planet">Animal Planet</channel>
    <channel site="[ENC]epg.i-cable.com[en]_0" site_id="758" xmltv_id="Discovery Sci">Discovery Sci</channel>
    <channel site="[ENC]epg.i-cable.com[en]_0" site_id="759" xmltv_id="DMAX">DMAX</channel>
    <channel site="[ENC]epg.i-cable.com[en]_0" site_id="760" xmltv_id="BBC Lifestyle">BBC Lifestyle</channel>
    <channel site="[ENC]epg.i-cable.com[en]_0" site_id="761" xmltv_id="Outdoor Channel">Outdoor Channel</channel>
    <channel site="[ENC]epg.i-cable.com[en]_0" site_id="901" xmltv_id="Channel Blue">Channel Blue</channel>
    <channel site="[ENC]epg.i-cable.com[en]_0" site_id="902" xmltv_id="Channel Fire">Channel Fire</channel>
    <channel site="[ENC]epg.i-cable.com[en]_0" site_id="001" xmltv_id="HOY TV">HOY TV</channel>
    <channel site="[ENC]epg.i-cable.com[en]_0" site_id="002" xmltv_id="HOY 資訊台">HOY 資訊台</channel>
    <channel site="[ENC]epg.i-cable.com[en]_0" site_id="003" xmltv_id="HK Int’l Business Ch">HK Int’l Business Ch</channel>
    <channel site="[ENC]epg.i-cable.com[en]_0" site_id="005" xmltv_id="HOY TV">HOY TV</channel>
    <channel site="[ENC]epg.i-cable.com[en]_0" site_id="006" xmltv_id="HOY 資訊台">HOY 資訊台</channel>
    <channel site="[ENC]epg.i-cable.com[en]_0" site_id="007" xmltv_id="HK Int’l Business Ch">HK Int’l Business Ch</channel>
  </channels>
</site>