<?xml version="1.0" encoding="UTF-8"?>
<site generator-info-name="Tempest EPG Generator (made by Kvanc)" generator-info-url="https://github.com/K-vanc/Tempest-EPG-Generator.git" site="[ENC]epg.i-cable.com[zh]_0">
  <channels>
    <channel site="[ENC]epg.i-cable.com[zh]_0" site_id="108" xmltv_id="財經資訊台">財經資訊台</channel>
    <channel site="[ENC]epg.i-cable.com[zh]_0" site_id="109" xmltv_id="新聞台">新聞台</channel>
    <channel site="[ENC]epg.i-cable.com[zh]_0" site_id="110" xmltv_id="直播新聞台">直播新聞台</channel>
    <channel site="[ENC]epg.i-cable.com[zh]_0" site_id="111" xmltv_id="中央電視台新聞頻道">中央電視台新聞頻道</channel>
    <channel site="[ENC]epg.i-cable.com[zh]_0" site_id="112" xmltv_id="中央電視台中文國際頻道">中央電視台中文國際頻道</channel>
    <channel site="[ENC]epg.i-cable.com[zh]_0" site_id="122" xmltv_id="BBC WorldNews">BBC WorldNews</channel>
    <channel site="[ENC]epg.i-cable.com[zh]_0" site_id="113" xmltv_id="鳯凰衛視資訊台">鳯凰衛視資訊台</channel>
    <channel site="[ENC]epg.i-cable.com[zh]_0" site_id="114" xmltv_id="東森亞洲新聞台">東森亞洲新聞台</channel>
    <channel site="[ENC]epg.i-cable.com[zh]_0" site_id="121" xmltv_id="Sky News">Sky News</channel>
    <channel site="[ENC]epg.i-cable.com[zh]_0" site_id="124" xmltv_id="CNNI">CNNI</channel>
    <channel site="[ENC]epg.i-cable.com[zh]_0" site_id="125" xmltv_id="CNN HLN News">CNN HLN News</channel>
    <channel site="[ENC]epg.i-cable.com[zh]_0" site_id="126" xmltv_id="NHK World-Japan">NHK World-Japan</channel>
    <channel site="[ENC]epg.i-cable.com[zh]_0" site_id="127" xmltv_id="CNBC HK">CNBC HK</channel>
    <channel site="[ENC]epg.i-cable.com[zh]_0" site_id="128" xmltv_id="Bloomberg TV HD">Bloomberg TV HD</channel>
    <channel site="[ENC]epg.i-cable.com[zh]_0" site_id="129" xmltv_id="中國環球電視網">中國環球電視網</channel>
    <channel site="[ENC]epg.i-cable.com[zh]_0" site_id="130" xmltv_id="亞洲新聞台">亞洲新聞台</channel>
    <channel site="[ENC]epg.i-cable.com[zh]_0" site_id="131" xmltv_id="Russia Today">Russia Today</channel>
    <channel site="[ENC]epg.i-cable.com[zh]_0" site_id="133" xmltv_id="半島電視台英語頻道">半島電視台英語頻道</channel>
    <channel site="[ENC]epg.i-cable.com[zh]_0" site_id="134" xmltv_id="France 24 French">France 24 French</channel>
    <channel site="[ENC]epg.i-cable.com[zh]_0" site_id="135" xmltv_id="France 24 English">France 24 English</channel>
    <channel site="[ENC]epg.i-cable.com[zh]_0" site_id="136" xmltv_id="euronews(Eng)">euronews(Eng)</channel>
    <channel site="[ENC]epg.i-cable.com[zh]_0" site_id="137" xmltv_id="euronews(Por)">euronews(Por)</channel>
    <channel site="[ENC]epg.i-cable.com[zh]_0" site_id="139" xmltv_id="DW (English)">DW (English)</channel>
    <channel site="[ENC]epg.i-cable.com[zh]_0" site_id="140" xmltv_id="DW (Deutsch)">DW (Deutsch)</channel>
    <channel site="[ENC]epg.i-cable.com[zh]_0" site_id="151" xmltv_id="財經資訊台">財經資訊台</channel>
    <channel site="[ENC]epg.i-cable.com[zh]_0" site_id="152" xmltv_id="新聞台">新聞台</channel>
    <channel site="[ENC]epg.i-cable.com[zh]_0" site_id="153" xmltv_id="直播新聞台">直播新聞台</channel>
    <channel site="[ENC]epg.i-cable.com[zh]_0" site_id="154" xmltv_id="鳳凰衛視資訊台">鳳凰衛視資訊台</channel>
    <channel site="[ENC]epg.i-cable.com[zh]_0" site_id="155" xmltv_id="Bloomberg TV">Bloomberg TV</channel>
    <channel site="[ENC]epg.i-cable.com[zh]_0" site_id="301" xmltv_id="綜合娛樂台">綜合娛樂台</channel>
    <channel site="[ENC]epg.i-cable.com[zh]_0" site_id="304" xmltv_id="鳳凰衛視香港台">鳳凰衛視香港台</channel>
    <channel site="[ENC]epg.i-cable.com[zh]_0" site_id="305" xmltv_id="大灣區衛視">大灣區衛視</channel>
    <channel site="[ENC]epg.i-cable.com[zh]_0" site_id="310" xmltv_id="HITS">HITS</channel>
    <channel site="[ENC]epg.i-cable.com[zh]_0" site_id="312" xmltv_id="Paramount Network Asia">Paramount Network Asia</channel>
    <channel site="[ENC]epg.i-cable.com[zh]_0" site_id="317" xmltv_id="ROCK綜藝娛樂">ROCK綜藝娛樂</channel>
    <channel site="[ENC]epg.i-cable.com[zh]_0" site_id="318" xmltv_id="ROCK超極娛樂">ROCK超極娛樂</channel>
    <channel site="[ENC]epg.i-cable.com[zh]_0" site_id="319" xmltv_id="Fashion TV HD">Fashion TV HD</channel>
    <channel site="[ENC]epg.i-cable.com[zh]_0" site_id="320" xmltv_id="tvN HD">tvN HD</channel>
    <channel site="[ENC]epg.i-cable.com[zh]_0" site_id="322" xmltv_id="NHK World Pr">NHK World Pr</channel>
    <channel site="[ENC]epg.i-cable.com[zh]_0" site_id="325" xmltv_id="Arirang TV">Arirang TV</channel>
    <channel site="[ENC]epg.i-cable.com[zh]_0" site_id="326" xmltv_id="ABC Australia">ABC Australia</channel>
    <channel site="[ENC]epg.i-cable.com[zh]_0" site_id="331" xmltv_id="東森亞洲衛視">東森亞洲衛視</channel>
    <channel site="[ENC]epg.i-cable.com[zh]_0" site_id="332" xmltv_id="衛視中文台">衛視中文台</channel>
    <channel site="[ENC]epg.i-cable.com[zh]_0" site_id="333" xmltv_id="MTV Live">MTV Live</channel>
    <channel site="[ENC]epg.i-cable.com[zh]_0" site_id="334" xmltv_id="東方衛視國際頻道">東方衛視國際頻道</channel>
    <channel site="[ENC]epg.i-cable.com[zh]_0" site_id="335" xmltv_id="深圳電視台">深圳電視台</channel>
    <channel site="[ENC]epg.i-cable.com[zh]_0" site_id="336" xmltv_id="湖南廣播電視台國際頻道">湖南廣播電視台國際頻道</channel>
    <channel site="[ENC]epg.i-cable.com[zh]_0" site_id="337" xmltv_id="湖北衛視">湖北衛視</channel>
    <channel site="[ENC]epg.i-cable.com[zh]_0" site_id="340" xmltv_id="中央電視台戲曲頻道">中央電視台戲曲頻道</channel>
    <channel site="[ENC]epg.i-cable.com[zh]_0" site_id="341" xmltv_id="中央電視台綜合頻道">中央電視台綜合頻道</channel>
    <channel site="[ENC]epg.i-cable.com[zh]_0" site_id="371" xmltv_id="綜合娛樂台">綜合娛樂台</channel>
    <channel site="[ENC]epg.i-cable.com[zh]_0" site_id="375" xmltv_id="Fashion TV">Fashion TV</channel>
    <channel site="[ENC]epg.i-cable.com[zh]_0" site_id="376" xmltv_id="鳯凰衛視中文台">鳯凰衛視中文台</channel>
    <channel site="[ENC]epg.i-cable.com[zh]_0" site_id="377" xmltv_id="tvN">tvN</channel>
    <channel site="[ENC]epg.i-cable.com[zh]_0" site_id="378" xmltv_id="ROCK綜藝娛樂">ROCK綜藝娛樂</channel>
    <channel site="[ENC]epg.i-cable.com[zh]_0" site_id="201" xmltv_id="有線電影台">有線電影台</channel>
    <channel site="[ENC]epg.i-cable.com[zh]_0" site_id="202" xmltv_id="光影歐洲">光影歐洲</channel>
    <channel site="[ENC]epg.i-cable.com[zh]_0" site_id="204" xmltv_id="衛視電影台">衛視電影台</channel>
    <channel site="[ENC]epg.i-cable.com[zh]_0" site_id="213" xmltv_id="HITS MOVIES">HITS MOVIES</channel>
    <channel site="[ENC]epg.i-cable.com[zh]_0" site_id="218" xmltv_id="高清私人影院">高清私人影院</channel>
    <channel site="[ENC]epg.i-cable.com[zh]_0" site_id="219" xmltv_id="驚慄電影台">驚慄電影台</channel>
    <channel site="[ENC]epg.i-cable.com[zh]_0" site_id="251" xmltv_id="有線電影台">有線電影台</channel>
    <channel site="[ENC]epg.i-cable.com[zh]_0" site_id="252" xmltv_id="光影歐洲">光影歐洲</channel>
    <channel site="[ENC]epg.i-cable.com[zh]_0" site_id="253" xmltv_id="Cine p.">Cine p.</channel>
    <channel site="[ENC]epg.i-cable.com[zh]_0" site_id="601" xmltv_id="高清體育台">高清體育台</channel>
    <channel site="[ENC]epg.i-cable.com[zh]_0" site_id="602" xmltv_id="Sports Plus 1">Sports Plus 1</channel>
    <channel site="[ENC]epg.i-cable.com[zh]_0" site_id="603" xmltv_id="高清603台">高清603台</channel>
    <channel site="[ENC]epg.i-cable.com[zh]_0" site_id="604" xmltv_id="Sports Plus 2">Sports Plus 2</channel>
    <channel site="[ENC]epg.i-cable.com[zh]_0" site_id="605" xmltv_id="Sports Plus 3">Sports Plus 3</channel>
    <channel site="[ENC]epg.i-cable.com[zh]_0" site_id="610" xmltv_id="TechStorm">TechStorm</channel>
    <channel site="[ENC]epg.i-cable.com[zh]_0" site_id="611" xmltv_id="歐洲體育頻道">歐洲體育頻道</channel>
    <channel site="[ENC]epg.i-cable.com[zh]_0" site_id="612" xmltv_id="FIGHT SPORTS">FIGHT SPORTS</channel>
    <channel site="[ENC]epg.i-cable.com[zh]_0" site_id="614" xmltv_id="LFCTV">LFCTV</channel>
    <channel site="[ENC]epg.i-cable.com[zh]_0" site_id="618" xmltv_id="有線18台">有線18台</channel>
    <channel site="[ENC]epg.i-cable.com[zh]_0" site_id="651" xmltv_id="歐洲體育頻道">歐洲體育頻道</channel>
    <channel site="[ENC]epg.i-cable.com[zh]_0" site_id="652" xmltv_id="FIGHT SPORTS">FIGHT SPORTS</channel>
    <channel site="[ENC]epg.i-cable.com[zh]_0" site_id="654" xmltv_id="LFCTV">LFCTV</channel>
    <channel site="[ENC]epg.i-cable.com[zh]_0" site_id="661" xmltv_id="體育台">體育台</channel>
    <channel site="[ENC]epg.i-cable.com[zh]_0" site_id="662" xmltv_id="Sports Plus 1">Sports Plus 1</channel>
    <channel site="[ENC]epg.i-cable.com[zh]_0" site_id="664" xmltv_id="Sports Plus 2">Sports Plus 2</channel>
    <channel site="[ENC]epg.i-cable.com[zh]_0" site_id="665" xmltv_id="Sports Plus 3">Sports Plus 3</channel>
    <channel site="[ENC]epg.i-cable.com[zh]_0" site_id="668" xmltv_id="賽馬1台">賽馬1台</channel>
    <channel site="[ENC]epg.i-cable.com[zh]_0" site_id="669" xmltv_id="賽馬2台">賽馬2台</channel>
    <channel site="[ENC]epg.i-cable.com[zh]_0" site_id="502" xmltv_id="東森亞洲幼幼台">東森亞洲幼幼台</channel>
    <channel site="[ENC]epg.i-cable.com[zh]_0" site_id="510" xmltv_id="夢工廠">夢工廠</channel>
    <channel site="[ENC]epg.i-cable.com[zh]_0" site_id="512" xmltv_id="Boomerang 頻道">Boomerang 頻道</channel>
    <channel site="[ENC]epg.i-cable.com[zh]_0" site_id="513" xmltv_id="達文西頻道">達文西頻道</channel>
    <channel site="[ENC]epg.i-cable.com[zh]_0" site_id="514" xmltv_id="Nickelodeon">Nickelodeon</channel>
    <channel site="[ENC]epg.i-cable.com[zh]_0" site_id="515" xmltv_id="Nick Jr.">Nick Jr.</channel>
    <channel site="[ENC]epg.i-cable.com[zh]_0" site_id="517" xmltv_id="CBeebies">CBeebies</channel>
    <channel site="[ENC]epg.i-cable.com[zh]_0" site_id="511" xmltv_id="卡通頻道">卡通頻道</channel>
    <channel site="[ENC]epg.i-cable.com[zh]_0" site_id="851" xmltv_id="Zee TV">Zee TV</channel>
    <channel site="[ENC]epg.i-cable.com[zh]_0" site_id="852" xmltv_id="WION">WION</channel>
    <channel site="[ENC]epg.i-cable.com[zh]_0" site_id="853" xmltv_id="Zee Cinema">Zee Cinema</channel>
    <channel site="[ENC]epg.i-cable.com[zh]_0" site_id="854" xmltv_id="Zing">Zing</channel>
    <channel site="[ENC]epg.i-cable.com[zh]_0" site_id="701" xmltv_id="國家地理野生高清頻道">國家地理野生高清頻道</channel>
    <channel site="[ENC]epg.i-cable.com[zh]_0" site_id="702" xmltv_id="國家地理高清頻道">國家地理高清頻道</channel>
    <channel site="[ENC]epg.i-cable.com[zh]_0" site_id="708" xmltv_id="Global Trekker">Global Trekker</channel>
    <channel site="[ENC]epg.i-cable.com[zh]_0" site_id="709" xmltv_id="戶外頻道">戶外頻道</channel>
    <channel site="[ENC]epg.i-cable.com[zh]_0" site_id="710" xmltv_id="Discovery Asia">Discovery Asia</channel>
    <channel site="[ENC]epg.i-cable.com[zh]_0" site_id="711" xmltv_id="Discovery高清頻道">Discovery高清頻道</channel>
    <channel site="[ENC]epg.i-cable.com[zh]_0" site_id="712" xmltv_id="旅遊生活高清頻道">旅遊生活高清頻道</channel>
    <channel site="[ENC]epg.i-cable.com[zh]_0" site_id="713" xmltv_id="EVE 高清頻道">EVE 高清頻道</channel>
    <channel site="[ENC]epg.i-cable.com[zh]_0" site_id="714" xmltv_id="動物星球高清頻道">動物星球高清頻道</channel>
    <channel site="[ENC]epg.i-cable.com[zh]_0" site_id="715" xmltv_id="Discovery 科學高清頻道">Discovery 科學高清頻道</channel>
    <channel site="[ENC]epg.i-cable.com[zh]_0" site_id="716" xmltv_id="DMAX 高清頻道">DMAX 高清頻道</channel>
    <channel site="[ENC]epg.i-cable.com[zh]_0" site_id="717" xmltv_id="亞洲美食頻道">亞洲美食頻道</channel>
    <channel site="[ENC]epg.i-cable.com[zh]_0" site_id="718" xmltv_id="旅遊頻道">旅遊頻道</channel>
    <channel site="[ENC]epg.i-cable.com[zh]_0" site_id="720" xmltv_id="BBC Lifestyle 高清頻道">BBC Lifestyle 高清頻道</channel>
    <channel site="[ENC]epg.i-cable.com[zh]_0" site_id="721" xmltv_id="BBC Earth">BBC Earth</channel>
    <channel site="[ENC]epg.i-cable.com[zh]_0" site_id="722" xmltv_id="中國環球電視網紀錄頻道">中國環球電視網紀錄頻道</channel>
    <channel site="[ENC]epg.i-cable.com[zh]_0" site_id="730" xmltv_id="Pet Club TV">Pet Club TV</channel>
    <channel site="[ENC]epg.i-cable.com[zh]_0" site_id="751" xmltv_id="國家地理野生頻道">國家地理野生頻道</channel>
    <channel site="[ENC]epg.i-cable.com[zh]_0" site_id="752" xmltv_id="國家地理頻道">國家地理頻道</channel>
    <channel site="[ENC]epg.i-cable.com[zh]_0" site_id="754" xmltv_id="Discovery">Discovery</channel>
    <channel site="[ENC]epg.i-cable.com[zh]_0" site_id="755" xmltv_id="旅遊生活頻道">旅遊生活頻道</channel>
    <channel site="[ENC]epg.i-cable.com[zh]_0" site_id="756" xmltv_id="EVE">EVE</channel>
    <channel site="[ENC]epg.i-cable.com[zh]_0" site_id="757" xmltv_id="動物星球頻道">動物星球頻道</channel>
    <channel site="[ENC]epg.i-cable.com[zh]_0" site_id="758" xmltv_id="Discovery科學頻道">Discovery科學頻道</channel>
    <channel site="[ENC]epg.i-cable.com[zh]_0" site_id="759" xmltv_id="DMAX">DMAX</channel>
    <channel site="[ENC]epg.i-cable.com[zh]_0" site_id="760" xmltv_id="BBC Lifestyle">BBC Lifestyle</channel>
    <channel site="[ENC]epg.i-cable.com[zh]_0" site_id="761" xmltv_id="戶外頻道">戶外頻道</channel>
    <channel site="[ENC]epg.i-cable.com[zh]_0" site_id="901" xmltv_id="歡樂台">歡樂台</channel>
    <channel site="[ENC]epg.i-cable.com[zh]_0" site_id="902" xmltv_id="惹火台">惹火台</channel>
    <channel site="[ENC]epg.i-cable.com[zh]_0" site_id="001" xmltv_id="HOY TV">HOY TV</channel>
    <channel site="[ENC]epg.i-cable.com[zh]_0" site_id="002" xmltv_id="HOY 資訊台">HOY 資訊台</channel>
    <channel site="[ENC]epg.i-cable.com[zh]_0" site_id="003" xmltv_id="香港國際財經台">香港國際財經台</channel>
    <channel site="[ENC]epg.i-cable.com[zh]_0" site_id="005" xmltv_id="HOY TV">HOY TV</channel>
    <channel site="[ENC]epg.i-cable.com[zh]_0" site_id="006" xmltv_id="HOY 資訊台">HOY 資訊台</channel>
    <channel site="[ENC]epg.i-cable.com[zh]_0" site_id="007" xmltv_id="香港國際財經台">香港國際財經台</channel>
  </channels>
</site>