<?xml version="1.0" encoding="UTF-8"?>
<site generator-info-name="Tempest EPG Generator (made by Kvanc)" generator-info-url="https://github.com/K-vanc/Tempest-EPG-Generator.git" site="mytvsuper.com[en]_0">
  <channels>
    <channel site="mytvsuper.com[en]_0" site_id="C18||1651032626745665_C18.png" xmltv_id="myTV SUPER 18">myTV SUPER 18</channel>
    <channel site="mytvsuper.com[en]_0" site_id="TVG||1651032648621471_TVG.png" xmltv_id="Golden Jade">Golden Jade</channel>
    <channel site="mytvsuper.com[en]_0" site_id="J||1651032626745665_C18.png" xmltv_id="Jade">Jade</channel>
    <channel site="mytvsuper.com[en]_0" site_id="B||1651032626745665_C18.png" xmltv_id="J2">J2</channel>
    <channel site="mytvsuper.com[en]_0" site_id="C||1651032626745665_C18.png" xmltv_id="TVB News Channel">TVB News Channel</channel>
    <channel site="mytvsuper.com[en]_0" site_id="P||1651032626745665_C18.png" xmltv_id="Pearl">Pearl</channel>
    <channel site="mytvsuper.com[en]_0" site_id="A||1651032626745665_C18.png" xmltv_id="TVB Finance, Sports &amp; Information Channel">TVB Finance, Sports &amp; Information Channel</channel>
    <channel site="mytvsuper.com[en]_0" site_id="CTVC||1651032673030814_CTVC.png" xmltv_id="TVB Classic">TVB Classic</channel>
    <channel site="mytvsuper.com[en]_0" site_id="CTVS||1651032687467218_CTVS.png" xmltv_id="Asian Drama">Asian Drama</channel>
    <channel site="mytvsuper.com[en]_0" site_id="CDR3||1651032713939760_CDR3.png" xmltv_id="Chinese Drama">Chinese Drama</channel>
    <channel site="mytvsuper.com[en]_0" site_id="CTVE||1651033225649707_CTVE.png" xmltv_id="Entertainment News">Entertainment News</channel>
    <channel site="mytvsuper.com[en]_0" site_id="CWIN||1651033305594790_CWIN.png" xmltv_id="Asian Variety">Asian Variety</channel>
    <channel site="mytvsuper.com[en]_0" site_id="CCOC||1651033348934776_CCOC.png" xmltv_id="Chinese Opera Channel">Chinese Opera Channel</channel>
    <channel site="mytvsuper.com[en]_0" site_id="KID||1651033359059853_KID.png" xmltv_id="Hands Up Channel">Hands Up Channel</channel>
    <channel site="mytvsuper.com[en]_0" site_id="BBB||1651033367588602_BBB.png" xmltv_id="CBeebies">CBeebies</channel>
    <channel site="mytvsuper.com[en]_0" site_id="CNIKO||1651032626745665_C18.png" xmltv_id="Nickelodeon">Nickelodeon</channel>
    <channel site="mytvsuper.com[en]_0" site_id="CNIJR||1651033388527501_CNIJR.png" xmltv_id="Nick Jr">Nick Jr</channel>
    <channel site="mytvsuper.com[en]_0" site_id="CCLM||1651032626745665_C18.png" xmltv_id="Classic Movies">Classic Movies</channel>
    <channel site="mytvsuper.com[en]_0" site_id="CMAM||1651033399435307_CMAM.png" xmltv_id="Mei Ah Movie Channel">Mei Ah Movie Channel</channel>
    <channel site="mytvsuper.com[en]_0" site_id="CTHR||1651033409415375_CTHR.png" xmltv_id="Thrill">Thrill</channel>
    <channel site="mytvsuper.com[en]_0" site_id="CCCM||1651033418318599_CCCM.png" xmltv_id="CCM">CCM</channel>
    <channel site="mytvsuper.com[en]_0" site_id="CMC||1651032626745665_C18.png" xmltv_id="China Movie Channel">China Movie Channel</channel>
    <channel site="mytvsuper.com[en]_0" site_id="PAR||1651032626745665_C18.png" xmltv_id="Paramount Network">Paramount Network</channel>
    <channel site="mytvsuper.com[en]_0" site_id="CKIX||1651032626745665_C18.png" xmltv_id="KIX">KIX</channel>
    <channel site="mytvsuper.com[en]_0" site_id="EUS||1651032626745665_C18.png" xmltv_id="Eurosport">Eurosport</channel>
    <channel site="mytvsuper.com[en]_0" site_id="BBE||1651032626745665_C18.png" xmltv_id="BBC Earth">BBC Earth</channel>
    <channel site="mytvsuper.com[en]_0" site_id="LNH||1651032626745665_C18.png" xmltv_id="Love Nature HD">Love Nature HD</channel>
    <channel site="mytvsuper.com[en]_0" site_id="LN4||1651032626745665_C18.png" xmltv_id="Love Nature 4K">Love Nature 4K</channel>
    <channel site="mytvsuper.com[en]_0" site_id="ANP||1651032626745665_C18.png" xmltv_id="Animal Planet">Animal Planet</channel>
    <channel site="mytvsuper.com[en]_0" site_id="DSC||1651032626745665_C18.png" xmltv_id="Discovery Channel">Discovery Channel</channel>
    <channel site="mytvsuper.com[en]_0" site_id="SCI||1651032626745665_C18.png" xmltv_id="Discovery Science">Discovery Science</channel>
    <channel site="mytvsuper.com[en]_0" site_id="SMS||1651032626745665_C18.png" xmltv_id="Global Trekker">Global Trekker</channel>
    <channel site="mytvsuper.com[en]_0" site_id="CRTX||1651032626745665_C18.png" xmltv_id="ROCK Action">ROCK Action</channel>
    <channel site="mytvsuper.com[en]_0" site_id="CRTE||1651032626745665_C18.png" xmltv_id="ROCK Entertainment">ROCK Entertainment</channel>
    <channel site="mytvsuper.com[en]_0" site_id="CAXN||1651032626745665_C18.png" xmltv_id="AXN">AXN</channel>
    <channel site="mytvsuper.com[en]_0" site_id="GEM||1651032626745665_C18.png" xmltv_id="GEM">GEM</channel>
    <channel site="mytvsuper.com[en]_0" site_id="CANI||1651032626745665_C18.png" xmltv_id="Animax">Animax</channel>
    <channel site="mytvsuper.com[en]_0" site_id="CJTV||1651032626745665_C18.png" xmltv_id="tvN">tvN</channel>
    <channel site="mytvsuper.com[en]_0" site_id="CTS1||1651032626745665_C18.png" xmltv_id="TVBS Asia">TVBS Asia</channel>
    <channel site="mytvsuper.com[en]_0" site_id="CRE||1651032626745665_C18.png" xmltv_id="Creation TV">Creation TV</channel>
    <channel site="mytvsuper.com[en]_0" site_id="CFF1||1651032626745665_C18.png" xmltv_id="Fashion One">Fashion One</channel>
    <channel site="mytvsuper.com[en]_0" site_id="CMEZ||1651032626745665_C18.png" xmltv_id="Mezzo Live HD">Mezzo Live HD</channel>
    <channel site="mytvsuper.com[en]_0" site_id="BBL||1651032626745665_C18.png" xmltv_id="BBC Lifestyle">BBC Lifestyle</channel>
    <channel site="mytvsuper.com[en]_0" site_id="CMN1||1651032626745665_C18.png" xmltv_id="Mainland News">Mainland News</channel>
    <channel site="mytvsuper.com[en]_0" site_id="CTSN||1651032626745665_C18.png" xmltv_id="TVBS News">TVBS News</channel>
    <channel site="mytvsuper.com[en]_0" site_id="CCNA||1651032626745665_C18.png" xmltv_id="Channel NewsAsia">Channel NewsAsia</channel>
    <channel site="mytvsuper.com[en]_0" site_id="CJAZ||1651032626745665_C18.png" xmltv_id="Al Jazeera English">Al Jazeera English</channel>
    <channel site="mytvsuper.com[en]_0" site_id="CF24||1651032626745665_C18.png" xmltv_id="France 24">France 24</channel>
    <channel site="mytvsuper.com[en]_0" site_id="CDW1||1651032626745665_C18.png" xmltv_id="DW">DW</channel>
    <channel site="mytvsuper.com[en]_0" site_id="CNHK||1651032626745665_C18.png" xmltv_id="NHK World-Japan">NHK World-Japan</channel>
    <channel site="mytvsuper.com[en]_0" site_id="CARI||1651032626745665_C18.png" xmltv_id="Arirang TV">Arirang TV</channel>
    <channel site="mytvsuper.com[en]_0" site_id="BBW||1651032626745665_C18.png" xmltv_id="BBC World News">BBC World News</channel>
    <channel site="mytvsuper.com[en]_0" site_id="EVT2||1651032626745665_C18.png" xmltv_id="myTV SUPER Live Soccer 2">myTV SUPER Live Soccer 2</channel>
    <channel site="mytvsuper.com[en]_0" site_id="EVT3||1651032626745665_C18.png" xmltv_id="myTV SUPER Live Soccer 3">myTV SUPER Live Soccer 3</channel>
    <channel site="mytvsuper.com[en]_0" site_id="EVT4||1651032626745665_C18.png" xmltv_id="myTV SUPER Live Soccer 4">myTV SUPER Live Soccer 4</channel>
    <channel site="mytvsuper.com[en]_0" site_id="EVT5||1651032626745665_C18.png" xmltv_id="myTV SUPER Live Soccer 5">myTV SUPER Live Soccer 5</channel>
  </channels>
</site>