<?xml version="1.0" encoding="UTF-8"?>
<site generator-info-name="Tempest EPG Generator (made by Kvanc)" generator-info-url="https://github.com/K-vanc/Tempest-EPG-Generator.git" site="[ENC]tvtoday.de_0">
  <channels>
    <channel site="[ENC]tvtoday.de_0" site_id="ard" xmltv_id="Das Erste">Das Erste</channel>
    <channel site="[ENC]tvtoday.de_0" site_id="zdf" xmltv_id="ZDF">ZDF</channel>
    <channel site="[ENC]tvtoday.de_0" site_id="rtl" xmltv_id="RTL">RTL</channel>
    <channel site="[ENC]tvtoday.de_0" site_id="sat1" xmltv_id="SAT.1">SAT.1</channel>
    <channel site="[ENC]tvtoday.de_0" site_id="pro7" xmltv_id="ProSieben">ProSieben</channel>
    <channel site="[ENC]tvtoday.de_0" site_id="k1" xmltv_id="kabel eins">kabel eins</channel>
    <channel site="[ENC]tvtoday.de_0" site_id="rtl2" xmltv_id="RTLZWEI">RTLZWEI</channel>
    <channel site="[ENC]tvtoday.de_0" site_id="vox" xmltv_id="VOX">VOX</channel>
    <channel site="[ENC]tvtoday.de_0" site_id="3sat" xmltv_id="3sat">3sat</channel>
    <channel site="[ENC]tvtoday.de_0" site_id="arte" xmltv_id="ARTE">ARTE</channel>
    <channel site="[ENC]tvtoday.de_0" site_id="2neo" xmltv_id="ZDFneo">ZDFneo</channel>
    <channel site="[ENC]tvtoday.de_0" site_id="fes" xmltv_id="ONE">ONE</channel>
    <channel site="[ENC]tvtoday.de_0" site_id="sixx" xmltv_id="sixx">sixx</channel>
    <channel site="[ENC]tvtoday.de_0" site_id="dmax" xmltv_id="DMAX">DMAX</channel>
    <channel site="[ENC]tvtoday.de_0" site_id="tele5" xmltv_id="TELE 5">TELE 5</channel>
    <channel site="[ENC]tvtoday.de_0" site_id="servu" xmltv_id="ServusTV Deutschland">ServusTV Deutschland</channel>
    <channel site="[ENC]tvtoday.de_0" site_id="pro7m" xmltv_id="ProSieben MAXX">ProSieben MAXX</channel>
    <channel site="[ENC]tvtoday.de_0" site_id="rtl-n" xmltv_id="NITRO">NITRO</channel>
    <channel site="[ENC]tvtoday.de_0" site_id="rtlpl" xmltv_id="RTLup">RTLup</channel>
    <channel site="[ENC]tvtoday.de_0" site_id="sat1g" xmltv_id="SAT.1 Gold">SAT.1 Gold</channel>
    <channel site="[ENC]tvtoday.de_0" site_id="cc" xmltv_id="COMEDY CENTRAL">COMEDY CENTRAL</channel>
    <channel site="[ENC]tvtoday.de_0" site_id="n3" xmltv_id="NDR">NDR</channel>
    <channel site="[ENC]tvtoday.de_0" site_id="wdr" xmltv_id="WDR">WDR</channel>
    <channel site="[ENC]tvtoday.de_0" site_id="br" xmltv_id="BR">BR</channel>
    <channel site="[ENC]tvtoday.de_0" site_id="swr" xmltv_id="SWR/SR">SWR/SR</channel>
    <channel site="[ENC]tvtoday.de_0" site_id="hr" xmltv_id="HR">HR</channel>
    <channel site="[ENC]tvtoday.de_0" site_id="mdr" xmltv_id="MDR">MDR</channel>
    <channel site="[ENC]tvtoday.de_0" site_id="rbb" xmltv_id="RBB">RBB</channel>
    <channel site="[ENC]tvtoday.de_0" site_id="sport" xmltv_id="SPORT1">SPORT1</channel>
    <channel site="[ENC]tvtoday.de_0" site_id="s1plu" xmltv_id="SPORT1+">SPORT1+</channel>
    <channel site="[ENC]tvtoday.de_0" site_id="euro" xmltv_id="Eurosport 1">Eurosport 1</channel>
    <channel site="[ENC]tvtoday.de_0" site_id="euro2" xmltv_id="Eurosport 2">Eurosport 2</channel>
    <channel site="[ENC]tvtoday.de_0" site_id="dazn" xmltv_id="DAZN">DAZN</channel>
    <channel site="[ENC]tvtoday.de_0" site_id="snhd" xmltv_id="Sky Sport News">Sky Sport News</channel>
    <channel site="[ENC]tvtoday.de_0" site_id="ex-sp" xmltv_id="EXTREME SPORTS">EXTREME SPORTS</channel>
    <channel site="[ENC]tvtoday.de_0" site_id="spo-a" xmltv_id="Sky Sport Austria">Sky Sport Austria</channel>
    <channel site="[ENC]tvtoday.de_0" site_id="buli" xmltv_id="Bundesliga HD 1">Bundesliga HD 1</channel>
    <channel site="[ENC]tvtoday.de_0" site_id="spo-d" xmltv_id="sportdigital">sportdigital</channel>
    <channel site="[ENC]tvtoday.de_0" site_id="ams" xmltv_id="Auto Motor Sport Ch.">Auto Motor Sport Ch.</channel>
    <channel site="[ENC]tvtoday.de_0" site_id="es1" xmltv_id="eSports1">eSports1</channel>
    <channel site="[ENC]tvtoday.de_0" site_id="skyste" xmltv_id="Sky Sport Top Event">Sky Sport Top Event</channel>
    <channel site="[ENC]tvtoday.de_0" site_id="skysg" xmltv_id="Sky Sport Golf">Sky Sport Golf</channel>
    <channel site="[ENC]tvtoday.de_0" site_id="skysm" xmltv_id="Sky Sport Mix">Sky Sport Mix</channel>
    <channel site="[ENC]tvtoday.de_0" site_id="skyspl" xmltv_id="Sky Sport Premier Leaque">Sky Sport Premier Leaque</channel>
    <channel site="[ENC]tvtoday.de_0" site_id="skyst" xmltv_id="Sky Sport Tennis">Sky Sport Tennis</channel>
    <channel site="[ENC]tvtoday.de_0" site_id="alpha" xmltv_id="ARD-alpha">ARD-alpha</channel>
    <channel site="[ENC]tvtoday.de_0" site_id="tag24" xmltv_id="tagesschau24">tagesschau24</channel>
    <channel site="[ENC]tvtoday.de_0" site_id="zinfo" xmltv_id="ZDFinfo">ZDFinfo</channel>
    <channel site="[ENC]tvtoday.de_0" site_id="phoen" xmltv_id="PHOENIX">PHOENIX</channel>
    <channel site="[ENC]tvtoday.de_0" site_id="welt" xmltv_id="WELT">WELT</channel>
    <channel site="[ENC]tvtoday.de_0" site_id="n24doku" xmltv_id="N24 Doku">N24 Doku</channel>
    <channel site="[ENC]tvtoday.de_0" site_id="ntv" xmltv_id="n-tv">n-tv</channel>
    <channel site="[ENC]tvtoday.de_0" site_id="k1doku" xmltv_id="kabel eins Doku">kabel eins Doku</channel>
    <channel site="[ENC]tvtoday.de_0" site_id="dwtv" xmltv_id="DW (Europe)">DW (Europe)</channel>
    <channel site="[ENC]tvtoday.de_0" site_id="euron" xmltv_id="euronews">euronews</channel>
    <channel site="[ENC]tvtoday.de_0" site_id="bbc-n" xmltv_id="BBC News">BBC News</channel>
    <channel site="[ENC]tvtoday.de_0" site_id="bild" xmltv_id="Bild TV">Bild TV</channel>
    <channel site="[ENC]tvtoday.de_0" site_id="super" xmltv_id="SUPER RTL">SUPER RTL</channel>
    <channel site="[ENC]tvtoday.de_0" site_id="kika" xmltv_id="KiKA">KiKA</channel>
    <channel site="[ENC]tvtoday.de_0" site_id="disne" xmltv_id="Disney Channel">Disney Channel</channel>
    <channel site="[ENC]tvtoday.de_0" site_id="nick" xmltv_id="nick/MTV+">nick/MTV+</channel>
    <channel site="[ENC]tvtoday.de_0" site_id="ric" xmltv_id="RiC">RiC</channel>
    <channel site="[ENC]tvtoday.de_0" site_id="toggo" xmltv_id="TOGGO plus">TOGGO plus</channel>
    <channel site="[ENC]tvtoday.de_0" site_id="nickj" xmltv_id="Nick Jr.">Nick Jr.</channel>
    <channel site="[ENC]tvtoday.de_0" site_id="nickt" xmltv_id="Nicktoons">Nicktoons</channel>
    <channel site="[ENC]tvtoday.de_0" site_id="c-net" xmltv_id="Cartoon Network">Cartoon Network</channel>
    <channel site="[ENC]tvtoday.de_0" site_id="fftv" xmltv_id="Fix &amp; Foxi">Fix &amp; Foxi</channel>
    <channel site="[ENC]tvtoday.de_0" site_id="orf1" xmltv_id="ORF eins">ORF eins</channel>
    <channel site="[ENC]tvtoday.de_0" site_id="orf2" xmltv_id="ORF 2">ORF 2</channel>
    <channel site="[ENC]tvtoday.de_0" site_id="orf3" xmltv_id="ORF III">ORF III</channel>
    <channel site="[ENC]tvtoday.de_0" site_id="orfsp" xmltv_id="ORF SPORT +">ORF SPORT +</channel>
    <channel site="[ENC]tvtoday.de_0" site_id="puls4" xmltv_id="PULS 4">PULS 4</channel>
    <channel site="[ENC]tvtoday.de_0" site_id="atv" xmltv_id="ATV">ATV</channel>
    <channel site="[ENC]tvtoday.de_0" site_id="atv2" xmltv_id="ATV II">ATV II</channel>
    <channel site="[ENC]tvtoday.de_0" site_id="oe24tv" xmltv_id="oe24.TV">oe24.TV</channel>
    <channel site="[ENC]tvtoday.de_0" site_id="sf1" xmltv_id="SRF 1">SRF 1</channel>
    <channel site="[ENC]tvtoday.de_0" site_id="sf2" xmltv_id="SRF zwei">SRF zwei</channel>
    <channel site="[ENC]tvtoday.de_0" site_id="sttv" xmltv_id="STAR TV">STAR TV</channel>
    <channel site="[ENC]tvtoday.de_0" site_id="puls8" xmltv_id="PULS acht">PULS acht</channel>
    <channel site="[ENC]tvtoday.de_0" site_id="3plus" xmltv_id="3+">3+</channel>
    <channel site="[ENC]tvtoday.de_0" site_id="tvb" xmltv_id="tv.berlin">tv.berlin</channel>
    <channel site="[ENC]tvtoday.de_0" site_id="hh1" xmltv_id="Hamburg 1">Hamburg 1</channel>
    <channel site="[ENC]tvtoday.de_0" site_id="tvm" xmltv_id="münchen.tv">münchen.tv</channel>
    <channel site="[ENC]tvtoday.de_0" site_id="leitv" xmltv_id="Leipzig Fernsehen">Leipzig Fernsehen</channel>
    <channel site="[ENC]tvtoday.de_0" site_id="rmtv" xmltv_id="rheinmain tv">rheinmain tv</channel>
    <channel site="[ENC]tvtoday.de_0" site_id="rnf" xmltv_id="Rhein-Neckar Fernsehen">Rhein-Neckar Fernsehen</channel>
    <channel site="[ENC]tvtoday.de_0" site_id="aljaz" xmltv_id="Al Jazeera">Al Jazeera</channel>
    <channel site="[ENC]tvtoday.de_0" site_id="bbc" xmltv_id="BBC World News">BBC World News</channel>
    <channel site="[ENC]tvtoday.de_0" site_id="blm" xmltv_id="Bloomberg Europe TV">Bloomberg Europe TV</channel>
    <channel site="[ENC]tvtoday.de_0" site_id="cnbc" xmltv_id="CNBC">CNBC</channel>
    <channel site="[ENC]tvtoday.de_0" site_id="cnn" xmltv_id="CNN International">CNN International</channel>
    <channel site="[ENC]tvtoday.de_0" site_id="fr24f" xmltv_id="France 24 (franz.)">France 24 (franz.)</channel>
    <channel site="[ENC]tvtoday.de_0" site_id="fr24e" xmltv_id="France 24 (engl.)">France 24 (engl.)</channel>
    <channel site="[ENC]tvtoday.de_0" site_id="nhk" xmltv_id="NHK WORLD TV">NHK WORLD TV</channel>
    <channel site="[ENC]tvtoday.de_0" site_id="cnn-t" xmltv_id="CNN Türk">CNN Türk</channel>
    <channel site="[ENC]tvtoday.de_0" site_id="dmf" xmltv_id="Deutsches Musik Ferns.">Deutsches Musik Ferns.</channel>
    <channel site="[ENC]tvtoday.de_0" site_id="mtv-b" xmltv_id="MTV Base">MTV Base</channel>
    <channel site="[ENC]tvtoday.de_0" site_id="mtv-d" xmltv_id="Club MTV">Club MTV</channel>
    <channel site="[ENC]tvtoday.de_0" site_id="mtv-h" xmltv_id="MTV Hits">MTV Hits</channel>
    <channel site="[ENC]tvtoday.de_0" site_id="mtv" xmltv_id="MTV">MTV</channel>
    <channel site="[ENC]tvtoday.de_0" site_id="mtv-l" xmltv_id="MTV Live HD">MTV Live HD</channel>
    <channel site="[ENC]tvtoday.de_0" site_id="dmc" xmltv_id="DELUXE MUSIC">DELUXE MUSIC</channel>
    <channel site="[ENC]tvtoday.de_0" site_id="vh1" xmltv_id="MTV 80s">MTV 80s</channel>
    <channel site="[ENC]tvtoday.de_0" site_id="aplan" xmltv_id="Animal Planet">Animal Planet</channel>
    <channel site="[ENC]tvtoday.de_0" site_id="anixe" xmltv_id="ANIXE">ANIXE</channel>
    <channel site="[ENC]tvtoday.de_0" site_id="bibel" xmltv_id="Bibel TV">Bibel TV</channel>
    <channel site="[ENC]tvtoday.de_0" site_id="hddis" xmltv_id="Discovery HD">Discovery HD</channel>
    <channel site="[ENC]tvtoday.de_0" site_id="eotv" xmltv_id="More than Sports TV">More than Sports TV</channel>
    <channel site="[ENC]tvtoday.de_0" site_id="geo" xmltv_id="GEO Television">GEO Television</channel>
    <channel site="[ENC]tvtoday.de_0" site_id="crin" xmltv_id="Crime + Investigation">Crime + Investigation</channel>
    <channel site="[ENC]tvtoday.de_0" site_id="health" xmltv_id="Health TV">Health TV</channel>
    <channel site="[ENC]tvtoday.de_0" site_id="ktv" xmltv_id="K-TV">K-TV</channel>
    <channel site="[ENC]tvtoday.de_0" site_id="mapo" xmltv_id="Marco Polo TV">Marco Polo TV</channel>
    <channel site="[ENC]tvtoday.de_0" site_id="n-ghd" xmltv_id="Nat Geo HD">Nat Geo HD</channel>
    <channel site="[ENC]tvtoday.de_0" site_id="n-gw" xmltv_id="NAT GEO WILD">NAT GEO WILD</channel>
    <channel site="[ENC]tvtoday.de_0" site_id="sptvw" xmltv_id="Curiosity Channel">Curiosity Channel</channel>
    <channel site="[ENC]tvtoday.de_0" site_id="sp-ge" xmltv_id="SPIEGEL Geschichte">SPIEGEL Geschichte</channel>
    <channel site="[ENC]tvtoday.de_0" site_id="tlc" xmltv_id="TLC">TLC</channel>
    <channel site="[ENC]tvtoday.de_0" site_id="travelxp" xmltv_id="travelxp 4K">travelxp 4K</channel>
    <channel site="[ENC]tvtoday.de_0" site_id="uhd1" xmltv_id="UHD1">UHD1</channel>
    <channel site="[ENC]tvtoday.de_0" site_id="wdwtv" xmltv_id="Welt der Wunder">Welt der Wunder</channel>
    <channel site="[ENC]tvtoday.de_0" site_id="hgtv" xmltv_id="Home &amp; Garden TV">Home &amp; Garden TV</channel>
    <channel site="[ENC]tvtoday.de_0" site_id="voxup" xmltv_id="VOXup">VOXup</channel>
    <channel site="[ENC]tvtoday.de_0" site_id="rbtv" xmltv_id="Rocket Beans TV">Rocket Beans TV</channel>
    <channel site="[ENC]tvtoday.de_0" site_id="123tv" xmltv_id="123.tv">123.tv</channel>
    <channel site="[ENC]tvtoday.de_0" site_id="ch21" xmltv_id="Channel21">Channel21</channel>
    <channel site="[ENC]tvtoday.de_0" site_id="hse" xmltv_id="HSE">HSE</channel>
    <channel site="[ENC]tvtoday.de_0" site_id="qvc" xmltv_id="QVC">QVC</channel>
    <channel site="[ENC]tvtoday.de_0" site_id="qvcp" xmltv_id="QVC2">QVC2</channel>
    <channel site="[ENC]tvtoday.de_0" site_id="sklar" xmltv_id="sonnenklar.TV">sonnenklar.TV</channel>
    <channel site="[ENC]tvtoday.de_0" site_id="hseextra" xmltv_id="HSE Extra">HSE Extra</channel>
    <channel site="[ENC]tvtoday.de_0" site_id="be1" xmltv_id="Belgien 1">Belgien 1</channel>
    <channel site="[ENC]tvtoday.de_0" site_id="dr1" xmltv_id="DR1">DR1</channel>
    <channel site="[ENC]tvtoday.de_0" site_id="tv2" xmltv_id="TV2">TV2</channel>
    <channel site="[ENC]tvtoday.de_0" site_id="tv5" xmltv_id="TV5 Monde">TV5 Monde</channel>
    <channel site="[ENC]tvtoday.de_0" site_id="cpluss" xmltv_id="Canal+ Sport">Canal+ Sport</channel>
    <channel site="[ENC]tvtoday.de_0" site_id="bbc2" xmltv_id="BBC Two">BBC Two</channel>
    <channel site="[ENC]tvtoday.de_0" site_id="c5" xmltv_id="Canale 5">Canale 5</channel>
    <channel site="[ENC]tvtoday.de_0" site_id="bbc1" xmltv_id="BBC One">BBC One</channel>
    <channel site="[ENC]tvtoday.de_0" site_id="cplus" xmltv_id="Canal+">Canal+</channel>
    <channel site="[ENC]tvtoday.de_0" site_id="cplusc" xmltv_id="Canal+Cinéma">Canal+Cinéma</channel>
    <channel site="[ENC]tvtoday.de_0" site_id="euro-d" xmltv_id="Euro D">Euro D</channel>
    <channel site="[ENC]tvtoday.de_0" site_id="euro-s" xmltv_id="Euro Star">Euro Star</channel>
    <channel site="[ENC]tvtoday.de_0" site_id="fra4" xmltv_id="France 4">France 4</channel>
    <channel site="[ENC]tvtoday.de_0" site_id="fra5" xmltv_id="France 5">France 5</channel>
    <channel site="[ENC]tvtoday.de_0" site_id="shot" xmltv_id="Show Turk">Show Turk</channel>
    <channel site="[ENC]tvtoday.de_0" site_id="fra3" xmltv_id="France 3">France 3</channel>
    <channel site="[ENC]tvtoday.de_0" site_id="bbc4" xmltv_id="BBC four">BBC four</channel>
    <channel site="[ENC]tvtoday.de_0" site_id="tmax" xmltv_id="Turkmax Gurme">Turkmax Gurme</channel>
    <channel site="[ENC]tvtoday.de_0" site_id="fra2" xmltv_id="France 2">France 2</channel>
    <channel site="[ENC]tvtoday.de_0" site_id="servusa" xmltv_id="Servus TV">Servus TV</channel>
    <channel site="[ENC]tvtoday.de_0" site_id="cin" xmltv_id="Sky Cinema Premieren">Sky Cinema Premieren</channel>
    <channel site="[ENC]tvtoday.de_0" site_id="cin24" xmltv_id="Sky Cinema Premieren +24">Sky Cinema Premieren +24</channel>
    <channel site="[ENC]tvtoday.de_0" site_id="sky-a" xmltv_id="Sky Action">Sky Action</channel>
    <channel site="[ENC]tvtoday.de_0" site_id="sky1" xmltv_id="Sky 1">Sky 1</channel>
    <channel site="[ENC]tvtoday.de_0" site_id="skyat" xmltv_id="Sky Atlantic HD">Sky Atlantic HD</channel>
    <channel site="[ENC]tvtoday.de_0" site_id="sky-c" xmltv_id="Sky Cinema Fun">Sky Cinema Fun</channel>
    <channel site="[ENC]tvtoday.de_0" site_id="sky-f" xmltv_id="Sky Family">Sky Family</channel>
    <channel site="[ENC]tvtoday.de_0" site_id="sky-h" xmltv_id="Sky Cinema Best Of">Sky Cinema Best Of</channel>
    <channel site="[ENC]tvtoday.de_0" site_id="sky-n" xmltv_id="Sky Cinema Classics">Sky Cinema Classics</channel>
    <channel site="[ENC]tvtoday.de_0" site_id="sky-k" xmltv_id="Sky Krimi">Sky Krimi</channel>
    <channel site="[ENC]tvtoday.de_0" site_id="hishd" xmltv_id="HISTORY HD">HISTORY HD</channel>
    <channel site="[ENC]tvtoday.de_0" site_id="heima" xmltv_id="Heimatkanal">Heimatkanal</channel>
    <channel site="[ENC]tvtoday.de_0" site_id="13th" xmltv_id="13TH STREET">13TH STREET</channel>
    <channel site="[ENC]tvtoday.de_0" site_id="butv" xmltv_id="Beate-Uhse.TV">Beate-Uhse.TV</channel>
    <channel site="[ENC]tvtoday.de_0" site_id="k1cla" xmltv_id="kabel eins CLASSICS">kabel eins CLASSICS</channel>
    <channel site="[ENC]tvtoday.de_0" site_id="pro7f" xmltv_id="ProSieben Fun">ProSieben Fun</channel>
    <channel site="[ENC]tvtoday.de_0" site_id="scifi" xmltv_id="Syfy">Syfy</channel>
    <channel site="[ENC]tvtoday.de_0" site_id="tnt-c" xmltv_id="Warner TV Comedy">Warner TV Comedy</channel>
    <channel site="[ENC]tvtoday.de_0" site_id="tnt-f" xmltv_id="Warner TV Film">Warner TV Film</channel>
    <channel site="[ENC]tvtoday.de_0" site_id="tnt-s" xmltv_id="Warner TV Serie">Warner TV Serie</channel>
    <channel site="[ENC]tvtoday.de_0" site_id="movtv" xmltv_id="Motorvision TV">Motorvision TV</channel>
    <channel site="[ENC]tvtoday.de_0" site_id="rom" xmltv_id="Romance TV">Romance TV</channel>
    <channel site="[ENC]tvtoday.de_0" site_id="unive" xmltv_id="Universal Channel HD">Universal Channel HD</channel>
    <channel site="[ENC]tvtoday.de_0" site_id="sky-cr" xmltv_id="Sky Crime">Sky Crime</channel>
    <channel site="[ENC]tvtoday.de_0" site_id="skycs" xmltv_id="Sky Cinema Special HD">Sky Cinema Special HD</channel>
    <channel site="[ENC]tvtoday.de_0" site_id="skyf1" xmltv_id="SKY Sport F1">SKY Sport F1</channel>
    <channel site="[ENC]tvtoday.de_0" site_id="skyth" xmltv_id="Sky Cinema Thriller HD">Sky Cinema Thriller HD</channel>
    <channel site="[ENC]tvtoday.de_0" site_id="sky-d" xmltv_id="Sky Documentaries">Sky Documentaries</channel>
    <channel site="[ENC]tvtoday.de_0" site_id="sky-na" xmltv_id="Sky Nature">Sky Nature</channel>
    <channel site="[ENC]tvtoday.de_0" site_id="skysh" xmltv_id="sky showcase">sky showcase</channel>
    <channel site="[ENC]tvtoday.de_0" site_id="skyrp" xmltv_id="sky replay">sky replay</channel>
    <channel site="[ENC]tvtoday.de_0" site_id="adult" xmltv_id="Adult Channel">Adult Channel</channel>
    <channel site="[ENC]tvtoday.de_0" site_id="axn" xmltv_id="AXN Black">AXN Black</channel>
    <channel site="[ENC]tvtoday.de_0" site_id="bbc-e" xmltv_id="BBC Entertainm.">BBC Entertainm.</channel>
    <channel site="[ENC]tvtoday.de_0" site_id="gusto" xmltv_id="BonGusto">BonGusto</channel>
    <channel site="[ENC]tvtoday.de_0" site_id="class" xmltv_id="Classica">Classica</channel>
    <channel site="[ENC]tvtoday.de_0" site_id="fatv" xmltv_id="Fashion TV">Fashion TV</channel>
    <channel site="[ENC]tvtoday.de_0" site_id="gold" xmltv_id="GoldStar TV">GoldStar TV</channel>
    <channel site="[ENC]tvtoday.de_0" site_id="laune" xmltv_id="Gute Laune TV">Gute Laune TV</channel>
    <channel site="[ENC]tvtoday.de_0" site_id="juke" xmltv_id="Jukebox">Jukebox</channel>
    <channel site="[ENC]tvtoday.de_0" site_id="lustp" xmltv_id="LUST PUR">LUST PUR</channel>
    <channel site="[ENC]tvtoday.de_0" site_id="mezzo" xmltv_id="Mezzo">Mezzo</channel>
    <channel site="[ENC]tvtoday.de_0" site_id="nauch" xmltv_id="Nautical Channel">Nautical Channel</channel>
    <channel site="[ENC]tvtoday.de_0" site_id="nowus" xmltv_id="NOW US">NOW US</channel>
    <channel site="[ENC]tvtoday.de_0" site_id="pboy" xmltv_id="Playboy TV">Playboy TV</channel>
    <channel site="[ENC]tvtoday.de_0" site_id="pass" xmltv_id="RTL Passion">RTL Passion</channel>
    <channel site="[ENC]tvtoday.de_0" site_id="kinow" xmltv_id="KinoweltTV">KinoweltTV</channel>
    <channel site="[ENC]tvtoday.de_0" site_id="sat1e" xmltv_id="SAT.1 emotions">SAT.1 emotions</channel>
    <channel site="[ENC]tvtoday.de_0" site_id="silve" xmltv_id="Silverline">Silverline</channel>
    <channel site="[ENC]tvtoday.de_0" site_id="sony" xmltv_id="AXN White">AXN White</channel>
    <channel site="[ENC]tvtoday.de_0" site_id="rtl-c" xmltv_id="RTL Crime">RTL Crime</channel>
    <channel site="[ENC]tvtoday.de_0" site_id="trace" xmltv_id="Trace TV">Trace TV</channel>
    <channel site="[ENC]tvtoday.de_0" site_id="rtl-l" xmltv_id="RTL Living">RTL Living</channel>
    <channel site="[ENC]tvtoday.de_0" site_id="berg" xmltv_id="Bergblick">Bergblick</channel>
  </channels>
</site>