<?xml version="1.0" encoding="UTF-8"?>
<site generator-info-name="Tempest EPG Generator (made by Kvanc)" generator-info-url="https://github.com/K-vanc/Tempest-EPG-Generator.git" site="[ENC]tvtv.de_0">
  <channels>
    <channel site="[ENC]tvtv.de_0" site_id="1-hauptsender/ARD,ZDF,RTL||0" xmltv_id="Das Erste">Das Erste</channel>
    <channel site="[ENC]tvtv.de_0" site_id="1-hauptsender/ARD,ZDF,RTL||1" xmltv_id="ZDF">ZDF</channel>
    <channel site="[ENC]tvtv.de_0" site_id="1-hauptsender/ARD,ZDF,RTL||2" xmltv_id="RTL">RTL</channel>
    <channel site="[ENC]tvtv.de_0" site_id="1-hauptsender/PRO7,SAT1,VOX||0" xmltv_id="Pro Sieben">Pro Sieben</channel>
    <channel site="[ENC]tvtv.de_0" site_id="1-hauptsender/PRO7,SAT1,VOX||1" xmltv_id="Sat.1">Sat.1</channel>
    <channel site="[ENC]tvtv.de_0" site_id="1-hauptsender/PRO7,SAT1,VOX||2" xmltv_id="Vox">Vox</channel>
    <channel site="[ENC]tvtv.de_0" site_id="1-hauptsender/ARTE,3SAT,RTL2||0" xmltv_id="arte">arte</channel>
    <channel site="[ENC]tvtv.de_0" site_id="1-hauptsender/ARTE,3SAT,RTL2||1" xmltv_id="3 Sat">3 Sat</channel>
    <channel site="[ENC]tvtv.de_0" site_id="1-hauptsender/ARTE,3SAT,RTL2||2" xmltv_id="RTL 2">RTL 2</channel>
    <channel site="[ENC]tvtv.de_0" site_id="1-hauptsender/KAB,TL5,SUPER||0" xmltv_id="Kabel 1">Kabel 1</channel>
    <channel site="[ENC]tvtv.de_0" site_id="1-hauptsender/KAB,TL5,SUPER||1" xmltv_id="Tele 5">Tele 5</channel>
    <channel site="[ENC]tvtv.de_0" site_id="1-hauptsender/KAB,TL5,SUPER||2" xmltv_id="Super RTL">Super RTL</channel>
    <channel site="[ENC]tvtv.de_0" site_id="1-hauptsender/DSRV||0" xmltv_id="ServusTV">ServusTV</channel>
    <channel site="[ENC]tvtv.de_0" site_id="2-regionalsender/WDR,BA3,NO3||0" xmltv_id="WDR Fernsehen">WDR Fernsehen</channel>
    <channel site="[ENC]tvtv.de_0" site_id="2-regionalsender/WDR,BA3,NO3||1" xmltv_id="BR Fernsehen">BR Fernsehen</channel>
    <channel site="[ENC]tvtv.de_0" site_id="2-regionalsender/WDR,BA3,NO3||2" xmltv_id="NDR Fernsehen">NDR Fernsehen</channel>
    <channel site="[ENC]tvtv.de_0" site_id="2-regionalsender/HR3,S3,MDR||0" xmltv_id="hr-fernsehen">hr-fernsehen</channel>
    <channel site="[ENC]tvtv.de_0" site_id="2-regionalsender/HR3,S3,MDR||1" xmltv_id="SWR">SWR</channel>
    <channel site="[ENC]tvtv.de_0" site_id="2-regionalsender/HR3,S3,MDR||2" xmltv_id="MDR">MDR</channel>
    <channel site="[ENC]tvtv.de_0" site_id="2-regionalsender/RBB,RNF,HH1||0" xmltv_id="RBB Fernsehen">RBB Fernsehen</channel>
    <channel site="[ENC]tvtv.de_0" site_id="2-regionalsender/RBB,RNF,HH1||1" xmltv_id="RNFplus">RNFplus</channel>
    <channel site="[ENC]tvtv.de_0" site_id="2-regionalsender/RBB,RNF,HH1||2" xmltv_id="Hamburg 1">Hamburg 1</channel>
    <channel site="[ENC]tvtv.de_0" site_id="2-regionalsender/TVB,MUT,RMT||0" xmltv_id="TV Berlin">TV Berlin</channel>
    <channel site="[ENC]tvtv.de_0" site_id="2-regionalsender/TVB,MUT,RMT||1" xmltv_id="München TV">München TV</channel>
    <channel site="[ENC]tvtv.de_0" site_id="2-regionalsender/TVB,MUT,RMT||2" xmltv_id="Rheinmain TV">Rheinmain TV</channel>
    <channel site="[ENC]tvtv.de_0" site_id="3-oeffentlich-rechtlich/ARD,ZDF,ARTE||0" xmltv_id="Das Erste">Das Erste</channel>
    <channel site="[ENC]tvtv.de_0" site_id="3-oeffentlich-rechtlich/ARD,ZDF,ARTE||1" xmltv_id="ZDF">ZDF</channel>
    <channel site="[ENC]tvtv.de_0" site_id="3-oeffentlich-rechtlich/ARD,ZDF,ARTE||2" xmltv_id="arte">arte</channel>
    <channel site="[ENC]tvtv.de_0" site_id="3-oeffentlich-rechtlich/3SAT,KKA,WDR||0" xmltv_id="3 Sat">3 Sat</channel>
    <channel site="[ENC]tvtv.de_0" site_id="3-oeffentlich-rechtlich/3SAT,KKA,WDR||1" xmltv_id="Kinderkanal">Kinderkanal</channel>
    <channel site="[ENC]tvtv.de_0" site_id="3-oeffentlich-rechtlich/3SAT,KKA,WDR||2" xmltv_id="WDR Fernsehen">WDR Fernsehen</channel>
    <channel site="[ENC]tvtv.de_0" site_id="3-oeffentlich-rechtlich/BA3,NO3,HR3||0" xmltv_id="BR Fernsehen">BR Fernsehen</channel>
    <channel site="[ENC]tvtv.de_0" site_id="3-oeffentlich-rechtlich/BA3,NO3,HR3||1" xmltv_id="NDR Fernsehen">NDR Fernsehen</channel>
    <channel site="[ENC]tvtv.de_0" site_id="3-oeffentlich-rechtlich/BA3,NO3,HR3||2" xmltv_id="hr-fernsehen">hr-fernsehen</channel>
    <channel site="[ENC]tvtv.de_0" site_id="3-oeffentlich-rechtlich/S3,MDR,RBB||0" xmltv_id="SWR">SWR</channel>
    <channel site="[ENC]tvtv.de_0" site_id="3-oeffentlich-rechtlich/S3,MDR,RBB||1" xmltv_id="MDR">MDR</channel>
    <channel site="[ENC]tvtv.de_0" site_id="3-oeffentlich-rechtlich/S3,MDR,RBB||2" xmltv_id="RBB Fernsehen">RBB Fernsehen</channel>
    <channel site="[ENC]tvtv.de_0" site_id="3-oeffentlich-rechtlich/FES,ZDNEO,PHX||0" xmltv_id="ONE">ONE</channel>
    <channel site="[ENC]tvtv.de_0" site_id="3-oeffentlich-rechtlich/FES,ZDNEO,PHX||1" xmltv_id="ZDFneo">ZDFneo</channel>
    <channel site="[ENC]tvtv.de_0" site_id="3-oeffentlich-rechtlich/FES,ZDNEO,PHX||2" xmltv_id="Phoenix">Phoenix</channel>
    <channel site="[ENC]tvtv.de_0" site_id="3-oeffentlich-rechtlich/EXT,ALP,ZDI||0" xmltv_id="tagesschau 24">tagesschau 24</channel>
    <channel site="[ENC]tvtv.de_0" site_id="3-oeffentlich-rechtlich/EXT,ALP,ZDI||1" xmltv_id="ARD-alpha">ARD-alpha</channel>
    <channel site="[ENC]tvtv.de_0" site_id="3-oeffentlich-rechtlich/EXT,ALP,ZDI||2" xmltv_id="ZDFinfo">ZDFinfo</channel>
    <channel site="[ENC]tvtv.de_0" site_id="4-privat/RTL,PRO7,SAT1||0" xmltv_id="RTL">RTL</channel>
    <channel site="[ENC]tvtv.de_0" site_id="4-privat/RTL,PRO7,SAT1||1" xmltv_id="Pro Sieben">Pro Sieben</channel>
    <channel site="[ENC]tvtv.de_0" site_id="4-privat/RTL,PRO7,SAT1||2" xmltv_id="Sat.1">Sat.1</channel>
    <channel site="[ENC]tvtv.de_0" site_id="4-privat/VOX,RTL2,KAB||0" xmltv_id="Vox">Vox</channel>
    <channel site="[ENC]tvtv.de_0" site_id="4-privat/VOX,RTL2,KAB||1" xmltv_id="RTL 2">RTL 2</channel>
    <channel site="[ENC]tvtv.de_0" site_id="4-privat/VOX,RTL2,KAB||2" xmltv_id="Kabel 1">Kabel 1</channel>
    <channel site="[ENC]tvtv.de_0" site_id="4-privat/TL5,SUPER,DSRV||0" xmltv_id="Tele 5">Tele 5</channel>
    <channel site="[ENC]tvtv.de_0" site_id="4-privat/TL5,SUPER,DSRV||1" xmltv_id="Super RTL">Super RTL</channel>
    <channel site="[ENC]tvtv.de_0" site_id="4-privat/TL5,SUPER,DSRV||2" xmltv_id="ServusTV">ServusTV</channel>
    <channel site="[ENC]tvtv.de_0" site_id="4-privat/SIXX,DMAX,RTLN||0" xmltv_id="sixx">sixx</channel>
    <channel site="[ENC]tvtv.de_0" site_id="4-privat/SIXX,DMAX,RTLN||1" xmltv_id="DMAX">DMAX</channel>
    <channel site="[ENC]tvtv.de_0" site_id="4-privat/SIXX,DMAX,RTLN||2" xmltv_id="Nitro">Nitro</channel>
    <channel site="[ENC]tvtv.de_0" site_id="4-privat/RTPL,PR7M,SATG||0" xmltv_id="RTLup">RTLup</channel>
    <channel site="[ENC]tvtv.de_0" site_id="4-privat/RTPL,PR7M,SATG||1" xmltv_id="ProSieben Maxx">ProSieben Maxx</channel>
    <channel site="[ENC]tvtv.de_0" site_id="4-privat/RTPL,PR7M,SATG||2" xmltv_id="Sat.1 Gold">Sat.1 Gold</channel>
    <channel site="[ENC]tvtv.de_0" site_id="4-privat/VOXU,DSF,EURO||0" xmltv_id="VOXup">VOXup</channel>
    <channel site="[ENC]tvtv.de_0" site_id="4-privat/VOXU,DSF,EURO||1" xmltv_id="Sport1">Sport1</channel>
    <channel site="[ENC]tvtv.de_0" site_id="4-privat/VOXU,DSF,EURO||2" xmltv_id="Eurosport">Eurosport</channel>
    <channel site="[ENC]tvtv.de_0" site_id="4-privat/NICK,DIC,RTGP||0" xmltv_id="nick/MTV+">nick/MTV+</channel>
    <channel site="[ENC]tvtv.de_0" site_id="4-privat/NICK,DIC,RTGP||1" xmltv_id="Disney Channel">Disney Channel</channel>
    <channel site="[ENC]tvtv.de_0" site_id="4-privat/NICK,DIC,RTGP||2" xmltv_id="Toggo+">Toggo+</channel>
    <channel site="[ENC]tvtv.de_0" site_id="4-privat/COCE,ANIXE,TLCD||0" xmltv_id="Comedy Central">Comedy Central</channel>
    <channel site="[ENC]tvtv.de_0" site_id="4-privat/COCE,ANIXE,TLCD||1" xmltv_id="Anixe HD">Anixe HD</channel>
    <channel site="[ENC]tvtv.de_0" site_id="4-privat/COCE,ANIXE,TLCD||2" xmltv_id="TLC">TLC</channel>
    <channel site="[ENC]tvtv.de_0" site_id="4-privat/QVC,HOT,BIB||0" xmltv_id="QVC Deutschland">QVC Deutschland</channel>
    <channel site="[ENC]tvtv.de_0" site_id="4-privat/QVC,HOT,BIB||1" xmltv_id="HSE">HSE</channel>
    <channel site="[ENC]tvtv.de_0" site_id="4-privat/QVC,HOT,BIB||2" xmltv_id="Bibel TV">Bibel TV</channel>
    <channel site="[ENC]tvtv.de_0" site_id="4-privat/SONNE,N24,N24D||0" xmltv_id="sonnenklar.TV">sonnenklar.TV</channel>
    <channel site="[ENC]tvtv.de_0" site_id="4-privat/SONNE,N24,N24D||1" xmltv_id="WELT">WELT</channel>
    <channel site="[ENC]tvtv.de_0" site_id="4-privat/SONNE,N24,N24D||2" xmltv_id="N24 Doku">N24 Doku</channel>
    <channel site="[ENC]tvtv.de_0" site_id="4-privat/BILD,NTV,KA1D||0" xmltv_id="Bild TV">Bild TV</channel>
    <channel site="[ENC]tvtv.de_0" site_id="4-privat/BILD,NTV,KA1D||1" xmltv_id="N-TV">N-TV</channel>
    <channel site="[ENC]tvtv.de_0" site_id="4-privat/BILD,NTV,KA1D||2" xmltv_id="Kabel 1 Doku">Kabel 1 Doku</channel>
    <channel site="[ENC]tvtv.de_0" site_id="4-privat/HGDE||0" xmltv_id="HGTV">HGTV</channel>
    <channel site="[ENC]tvtv.de_0" site_id="5-pay-tv/GSK1,SKYAT,SKYC||0" xmltv_id="Sky One HD">Sky One HD</channel>
    <channel site="[ENC]tvtv.de_0" site_id="5-pay-tv/GSK1,SKYAT,SKYC||1" xmltv_id="SKY Atlantic HD">SKY Atlantic HD</channel>
    <channel site="[ENC]tvtv.de_0" site_id="5-pay-tv/GSK1,SKYAT,SKYC||2" xmltv_id="Sky Cinema Premieren HD">Sky Cinema Premieren HD</channel>
    <channel site="[ENC]tvtv.de_0" site_id="5-pay-tv/SKYC2,SKYF,SKYCH||0" xmltv_id="Sky Cinema Premieren +24">Sky Cinema Premieren +24</channel>
    <channel site="[ENC]tvtv.de_0" site_id="5-pay-tv/SKYC2,SKYF,SKYCH||1" xmltv_id="Sky Cinema Family">Sky Cinema Family</channel>
    <channel site="[ENC]tvtv.de_0" site_id="5-pay-tv/SKYC2,SKYF,SKYCH||2" xmltv_id="Sky Cinema Best Of HD">Sky Cinema Best Of HD</channel>
    <channel site="[ENC]tvtv.de_0" site_id="5-pay-tv/SKYA,CTHD,SKYCO||0" xmltv_id="Sky Action">Sky Action</channel>
    <channel site="[ENC]tvtv.de_0" site_id="5-pay-tv/SKYA,CTHD,SKYCO||1" xmltv_id="Sky Cinema Thriller HD">Sky Cinema Thriller HD</channel>
    <channel site="[ENC]tvtv.de_0" site_id="5-pay-tv/SKYA,CTHD,SKYCO||2" xmltv_id="Sky Cinema Fun SD">Sky Cinema Fun SD</channel>
    <channel site="[ENC]tvtv.de_0" site_id="5-pay-tv/SCSP,SKYK,SKYN||0" xmltv_id="Sky Cinema Special HD">Sky Cinema Special HD</channel>
    <channel site="[ENC]tvtv.de_0" site_id="5-pay-tv/SCSP,SKYK,SKYN||1" xmltv_id="Sky Krimi">Sky Krimi</channel>
    <channel site="[ENC]tvtv.de_0" site_id="5-pay-tv/SCSP,SKYK,SKYN||2" xmltv_id="Sky Cinema Classics SD">Sky Cinema Classics SD</channel>
    <channel site="[ENC]tvtv.de_0" site_id="5-pay-tv/STS,PCF,DSCR||0" xmltv_id="Sky 13TH Street">Sky 13TH Street</channel>
    <channel site="[ENC]tvtv.de_0" site_id="5-pay-tv/STS,PCF,DSCR||1" xmltv_id="Sky Syfy">Sky Syfy</channel>
    <channel site="[ENC]tvtv.de_0" site_id="5-pay-tv/STS,PCF,DSCR||2" xmltv_id="Sky Crime">Sky Crime</channel>
    <channel site="[ENC]tvtv.de_0" site_id="5-pay-tv/DSCO,TNT,TNTC||0" xmltv_id="Sky Comedy">Sky Comedy</channel>
    <channel site="[ENC]tvtv.de_0" site_id="5-pay-tv/DSCO,TNT,TNTC||1" xmltv_id="TNT Serie">TNT Serie</channel>
    <channel site="[ENC]tvtv.de_0" site_id="5-pay-tv/DSCO,TNT,TNTC||2" xmltv_id="TNT Comedy">TNT Comedy</channel>
    <channel site="[ENC]tvtv.de_0" site_id="5-pay-tv/TCM,TUC,DIS||0" xmltv_id="TNT Film">TNT Film</channel>
    <channel site="[ENC]tvtv.de_0" site_id="5-pay-tv/TCM,TUC,DIS||1" xmltv_id="Universal Channel">Universal Channel</channel>
    <channel site="[ENC]tvtv.de_0" site_id="5-pay-tv/TCM,TUC,DIS||2" xmltv_id="Discovery Channel">Discovery Channel</channel>
    <channel site="[ENC]tvtv.de_0" site_id="5-pay-tv/PAP,NGEO,NGWI||0" xmltv_id="Animal Planet">Animal Planet</channel>
    <channel site="[ENC]tvtv.de_0" site_id="5-pay-tv/PAP,NGEO,NGWI||1" xmltv_id="National Geographic">National Geographic</channel>
    <channel site="[ENC]tvtv.de_0" site_id="5-pay-tv/PAP,NGEO,NGWI||2" xmltv_id="National Geographic Wildlife">National Geographic Wildlife</channel>
    <channel site="[ENC]tvtv.de_0" site_id="5-pay-tv/HIS,SKYD,SKYNA||0" xmltv_id="History Channel">History Channel</channel>
    <channel site="[ENC]tvtv.de_0" site_id="5-pay-tv/HIS,SKYD,SKYNA||1" xmltv_id="Sky Documentaries">Sky Documentaries</channel>
    <channel site="[ENC]tvtv.de_0" site_id="5-pay-tv/HIS,SKYD,SKYNA||2" xmltv_id="Sky Nature">Sky Nature</channel>
    <channel site="[ENC]tvtv.de_0" site_id="5-pay-tv/SIL,KINO,AXN||0" xmltv_id="Silverline">Silverline</channel>
    <channel site="[ENC]tvtv.de_0" site_id="5-pay-tv/SIL,KINO,AXN||1" xmltv_id="Kinowelt.tv">Kinowelt.tv</channel>
    <channel site="[ENC]tvtv.de_0" site_id="5-pay-tv/SIL,KINO,AXN||2" xmltv_id="AXN">AXN</channel>
    <channel site="[ENC]tvtv.de_0" site_id="5-pay-tv/SP1P,SPOHD,SKYS1||0" xmltv_id="Sport1 Plus">Sport1 Plus</channel>
    <channel site="[ENC]tvtv.de_0" site_id="5-pay-tv/SP1P,SPOHD,SKYS1||1" xmltv_id="Sky Sport HD">Sky Sport HD</channel>
    <channel site="[ENC]tvtv.de_0" site_id="5-pay-tv/SP1P,SPOHD,SKYS1||2" xmltv_id="Sky Sport 1">Sky Sport 1</channel>
    <channel site="[ENC]tvtv.de_0" site_id="5-pay-tv/SKYS2,DSSF,SKYBU||0" xmltv_id="Sky Sport 2">Sky Sport 2</channel>
    <channel site="[ENC]tvtv.de_0" site_id="5-pay-tv/SKYS2,DSSF,SKYBU||1" xmltv_id="Sky Sport F1">Sky Sport F1</channel>
    <channel site="[ENC]tvtv.de_0" site_id="5-pay-tv/SKYS2,DSSF,SKYBU||2" xmltv_id="Sky Fussball Bundesliga">Sky Fussball Bundesliga</channel>
    <channel site="[ENC]tvtv.de_0" site_id="5-pay-tv/DAB1,DAB2,EURO2||0" xmltv_id="DAZN 1">DAZN 1</channel>
    <channel site="[ENC]tvtv.de_0" site_id="5-pay-tv/DAB1,DAB2,EURO2||1" xmltv_id="DAZN 2">DAZN 2</channel>
    <channel site="[ENC]tvtv.de_0" site_id="5-pay-tv/DAB1,DAB2,EURO2||2" xmltv_id="Eurosport 2">Eurosport 2</channel>
    <channel site="[ENC]tvtv.de_0" site_id="5-pay-tv/SKYSA,MOVI,JUN||0" xmltv_id="Sky Sport Austria">Sky Sport Austria</channel>
    <channel site="[ENC]tvtv.de_0" site_id="5-pay-tv/SKYSA,MOVI,JUN||1" xmltv_id="Motorvision">Motorvision</channel>
    <channel site="[ENC]tvtv.de_0" site_id="5-pay-tv/SKYSA,MOVI,JUN||2" xmltv_id="Sky Junior">Sky Junior</channel>
    <channel site="[ENC]tvtv.de_0" site_id="5-pay-tv/SATE,KACL,ROMA||0" xmltv_id="Sat.1 Emotions">Sat.1 Emotions</channel>
    <channel site="[ENC]tvtv.de_0" site_id="5-pay-tv/SATE,KACL,ROMA||1" xmltv_id="Kabel 1 Classics">Kabel 1 Classics</channel>
    <channel site="[ENC]tvtv.de_0" site_id="5-pay-tv/SATE,KACL,ROMA||2" xmltv_id="Romance TV">Romance TV</channel>
    <channel site="[ENC]tvtv.de_0" site_id="5-pay-tv/RTLP,RTLC,RTLL||0" xmltv_id="RTL Passion">RTL Passion</channel>
    <channel site="[ENC]tvtv.de_0" site_id="5-pay-tv/RTLP,RTLC,RTLL||1" xmltv_id="RTL Crime">RTL Crime</channel>
    <channel site="[ENC]tvtv.de_0" site_id="5-pay-tv/RTLP,RTLC,RTLL||2" xmltv_id="RTL Living">RTL Living</channel>
    <channel site="[ENC]tvtv.de_0" site_id="5-pay-tv/PR7F,BOGU,MTV||0" xmltv_id="Pro7Fun">Pro7Fun</channel>
    <channel site="[ENC]tvtv.de_0" site_id="5-pay-tv/PR7F,BOGU,MTV||1" xmltv_id="BonGusto">BonGusto</channel>
    <channel site="[ENC]tvtv.de_0" site_id="5-pay-tv/PR7F,BOGU,MTV||2" xmltv_id="MTV">MTV</channel>
    <channel site="[ENC]tvtv.de_0" site_id="5-pay-tv/HEK,GST,CLA||0" xmltv_id="Sky Heimatkanal">Sky Heimatkanal</channel>
    <channel site="[ENC]tvtv.de_0" site_id="5-pay-tv/HEK,GST,CLA||1" xmltv_id="Sky GoldStar">Sky GoldStar</channel>
    <channel site="[ENC]tvtv.de_0" site_id="5-pay-tv/HEK,GST,CLA||2" xmltv_id="Sky Classica">Sky Classica</channel>
    <channel site="[ENC]tvtv.de_0" site_id="5-pay-tv/BUT||0" xmltv_id="Beate Uhse TV">Beate Uhse TV</channel>
    <channel site="[ENC]tvtv.de_0" site_id="6-dokunews/N24,N24D,BILD||0" xmltv_id="WELT">WELT</channel>
    <channel site="[ENC]tvtv.de_0" site_id="6-dokunews/N24,N24D,BILD||1" xmltv_id="N24 Doku">N24 Doku</channel>
    <channel site="[ENC]tvtv.de_0" site_id="6-dokunews/N24,N24D,BILD||2" xmltv_id="Bild TV">Bild TV</channel>
    <channel site="[ENC]tvtv.de_0" site_id="6-dokunews/NTV,ENW,PHX||0" xmltv_id="N-TV">N-TV</channel>
    <channel site="[ENC]tvtv.de_0" site_id="6-dokunews/NTV,ENW,PHX||1" xmltv_id="Euronews">Euronews</channel>
    <channel site="[ENC]tvtv.de_0" site_id="6-dokunews/NTV,ENW,PHX||2" xmltv_id="Phoenix">Phoenix</channel>
    <channel site="[ENC]tvtv.de_0" site_id="6-dokunews/EXT,ALP,BLO||0" xmltv_id="tagesschau 24">tagesschau 24</channel>
    <channel site="[ENC]tvtv.de_0" site_id="6-dokunews/EXT,ALP,BLO||1" xmltv_id="ARD-alpha">ARD-alpha</channel>
    <channel site="[ENC]tvtv.de_0" site_id="6-dokunews/EXT,ALP,BLO||2" xmltv_id="BLOOMBERG TV">BLOOMBERG TV</channel>
    <channel site="[ENC]tvtv.de_0" site_id="6-dokunews/ZDI,SPGE,XXPD||0" xmltv_id="ZDFinfo">ZDFinfo</channel>
    <channel site="[ENC]tvtv.de_0" site_id="6-dokunews/ZDI,SPGE,XXPD||1" xmltv_id="Spiegel Geschichte">Spiegel Geschichte</channel>
    <channel site="[ENC]tvtv.de_0" site_id="6-dokunews/ZDI,SPGE,XXPD||2" xmltv_id="Spiegel TV Wissen">Spiegel TV Wissen</channel>
    <channel site="[ENC]tvtv.de_0" site_id="6-dokunews/DIS,PAP,NGEO||0" xmltv_id="Discovery Channel">Discovery Channel</channel>
    <channel site="[ENC]tvtv.de_0" site_id="6-dokunews/DIS,PAP,NGEO||1" xmltv_id="Animal Planet">Animal Planet</channel>
    <channel site="[ENC]tvtv.de_0" site_id="6-dokunews/DIS,PAP,NGEO||2" xmltv_id="National Geographic">National Geographic</channel>
    <channel site="[ENC]tvtv.de_0" site_id="6-dokunews/NGWI,KA1D,HIS||0" xmltv_id="National Geographic Wildlife">National Geographic Wildlife</channel>
    <channel site="[ENC]tvtv.de_0" site_id="6-dokunews/NGWI,KA1D,HIS||1" xmltv_id="Kabel 1 Doku">Kabel 1 Doku</channel>
    <channel site="[ENC]tvtv.de_0" site_id="6-dokunews/NGWI,KA1D,HIS||2" xmltv_id="History Channel">History Channel</channel>
    <channel site="[ENC]tvtv.de_0" site_id="6-dokunews/SKYD,SKYNA,HGDE||0" xmltv_id="Sky Documentaries">Sky Documentaries</channel>
    <channel site="[ENC]tvtv.de_0" site_id="6-dokunews/SKYD,SKYNA,HGDE||1" xmltv_id="Sky Nature">Sky Nature</channel>
    <channel site="[ENC]tvtv.de_0" site_id="6-dokunews/SKYD,SKYNA,HGDE||2" xmltv_id="HGTV">HGTV</channel>
    <channel site="[ENC]tvtv.de_0" site_id="6-dokunews/RTLL||0" xmltv_id="RTL Living">RTL Living</channel>
    <channel site="[ENC]tvtv.de_0" site_id="284-sport/DSF,SP1P,EURO||0" xmltv_id="Sport1">Sport1</channel>
    <channel site="[ENC]tvtv.de_0" site_id="284-sport/DSF,SP1P,EURO||1" xmltv_id="Sport1 Plus">Sport1 Plus</channel>
    <channel site="[ENC]tvtv.de_0" site_id="284-sport/DSF,SP1P,EURO||2" xmltv_id="Eurosport">Eurosport</channel>
    <channel site="[ENC]tvtv.de_0" site_id="284-sport/EURO2,SPOHD,SKYS1||0" xmltv_id="Eurosport 2">Eurosport 2</channel>
    <channel site="[ENC]tvtv.de_0" site_id="284-sport/EURO2,SPOHD,SKYS1||1" xmltv_id="Sky Sport HD">Sky Sport HD</channel>
    <channel site="[ENC]tvtv.de_0" site_id="284-sport/EURO2,SPOHD,SKYS1||2" xmltv_id="Sky Sport 1">Sky Sport 1</channel>
    <channel site="[ENC]tvtv.de_0" site_id="284-sport/SKYS2,DSSF,SKYBU||0" xmltv_id="Sky Sport 2">Sky Sport 2</channel>
    <channel site="[ENC]tvtv.de_0" site_id="284-sport/SKYS2,DSSF,SKYBU||1" xmltv_id="Sky Sport F1">Sky Sport F1</channel>
    <channel site="[ENC]tvtv.de_0" site_id="284-sport/SKYS2,DSSF,SKYBU||2" xmltv_id="Sky Fussball Bundesliga">Sky Fussball Bundesliga</channel>
    <channel site="[ENC]tvtv.de_0" site_id="284-sport/DAB1,DAB2,SKYSA||0" xmltv_id="DAZN 1">DAZN 1</channel>
    <channel site="[ENC]tvtv.de_0" site_id="284-sport/DAB1,DAB2,SKYSA||1" xmltv_id="DAZN 2">DAZN 2</channel>
    <channel site="[ENC]tvtv.de_0" site_id="284-sport/DAB1,DAB2,SKYSA||2" xmltv_id="Sky Sport Austria">Sky Sport Austria</channel>
    <channel site="[ENC]tvtv.de_0" site_id="284-sport/MOVI||0" xmltv_id="Motorvision">Motorvision</channel>
    <channel site="[ENC]tvtv.de_0" site_id="285-kinder/KKA,NICK,DIC||0" xmltv_id="Kinderkanal">Kinderkanal</channel>
    <channel site="[ENC]tvtv.de_0" site_id="285-kinder/KKA,NICK,DIC||1" xmltv_id="nick/MTV+">nick/MTV+</channel>
    <channel site="[ENC]tvtv.de_0" site_id="285-kinder/KKA,NICK,DIC||2" xmltv_id="Disney Channel">Disney Channel</channel>
    <channel site="[ENC]tvtv.de_0" site_id="285-kinder/RTGP,JUN||0" xmltv_id="Toggo+">Toggo+</channel>
    <channel site="[ENC]tvtv.de_0" site_id="285-kinder/RTGP,JUN||1" xmltv_id="Sky Junior">Sky Junior</channel>
    <channel site="[ENC]tvtv.de_0" site_id="7-ausland/CNN,CNB,BB1||0" xmltv_id="CNN">CNN</channel>
    <channel site="[ENC]tvtv.de_0" site_id="7-ausland/CNN,CNB,BB1||1" xmltv_id="CNBC">CNBC</channel>
    <channel site="[ENC]tvtv.de_0" site_id="7-ausland/CNN,CNB,BB1||2" xmltv_id="BBC World">BBC World</channel>
    <channel site="[ENC]tvtv.de_0" site_id="7-ausland/BBCE,ORF1,ORF2||0" xmltv_id="BBC entertainment">BBC entertainment</channel>
    <channel site="[ENC]tvtv.de_0" site_id="7-ausland/BBCE,ORF1,ORF2||1" xmltv_id="ORF 1">ORF 1</channel>
    <channel site="[ENC]tvtv.de_0" site_id="7-ausland/BBCE,ORF1,ORF2||2" xmltv_id="ORF 2">ORF 2</channel>
    <channel site="[ENC]tvtv.de_0" site_id="7-ausland/ORF3,ORFSP,ATV||0" xmltv_id="ORF 3">ORF 3</channel>
    <channel site="[ENC]tvtv.de_0" site_id="7-ausland/ORF3,ORFSP,ATV||1" xmltv_id="ORF Sport+">ORF Sport+</channel>
    <channel site="[ENC]tvtv.de_0" site_id="7-ausland/ORF3,ORFSP,ATV||2" xmltv_id="ATV">ATV</channel>
    <channel site="[ENC]tvtv.de_0" site_id="7-ausland/ATV2,PTV,OKTO||0" xmltv_id="ATV 2">ATV 2</channel>
    <channel site="[ENC]tvtv.de_0" site_id="7-ausland/ATV2,PTV,OKTO||1" xmltv_id="Puls 4">Puls 4</channel>
    <channel site="[ENC]tvtv.de_0" site_id="7-ausland/ATV2,PTV,OKTO||2" xmltv_id="OKTO">OKTO</channel>
    <channel site="[ENC]tvtv.de_0" site_id="7-ausland/GOT,DRS,CH4||0" xmltv_id="gotv">gotv</channel>
    <channel site="[ENC]tvtv.de_0" site_id="7-ausland/GOT,DRS,CH4||1" xmltv_id="SRF 1">SRF 1</channel>
    <channel site="[ENC]tvtv.de_0" site_id="7-ausland/GOT,DRS,CH4||2" xmltv_id="SRF zwei">SRF zwei</channel>
    <channel site="[ENC]tvtv.de_0" site_id="7-ausland/T5F,TF1,AN2||0" xmltv_id="TV5 Monde Europe">TV5 Monde Europe</channel>
    <channel site="[ENC]tvtv.de_0" site_id="7-ausland/T5F,TF1,AN2||1" xmltv_id="France 1">France 1</channel>
    <channel site="[ENC]tvtv.de_0" site_id="7-ausland/T5F,TF1,AN2||2" xmltv_id="France 2">France 2</channel>
    <channel site="[ENC]tvtv.de_0" site_id="7-ausland/FR3,NL1,NL2||0" xmltv_id="France 3">France 3</channel>
    <channel site="[ENC]tvtv.de_0" site_id="7-ausland/FR3,NL1,NL2||1" xmltv_id="Niederlande 1">Niederlande 1</channel>
    <channel site="[ENC]tvtv.de_0" site_id="7-ausland/FR3,NL1,NL2||2" xmltv_id="Niederlande 2">Niederlande 2</channel>
    <channel site="[ENC]tvtv.de_0" site_id="7-ausland/NL3,DR1,TV2||0" xmltv_id="Niederlande 3">Niederlande 3</channel>
    <channel site="[ENC]tvtv.de_0" site_id="7-ausland/NL3,DR1,TV2||1" xmltv_id="Dänemark 1">Dänemark 1</channel>
    <channel site="[ENC]tvtv.de_0" site_id="7-ausland/NL3,DR1,TV2||2" xmltv_id="TV 2">TV 2</channel>
  </channels>
</site>