<?xml version="1.0" encoding="UTF-8"?>
<site generator-info-name="Tempest EPG Generator (made by Kvanc)" generator-info-url="https://github.com/K-vanc/Tempest-EPG-Generator.git" site="[ENC][EX]m.tvspielfilm.de_0">
  <channels>
    <channel site="[ENC][EX]m.tvspielfilm.de_0" site_id="das-erste,ARD" xmltv_id="Das Erste">Das Erste</channel>
    <channel site="[ENC][EX]m.tvspielfilm.de_0" site_id="zdf,ZDF" xmltv_id="ZDF">ZDF</channel>
    <channel site="[ENC][EX]m.tvspielfilm.de_0" site_id="rtl,RTL" xmltv_id="RTL">RTL</channel>
    <channel site="[ENC][EX]m.tvspielfilm.de_0" site_id="sat1,SAT1" xmltv_id="SAT.1">SAT.1</channel>
    <channel site="[ENC][EX]m.tvspielfilm.de_0" site_id="prosieben,PRO7" xmltv_id="ProSieben">ProSieben</channel>
    <channel site="[ENC][EX]m.tvspielfilm.de_0" site_id="kabel-eins,K1" xmltv_id="kabel eins">kabel eins</channel>
    <channel site="[ENC][EX]m.tvspielfilm.de_0" site_id="rtlzwei,RTL2" xmltv_id="RTLZWEI">RTLZWEI</channel>
    <channel site="[ENC][EX]m.tvspielfilm.de_0" site_id="vox,VOX" xmltv_id="VOX">VOX</channel>
    <channel site="[ENC][EX]m.tvspielfilm.de_0" site_id="tele-5,TELE5" xmltv_id="TELE 5">TELE 5</channel>
    <channel site="[ENC][EX]m.tvspielfilm.de_0" site_id="3sat,3SAT" xmltv_id="3sat">3sat</channel>
    <channel site="[ENC][EX]m.tvspielfilm.de_0" site_id="arte,ARTE" xmltv_id="ARTE">ARTE</channel>
    <channel site="[ENC][EX]m.tvspielfilm.de_0" site_id="zdfneo,2NEO" xmltv_id="ZDFneo">ZDFneo</channel>
    <channel site="[ENC][EX]m.tvspielfilm.de_0" site_id="one,FES" xmltv_id="ONE">ONE</channel>
    <channel site="[ENC][EX]m.tvspielfilm.de_0" site_id="nitro,RTL-N" xmltv_id="NITRO">NITRO</channel>
    <channel site="[ENC][EX]m.tvspielfilm.de_0" site_id="dmax,DMAX" xmltv_id="DMAX">DMAX</channel>
    <channel site="[ENC][EX]m.tvspielfilm.de_0" site_id="sixx,SIXX" xmltv_id="sixx">sixx</channel>
    <channel site="[ENC][EX]m.tvspielfilm.de_0" site_id="sat1-gold,SAT1G" xmltv_id="SAT.1 Gold">SAT.1 Gold</channel>
    <channel site="[ENC][EX]m.tvspielfilm.de_0" site_id="prosieben-maxx,PRO7M" xmltv_id="ProSieben MAXX">ProSieben MAXX</channel>
    <channel site="[ENC][EX]m.tvspielfilm.de_0" site_id="comedy-central,CC" xmltv_id="COMEDY CENTRAL">COMEDY CENTRAL</channel>
    <channel site="[ENC][EX]m.tvspielfilm.de_0" site_id="rtlup,RTLPL" xmltv_id="RTLup">RTLup</channel>
    <channel site="[ENC][EX]m.tvspielfilm.de_0" site_id="wdr,WDR" xmltv_id="WDR">WDR</channel>
    <channel site="[ENC][EX]m.tvspielfilm.de_0" site_id="ndr,N3" xmltv_id="NDR">NDR</channel>
    <channel site="[ENC][EX]m.tvspielfilm.de_0" site_id="br,BR" xmltv_id="BR">BR</channel>
    <channel site="[ENC][EX]m.tvspielfilm.de_0" site_id="swrsr,SWR" xmltv_id="SWR/SR">SWR/SR</channel>
    <channel site="[ENC][EX]m.tvspielfilm.de_0" site_id="hr,HR" xmltv_id="HR">HR</channel>
    <channel site="[ENC][EX]m.tvspielfilm.de_0" site_id="mdr,MDR" xmltv_id="MDR">MDR</channel>
    <channel site="[ENC][EX]m.tvspielfilm.de_0" site_id="rbb,RBB" xmltv_id="RBB">RBB</channel>
    <channel site="[ENC][EX]m.tvspielfilm.de_0" site_id="sport1,SPORT" xmltv_id="sport1">sport1</channel>
    <channel site="[ENC][EX]m.tvspielfilm.de_0" site_id="sport1,S1PLU" xmltv_id="sport1+">sport1+</channel>
    <channel site="[ENC][EX]m.tvspielfilm.de_0" site_id="eurosport-1,EURO" xmltv_id="Eurosport 1">Eurosport 1</channel>
    <channel site="[ENC][EX]m.tvspielfilm.de_0" site_id="eurosport-2,EURO2" xmltv_id="Eurosport 2">Eurosport 2</channel>
    <channel site="[ENC][EX]m.tvspielfilm.de_0" site_id="dazn,DAZN" xmltv_id="DAZN">DAZN</channel>
    <channel site="[ENC][EX]m.tvspielfilm.de_0" site_id="extreme-sports,EX-SP" xmltv_id="EXTREME SPORTS">EXTREME SPORTS</channel>
    <channel site="[ENC][EX]m.tvspielfilm.de_0" site_id="auto-motor-und-sport,AMS" xmltv_id="Auto Motor und Sport">Auto Motor und Sport</channel>
    <channel site="[ENC][EX]m.tvspielfilm.de_0" site_id="esports1,ES1" xmltv_id="eSports1">eSports1</channel>
    <channel site="[ENC][EX]m.tvspielfilm.de_0" site_id="sportdigital-fussball,SPO-D" xmltv_id="sportdigital Fussball">sportdigital Fussball</channel>
    <channel site="[ENC][EX]m.tvspielfilm.de_0" site_id="phoenix,PHOEN" xmltv_id="PHOENIX">PHOENIX</channel>
    <channel site="[ENC][EX]m.tvspielfilm.de_0" site_id="ard-alpha,ALPHA" xmltv_id="ARD-alpha">ARD-alpha</channel>
    <channel site="[ENC][EX]m.tvspielfilm.de_0" site_id="tagesschau-24,TAG24" xmltv_id="tagesschau 24">tagesschau 24</channel>
    <channel site="[ENC][EX]m.tvspielfilm.de_0" site_id="zdfinfo,ZINFO" xmltv_id="ZDFinfo">ZDFinfo</channel>
    <channel site="[ENC][EX]m.tvspielfilm.de_0" site_id="ntv,NTV" xmltv_id="ntv">ntv</channel>
    <channel site="[ENC][EX]m.tvspielfilm.de_0" site_id="welt,WELT" xmltv_id="WELT">WELT</channel>
    <channel site="[ENC][EX]m.tvspielfilm.de_0" site_id="euronews,EURON" xmltv_id="euronews">euronews</channel>
    <channel site="[ENC][EX]m.tvspielfilm.de_0" site_id="n24-doku,N24DOKU" xmltv_id="N24 Doku">N24 Doku</channel>
    <channel site="[ENC][EX]m.tvspielfilm.de_0" site_id="kabel-eins-doku,K1DOKU" xmltv_id="kabel eins Doku">kabel eins Doku</channel>
    <channel site="[ENC][EX]m.tvspielfilm.de_0" site_id="al-jazeera,ALJAZ" xmltv_id="Al Jazeera">Al Jazeera</channel>
    <channel site="[ENC][EX]m.tvspielfilm.de_0" site_id="bbc-world-news,BBC" xmltv_id="BBC World News">BBC World News</channel>
    <channel site="[ENC][EX]m.tvspielfilm.de_0" site_id="bloomberg-europe-tv,BLM" xmltv_id="Bloomberg Europe TV">Bloomberg Europe TV</channel>
    <channel site="[ENC][EX]m.tvspielfilm.de_0" site_id="cnbc,CNBC" xmltv_id="CNBC">CNBC</channel>
    <channel site="[ENC][EX]m.tvspielfilm.de_0" site_id="cnn-international,CNN" xmltv_id="CNN International">CNN International</channel>
    <channel site="[ENC][EX]m.tvspielfilm.de_0" site_id="nhk-world-tv,NHK" xmltv_id="NHK WORLD TV">NHK WORLD TV</channel>
    <channel site="[ENC][EX]m.tvspielfilm.de_0" site_id="france-24-franz,FR24F" xmltv_id="France 24 (franz.)">France 24 (franz.)</channel>
    <channel site="[ENC][EX]m.tvspielfilm.de_0" site_id="france-24-engl,FR24E" xmltv_id="France 24 (engl.)">France 24 (engl.)</channel>
    <channel site="[ENC][EX]m.tvspielfilm.de_0" site_id="cnn-tuerk,CNN-T" xmltv_id="CNN Türk">CNN Türk</channel>
    <channel site="[ENC][EX]m.tvspielfilm.de_0" site_id="bbc-news,BBC-N" xmltv_id="BBC News">BBC News</channel>
    <channel site="[ENC][EX]m.tvspielfilm.de_0" site_id="dokusat,DOKUS" xmltv_id="Dokusat">Dokusat</channel>
    <channel site="[ENC][EX]m.tvspielfilm.de_0" site_id="super-rtl,SUPER" xmltv_id="SUPER RTL">SUPER RTL</channel>
    <channel site="[ENC][EX]m.tvspielfilm.de_0" site_id="kika,KIKA" xmltv_id="KiKA">KiKA</channel>
    <channel site="[ENC][EX]m.tvspielfilm.de_0" site_id="disney-channel,DISNE" xmltv_id="Disney Channel">Disney Channel</channel>
    <channel site="[ENC][EX]m.tvspielfilm.de_0" site_id="nickmtv,NICK" xmltv_id="nick/MTV+">nick/MTV+</channel>
    <channel site="[ENC][EX]m.tvspielfilm.de_0" site_id="nick-jr,NICKJ" xmltv_id="Nick Jr.">Nick Jr.</channel>
    <channel site="[ENC][EX]m.tvspielfilm.de_0" site_id="nicktoons,NICKT" xmltv_id="Nicktoons">Nicktoons</channel>
    <channel site="[ENC][EX]m.tvspielfilm.de_0" site_id="ric,RIC" xmltv_id="RiC">RiC</channel>
    <channel site="[ENC][EX]m.tvspielfilm.de_0" site_id="toggo-plus,TOGGO" xmltv_id="TOGGO plus">TOGGO plus</channel>
    <channel site="[ENC][EX]m.tvspielfilm.de_0" site_id="orf-eins,ORF1" xmltv_id="ORF eins">ORF eins</channel>
    <channel site="[ENC][EX]m.tvspielfilm.de_0" site_id="orf-2,ORF2" xmltv_id="ORF 2">ORF 2</channel>
    <channel site="[ENC][EX]m.tvspielfilm.de_0" site_id="orf-iii,ORF3" xmltv_id="ORF III">ORF III</channel>
    <channel site="[ENC][EX]m.tvspielfilm.de_0" site_id="orf-sport-,ORFSP" xmltv_id="ORF SPORT +">ORF SPORT +</channel>
    <channel site="[ENC][EX]m.tvspielfilm.de_0" site_id="atv,ATV" xmltv_id="ATV">ATV</channel>
    <channel site="[ENC][EX]m.tvspielfilm.de_0" site_id="atv-ii,ATV2" xmltv_id="ATV II">ATV II</channel>
    <channel site="[ENC][EX]m.tvspielfilm.de_0" site_id="oe24tv,OE24TV" xmltv_id="oe24.TV">oe24.TV</channel>
    <channel site="[ENC][EX]m.tvspielfilm.de_0" site_id="puls-4,PULS4" xmltv_id="PULS 4">PULS 4</channel>
    <channel site="[ENC][EX]m.tvspielfilm.de_0" site_id="srf-1,SF1" xmltv_id="SRF 1">SRF 1</channel>
    <channel site="[ENC][EX]m.tvspielfilm.de_0" site_id="srf-zwei,SF2" xmltv_id="SRF zwei">SRF zwei</channel>
    <channel site="[ENC][EX]m.tvspielfilm.de_0" site_id="star-tv,STTV" xmltv_id="STAR TV">STAR TV</channel>
    <channel site="[ENC][EX]m.tvspielfilm.de_0" site_id="3,3PLUS" xmltv_id="3+">3+</channel>
    <channel site="[ENC][EX]m.tvspielfilm.de_0" site_id="puls-acht,PULS8" xmltv_id="PULS acht">PULS acht</channel>
    <channel site="[ENC][EX]m.tvspielfilm.de_0" site_id="servus-tv-oesterreich,SERVUSA" xmltv_id="Servus TV Österreich">Servus TV Österreich</channel>
    <channel site="[ENC][EX]m.tvspielfilm.de_0" site_id="tvberlin,TVB" xmltv_id="tv.berlin">tv.berlin</channel>
    <channel site="[ENC][EX]m.tvspielfilm.de_0" site_id="hamburg-1,HH1" xmltv_id="Hamburg 1">Hamburg 1</channel>
    <channel site="[ENC][EX]m.tvspielfilm.de_0" site_id="muenchentv,TVM" xmltv_id="münchen.tv">münchen.tv</channel>
    <channel site="[ENC][EX]m.tvspielfilm.de_0" site_id="rheinmain-tv,RMTV" xmltv_id="rheinmain tv">rheinmain tv</channel>
    <channel site="[ENC][EX]m.tvspielfilm.de_0" site_id="rhein-neckar-fernsehen,RNF" xmltv_id="Rhein-Neckar Fernsehen">Rhein-Neckar Fernsehen</channel>
    <channel site="[ENC][EX]m.tvspielfilm.de_0" site_id="leipzig-fernsehen,LEITV" xmltv_id="Leipzig Fernsehen">Leipzig Fernsehen</channel>
    <channel site="[ENC][EX]m.tvspielfilm.de_0" site_id="deluxe-music,DMC" xmltv_id="DELUXE MUSIC">DELUXE MUSIC</channel>
    <channel site="[ENC][EX]m.tvspielfilm.de_0" site_id="dmf,DMF" xmltv_id="DMF">DMF</channel>
    <channel site="[ENC][EX]m.tvspielfilm.de_0" site_id="gute-laune-tv,LAUNE" xmltv_id="Gute Laune TV">Gute Laune TV</channel>
    <channel site="[ENC][EX]m.tvspielfilm.de_0" site_id="jukebox,JUKE" xmltv_id="Jukebox">Jukebox</channel>
    <channel site="[ENC][EX]m.tvspielfilm.de_0" site_id="mezzo,MEZZO" xmltv_id="Mezzo">Mezzo</channel>
    <channel site="[ENC][EX]m.tvspielfilm.de_0" site_id="mtv,MTV" xmltv_id="MTV">MTV</channel>
    <channel site="[ENC][EX]m.tvspielfilm.de_0" site_id="mtv-base,MTV-B" xmltv_id="MTV Base">MTV Base</channel>
    <channel site="[ENC][EX]m.tvspielfilm.de_0" site_id="club-mtv,MTV-D" xmltv_id="Club MTV">Club MTV</channel>
    <channel site="[ENC][EX]m.tvspielfilm.de_0" site_id="mtv-hits,MTV-H" xmltv_id="MTV Hits">MTV Hits</channel>
    <channel site="[ENC][EX]m.tvspielfilm.de_0" site_id="mtv-live-hd,MTV-L" xmltv_id="MTV Live HD">MTV Live HD</channel>
    <channel site="[ENC][EX]m.tvspielfilm.de_0" site_id="mtv-80s,VH1" xmltv_id="MTV 80s">MTV 80s</channel>
    <channel site="[ENC][EX]m.tvspielfilm.de_0" site_id="anixe,ANIXE" xmltv_id="ANIXE">ANIXE</channel>
    <channel site="[ENC][EX]m.tvspielfilm.de_0" site_id="bibel-tv,BIBEL" xmltv_id="Bibel TV">Bibel TV</channel>
    <channel site="[ENC][EX]m.tvspielfilm.de_0" site_id="more-than-sports-tv,EOTV" xmltv_id="More than Sports TV">More than Sports TV</channel>
    <channel site="[ENC][EX]m.tvspielfilm.de_0" site_id="health-tv,HEALTH" xmltv_id="Health TV">Health TV</channel>
    <channel site="[ENC][EX]m.tvspielfilm.de_0" site_id="k-tv,KTV" xmltv_id="K-TV">K-TV</channel>
    <channel site="[ENC][EX]m.tvspielfilm.de_0" site_id="marco-polo-tv,MAPO" xmltv_id="Marco Polo TV">Marco Polo TV</channel>
    <channel site="[ENC][EX]m.tvspielfilm.de_0" site_id="tlc,TLC" xmltv_id="TLC">TLC</channel>
    <channel site="[ENC][EX]m.tvspielfilm.de_0" site_id="travelxp-4k,TRAVELXP" xmltv_id="travelxp 4K">travelxp 4K</channel>
    <channel site="[ENC][EX]m.tvspielfilm.de_0" site_id="uhd1,UHD1" xmltv_id="UHD1">UHD1</channel>
    <channel site="[ENC][EX]m.tvspielfilm.de_0" site_id="welt-der-wunder-tv,WDWTV" xmltv_id="Welt der Wunder TV">Welt der Wunder TV</channel>
    <channel site="[ENC][EX]m.tvspielfilm.de_0" site_id="voxup,VOXUP" xmltv_id="VOXup">VOXup</channel>
    <channel site="[ENC][EX]m.tvspielfilm.de_0" site_id="rocket-beans-tv,RBTV" xmltv_id="Rocket Beans TV">Rocket Beans TV</channel>
    <channel site="[ENC][EX]m.tvspielfilm.de_0" site_id="home-und-garden-tv,HGTV" xmltv_id="Home &amp; Garden TV">Home &amp; Garden TV</channel>
    <channel site="[ENC][EX]m.tvspielfilm.de_0" site_id="bergblick,BERG" xmltv_id="Bergblick">Bergblick</channel>
    <channel site="[ENC][EX]m.tvspielfilm.de_0" site_id="df1,DF1" xmltv_id="DF1">DF1</channel>
    <channel site="[ENC][EX]m.tvspielfilm.de_0" site_id="123tv,123TV" xmltv_id="123.tv">123.tv</channel>
    <channel site="[ENC][EX]m.tvspielfilm.de_0" site_id="channel21,CH21" xmltv_id="Channel21">Channel21</channel>
    <channel site="[ENC][EX]m.tvspielfilm.de_0" site_id="hse,HSE" xmltv_id="HSE">HSE</channel>
    <channel site="[ENC][EX]m.tvspielfilm.de_0" site_id="qvc,QVC" xmltv_id="QVC">QVC</channel>
    <channel site="[ENC][EX]m.tvspielfilm.de_0" site_id="qvc2,QVCP" xmltv_id="QVC2">QVC2</channel>
    <channel site="[ENC][EX]m.tvspielfilm.de_0" site_id="sonnenklar-tv,SKLAR" xmltv_id="sonnenklar TV">sonnenklar TV</channel>
    <channel site="[ENC][EX]m.tvspielfilm.de_0" site_id="hse-extra,HSEEXTRA" xmltv_id="HSE Extra">HSE Extra</channel>
    <channel site="[ENC][EX]m.tvspielfilm.de_0" site_id="sky-cinema-premiere-hd,CIN" xmltv_id="Sky Cinema Premiere HD">Sky Cinema Premiere HD</channel>
    <channel site="[ENC][EX]m.tvspielfilm.de_0" site_id="sky-cinema-action-hd,SKY-A" xmltv_id="Sky Cinema Action HD">Sky Cinema Action HD</channel>
    <channel site="[ENC][EX]m.tvspielfilm.de_0" site_id="sky-cinema-family-hd,SKY-F" xmltv_id="Sky Cinema Family HD">Sky Cinema Family HD</channel>
    <channel site="[ENC][EX]m.tvspielfilm.de_0" site_id="sky-cinema-classics-hd,SKY-N" xmltv_id="Sky Cinema Classics HD">Sky Cinema Classics HD</channel>
    <channel site="[ENC][EX]m.tvspielfilm.de_0" site_id="warner-tv-film,TNT-F" xmltv_id="Warner TV Film">Warner TV Film</channel>
    <channel site="[ENC][EX]m.tvspielfilm.de_0" site_id="sky-documentaries,SKY-D" xmltv_id="Sky Documentaries">Sky Documentaries</channel>
    <channel site="[ENC][EX]m.tvspielfilm.de_0" site_id="sky-nature,SKY-NA" xmltv_id="Sky Nature">Sky Nature</channel>
    <channel site="[ENC][EX]m.tvspielfilm.de_0" site_id="sky-cinema-highlights-hd,SKYCH" xmltv_id="Sky Cinema Highlights HD">Sky Cinema Highlights HD</channel>
    <channel site="[ENC][EX]m.tvspielfilm.de_0" site_id="sky-bundesliga,BULI" xmltv_id="Sky Bundesliga">Sky Bundesliga</channel>
    <channel site="[ENC][EX]m.tvspielfilm.de_0" site_id="sky-sport-austria,SPO-A" xmltv_id="Sky Sport Austria">Sky Sport Austria</channel>
    <channel site="[ENC][EX]m.tvspielfilm.de_0" site_id="sky-sport-news,SNHD" xmltv_id="Sky Sport News">Sky Sport News</channel>
    <channel site="[ENC][EX]m.tvspielfilm.de_0" site_id="sky-sport-f1,SKYF1" xmltv_id="SKY Sport F1">SKY Sport F1</channel>
    <channel site="[ENC][EX]m.tvspielfilm.de_0" site_id="sky-sport-mix,SKYSM" xmltv_id="Sky Sport Mix">Sky Sport Mix</channel>
    <channel site="[ENC][EX]m.tvspielfilm.de_0" site_id="sky-sport-top-event,SKYSTE" xmltv_id="Sky Sport Top Event">Sky Sport Top Event</channel>
    <channel site="[ENC][EX]m.tvspielfilm.de_0" site_id="sky-sport-tennis,SKYST" xmltv_id="Sky Sport Tennis">Sky Sport Tennis</channel>
    <channel site="[ENC][EX]m.tvspielfilm.de_0" site_id="sky-sport-golf,SKYSG" xmltv_id="Sky Sport Golf">Sky Sport Golf</channel>
    <channel site="[ENC][EX]m.tvspielfilm.de_0" site_id="sky-sport-premier-league,SKYSPL" xmltv_id="Sky Sport Premier League">Sky Sport Premier League</channel>
    <channel site="[ENC][EX]m.tvspielfilm.de_0" site_id="13th-street,13TH" xmltv_id="13th Street">13th Street</channel>
    <channel site="[ENC][EX]m.tvspielfilm.de_0" site_id="beate-uhsetv,BUTV" xmltv_id="Beate-Uhse.TV">Beate-Uhse.TV</channel>
    <channel site="[ENC][EX]m.tvspielfilm.de_0" site_id="cartoon-network,C-NET" xmltv_id="Cartoon Network">Cartoon Network</channel>
    <channel site="[ENC][EX]m.tvspielfilm.de_0" site_id="discovery-hd,HDDIS" xmltv_id="Discovery HD">Discovery HD</channel>
    <channel site="[ENC][EX]m.tvspielfilm.de_0" site_id="crime-investigation,CRIN" xmltv_id="Crime + Investigation">Crime + Investigation</channel>
    <channel site="[ENC][EX]m.tvspielfilm.de_0" site_id="goldstar-tv,GOLD" xmltv_id="GoldStar TV">GoldStar TV</channel>
    <channel site="[ENC][EX]m.tvspielfilm.de_0" site_id="heimatkanal,HEIMA" xmltv_id="Heimatkanal">Heimatkanal</channel>
    <channel site="[ENC][EX]m.tvspielfilm.de_0" site_id="the-history-channel,HISHD" xmltv_id="The HISTORY Channel">The HISTORY Channel</channel>
    <channel site="[ENC][EX]m.tvspielfilm.de_0" site_id="motorvision-tv,MOVTV" xmltv_id="Motorvision TV">Motorvision TV</channel>
    <channel site="[ENC][EX]m.tvspielfilm.de_0" site_id="classica,CLASS" xmltv_id="Classica">Classica</channel>
    <channel site="[ENC][EX]m.tvspielfilm.de_0" site_id="romance-tv,ROM" xmltv_id="Romance TV">Romance TV</channel>
    <channel site="[ENC][EX]m.tvspielfilm.de_0" site_id="syfy,SCIFI" xmltv_id="Syfy">Syfy</channel>
    <channel site="[ENC][EX]m.tvspielfilm.de_0" site_id="sky-1,SKY1" xmltv_id="Sky 1">Sky 1</channel>
    <channel site="[ENC][EX]m.tvspielfilm.de_0" site_id="sky-atlantic-hd,SKYAT" xmltv_id="Sky Atlantic HD">Sky Atlantic HD</channel>
    <channel site="[ENC][EX]m.tvspielfilm.de_0" site_id="sky-krimi,SKY-K" xmltv_id="Sky Krimi">Sky Krimi</channel>
    <channel site="[ENC][EX]m.tvspielfilm.de_0" site_id="warner-tv-comedy,TNT-C" xmltv_id="Warner TV Comedy">Warner TV Comedy</channel>
    <channel site="[ENC][EX]m.tvspielfilm.de_0" site_id="warner-tv-serie,TNT-S" xmltv_id="Warner TV Serie">Warner TV Serie</channel>
    <channel site="[ENC][EX]m.tvspielfilm.de_0" site_id="universal-channel-hd,UNIVE" xmltv_id="Universal Channel HD">Universal Channel HD</channel>
    <channel site="[ENC][EX]m.tvspielfilm.de_0" site_id="sky-crime,SKY-CR" xmltv_id="Sky Crime">Sky Crime</channel>
    <channel site="[ENC][EX]m.tvspielfilm.de_0" site_id="sky-showcase,SKYSH" xmltv_id="sky showcase">sky showcase</channel>
    <channel site="[ENC][EX]m.tvspielfilm.de_0" site_id="sky-replay,SKYRP" xmltv_id="sky replay">sky replay</channel>
    <channel site="[ENC][EX]m.tvspielfilm.de_0" site_id="adult-channel,ADULT" xmltv_id="Adult Channel">Adult Channel</channel>
    <channel site="[ENC][EX]m.tvspielfilm.de_0" site_id="animal-planet,APLAN" xmltv_id="Animal Planet">Animal Planet</channel>
    <channel site="[ENC][EX]m.tvspielfilm.de_0" site_id="axn-black,AXN" xmltv_id="AXN Black">AXN Black</channel>
    <channel site="[ENC][EX]m.tvspielfilm.de_0" site_id="bongusto,GUSTO" xmltv_id="BonGusto">BonGusto</channel>
    <channel site="[ENC][EX]m.tvspielfilm.de_0" site_id="fashion-tv,FATV" xmltv_id="Fashion TV">Fashion TV</channel>
    <channel site="[ENC][EX]m.tvspielfilm.de_0" site_id="fix-und-foxi,FFTV" xmltv_id="FIX &amp; FOXI">FIX &amp; FOXI</channel>
    <channel site="[ENC][EX]m.tvspielfilm.de_0" site_id="geo-television,GEO" xmltv_id="GEO Television">GEO Television</channel>
    <channel site="[ENC][EX]m.tvspielfilm.de_0" site_id="kabel-eins-classics,K1CLA" xmltv_id="kabel eins CLASSICS">kabel eins CLASSICS</channel>
    <channel site="[ENC][EX]m.tvspielfilm.de_0" site_id="kinowelttv,KINOW" xmltv_id="KinoweltTV">KinoweltTV</channel>
    <channel site="[ENC][EX]m.tvspielfilm.de_0" site_id="lust-pur,LUSTP" xmltv_id="LUST PUR">LUST PUR</channel>
    <channel site="[ENC][EX]m.tvspielfilm.de_0" site_id="nat-geo-hd,N-GHD" xmltv_id="Nat Geo HD">Nat Geo HD</channel>
    <channel site="[ENC][EX]m.tvspielfilm.de_0" site_id="nat-geo-wild,N-GW" xmltv_id="NAT GEO WILD">NAT GEO WILD</channel>
    <channel site="[ENC][EX]m.tvspielfilm.de_0" site_id="nautical-channel,NAUCH" xmltv_id="Nautical Channel">Nautical Channel</channel>
    <channel site="[ENC][EX]m.tvspielfilm.de_0" site_id="now-us,NOWUS" xmltv_id="NOW US">NOW US</channel>
    <channel site="[ENC][EX]m.tvspielfilm.de_0" site_id="playboy-tv,PBOY" xmltv_id="Playboy TV">Playboy TV</channel>
    <channel site="[ENC][EX]m.tvspielfilm.de_0" site_id="prosieben-fun,PRO7F" xmltv_id="ProSieben Fun">ProSieben Fun</channel>
    <channel site="[ENC][EX]m.tvspielfilm.de_0" site_id="sat1-emotions,SAT1E" xmltv_id="SAT.1 emotions">SAT.1 emotions</channel>
    <channel site="[ENC][EX]m.tvspielfilm.de_0" site_id="silverline,SILVE" xmltv_id="Silverline">Silverline</channel>
    <channel site="[ENC][EX]m.tvspielfilm.de_0" site_id="spiegel-geschichte,SP-GE" xmltv_id="SPIEGEL Geschichte">SPIEGEL Geschichte</channel>
    <channel site="[ENC][EX]m.tvspielfilm.de_0" site_id="rtl-crime,RTL-C" xmltv_id="RTL Crime">RTL Crime</channel>
    <channel site="[ENC][EX]m.tvspielfilm.de_0" site_id="axn-white,SONY" xmltv_id="AXN White">AXN White</channel>
    <channel site="[ENC][EX]m.tvspielfilm.de_0" site_id="rtl-living,RTL-L" xmltv_id="RTL Living">RTL Living</channel>
    <channel site="[ENC][EX]m.tvspielfilm.de_0" site_id="curiosity-channel,SPTVW" xmltv_id="Curiosity Channel">Curiosity Channel</channel>
    <channel site="[ENC][EX]m.tvspielfilm.de_0" site_id="rtl-passion,PASS" xmltv_id="RTL Passion">RTL Passion</channel>
    <channel site="[ENC][EX]m.tvspielfilm.de_0" site_id="trace-tv,TRACE" xmltv_id="Trace TV">Trace TV</channel>
    <channel site="[ENC][EX]m.tvspielfilm.de_0" site_id="dr1,DR1" xmltv_id="DR1">DR1</channel>
    <channel site="[ENC][EX]m.tvspielfilm.de_0" site_id="belgien-1,BE1" xmltv_id="Belgien 1">Belgien 1</channel>
    <channel site="[ENC][EX]m.tvspielfilm.de_0" site_id="tv2,TV2" xmltv_id="TV2">TV2</channel>
    <channel site="[ENC][EX]m.tvspielfilm.de_0" site_id="tv5-monde,TV5" xmltv_id="TV5 Monde">TV5 Monde</channel>
    <channel site="[ENC][EX]m.tvspielfilm.de_0" site_id="euro-star,EURO-S" xmltv_id="Euro Star">Euro Star</channel>
    <channel site="[ENC][EX]m.tvspielfilm.de_0" site_id="france-2,FRA2" xmltv_id="France 2">France 2</channel>
    <channel site="[ENC][EX]m.tvspielfilm.de_0" site_id="turkmax-gurme,TMAX" xmltv_id="Turkmax Gurme">Turkmax Gurme</channel>
    <channel site="[ENC][EX]m.tvspielfilm.de_0" site_id="euro-d,EURO-D" xmltv_id="Euro D">Euro D</channel>
    <channel site="[ENC][EX]m.tvspielfilm.de_0" site_id="bbc-one,BBC1" xmltv_id="BBC One">BBC One</channel>
    <channel site="[ENC][EX]m.tvspielfilm.de_0" site_id="bbc-two,BBC2" xmltv_id="BBC Two">BBC Two</channel>
    <channel site="[ENC][EX]m.tvspielfilm.de_0" site_id="bbc-four,BBC4" xmltv_id="BBC Four">BBC Four</channel>
    <channel site="[ENC][EX]m.tvspielfilm.de_0" site_id="canal,CPLUS" xmltv_id="Canal+">Canal+</channel>
    <channel site="[ENC][EX]m.tvspielfilm.de_0" site_id="canal-cinma,CPLUSC" xmltv_id="Canal+ Cinéma">Canal+ Cinéma</channel>
    <channel site="[ENC][EX]m.tvspielfilm.de_0" site_id="canal-sport,CPLUSS" xmltv_id="Canal+ Sport">Canal+ Sport</channel>
    <channel site="[ENC][EX]m.tvspielfilm.de_0" site_id="france-3,FRA3" xmltv_id="France 3">France 3</channel>
    <channel site="[ENC][EX]m.tvspielfilm.de_0" site_id="france-5,FRA5" xmltv_id="France 5">France 5</channel>
    <channel site="[ENC][EX]m.tvspielfilm.de_0" site_id="france-4,FRA4" xmltv_id="France 4">France 4</channel>
    <channel site="[ENC][EX]m.tvspielfilm.de_0" site_id="show-turk,SHOT" xmltv_id="Show Turk">Show Turk</channel>
    <channel site="[ENC][EX]m.tvspielfilm.de_0" site_id="canale-5,C5" xmltv_id="Canale 5">Canale 5</channel>
    <channel site="[ENC][EX]m.tvspielfilm.de_0" site_id="dr2,DR2" xmltv_id="DR2">DR2</channel>
    <channel site="[ENC][EX]m.tvspielfilm.de_0" site_id="123tv,123TV" xmltv_id="123.tv">123.tv</channel>
    <channel site="[ENC][EX]m.tvspielfilm.de_0" site_id="13th-street,13TH" xmltv_id="13th Street">13th Street</channel>
    <channel site="[ENC][EX]m.tvspielfilm.de_0" site_id="3,3PLUS" xmltv_id="3+">3+</channel>
    <channel site="[ENC][EX]m.tvspielfilm.de_0" site_id="3sat,3SAT" xmltv_id="3sat">3sat</channel>
    <channel site="[ENC][EX]m.tvspielfilm.de_0" site_id="adult-channel,ADULT" xmltv_id="Adult Channel">Adult Channel</channel>
    <channel site="[ENC][EX]m.tvspielfilm.de_0" site_id="al-jazeera,ALJAZ" xmltv_id="Al Jazeera">Al Jazeera</channel>
    <channel site="[ENC][EX]m.tvspielfilm.de_0" site_id="animal-planet,APLAN" xmltv_id="Animal Planet">Animal Planet</channel>
    <channel site="[ENC][EX]m.tvspielfilm.de_0" site_id="anixe,ANIXE" xmltv_id="ANIXE">ANIXE</channel>
    <channel site="[ENC][EX]m.tvspielfilm.de_0" site_id="ard-alpha,ALPHA" xmltv_id="ARD-alpha">ARD-alpha</channel>
    <channel site="[ENC][EX]m.tvspielfilm.de_0" site_id="arte,ARTE" xmltv_id="ARTE">ARTE</channel>
    <channel site="[ENC][EX]m.tvspielfilm.de_0" site_id="atv,ATV" xmltv_id="ATV">ATV</channel>
    <channel site="[ENC][EX]m.tvspielfilm.de_0" site_id="atv-ii,ATV2" xmltv_id="ATV II">ATV II</channel>
    <channel site="[ENC][EX]m.tvspielfilm.de_0" site_id="auto-motor-und-sport,AMS" xmltv_id="Auto Motor und Sport">Auto Motor und Sport</channel>
    <channel site="[ENC][EX]m.tvspielfilm.de_0" site_id="axn-black,AXN" xmltv_id="AXN Black">AXN Black</channel>
    <channel site="[ENC][EX]m.tvspielfilm.de_0" site_id="axn-white,SONY" xmltv_id="AXN White">AXN White</channel>
    <channel site="[ENC][EX]m.tvspielfilm.de_0" site_id="bbc-four,BBC4" xmltv_id="BBC Four">BBC Four</channel>
    <channel site="[ENC][EX]m.tvspielfilm.de_0" site_id="bbc-news,BBC-N" xmltv_id="BBC News">BBC News</channel>
    <channel site="[ENC][EX]m.tvspielfilm.de_0" site_id="bbc-one,BBC1" xmltv_id="BBC One">BBC One</channel>
    <channel site="[ENC][EX]m.tvspielfilm.de_0" site_id="bbc-two,BBC2" xmltv_id="BBC Two">BBC Two</channel>
    <channel site="[ENC][EX]m.tvspielfilm.de_0" site_id="bbc-world-news,BBC" xmltv_id="BBC World News">BBC World News</channel>
    <channel site="[ENC][EX]m.tvspielfilm.de_0" site_id="beate-uhsetv,BUTV" xmltv_id="Beate-Uhse.TV">Beate-Uhse.TV</channel>
    <channel site="[ENC][EX]m.tvspielfilm.de_0" site_id="belgien-1,BE1" xmltv_id="Belgien 1">Belgien 1</channel>
    <channel site="[ENC][EX]m.tvspielfilm.de_0" site_id="bergblick,BERG" xmltv_id="Bergblick">Bergblick</channel>
    <channel site="[ENC][EX]m.tvspielfilm.de_0" site_id="bibel-tv,BIBEL" xmltv_id="Bibel TV">Bibel TV</channel>
    <channel site="[ENC][EX]m.tvspielfilm.de_0" site_id="bloomberg-europe-tv,BLM" xmltv_id="Bloomberg Europe TV">Bloomberg Europe TV</channel>
    <channel site="[ENC][EX]m.tvspielfilm.de_0" site_id="bongusto,GUSTO" xmltv_id="BonGusto">BonGusto</channel>
    <channel site="[ENC][EX]m.tvspielfilm.de_0" site_id="br,BR" xmltv_id="BR">BR</channel>
    <channel site="[ENC][EX]m.tvspielfilm.de_0" site_id="canal,CPLUS" xmltv_id="Canal+">Canal+</channel>
    <channel site="[ENC][EX]m.tvspielfilm.de_0" site_id="canal-cinma,CPLUSC" xmltv_id="Canal+ Cinéma">Canal+ Cinéma</channel>
    <channel site="[ENC][EX]m.tvspielfilm.de_0" site_id="canal-sport,CPLUSS" xmltv_id="Canal+ Sport">Canal+ Sport</channel>
    <channel site="[ENC][EX]m.tvspielfilm.de_0" site_id="canale-5,C5" xmltv_id="Canale 5">Canale 5</channel>
    <channel site="[ENC][EX]m.tvspielfilm.de_0" site_id="cartoon-network,C-NET" xmltv_id="Cartoon Network">Cartoon Network</channel>
    <channel site="[ENC][EX]m.tvspielfilm.de_0" site_id="channel21,CH21" xmltv_id="Channel21">Channel21</channel>
    <channel site="[ENC][EX]m.tvspielfilm.de_0" site_id="classica,CLASS" xmltv_id="Classica">Classica</channel>
    <channel site="[ENC][EX]m.tvspielfilm.de_0" site_id="club-mtv,MTV-D" xmltv_id="Club MTV">Club MTV</channel>
    <channel site="[ENC][EX]m.tvspielfilm.de_0" site_id="cnbc,CNBC" xmltv_id="CNBC">CNBC</channel>
    <channel site="[ENC][EX]m.tvspielfilm.de_0" site_id="cnn-international,CNN" xmltv_id="CNN International">CNN International</channel>
    <channel site="[ENC][EX]m.tvspielfilm.de_0" site_id="cnn-tuerk,CNN-T" xmltv_id="CNN Türk">CNN Türk</channel>
    <channel site="[ENC][EX]m.tvspielfilm.de_0" site_id="comedy-central,CC" xmltv_id="COMEDY CENTRAL">COMEDY CENTRAL</channel>
    <channel site="[ENC][EX]m.tvspielfilm.de_0" site_id="crime-investigation,CRIN" xmltv_id="Crime + Investigation">Crime + Investigation</channel>
    <channel site="[ENC][EX]m.tvspielfilm.de_0" site_id="curiosity-channel,SPTVW" xmltv_id="Curiosity Channel">Curiosity Channel</channel>
    <channel site="[ENC][EX]m.tvspielfilm.de_0" site_id="das-erste,ARD" xmltv_id="Das Erste">Das Erste</channel>
    <channel site="[ENC][EX]m.tvspielfilm.de_0" site_id="dazn,DAZN" xmltv_id="DAZN">DAZN</channel>
    <channel site="[ENC][EX]m.tvspielfilm.de_0" site_id="deluxe-music,DMC" xmltv_id="DELUXE MUSIC">DELUXE MUSIC</channel>
    <channel site="[ENC][EX]m.tvspielfilm.de_0" site_id="df1,DF1" xmltv_id="DF1">DF1</channel>
    <channel site="[ENC][EX]m.tvspielfilm.de_0" site_id="discovery-hd,HDDIS" xmltv_id="Discovery HD">Discovery HD</channel>
    <channel site="[ENC][EX]m.tvspielfilm.de_0" site_id="disney-channel,DISNE" xmltv_id="Disney Channel">Disney Channel</channel>
    <channel site="[ENC][EX]m.tvspielfilm.de_0" site_id="dmax,DMAX" xmltv_id="DMAX">DMAX</channel>
    <channel site="[ENC][EX]m.tvspielfilm.de_0" site_id="dmf,DMF" xmltv_id="DMF">DMF</channel>
    <channel site="[ENC][EX]m.tvspielfilm.de_0" site_id="dokusat,DOKUS" xmltv_id="Dokusat">Dokusat</channel>
    <channel site="[ENC][EX]m.tvspielfilm.de_0" site_id="dr1,DR1" xmltv_id="DR1">DR1</channel>
    <channel site="[ENC][EX]m.tvspielfilm.de_0" site_id="dr2,DR2" xmltv_id="DR2">DR2</channel>
    <channel site="[ENC][EX]m.tvspielfilm.de_0" site_id="esports1,ES1" xmltv_id="eSports1">eSports1</channel>
    <channel site="[ENC][EX]m.tvspielfilm.de_0" site_id="euro-d,EURO-D" xmltv_id="Euro D">Euro D</channel>
    <channel site="[ENC][EX]m.tvspielfilm.de_0" site_id="euro-star,EURO-S" xmltv_id="Euro Star">Euro Star</channel>
    <channel site="[ENC][EX]m.tvspielfilm.de_0" site_id="euronews,EURON" xmltv_id="euronews">euronews</channel>
    <channel site="[ENC][EX]m.tvspielfilm.de_0" site_id="eurosport-1,EURO" xmltv_id="Eurosport 1">Eurosport 1</channel>
    <channel site="[ENC][EX]m.tvspielfilm.de_0" site_id="eurosport-2,EURO2" xmltv_id="Eurosport 2">Eurosport 2</channel>
    <channel site="[ENC][EX]m.tvspielfilm.de_0" site_id="extreme-sports,EX-SP" xmltv_id="EXTREME SPORTS">EXTREME SPORTS</channel>
    <channel site="[ENC][EX]m.tvspielfilm.de_0" site_id="fashion-tv,FATV" xmltv_id="Fashion TV">Fashion TV</channel>
    <channel site="[ENC][EX]m.tvspielfilm.de_0" site_id="fix-und-foxi,FFTV" xmltv_id="FIX &amp; FOXI">FIX &amp; FOXI</channel>
    <channel site="[ENC][EX]m.tvspielfilm.de_0" site_id="france-2,FRA2" xmltv_id="France 2">France 2</channel>
    <channel site="[ENC][EX]m.tvspielfilm.de_0" site_id="france-24-engl,FR24E" xmltv_id="France 24 (engl.)">France 24 (engl.)</channel>
    <channel site="[ENC][EX]m.tvspielfilm.de_0" site_id="france-24-franz,FR24F" xmltv_id="France 24 (franz.)">France 24 (franz.)</channel>
    <channel site="[ENC][EX]m.tvspielfilm.de_0" site_id="france-3,FRA3" xmltv_id="France 3">France 3</channel>
    <channel site="[ENC][EX]m.tvspielfilm.de_0" site_id="france-4,FRA4" xmltv_id="France 4">France 4</channel>
    <channel site="[ENC][EX]m.tvspielfilm.de_0" site_id="france-5,FRA5" xmltv_id="France 5">France 5</channel>
    <channel site="[ENC][EX]m.tvspielfilm.de_0" site_id="geo-television,GEO" xmltv_id="GEO Television">GEO Television</channel>
    <channel site="[ENC][EX]m.tvspielfilm.de_0" site_id="goldstar-tv,GOLD" xmltv_id="GoldStar TV">GoldStar TV</channel>
    <channel site="[ENC][EX]m.tvspielfilm.de_0" site_id="gute-laune-tv,LAUNE" xmltv_id="Gute Laune TV">Gute Laune TV</channel>
    <channel site="[ENC][EX]m.tvspielfilm.de_0" site_id="hamburg-1,HH1" xmltv_id="Hamburg 1">Hamburg 1</channel>
    <channel site="[ENC][EX]m.tvspielfilm.de_0" site_id="health-tv,HEALTH" xmltv_id="Health TV">Health TV</channel>
    <channel site="[ENC][EX]m.tvspielfilm.de_0" site_id="heimatkanal,HEIMA" xmltv_id="Heimatkanal">Heimatkanal</channel>
    <channel site="[ENC][EX]m.tvspielfilm.de_0" site_id="home-und-garden-tv,HGTV" xmltv_id="Home &amp; Garden TV">Home &amp; Garden TV</channel>
    <channel site="[ENC][EX]m.tvspielfilm.de_0" site_id="hr,HR" xmltv_id="HR">HR</channel>
    <channel site="[ENC][EX]m.tvspielfilm.de_0" site_id="hse,HSE" xmltv_id="HSE">HSE</channel>
    <channel site="[ENC][EX]m.tvspielfilm.de_0" site_id="hse-extra,HSEEXTRA" xmltv_id="HSE Extra">HSE Extra</channel>
    <channel site="[ENC][EX]m.tvspielfilm.de_0" site_id="jukebox,JUKE" xmltv_id="Jukebox">Jukebox</channel>
    <channel site="[ENC][EX]m.tvspielfilm.de_0" site_id="k-tv,KTV" xmltv_id="K-TV">K-TV</channel>
    <channel site="[ENC][EX]m.tvspielfilm.de_0" site_id="kabel-eins,K1" xmltv_id="kabel eins">kabel eins</channel>
    <channel site="[ENC][EX]m.tvspielfilm.de_0" site_id="kabel-eins-classics,K1CLA" xmltv_id="kabel eins CLASSICS">kabel eins CLASSICS</channel>
    <channel site="[ENC][EX]m.tvspielfilm.de_0" site_id="kabel-eins-doku,K1DOKU" xmltv_id="kabel eins Doku">kabel eins Doku</channel>
    <channel site="[ENC][EX]m.tvspielfilm.de_0" site_id="kika,KIKA" xmltv_id="KiKA">KiKA</channel>
    <channel site="[ENC][EX]m.tvspielfilm.de_0" site_id="kinowelttv,KINOW" xmltv_id="KinoweltTV">KinoweltTV</channel>
    <channel site="[ENC][EX]m.tvspielfilm.de_0" site_id="leipzig-fernsehen,LEITV" xmltv_id="Leipzig Fernsehen">Leipzig Fernsehen</channel>
    <channel site="[ENC][EX]m.tvspielfilm.de_0" site_id="lust-pur,LUSTP" xmltv_id="LUST PUR">LUST PUR</channel>
    <channel site="[ENC][EX]m.tvspielfilm.de_0" site_id="marco-polo-tv,MAPO" xmltv_id="Marco Polo TV">Marco Polo TV</channel>
    <channel site="[ENC][EX]m.tvspielfilm.de_0" site_id="mdr,MDR" xmltv_id="MDR">MDR</channel>
    <channel site="[ENC][EX]m.tvspielfilm.de_0" site_id="mezzo,MEZZO" xmltv_id="Mezzo">Mezzo</channel>
    <channel site="[ENC][EX]m.tvspielfilm.de_0" site_id="more-than-sports-tv,EOTV" xmltv_id="More than Sports TV">More than Sports TV</channel>
    <channel site="[ENC][EX]m.tvspielfilm.de_0" site_id="motorvision-tv,MOVTV" xmltv_id="Motorvision TV">Motorvision TV</channel>
    <channel site="[ENC][EX]m.tvspielfilm.de_0" site_id="mtv,MTV" xmltv_id="MTV">MTV</channel>
    <channel site="[ENC][EX]m.tvspielfilm.de_0" site_id="mtv-80s,VH1" xmltv_id="MTV 80s">MTV 80s</channel>
    <channel site="[ENC][EX]m.tvspielfilm.de_0" site_id="mtv-base,MTV-B" xmltv_id="MTV Base">MTV Base</channel>
    <channel site="[ENC][EX]m.tvspielfilm.de_0" site_id="mtv-hits,MTV-H" xmltv_id="MTV Hits">MTV Hits</channel>
    <channel site="[ENC][EX]m.tvspielfilm.de_0" site_id="mtv-live-hd,MTV-L" xmltv_id="MTV Live HD">MTV Live HD</channel>
    <channel site="[ENC][EX]m.tvspielfilm.de_0" site_id="muenchentv,TVM" xmltv_id="münchen.tv">münchen.tv</channel>
    <channel site="[ENC][EX]m.tvspielfilm.de_0" site_id="n24-doku,N24DOKU" xmltv_id="N24 Doku">N24 Doku</channel>
    <channel site="[ENC][EX]m.tvspielfilm.de_0" site_id="nat-geo-hd,N-GHD" xmltv_id="Nat Geo HD">Nat Geo HD</channel>
    <channel site="[ENC][EX]m.tvspielfilm.de_0" site_id="nat-geo-wild,N-GW" xmltv_id="NAT GEO WILD">NAT GEO WILD</channel>
    <channel site="[ENC][EX]m.tvspielfilm.de_0" site_id="nautical-channel,NAUCH" xmltv_id="Nautical Channel">Nautical Channel</channel>
    <channel site="[ENC][EX]m.tvspielfilm.de_0" site_id="ndr,N3" xmltv_id="NDR">NDR</channel>
    <channel site="[ENC][EX]m.tvspielfilm.de_0" site_id="nhk-world-tv,NHK" xmltv_id="NHK WORLD TV">NHK WORLD TV</channel>
    <channel site="[ENC][EX]m.tvspielfilm.de_0" site_id="nick-jr,NICKJ" xmltv_id="Nick Jr.">Nick Jr.</channel>
    <channel site="[ENC][EX]m.tvspielfilm.de_0" site_id="nickmtv,NICK" xmltv_id="nick/MTV+">nick/MTV+</channel>
    <channel site="[ENC][EX]m.tvspielfilm.de_0" site_id="nicktoons,NICKT" xmltv_id="Nicktoons">Nicktoons</channel>
    <channel site="[ENC][EX]m.tvspielfilm.de_0" site_id="nitro,RTL-N" xmltv_id="NITRO">NITRO</channel>
    <channel site="[ENC][EX]m.tvspielfilm.de_0" site_id="now-us,NOWUS" xmltv_id="NOW US">NOW US</channel>
    <channel site="[ENC][EX]m.tvspielfilm.de_0" site_id="ntv,NTV" xmltv_id="ntv">ntv</channel>
    <channel site="[ENC][EX]m.tvspielfilm.de_0" site_id="oe24tv,OE24TV" xmltv_id="oe24.TV">oe24.TV</channel>
    <channel site="[ENC][EX]m.tvspielfilm.de_0" site_id="one,FES" xmltv_id="ONE">ONE</channel>
    <channel site="[ENC][EX]m.tvspielfilm.de_0" site_id="orf-2,ORF2" xmltv_id="ORF 2">ORF 2</channel>
    <channel site="[ENC][EX]m.tvspielfilm.de_0" site_id="orf-eins,ORF1" xmltv_id="ORF eins">ORF eins</channel>
    <channel site="[ENC][EX]m.tvspielfilm.de_0" site_id="orf-iii,ORF3" xmltv_id="ORF III">ORF III</channel>
    <channel site="[ENC][EX]m.tvspielfilm.de_0" site_id="orf-sport-,ORFSP" xmltv_id="ORF SPORT +">ORF SPORT +</channel>
    <channel site="[ENC][EX]m.tvspielfilm.de_0" site_id="phoenix,PHOEN" xmltv_id="PHOENIX">PHOENIX</channel>
    <channel site="[ENC][EX]m.tvspielfilm.de_0" site_id="playboy-tv,PBOY" xmltv_id="Playboy TV">Playboy TV</channel>
    <channel site="[ENC][EX]m.tvspielfilm.de_0" site_id="prosieben,PRO7" xmltv_id="ProSieben">ProSieben</channel>
    <channel site="[ENC][EX]m.tvspielfilm.de_0" site_id="prosieben-fun,PRO7F" xmltv_id="ProSieben Fun">ProSieben Fun</channel>
    <channel site="[ENC][EX]m.tvspielfilm.de_0" site_id="prosieben-maxx,PRO7M" xmltv_id="ProSieben MAXX">ProSieben MAXX</channel>
    <channel site="[ENC][EX]m.tvspielfilm.de_0" site_id="puls-4,PULS4" xmltv_id="PULS 4">PULS 4</channel>
    <channel site="[ENC][EX]m.tvspielfilm.de_0" site_id="puls-acht,PULS8" xmltv_id="PULS acht">PULS acht</channel>
    <channel site="[ENC][EX]m.tvspielfilm.de_0" site_id="qvc,QVC" xmltv_id="QVC">QVC</channel>
    <channel site="[ENC][EX]m.tvspielfilm.de_0" site_id="qvc2,QVCP" xmltv_id="QVC2">QVC2</channel>
    <channel site="[ENC][EX]m.tvspielfilm.de_0" site_id="rbb,RBB" xmltv_id="RBB">RBB</channel>
    <channel site="[ENC][EX]m.tvspielfilm.de_0" site_id="rhein-neckar-fernsehen,RNF" xmltv_id="Rhein-Neckar Fernsehen">Rhein-Neckar Fernsehen</channel>
    <channel site="[ENC][EX]m.tvspielfilm.de_0" site_id="rheinmain-tv,RMTV" xmltv_id="rheinmain tv">rheinmain tv</channel>
    <channel site="[ENC][EX]m.tvspielfilm.de_0" site_id="ric,RIC" xmltv_id="RiC">RiC</channel>
    <channel site="[ENC][EX]m.tvspielfilm.de_0" site_id="rocket-beans-tv,RBTV" xmltv_id="Rocket Beans TV">Rocket Beans TV</channel>
    <channel site="[ENC][EX]m.tvspielfilm.de_0" site_id="romance-tv,ROM" xmltv_id="Romance TV">Romance TV</channel>
    <channel site="[ENC][EX]m.tvspielfilm.de_0" site_id="rtl,RTL" xmltv_id="RTL">RTL</channel>
    <channel site="[ENC][EX]m.tvspielfilm.de_0" site_id="rtl-crime,RTL-C" xmltv_id="RTL Crime">RTL Crime</channel>
    <channel site="[ENC][EX]m.tvspielfilm.de_0" site_id="rtl-living,RTL-L" xmltv_id="RTL Living">RTL Living</channel>
    <channel site="[ENC][EX]m.tvspielfilm.de_0" site_id="rtl-passion,PASS" xmltv_id="RTL Passion">RTL Passion</channel>
    <channel site="[ENC][EX]m.tvspielfilm.de_0" site_id="rtlup,RTLPL" xmltv_id="RTLup">RTLup</channel>
    <channel site="[ENC][EX]m.tvspielfilm.de_0" site_id="rtlzwei,RTL2" xmltv_id="RTLZWEI">RTLZWEI</channel>
    <channel site="[ENC][EX]m.tvspielfilm.de_0" site_id="sat1,SAT1" xmltv_id="SAT.1">SAT.1</channel>
    <channel site="[ENC][EX]m.tvspielfilm.de_0" site_id="sat1-emotions,SAT1E" xmltv_id="SAT.1 emotions">SAT.1 emotions</channel>
    <channel site="[ENC][EX]m.tvspielfilm.de_0" site_id="sat1-gold,SAT1G" xmltv_id="SAT.1 Gold">SAT.1 Gold</channel>
    <channel site="[ENC][EX]m.tvspielfilm.de_0" site_id="servus-tv-oesterreich,SERVUSA" xmltv_id="Servus TV Österreich">Servus TV Österreich</channel>
    <channel site="[ENC][EX]m.tvspielfilm.de_0" site_id="show-turk,SHOT" xmltv_id="Show Turk">Show Turk</channel>
    <channel site="[ENC][EX]m.tvspielfilm.de_0" site_id="silverline,SILVE" xmltv_id="Silverline">Silverline</channel>
    <channel site="[ENC][EX]m.tvspielfilm.de_0" site_id="sixx,SIXX" xmltv_id="sixx">sixx</channel>
    <channel site="[ENC][EX]m.tvspielfilm.de_0" site_id="sky-1,SKY1" xmltv_id="Sky 1">Sky 1</channel>
    <channel site="[ENC][EX]m.tvspielfilm.de_0" site_id="sky-atlantic-hd,SKYAT" xmltv_id="Sky Atlantic HD">Sky Atlantic HD</channel>
    <channel site="[ENC][EX]m.tvspielfilm.de_0" site_id="sky-bundesliga,BULI" xmltv_id="Sky Bundesliga">Sky Bundesliga</channel>
    <channel site="[ENC][EX]m.tvspielfilm.de_0" site_id="sky-cinema-action-hd,SKY-A" xmltv_id="Sky Cinema Action HD">Sky Cinema Action HD</channel>
    <channel site="[ENC][EX]m.tvspielfilm.de_0" site_id="sky-cinema-classics-hd,SKY-N" xmltv_id="Sky Cinema Classics HD">Sky Cinema Classics HD</channel>
    <channel site="[ENC][EX]m.tvspielfilm.de_0" site_id="sky-cinema-family-hd,SKY-F" xmltv_id="Sky Cinema Family HD">Sky Cinema Family HD</channel>
    <channel site="[ENC][EX]m.tvspielfilm.de_0" site_id="sky-cinema-highlights-hd,SKYCH" xmltv_id="Sky Cinema Highlights HD">Sky Cinema Highlights HD</channel>
    <channel site="[ENC][EX]m.tvspielfilm.de_0" site_id="sky-cinema-premiere-hd,CIN" xmltv_id="Sky Cinema Premiere HD">Sky Cinema Premiere HD</channel>
    <channel site="[ENC][EX]m.tvspielfilm.de_0" site_id="sky-crime,SKY-CR" xmltv_id="Sky Crime">Sky Crime</channel>
    <channel site="[ENC][EX]m.tvspielfilm.de_0" site_id="sky-documentaries,SKY-D" xmltv_id="Sky Documentaries">Sky Documentaries</channel>
    <channel site="[ENC][EX]m.tvspielfilm.de_0" site_id="sky-krimi,SKY-K" xmltv_id="Sky Krimi">Sky Krimi</channel>
    <channel site="[ENC][EX]m.tvspielfilm.de_0" site_id="sky-nature,SKY-NA" xmltv_id="Sky Nature">Sky Nature</channel>
    <channel site="[ENC][EX]m.tvspielfilm.de_0" site_id="sky-replay,SKYRP" xmltv_id="sky replay">sky replay</channel>
    <channel site="[ENC][EX]m.tvspielfilm.de_0" site_id="sky-showcase,SKYSH" xmltv_id="sky showcase">sky showcase</channel>
    <channel site="[ENC][EX]m.tvspielfilm.de_0" site_id="sky-sport-austria,SPO-A" xmltv_id="Sky Sport Austria">Sky Sport Austria</channel>
    <channel site="[ENC][EX]m.tvspielfilm.de_0" site_id="sky-sport-f1,SKYF1" xmltv_id="SKY Sport F1">SKY Sport F1</channel>
    <channel site="[ENC][EX]m.tvspielfilm.de_0" site_id="sky-sport-golf,SKYSG" xmltv_id="Sky Sport Golf">Sky Sport Golf</channel>
    <channel site="[ENC][EX]m.tvspielfilm.de_0" site_id="sky-sport-mix,SKYSM" xmltv_id="Sky Sport Mix">Sky Sport Mix</channel>
    <channel site="[ENC][EX]m.tvspielfilm.de_0" site_id="sky-sport-news,SNHD" xmltv_id="Sky Sport News">Sky Sport News</channel>
    <channel site="[ENC][EX]m.tvspielfilm.de_0" site_id="sky-sport-premier-league,SKYSPL" xmltv_id="Sky Sport Premier League">Sky Sport Premier League</channel>
    <channel site="[ENC][EX]m.tvspielfilm.de_0" site_id="sky-sport-tennis,SKYST" xmltv_id="Sky Sport Tennis">Sky Sport Tennis</channel>
    <channel site="[ENC][EX]m.tvspielfilm.de_0" site_id="sky-sport-top-event,SKYSTE" xmltv_id="Sky Sport Top Event">Sky Sport Top Event</channel>
    <channel site="[ENC][EX]m.tvspielfilm.de_0" site_id="sonnenklar-tv,SKLAR" xmltv_id="sonnenklar TV">sonnenklar TV</channel>
    <channel site="[ENC][EX]m.tvspielfilm.de_0" site_id="spiegel-geschichte,SP-GE" xmltv_id="SPIEGEL Geschichte">SPIEGEL Geschichte</channel>
    <channel site="[ENC][EX]m.tvspielfilm.de_0" site_id="sport1,SPORT" xmltv_id="sport1">sport1</channel>
    <channel site="[ENC][EX]m.tvspielfilm.de_0" site_id="sport1,S1PLU" xmltv_id="sport1+">sport1+</channel>
    <channel site="[ENC][EX]m.tvspielfilm.de_0" site_id="sportdigital-fussball,SPO-D" xmltv_id="sportdigital Fussball">sportdigital Fussball</channel>
    <channel site="[ENC][EX]m.tvspielfilm.de_0" site_id="srf-1,SF1" xmltv_id="SRF 1">SRF 1</channel>
    <channel site="[ENC][EX]m.tvspielfilm.de_0" site_id="srf-zwei,SF2" xmltv_id="SRF zwei">SRF zwei</channel>
    <channel site="[ENC][EX]m.tvspielfilm.de_0" site_id="star-tv,STTV" xmltv_id="STAR TV">STAR TV</channel>
    <channel site="[ENC][EX]m.tvspielfilm.de_0" site_id="super-rtl,SUPER" xmltv_id="SUPER RTL">SUPER RTL</channel>
    <channel site="[ENC][EX]m.tvspielfilm.de_0" site_id="swrsr,SWR" xmltv_id="SWR/SR">SWR/SR</channel>
    <channel site="[ENC][EX]m.tvspielfilm.de_0" site_id="syfy,SCIFI" xmltv_id="Syfy">Syfy</channel>
    <channel site="[ENC][EX]m.tvspielfilm.de_0" site_id="tagesschau-24,TAG24" xmltv_id="tagesschau 24">tagesschau 24</channel>
    <channel site="[ENC][EX]m.tvspielfilm.de_0" site_id="tele-5,TELE5" xmltv_id="TELE 5">TELE 5</channel>
    <channel site="[ENC][EX]m.tvspielfilm.de_0" site_id="the-history-channel,HISHD" xmltv_id="The HISTORY Channel">The HISTORY Channel</channel>
    <channel site="[ENC][EX]m.tvspielfilm.de_0" site_id="tlc,TLC" xmltv_id="TLC">TLC</channel>
    <channel site="[ENC][EX]m.tvspielfilm.de_0" site_id="toggo-plus,TOGGO" xmltv_id="TOGGO plus">TOGGO plus</channel>
    <channel site="[ENC][EX]m.tvspielfilm.de_0" site_id="trace-tv,TRACE" xmltv_id="Trace TV">Trace TV</channel>
    <channel site="[ENC][EX]m.tvspielfilm.de_0" site_id="travelxp-4k,TRAVELXP" xmltv_id="travelxp 4K">travelxp 4K</channel>
    <channel site="[ENC][EX]m.tvspielfilm.de_0" site_id="turkmax-gurme,TMAX" xmltv_id="Turkmax Gurme">Turkmax Gurme</channel>
    <channel site="[ENC][EX]m.tvspielfilm.de_0" site_id="tvberlin,TVB" xmltv_id="tv.berlin">tv.berlin</channel>
    <channel site="[ENC][EX]m.tvspielfilm.de_0" site_id="tv2,TV2" xmltv_id="TV2">TV2</channel>
    <channel site="[ENC][EX]m.tvspielfilm.de_0" site_id="tv5-monde,TV5" xmltv_id="TV5 Monde">TV5 Monde</channel>
    <channel site="[ENC][EX]m.tvspielfilm.de_0" site_id="uhd1,UHD1" xmltv_id="UHD1">UHD1</channel>
    <channel site="[ENC][EX]m.tvspielfilm.de_0" site_id="universal-channel-hd,UNIVE" xmltv_id="Universal Channel HD">Universal Channel HD</channel>
    <channel site="[ENC][EX]m.tvspielfilm.de_0" site_id="vox,VOX" xmltv_id="VOX">VOX</channel>
    <channel site="[ENC][EX]m.tvspielfilm.de_0" site_id="voxup,VOXUP" xmltv_id="VOXup">VOXup</channel>
    <channel site="[ENC][EX]m.tvspielfilm.de_0" site_id="warner-tv-comedy,TNT-C" xmltv_id="Warner TV Comedy">Warner TV Comedy</channel>
    <channel site="[ENC][EX]m.tvspielfilm.de_0" site_id="warner-tv-film,TNT-F" xmltv_id="Warner TV Film">Warner TV Film</channel>
    <channel site="[ENC][EX]m.tvspielfilm.de_0" site_id="warner-tv-serie,TNT-S" xmltv_id="Warner TV Serie">Warner TV Serie</channel>
    <channel site="[ENC][EX]m.tvspielfilm.de_0" site_id="wdr,WDR" xmltv_id="WDR">WDR</channel>
    <channel site="[ENC][EX]m.tvspielfilm.de_0" site_id="welt,WELT" xmltv_id="WELT">WELT</channel>
    <channel site="[ENC][EX]m.tvspielfilm.de_0" site_id="welt-der-wunder-tv,WDWTV" xmltv_id="Welt der Wunder TV">Welt der Wunder TV</channel>
    <channel site="[ENC][EX]m.tvspielfilm.de_0" site_id="zdf,ZDF" xmltv_id="ZDF">ZDF</channel>
    <channel site="[ENC][EX]m.tvspielfilm.de_0" site_id="zdfinfo,ZINFO" xmltv_id="ZDFinfo">ZDFinfo</channel>
    <channel site="[ENC][EX]m.tvspielfilm.de_0" site_id="zdfneo,2NEO" xmltv_id="ZDFneo">ZDFneo</channel>
  </channels>
</site>