<?xml version="1.0" encoding="UTF-8"?>
<site generator-info-name="Tempest EPG Generator (made by Kvanc)" generator-info-url="https://github.com/K-vanc/Tempest-EPG-Generator.git" site="[ENC]tvdigital.de_0">
  <channels>
    <channel site="[ENC]tvdigital.de_0" site_id="71" xmltv_id="Das Erste">Das Erste</channel>
    <channel site="[ENC]tvdigital.de_0" site_id="37" xmltv_id="ZDF">ZDF</channel>
    <channel site="[ENC]tvdigital.de_0" site_id="38" xmltv_id="RTL">RTL</channel>
    <channel site="[ENC]tvdigital.de_0" site_id="39" xmltv_id="Sat.1">Sat.1</channel>
    <channel site="[ENC]tvdigital.de_0" site_id="40" xmltv_id="ProSieben">ProSieben</channel>
    <channel site="[ENC]tvdigital.de_0" site_id="44" xmltv_id="Kabel Eins">Kabel Eins</channel>
    <channel site="[ENC]tvdigital.de_0" site_id="41" xmltv_id="RTL Zwei">RTL Zwei</channel>
    <channel site="[ENC]tvdigital.de_0" site_id="42" xmltv_id="VOX">VOX</channel>
    <channel site="[ENC]tvdigital.de_0" site_id="58" xmltv_id="Arte">Arte</channel>
    <channel site="[ENC]tvdigital.de_0" site_id="56" xmltv_id="3sat">3sat</channel>
    <channel site="[ENC]tvdigital.de_0" site_id="46" xmltv_id="WDR">WDR</channel>
    <channel site="[ENC]tvdigital.de_0" site_id="47" xmltv_id="NDR">NDR</channel>
    <channel site="[ENC]tvdigital.de_0" site_id="51" xmltv_id="BR">BR</channel>
    <channel site="[ENC]tvdigital.de_0" site_id="50" xmltv_id="SWR">SWR</channel>
    <channel site="[ENC]tvdigital.de_0" site_id="49" xmltv_id="HR">HR</channel>
    <channel site="[ENC]tvdigital.de_0" site_id="52" xmltv_id="RBB">RBB</channel>
    <channel site="[ENC]tvdigital.de_0" site_id="48" xmltv_id="MDR">MDR</channel>
    <channel site="[ENC]tvdigital.de_0" site_id="12052" xmltv_id="SR Fernsehen">SR Fernsehen</channel>
    <channel site="[ENC]tvdigital.de_0" site_id="277" xmltv_id="Tele 5">Tele 5</channel>
    <channel site="[ENC]tvdigital.de_0" site_id="43" xmltv_id="Super RTL">Super RTL</channel>
    <channel site="[ENC]tvdigital.de_0" site_id="139" xmltv_id="Disney Channel">Disney Channel</channel>
    <channel site="[ENC]tvdigital.de_0" site_id="57" xmltv_id="KiKA">KiKA</channel>
    <channel site="[ENC]tvdigital.de_0" site_id="64" xmltv_id="SPORT1">SPORT1</channel>
    <channel site="[ENC]tvdigital.de_0" site_id="12102" xmltv_id="eSports1">eSports1</channel>
    <channel site="[ENC]tvdigital.de_0" site_id="65" xmltv_id="Eurosport 1">Eurosport 1</channel>
    <channel site="[ENC]tvdigital.de_0" site_id="659" xmltv_id="ZDFneo">ZDFneo</channel>
    <channel site="[ENC]tvdigital.de_0" site_id="276" xmltv_id="ZDFinfo">ZDFinfo</channel>
    <channel site="[ENC]tvdigital.de_0" site_id="146" xmltv_id="One">One</channel>
    <channel site="[ENC]tvdigital.de_0" site_id="194" xmltv_id="Phoenix">Phoenix</channel>
    <channel site="[ENC]tvdigital.de_0" site_id="104" xmltv_id="ARD alpha">ARD alpha</channel>
    <channel site="[ENC]tvdigital.de_0" site_id="100" xmltv_id="tagesschau24">tagesschau24</channel>
    <channel site="[ENC]tvdigital.de_0" site_id="175" xmltv_id="WELT">WELT</channel>
    <channel site="[ENC]tvdigital.de_0" site_id="66" xmltv_id="n-tv">n-tv</channel>
    <channel site="[ENC]tvdigital.de_0" site_id="12146" xmltv_id="Bild">Bild</channel>
    <channel site="[ENC]tvdigital.de_0" site_id="68" xmltv_id="Euronews">Euronews</channel>
    <channel site="[ENC]tvdigital.de_0" site_id="12043" xmltv_id="Kabel 1 Doku">Kabel 1 Doku</channel>
    <channel site="[ENC]tvdigital.de_0" site_id="12045" xmltv_id="N24 Doku">N24 Doku</channel>
    <channel site="[ENC]tvdigital.de_0" site_id="660" xmltv_id="Servus TV">Servus TV</channel>
    <channel site="[ENC]tvdigital.de_0" site_id="694" xmltv_id="sixx">sixx</channel>
    <channel site="[ENC]tvdigital.de_0" site_id="774" xmltv_id="Sat.1 Gold">Sat.1 Gold</channel>
    <channel site="[ENC]tvdigital.de_0" site_id="12125" xmltv_id="VOXup">VOXup</channel>
    <channel site="[ENC]tvdigital.de_0" site_id="12033" xmltv_id="RTLup">RTLup</channel>
    <channel site="[ENC]tvdigital.de_0" site_id="135946" xmltv_id="Welt der Wunder">Welt der Wunder</channel>
    <channel site="[ENC]tvdigital.de_0" site_id="763" xmltv_id="NITRO">NITRO</channel>
    <channel site="[ENC]tvdigital.de_0" site_id="783" xmltv_id="ProSieben Maxx">ProSieben Maxx</channel>
    <channel site="[ENC]tvdigital.de_0" site_id="507" xmltv_id="DMAX">DMAX</channel>
    <channel site="[ENC]tvdigital.de_0" site_id="485" xmltv_id="Nickelodeon">Nickelodeon</channel>
    <channel site="[ENC]tvdigital.de_0" site_id="532" xmltv_id="Comedy Central">Comedy Central</channel>
    <channel site="[ENC]tvdigital.de_0" site_id="12105" xmltv_id="Home &amp; Garden TV">Home &amp; Garden TV</channel>
    <channel site="[ENC]tvdigital.de_0" site_id="135954" xmltv_id="TLC">TLC</channel>
    <channel site="[ENC]tvdigital.de_0" site_id="537" xmltv_id="Anixe HD Serie">Anixe HD Serie</channel>
    <channel site="[ENC]tvdigital.de_0" site_id="587" xmltv_id="Anixe Plus">Anixe Plus</channel>
    <channel site="[ENC]tvdigital.de_0" site_id="771" xmltv_id="RiC">RiC</channel>
    <channel site="[ENC]tvdigital.de_0" site_id="511" xmltv_id="Deluxe Music">Deluxe Music</channel>
    <channel site="[ENC]tvdigital.de_0" site_id="570" xmltv_id="Deutsches Musik Fernsehen">Deutsches Musik Fernsehen</channel>
    <channel site="[ENC]tvdigital.de_0" site_id="208" xmltv_id="QVC">QVC</channel>
    <channel site="[ENC]tvdigital.de_0" site_id="159" xmltv_id="HSE">HSE</channel>
    <channel site="[ENC]tvdigital.de_0" site_id="483" xmltv_id="Channel 21">Channel 21</channel>
    <channel site="[ENC]tvdigital.de_0" site_id="636" xmltv_id="sonnenklar.tv">sonnenklar.tv</channel>
    <channel site="[ENC]tvdigital.de_0" site_id="585" xmltv_id="Der Aktionär TV">Der Aktionär TV</channel>
    <channel site="[ENC]tvdigital.de_0" site_id="300" xmltv_id="DW English">DW English</channel>
    <channel site="[ENC]tvdigital.de_0" site_id="54" xmltv_id="ORF 1">ORF 1</channel>
    <channel site="[ENC]tvdigital.de_0" site_id="55" xmltv_id="ORF 2">ORF 2</channel>
    <channel site="[ENC]tvdigital.de_0" site_id="757" xmltv_id="ORF 3">ORF 3</channel>
    <channel site="[ENC]tvdigital.de_0" site_id="759" xmltv_id="ORF Sport +">ORF Sport +</channel>
    <channel site="[ENC]tvdigital.de_0" site_id="115" xmltv_id="ATV">ATV</channel>
    <channel site="[ENC]tvdigital.de_0" site_id="761" xmltv_id="ATV2">ATV2</channel>
    <channel site="[ENC]tvdigital.de_0" site_id="402" xmltv_id="Puls 4">Puls 4</channel>
    <channel site="[ENC]tvdigital.de_0" site_id="770" xmltv_id="Servus TV Austria">Servus TV Austria</channel>
    <channel site="[ENC]tvdigital.de_0" site_id="769" xmltv_id="sixx Austria">sixx Austria</channel>
    <channel site="[ENC]tvdigital.de_0" site_id="59" xmltv_id="SRF 1">SRF 1</channel>
    <channel site="[ENC]tvdigital.de_0" site_id="60" xmltv_id="SRF 2">SRF 2</channel>
    <channel site="[ENC]tvdigital.de_0" site_id="231" xmltv_id="SRF info">SRF info</channel>
    <channel site="[ENC]tvdigital.de_0" site_id="544" xmltv_id="3plus">3plus</channel>
    <channel site="[ENC]tvdigital.de_0" site_id="136063" xmltv_id="5plus">5plus</channel>
    <channel site="[ENC]tvdigital.de_0" site_id="232" xmltv_id="Star TV">Star TV</channel>
    <channel site="[ENC]tvdigital.de_0" site_id="280" xmltv_id="Bibel TV">Bibel TV</channel>
    <channel site="[ENC]tvdigital.de_0" site_id="662" xmltv_id="BBC Entertainment">BBC Entertainment</channel>
    <channel site="[ENC]tvdigital.de_0" site_id="67" xmltv_id="BBC World News">BBC World News</channel>
    <channel site="[ENC]tvdigital.de_0" site_id="69" xmltv_id="CNN">CNN</channel>
    <channel site="[ENC]tvdigital.de_0" site_id="260" xmltv_id="TV5MONDE">TV5MONDE</channel>
    <channel site="[ENC]tvdigital.de_0" site_id="254" xmltv_id="TRT Türk">TRT Türk</channel>
    <channel site="[ENC]tvdigital.de_0" site_id="610" xmltv_id="Sky Cinema Premieren">Sky Cinema Premieren</channel>
    <channel site="[ENC]tvdigital.de_0" site_id="612" xmltv_id="Sky Cinema Premieren +24">Sky Cinema Premieren +24</channel>
    <channel site="[ENC]tvdigital.de_0" site_id="613" xmltv_id="Sky Cinema Action">Sky Cinema Action</channel>
    <channel site="[ENC]tvdigital.de_0" site_id="617" xmltv_id="Sky Cinema Fun">Sky Cinema Fun</channel>
    <channel site="[ENC]tvdigital.de_0" site_id="12132" xmltv_id="Sky Cinema Thriller">Sky Cinema Thriller</channel>
    <channel site="[ENC]tvdigital.de_0" site_id="618" xmltv_id="Sky Cinema Best Of">Sky Cinema Best Of</channel>
    <channel site="[ENC]tvdigital.de_0" site_id="614" xmltv_id="Sky Cinema Classics">Sky Cinema Classics</channel>
    <channel site="[ENC]tvdigital.de_0" site_id="12042" xmltv_id="Sky Cinema Family">Sky Cinema Family</channel>
    <channel site="[ENC]tvdigital.de_0" site_id="12121" xmltv_id="Sky Cinema Special">Sky Cinema Special</channel>
    <channel site="[ENC]tvdigital.de_0" site_id="603" xmltv_id="Sky Crime">Sky Crime</channel>
    <channel site="[ENC]tvdigital.de_0" site_id="767" xmltv_id="Sky Atlantic">Sky Atlantic</channel>
    <channel site="[ENC]tvdigital.de_0" site_id="12046" xmltv_id="Sky One">Sky One</channel>
    <channel site="[ENC]tvdigital.de_0" site_id="12178" xmltv_id="Sky Replay">Sky Replay</channel>
    <channel site="[ENC]tvdigital.de_0" site_id="12184" xmltv_id="Sky Showcase">Sky Showcase</channel>
    <channel site="[ENC]tvdigital.de_0" site_id="615" xmltv_id="Sky Krimi">Sky Krimi</channel>
    <channel site="[ENC]tvdigital.de_0" site_id="12148" xmltv_id="Sky Documentaries">Sky Documentaries</channel>
    <channel site="[ENC]tvdigital.de_0" site_id="12147" xmltv_id="Sky Nature">Sky Nature</channel>
    <channel site="[ENC]tvdigital.de_0" site_id="623" xmltv_id="Sky Sport Bundesliga">Sky Sport Bundesliga</channel>
    <channel site="[ENC]tvdigital.de_0" site_id="12179" xmltv_id="Sky Sport Top Event">Sky Sport Top Event</channel>
    <channel site="[ENC]tvdigital.de_0" site_id="12180" xmltv_id="Sky Sport Mix">Sky Sport Mix</channel>
    <channel site="[ENC]tvdigital.de_0" site_id="12181" xmltv_id="Sky Sport Premier League">Sky Sport Premier League</channel>
    <channel site="[ENC]tvdigital.de_0" site_id="12182" xmltv_id="Sky Sport Tennis">Sky Sport Tennis</channel>
    <channel site="[ENC]tvdigital.de_0" site_id="12183" xmltv_id="Sky Sport Golf">Sky Sport Golf</channel>
    <channel site="[ENC]tvdigital.de_0" site_id="561" xmltv_id="Sky Sport F1">Sky Sport F1</channel>
    <channel site="[ENC]tvdigital.de_0" site_id="762" xmltv_id="Sky Sport News">Sky Sport News</channel>
    <channel site="[ENC]tvdigital.de_0" site_id="622" xmltv_id="Sky Sport Austria 1">Sky Sport Austria 1</channel>
    <channel site="[ENC]tvdigital.de_0" site_id="65" xmltv_id="Eurosport 1">Eurosport 1</channel>
    <channel site="[ENC]tvdigital.de_0" site_id="504" xmltv_id="Eurosport 2">Eurosport 2</channel>
    <channel site="[ENC]tvdigital.de_0" site_id="564" xmltv_id="Sportdigital Fußball">Sportdigital Fußball</channel>
    <channel site="[ENC]tvdigital.de_0" site_id="12188" xmltv_id="DAZN 1">DAZN 1</channel>
    <channel site="[ENC]tvdigital.de_0" site_id="12189" xmltv_id="DAZN 2">DAZN 2</channel>
    <channel site="[ENC]tvdigital.de_0" site_id="627" xmltv_id="Motorvision+">Motorvision+</channel>
    <channel site="[ENC]tvdigital.de_0" site_id="138" xmltv_id="Discovery Channel">Discovery Channel</channel>
    <channel site="[ENC]tvdigital.de_0" site_id="452" xmltv_id="History Channel">History Channel</channel>
    <channel site="[ENC]tvdigital.de_0" site_id="136058" xmltv_id="Crime + Investigation">Crime + Investigation</channel>
    <channel site="[ENC]tvdigital.de_0" site_id="471" xmltv_id="13th Street">13th Street</channel>
    <channel site="[ENC]tvdigital.de_0" site_id="472" xmltv_id="Syfy">Syfy</channel>
    <channel site="[ENC]tvdigital.de_0" site_id="782" xmltv_id="Universal TV">Universal TV</channel>
    <channel site="[ENC]tvdigital.de_0" site_id="590" xmltv_id="Warner TV Serie">Warner TV Serie</channel>
    <channel site="[ENC]tvdigital.de_0" site_id="633" xmltv_id="Warner TV Film">Warner TV Film</channel>
    <channel site="[ENC]tvdigital.de_0" site_id="552" xmltv_id="Romance TV">Romance TV</channel>
    <channel site="[ENC]tvdigital.de_0" site_id="12035" xmltv_id="Warner TV Comedy">Warner TV Comedy</channel>
    <channel site="[ENC]tvdigital.de_0" site_id="154" xmltv_id="Heimatkanal">Heimatkanal</channel>
    <channel site="[ENC]tvdigital.de_0" site_id="123" xmltv_id="Beate-Uhse.TV">Beate-Uhse.TV</channel>
    <channel site="[ENC]tvdigital.de_0" site_id="597" xmltv_id="NICK Jr.">NICK Jr.</channel>
    <channel site="[ENC]tvdigital.de_0" site_id="551" xmltv_id="Nicktoons">Nicktoons</channel>
    <channel site="[ENC]tvdigital.de_0" site_id="531" xmltv_id="Cartoon Network">Cartoon Network</channel>
    <channel site="[ENC]tvdigital.de_0" site_id="493" xmltv_id="Cartoonito">Cartoonito</channel>
    <channel site="[ENC]tvdigital.de_0" site_id="70" xmltv_id="MTV">MTV</channel>
    <channel site="[ENC]tvdigital.de_0" site_id="601" xmltv_id="MTV Live HD">MTV Live HD</channel>
    <channel site="[ENC]tvdigital.de_0" site_id="558" xmltv_id="Jukebox">Jukebox</channel>
    <channel site="[ENC]tvdigital.de_0" site_id="468" xmltv_id="AXN Black">AXN Black</channel>
    <channel site="[ENC]tvdigital.de_0" site_id="778" xmltv_id="AXN White">AXN White</channel>
    <channel site="[ENC]tvdigital.de_0" site_id="450" xmltv_id="Kinowelt TV">Kinowelt TV</channel>
    <channel site="[ENC]tvdigital.de_0" site_id="492" xmltv_id="Kabel Eins Classics">Kabel Eins Classics</channel>
    <channel site="[ENC]tvdigital.de_0" site_id="766" xmltv_id="Sat.1 emotions">Sat.1 emotions</channel>
    <channel site="[ENC]tvdigital.de_0" site_id="765" xmltv_id="ProSieben Fun">ProSieben Fun</channel>
    <channel site="[ENC]tvdigital.de_0" site_id="527" xmltv_id="RTL Crime">RTL Crime</channel>
    <channel site="[ENC]tvdigital.de_0" site_id="529" xmltv_id="RTL Passion">RTL Passion</channel>
    <channel site="[ENC]tvdigital.de_0" site_id="698" xmltv_id="SPORT1+">SPORT1+</channel>
    <channel site="[ENC]tvdigital.de_0" site_id="259" xmltv_id="More Than Sports TV">More Than Sports TV</channel>
    <channel site="[ENC]tvdigital.de_0" site_id="12102" xmltv_id="eSports1">eSports1</channel>
    <channel site="[ENC]tvdigital.de_0" site_id="656" xmltv_id="auto motor und sport channel">auto motor und sport channel</channel>
    <channel site="[ENC]tvdigital.de_0" site_id="136049" xmltv_id="Geo Television">Geo Television</channel>
    <channel site="[ENC]tvdigital.de_0" site_id="453" xmltv_id="National Geographic">National Geographic</channel>
    <channel site="[ENC]tvdigital.de_0" site_id="626" xmltv_id="National Geographic Wild">National Geographic Wild</channel>
    <channel site="[ENC]tvdigital.de_0" site_id="625" xmltv_id="Spiegel Geschichte">Spiegel Geschichte</channel>
    <channel site="[ENC]tvdigital.de_0" site_id="756" xmltv_id="Curiosity Channel">Curiosity Channel</channel>
    <channel site="[ENC]tvdigital.de_0" site_id="12149" xmltv_id="Bergblick">Bergblick</channel>
    <channel site="[ENC]tvdigital.de_0" site_id="1183" xmltv_id="Animal Planet">Animal Planet</channel>
    <channel site="[ENC]tvdigital.de_0" site_id="457" xmltv_id="BonGusto">BonGusto</channel>
    <channel site="[ENC]tvdigital.de_0" site_id="528" xmltv_id="RTL Living">RTL Living</channel>
    <channel site="[ENC]tvdigital.de_0" site_id="505" xmltv_id="Blue Hustler">Blue Hustler</channel>
    <channel site="[ENC]tvdigital.de_0" site_id="634" xmltv_id="Lust Pur">Lust Pur</channel>
    <channel site="[ENC]tvdigital.de_0" site_id="467" xmltv_id="Playboy TV">Playboy TV</channel>
    <channel site="[ENC]tvdigital.de_0" site_id="768" xmltv_id="Penthouse Passion HD">Penthouse Passion HD</channel>
    <channel site="[ENC]tvdigital.de_0" site_id="451" xmltv_id="Silverline">Silverline</channel>
    <channel site="[ENC]tvdigital.de_0" site_id="469" xmltv_id="Extreme Sports Channel">Extreme Sports Channel</channel>
    <channel site="[ENC]tvdigital.de_0" site_id="463" xmltv_id="Nautical Channel">Nautical Channel</channel>
    <channel site="[ENC]tvdigital.de_0" site_id="487" xmltv_id="Gute Laune TV">Gute Laune TV</channel>
    <channel site="[ENC]tvdigital.de_0" site_id="738" xmltv_id="MTV Hits">MTV Hits</channel>
    <channel site="[ENC]tvdigital.de_0" site_id="296" xmltv_id="MTV 80s">MTV 80s</channel>
    <channel site="[ENC]tvdigital.de_0" site_id="133" xmltv_id="Stingray Classica">Stingray Classica</channel>
    <channel site="[ENC]tvdigital.de_0" site_id="568" xmltv_id="Fix&amp;Foxi">Fix&amp;Foxi</channel>
  </channels>
</site>