<?xml version="1.0" encoding="UTF-8"?>
<site generator-info-name="Tempest EPG Generator (made by Kvanc)" generator-info-url="https://github.com/K-vanc/Tempest-EPG-Generator.git" site="zap.co.ao_0">
  <channels>
    <channel site="zap.co.ao_0" site_id="1||62965d7d8ca35.jpeg" xmltv_id="TPA 1 HD">TPA 1 HD</channel>
    <channel site="zap.co.ao_0" site_id="13||56fe3a7003b25.png" xmltv_id="ZAP Viva">ZAP Viva</channel>
    <channel site="zap.co.ao_0" site_id="168||59d3b4c7df2d1.png" xmltv_id="ZAP Viva HD">ZAP Viva HD</channel>
    <channel site="zap.co.ao_0" site_id="10||652d40f9c94a5.png" xmltv_id="ZAP Novelas HD">ZAP Novelas HD</channel>
    <channel site="zap.co.ao_0" site_id="135||5fbfdb3a582ef.png" xmltv_id="Globo HD">Globo HD</channel>
    <channel site="zap.co.ao_0" site_id="28||58ac132fa81e9.png" xmltv_id="TVI Internacional">TVI Internacional</channel>
    <channel site="zap.co.ao_0" site_id="29||5b6c27fb51b0d.png" xmltv_id="RTP Internacional">RTP Internacional</channel>
    <channel site="zap.co.ao_0" site_id="5||57f7c42df41a3.png" xmltv_id="RTP África">RTP África</channel>
    <channel site="zap.co.ao_0" site_id="32||54bd1109e2c2f.png" xmltv_id="CM TV">CM TV</channel>
    <channel site="zap.co.ao_0" site_id="34||5a81b34cd0954.png" xmltv_id="Sport TV África HD">Sport TV África HD</channel>
    <channel site="zap.co.ao_0" site_id="36||54bd119d2d6f4.png" xmltv_id="BTV">BTV</channel>
    <channel site="zap.co.ao_0" site_id="39||5697b61805b19.jpeg" xmltv_id="Porto Canal">Porto Canal</channel>
    <channel site="zap.co.ao_0" site_id="46||54bd128da887f.png" xmltv_id="Sporting TV">Sporting TV</channel>
    <channel site="zap.co.ao_0" site_id="141||64cbd08f91ba0.jpeg" xmltv_id="ZAP LALIGA HD">ZAP LALIGA HD</channel>
    <channel site="zap.co.ao_0" site_id="38||5d6cfb9ae94b0.png" xmltv_id="ESPN">ESPN</channel>
    <channel site="zap.co.ao_0" site_id="148||5d6ea6262182f.png" xmltv_id="ESPN 2">ESPN 2</channel>
    <channel site="zap.co.ao_0" site_id="8||54889f0d3d792.png" xmltv_id="A Bola">A Bola</channel>
    <channel site="zap.co.ao_0" site_id="42||603a2b3cc9f6a.png" xmltv_id="Fight BOX">Fight BOX</channel>
    <channel site="zap.co.ao_0" site_id="40||65048412782c0.png" xmltv_id="Motorvision">Motorvision</channel>
    <channel site="zap.co.ao_0" site_id="21||56c2194952d15.png" xmltv_id="Panda">Panda</channel>
    <channel site="zap.co.ao_0" site_id="20||54bd031355612.png" xmltv_id="SIC K">SIC K</channel>
    <channel site="zap.co.ao_0" site_id="48||54bd12cbd0acc.png" xmltv_id="Baby TV">Baby TV</channel>
    <channel site="zap.co.ao_0" site_id="47||652cff9aee2de.png" xmltv_id="Biggs">Biggs</channel>
    <channel site="zap.co.ao_0" site_id="195||5fc4f705c3ccb.png" xmltv_id="Gametoon">Gametoon</channel>
    <channel site="zap.co.ao_0" site_id="211||62aa67cf302e5.png" xmltv_id="Nickelodeon">Nickelodeon</channel>
    <channel site="zap.co.ao_0" site_id="50||5b2133ca237a4.png" xmltv_id="Disney Channel">Disney Channel</channel>
    <channel site="zap.co.ao_0" site_id="51||5c8b73013b9e7.png" xmltv_id="Disney Junior">Disney Junior</channel>
    <channel site="zap.co.ao_0" site_id="52||5e1c969d028a1.png" xmltv_id="TVCine TOP">TVCine TOP</channel>
    <channel site="zap.co.ao_0" site_id="53||5e1c96b37f8b3.png" xmltv_id="TVCine Edition">TVCine Edition</channel>
    <channel site="zap.co.ao_0" site_id="54||5e1c96d1d7174.png" xmltv_id="TVCine Emotion">TVCine Emotion</channel>
    <channel site="zap.co.ao_0" site_id="55||5e1c96fadeeee.png" xmltv_id="TVcine Action">TVcine Action</channel>
    <channel site="zap.co.ao_0" site_id="56||5c4595fb28c8f.png" xmltv_id="Hollywood">Hollywood</channel>
    <channel site="zap.co.ao_0" site_id="57||56978cb90c485.jpeg" xmltv_id="FOX Movies">FOX Movies</channel>
    <channel site="zap.co.ao_0" site_id="63||56125d5d3c143.png" xmltv_id="AXN HD">AXN HD</channel>
    <channel site="zap.co.ao_0" site_id="66||54bd3b509cca9.png" xmltv_id="FOX Crime">FOX Crime</channel>
    <channel site="zap.co.ao_0" site_id="143||5697932c76d80.jpeg" xmltv_id="FOX Comedy">FOX Comedy</channel>
    <channel site="zap.co.ao_0" site_id="70||5e4d17f568fa6.png" xmltv_id="AXN Movies">AXN Movies</channel>
    <channel site="zap.co.ao_0" site_id="120||576c2f5417c90.png" xmltv_id="BLAST">BLAST</channel>
    <channel site="zap.co.ao_0" site_id="205||612818faa7801.png" xmltv_id="KIX">KIX</channel>
    <channel site="zap.co.ao_0" site_id="134||55916bed9da0c.jpeg" xmltv_id="Globo On">Globo On</channel>
    <channel site="zap.co.ao_0" site_id="71||54bd3bb97216d.png" xmltv_id="TLN">TLN</channel>
    <channel site="zap.co.ao_0" site_id="75||54db73efea670.png" xmltv_id="SIC Radical">SIC Radical</channel>
    <channel site="zap.co.ao_0" site_id="78||54bd3c6b068ef.png" xmltv_id="24Kitchen">24Kitchen</channel>
    <channel site="zap.co.ao_0" site_id="79||57a081f87891b.png" xmltv_id="Food Network">Food Network</channel>
    <channel site="zap.co.ao_0" site_id="171||5b6c22ef832ce.png" xmltv_id="SIC Mulher">SIC Mulher</channel>
    <channel site="zap.co.ao_0" site_id="80||54bd3c9d2d202.png" xmltv_id="Luxe HD TV">Luxe HD TV</channel>
    <channel site="zap.co.ao_0" site_id="155||59a942e7c3a43.png" xmltv_id="BeKuduro">BeKuduro</channel>
    <channel site="zap.co.ao_0" site_id="86||5f1010c74da64.png" xmltv_id="AfroMusic Channel">AfroMusic Channel</channel>
    <channel site="zap.co.ao_0" site_id="203||60dd88eebc8d5.png" xmltv_id="CUBAYO">CUBAYO</channel>
    <channel site="zap.co.ao_0" site_id="93||587a64d94d74b.png" xmltv_id="I-CONCERTS HD">I-CONCERTS HD</channel>
    <channel site="zap.co.ao_0" site_id="95||5d260d3fab701.png" xmltv_id="MCM Top">MCM Top</channel>
    <channel site="zap.co.ao_0" site_id="172||5b76e307393f0.png" xmltv_id="GLOOM">GLOOM</channel>
    <channel site="zap.co.ao_0" site_id="103||56cdcd47102eb.png" xmltv_id="National Geographic">National Geographic</channel>
    <channel site="zap.co.ao_0" site_id="102||5c56d2308cdb7.png" xmltv_id="Nat Geo Wild HD">Nat Geo Wild HD</channel>
    <channel site="zap.co.ao_0" site_id="98||5728e40f907af.png" xmltv_id="Odisseia">Odisseia</channel>
    <channel site="zap.co.ao_0" site_id="100||54bf985a10262.png" xmltv_id="História">História</channel>
    <channel site="zap.co.ao_0" site_id="101||59bbb0752af5a.png" xmltv_id="Travel Channel">Travel Channel</channel>
    <channel site="zap.co.ao_0" site_id="190||5e7b5a7adf3e8.png" xmltv_id="Africa News">Africa News</channel>
    <channel site="zap.co.ao_0" site_id="19||5919b38239b6d.png" xmltv_id="Euronews">Euronews</channel>
    <channel site="zap.co.ao_0" site_id="18||54bd02a1a5cc3.png" xmltv_id="BBC World News">BBC World News</channel>
    <channel site="zap.co.ao_0" site_id="119||652d41fdc3f73.png" xmltv_id="Al Jazeera">Al Jazeera</channel>
    <channel site="zap.co.ao_0" site_id="107||64906381c6ea7.png" xmltv_id="Al Jazeera English">Al Jazeera English</channel>
    <channel site="zap.co.ao_0" site_id="108||54bf98e7548c6.png" xmltv_id="France 24">France 24</channel>
    <channel site="zap.co.ao_0" site_id="111||54bf991926aa1.png" xmltv_id="Bloomberg">Bloomberg</channel>
    <channel site="zap.co.ao_0" site_id="23||5e1c7c59e331b.png" xmltv_id="TVE Internacional">TVE Internacional</channel>
    <channel site="zap.co.ao_0" site_id="118||54db7b46428b0.png" xmltv_id="Cuba Vision">Cuba Vision</channel>
    <channel site="zap.co.ao_0" site_id="114||54bf9948e3906.png" xmltv_id="CCTV-4">CCTV-4</channel>
    <channel site="zap.co.ao_0" site_id="123||5a6f057462d09.png" xmltv_id="France 2">France 2</channel>
    <channel site="zap.co.ao_0" site_id="124||5a6f05eb2821a.png" xmltv_id="France 3">France 3</channel>
    <channel site="zap.co.ao_0" site_id="125||5a6f065e66762.png" xmltv_id="France 5">France 5</channel>
    <channel site="zap.co.ao_0" site_id="122||587a64ca96e87.png" xmltv_id="Tiji">Tiji</channel>
    <channel site="zap.co.ao_0" site_id="144||56ab3f8ccb52e.png" xmltv_id="RTNC1">RTNC1</channel>
    <channel site="zap.co.ao_0" site_id="151||5ac621e1e4202.png" xmltv_id="Digital Congo">Digital Congo</channel>
    <channel site="zap.co.ao_0" site_id="11||54bcf94b625b4.png" xmltv_id="ZAP Música">ZAP Música</channel>
    <channel site="zap.co.ao_0" site_id="115||54bf995d3c754.png" xmltv_id="Canal Programação">Canal Programação</channel>
    <channel site="zap.co.ao_0" site_id="210||62d510e944b0b.jpeg" xmltv_id="TPA 2">TPA 2</channel>
    <channel site="zap.co.ao_0" site_id="209||6294969dbef40.png" xmltv_id="TV ZIMBO">TV ZIMBO</channel>
    <channel site="zap.co.ao_0" site_id="130||62aa65a93eeed.png" xmltv_id="Zap Filmes HD">Zap Filmes HD</channel>
    <channel site="zap.co.ao_0" site_id="181||5e1c7193907d1.png" xmltv_id="Rádio 5">Rádio 5</channel>
    <channel site="zap.co.ao_0" site_id="187||5e1c705f3e31c.png" xmltv_id="Rádio LAC">Rádio LAC</channel>
    <channel site="zap.co.ao_0" site_id="189||5e1c6fa8cbc01.png" xmltv_id="Rádio FM">Rádio FM</channel>
  </channels>
</site>