<?xml version="1.0" encoding="UTF-8"?>
<site generator-info-name="Tempest EPG Generator (made by Kvanc)" generator-info-url="https://github.com/K-vanc/Tempest-EPG-Generator.git" site="[ENC]tvmap.com.br_0">
  <channels>
    <channel site="[ENC]tvmap.com.br_0" site_id="Globosat||559.jpg" xmltv_id="+ Globosat (Gsat)">+ Globosat (Gsat)</channel>
    <channel site="[ENC]tvmap.com.br_0" site_id="AE||514.jpg" xmltv_id="A&amp;E">A&amp;E</channel>
    <channel site="[ENC]tvmap.com.br_0" site_id="Amazon-Sat||598.jpg" xmltv_id="Amazon Sat">Amazon Sat</channel>
    <channel site="[ENC]tvmap.com.br_0" site_id="AMC||662.jpg" xmltv_id="AMC">AMC</channel>
    <channel site="[ENC]tvmap.com.br_0" site_id="Animal-Planet||470.jpg" xmltv_id="Animal Planet">Animal Planet</channel>
    <channel site="[ENC]tvmap.com.br_0" site_id="ART-Latino||599.jpg" xmltv_id="ART Latino">ART Latino</channel>
    <channel site="[ENC]tvmap.com.br_0" site_id="Arte-1||600.jpg" xmltv_id="Arte 1">Arte 1</channel>
    <channel site="[ENC]tvmap.com.br_0" site_id="AXN||505.jpg" xmltv_id="AXN">AXN</channel>
    <channel site="[ENC]tvmap.com.br_0" site_id="Baby-TV||601.jpg" xmltv_id="Baby TV">Baby TV</channel>
    <channel site="[ENC]tvmap.com.br_0" site_id="Band||403.jpg" xmltv_id="Band">Band</channel>
    <channel site="[ENC]tvmap.com.br_0" site_id="Band-News||531.jpg" xmltv_id="Band News">Band News</channel>
    <channel site="[ENC]tvmap.com.br_0" site_id="Band-Sports||483.jpg" xmltv_id="Band Sports">Band Sports</channel>
    <channel site="[ENC]tvmap.com.br_0" site_id="BBC-HD||421.jpg" xmltv_id="BBC HD">BBC HD</channel>
    <channel site="[ENC]tvmap.com.br_0" site_id="BBC-World-News||532.jpg" xmltv_id="BBC World News">BBC World News</channel>
    <channel site="[ENC]tvmap.com.br_0" site_id="Bem-Simples||554.jpg" xmltv_id="Bem Simples">Bem Simples</channel>
    <channel site="[ENC]tvmap.com.br_0" site_id="Bis||537.jpg" xmltv_id="Bis">Bis</channel>
    <channel site="[ENC]tvmap.com.br_0" site_id="Bloomberg||465.jpg" xmltv_id="Bloomberg">Bloomberg</channel>
    <channel site="[ENC]tvmap.com.br_0" site_id="Boa-Vontade-TV||603.jpg" xmltv_id="Boa Vontade TV">Boa Vontade TV</channel>
    <channel site="[ENC]tvmap.com.br_0" site_id="Boomerang||526.jpg" xmltv_id="Boomerang">Boomerang</channel>
    <channel site="[ENC]tvmap.com.br_0" site_id="Canal-Adulto||651.jpg" xmltv_id="Canal Adulto">Canal Adulto</channel>
    <channel site="[ENC]tvmap.com.br_0" site_id="Canal-Brasil||513.jpg" xmltv_id="Canal Brasil">Canal Brasil</channel>
    <channel site="[ENC]tvmap.com.br_0" site_id="Canal-do-Boi||646.jpg" xmltv_id="Canal do Boi">Canal do Boi</channel>
    <channel site="[ENC]tvmap.com.br_0" site_id="Canal-Rural||463.jpg" xmltv_id="Canal Rural">Canal Rural</channel>
    <channel site="[ENC]tvmap.com.br_0" site_id="Canal-Universitario||395.jpg" xmltv_id="Canal Universitário">Canal Universitário</channel>
    <channel site="[ENC]tvmap.com.br_0" site_id="Cartoon-Network||524.jpg" xmltv_id="Cartoon Network">Cartoon Network</channel>
    <channel site="[ENC]tvmap.com.br_0" site_id="Casa-Club||589.jpg" xmltv_id="Casa Club">Casa Club</channel>
    <channel site="[ENC]tvmap.com.br_0" site_id="Chef-TV||623.jpg" xmltv_id="Chef TV">Chef TV</channel>
    <channel site="[ENC]tvmap.com.br_0" site_id="CineBrasil-TV||604.jpg" xmltv_id="CineBrasil TV">CineBrasil TV</channel>
    <channel site="[ENC]tvmap.com.br_0" site_id="Cinemax||504.jpg" xmltv_id="Cinemax">Cinemax</channel>
    <channel site="[ENC]tvmap.com.br_0" site_id="Climatempo||455.jpg" xmltv_id="Climatempo">Climatempo</channel>
    <channel site="[ENC]tvmap.com.br_0" site_id="CNN-Espanhol||605.jpg" xmltv_id="CNN Espanhol">CNN Espanhol</channel>
    <channel site="[ENC]tvmap.com.br_0" site_id="CNN-International||533.jpg" xmltv_id="CNN International">CNN International</channel>
    <channel site="[ENC]tvmap.com.br_0" site_id="CNT||462.jpg" xmltv_id="CNT">CNT</channel>
    <channel site="[ENC]tvmap.com.br_0" site_id="Combate||539.jpg" xmltv_id="Combate">Combate</channel>
    <channel site="[ENC]tvmap.com.br_0" site_id="Comedy-Central||606.jpg" xmltv_id="Comedy Central">Comedy Central</channel>
    <channel site="[ENC]tvmap.com.br_0" site_id="Concert-Channel||631.jpg" xmltv_id="Concert Channel">Concert Channel</channel>
    <channel site="[ENC]tvmap.com.br_0" site_id="Cultura||397.jpg" xmltv_id="Cultura">Cultura</channel>
    <channel site="[ENC]tvmap.com.br_0" site_id="Curta||517.jpg" xmltv_id="Curta!">Curta!</channel>
    <channel site="[ENC]tvmap.com.br_0" site_id="Deutsche-Welle||573.jpg" xmltv_id="Deutsche Welle (DW-TV)">Deutsche Welle (DW-TV)</channel>
    <channel site="[ENC]tvmap.com.br_0" site_id="Discovery-Channel||468.jpg" xmltv_id="Discovery Channel">Discovery Channel</channel>
    <channel site="[ENC]tvmap.com.br_0" site_id="Discovery-Civilization||473.jpg" xmltv_id="Discovery Civilization">Discovery Civilization</channel>
    <channel site="[ENC]tvmap.com.br_0" site_id="Discovery-Home-and-Health||469.jpg" xmltv_id="Discovery Home &amp; Health">Discovery Home &amp; Health</channel>
    <channel site="[ENC]tvmap.com.br_0" site_id="Discovery-Kids||523.jpg" xmltv_id="Discovery Kids">Discovery Kids</channel>
    <channel site="[ENC]tvmap.com.br_0" site_id="Discovery-Science||472.jpg" xmltv_id="Discovery Science">Discovery Science</channel>
    <channel site="[ENC]tvmap.com.br_0" site_id="Discovery-Theater||430.jpg" xmltv_id="Discovery Theater">Discovery Theater</channel>
    <channel site="[ENC]tvmap.com.br_0" site_id="Discovery-Turbo||474.jpg" xmltv_id="Discovery Turbo">Discovery Turbo</channel>
    <channel site="[ENC]tvmap.com.br_0" site_id="Discovery-World||431.jpg" xmltv_id="Discovery World">Discovery World</channel>
    <channel site="[ENC]tvmap.com.br_0" site_id="Disney-Channel||527.jpg" xmltv_id="Disney Channel">Disney Channel</channel>
    <channel site="[ENC]tvmap.com.br_0" site_id="Disney-Junior||528.jpg" xmltv_id="Disney Junior">Disney Junior</channel>
    <channel site="[ENC]tvmap.com.br_0" site_id="Disney-XD||525.jpg" xmltv_id="Disney XD">Disney XD</channel>
    <channel site="[ENC]tvmap.com.br_0" site_id="E||555.jpg" xmltv_id="E!">E!</channel>
    <channel site="[ENC]tvmap.com.br_0" site_id="EI-Maxx||671.jpg" xmltv_id="EI Maxx">EI Maxx</channel>
    <channel site="[ENC]tvmap.com.br_0" site_id="ESPN||480.jpg" xmltv_id="ESPN">ESPN</channel>
    <channel site="[ENC]tvmap.com.br_0" site_id="ESPN-Brasil||481.jpg" xmltv_id="ESPN Brasil">ESPN Brasil</channel>
    <channel site="[ENC]tvmap.com.br_0" site_id="ESPN-mais||438.jpg" xmltv_id="ESPN+">ESPN+</channel>
    <channel site="[ENC]tvmap.com.br_0" site_id="Esporte-Interativo||654.jpg" xmltv_id="Esporte Interativo">Esporte Interativo</channel>
    <channel site="[ENC]tvmap.com.br_0" site_id="Esporte-Interativo-2||689.jpg" xmltv_id="Esporte Interativo 2">Esporte Interativo 2</channel>
    <channel site="[ENC]tvmap.com.br_0" site_id="Esporte-Interativo-BR||625.jpg" xmltv_id="Esporte Interativo BR">Esporte Interativo BR</channel>
    <channel site="[ENC]tvmap.com.br_0" site_id="Eurochannel||607.jpg" xmltv_id="Eurochannel">Eurochannel</channel>
    <channel site="[ENC]tvmap.com.br_0" site_id="Fashion-TV||690.jpg" xmltv_id="Fashion TV">Fashion TV</channel>
    <channel site="[ENC]tvmap.com.br_0" site_id="Film-and-Arts||608.jpg" xmltv_id="Film &amp; Arts">Film &amp; Arts</channel>
    <channel site="[ENC]tvmap.com.br_0" site_id="FishTV||609.jpg" xmltv_id="FishTV">FishTV</channel>
    <channel site="[ENC]tvmap.com.br_0" site_id="Food-Network||672.jpg" xmltv_id="Food Network">Food Network</channel>
    <channel site="[ENC]tvmap.com.br_0" site_id="Fox||509.jpg" xmltv_id="Fox">Fox</channel>
    <channel site="[ENC]tvmap.com.br_0" site_id="Fox1||668.jpg" xmltv_id="Fox 1">Fox 1</channel>
    <channel site="[ENC]tvmap.com.br_0" site_id="Fox-Action||669.jpg" xmltv_id="Fox Action">Fox Action</channel>
    <channel site="[ENC]tvmap.com.br_0" site_id="Fox-Life||558.jpg" xmltv_id="Fox Life">Fox Life</channel>
    <channel site="[ENC]tvmap.com.br_0" site_id="Fox-News||466.jpg" xmltv_id="Fox News">Fox News</channel>
    <channel site="[ENC]tvmap.com.br_0" site_id="Fox-Sports||482.jpg" xmltv_id="Fox Sports">Fox Sports</channel>
    <channel site="[ENC]tvmap.com.br_0" site_id="Fox-Sports-2||650.jpg" xmltv_id="Fox Sports 2">Fox Sports 2</channel>
    <channel site="[ENC]tvmap.com.br_0" site_id="Futura||476.jpg" xmltv_id="Futura">Futura</channel>
    <channel site="[ENC]tvmap.com.br_0" site_id="FX||512.jpg" xmltv_id="FX">FX</channel>
    <channel site="[ENC]tvmap.com.br_0" site_id="Glitz||557.jpg" xmltv_id="Glitz*">Glitz*</channel>
    <channel site="[ENC]tvmap.com.br_0" site_id="Globo||399.jpg" xmltv_id="Globo">Globo</channel>
    <channel site="[ENC]tvmap.com.br_0" site_id="Globo-News||529.jpg" xmltv_id="Globo News">Globo News</channel>
    <channel site="[ENC]tvmap.com.br_0" site_id="Gloob||521.jpg" xmltv_id="Gloob">Gloob</channel>
    <channel site="[ENC]tvmap.com.br_0" site_id="GNT||552.jpg" xmltv_id="GNT">GNT</channel>
    <channel site="[ENC]tvmap.com.br_0" site_id="H2||663.jpg" xmltv_id="H2">H2</channel>
    <channel site="[ENC]tvmap.com.br_0" site_id="HBO||494.jpg" xmltv_id="HBO">HBO</channel>
    <channel site="[ENC]tvmap.com.br_0" site_id="HBO-Family||497.jpg" xmltv_id="HBO Family">HBO Family</channel>
    <channel site="[ENC]tvmap.com.br_0" site_id="HBO-Plus||495.jpg" xmltv_id="HBO Plus">HBO Plus</channel>
    <channel site="[ENC]tvmap.com.br_0" site_id="HBO-Plus-e||500.jpg" xmltv_id="HBO Plus *e">HBO Plus *e</channel>
    <channel site="[ENC]tvmap.com.br_0" site_id="HBO-Signature||501.jpg" xmltv_id="HBO Signature">HBO Signature</channel>
    <channel site="[ENC]tvmap.com.br_0" site_id="HBO2||496.jpg" xmltv_id="HBO2">HBO2</channel>
    <channel site="[ENC]tvmap.com.br_0" site_id="Ideal-TV||673.jpg" xmltv_id="Ideal TV">Ideal TV</channel>
    <channel site="[ENC]tvmap.com.br_0" site_id="Investigacao-Discovery-ID||510.jpg" xmltv_id="Investigação Discovery (ID)">Investigação Discovery (ID)</channel>
    <channel site="[ENC]tvmap.com.br_0" site_id="i-Sat||624.jpg" xmltv_id="i-Sat">i-Sat</channel>
    <channel site="[ENC]tvmap.com.br_0" site_id="Lifetime||664.jpg" xmltv_id="Lifetime">Lifetime</channel>
    <channel site="[ENC]tvmap.com.br_0" site_id="Max-e||502.jpg" xmltv_id="Max *e">Max *e</channel>
    <channel site="[ENC]tvmap.com.br_0" site_id="Max-HD||498.jpg" xmltv_id="Max HD">Max HD</channel>
    <channel site="[ENC]tvmap.com.br_0" site_id="Max-Prime||499.jpg" xmltv_id="Max Prime">Max Prime</channel>
    <channel site="[ENC]tvmap.com.br_0" site_id="Max-Prime-e||503.jpg" xmltv_id="Max Prime *e">Max Prime *e</channel>
    <channel site="[ENC]tvmap.com.br_0" site_id="Mega-TV||459.jpg" xmltv_id="Mega TV">Mega TV</channel>
    <channel site="[ENC]tvmap.com.br_0" site_id="Megapix||486.jpg" xmltv_id="Megapix">Megapix</channel>
    <channel site="[ENC]tvmap.com.br_0" site_id="Mix-TV||574.jpg" xmltv_id="Mix TV">Mix TV</channel>
    <channel site="[ENC]tvmap.com.br_0" site_id="MixPlay-TV||652.jpg" xmltv_id="MixPlay-TV">MixPlay-TV</channel>
    <channel site="[ENC]tvmap.com.br_0" site_id="MTV||534.jpg" xmltv_id="MTV">MTV</channel>
    <channel site="[ENC]tvmap.com.br_0" site_id="MTV-Jams||576.jpg" xmltv_id="MTV Jams">MTV Jams</channel>
    <channel site="[ENC]tvmap.com.br_0" site_id="Multishow||553.jpg" xmltv_id="Multishow">Multishow</channel>
    <channel site="[ENC]tvmap.com.br_0" site_id="Music-Box-Brazil||597.jpg" xmltv_id="Music Box Brazil">Music Box Brazil</channel>
    <channel site="[ENC]tvmap.com.br_0" site_id="Music-Box-Brazil||685.jpg" xmltv_id="Music Box Brazil">Music Box Brazil</channel>
    <channel site="[ENC]tvmap.com.br_0" site_id="NatGeo-Wild-HD||422.jpg" xmltv_id="NatGeo Wild HD">NatGeo Wild HD</channel>
    <channel site="[ENC]tvmap.com.br_0" site_id="National-Geographic||467.jpg" xmltv_id="National Geographic">National Geographic</channel>
    <channel site="[ENC]tvmap.com.br_0" site_id="NBR||388.jpg" xmltv_id="NBR">NBR</channel>
    <channel site="[ENC]tvmap.com.br_0" site_id="NHK-World-Premium||567.jpg" xmltv_id="NHK World Premium">NHK World Premium</channel>
    <channel site="[ENC]tvmap.com.br_0" site_id="Nickelodeon||522.jpg" xmltv_id="Nick">Nick</channel>
    <channel site="[ENC]tvmap.com.br_0" site_id="Nick-Jr||610.jpg" xmltv_id="Nick Jr.">Nick Jr.</channel>
    <channel site="[ENC]tvmap.com.br_0" site_id="Off||419.jpg" xmltv_id="Off">Off</channel>
    <channel site="[ENC]tvmap.com.br_0" site_id="Paramount||656.jpg" xmltv_id="Paramount Channel">Paramount Channel</channel>
    <channel site="[ENC]tvmap.com.br_0" site_id="Play-TV||562.jpg" xmltv_id="Play TV">Play TV</channel>
    <channel site="[ENC]tvmap.com.br_0" site_id="Premiere-Futebol-Clube||579.jpg" xmltv_id="Premiere Futebol Clube">Premiere Futebol Clube</channel>
    <channel site="[ENC]tvmap.com.br_0" site_id="Prime-Box-Brazil||611.jpg" xmltv_id="Prime Box Brazil">Prime Box Brazil</channel>
    <channel site="[ENC]tvmap.com.br_0" site_id="RAI||563.jpg" xmltv_id="RAI">RAI</channel>
    <channel site="[ENC]tvmap.com.br_0" site_id="Record||400.jpg" xmltv_id="Record">Record</channel>
    <channel site="[ENC]tvmap.com.br_0" site_id="Record-News||530.jpg" xmltv_id="Record News">Record News</channel>
    <channel site="[ENC]tvmap.com.br_0" site_id="Rede-Brasil||629.jpg" xmltv_id="Rede Brasil">Rede Brasil</channel>
    <channel site="[ENC]tvmap.com.br_0" site_id="Rede-do-Bem||674.jpg" xmltv_id="Rede do Bem TV">Rede do Bem TV</channel>
    <channel site="[ENC]tvmap.com.br_0" site_id="Rede-Familia||581.jpg" xmltv_id="Rede Família">Rede Família</channel>
    <channel site="[ENC]tvmap.com.br_0" site_id="Rede-Gospel||405.jpg" xmltv_id="Rede Gospel">Rede Gospel</channel>
    <channel site="[ENC]tvmap.com.br_0" site_id="Rede-Mundial||675.jpg" xmltv_id="Rede Mundial">Rede Mundial</channel>
    <channel site="[ENC]tvmap.com.br_0" site_id="Rede-Super||688.jpg" xmltv_id="Rede Super">Rede Super</channel>
    <channel site="[ENC]tvmap.com.br_0" site_id="Rede-Vida||460.jpg" xmltv_id="Rede Vida">Rede Vida</channel>
    <channel site="[ENC]tvmap.com.br_0" site_id="RedeTV||401.jpg" xmltv_id="RedeTV!">RedeTV!</channel>
    <channel site="[ENC]tvmap.com.br_0" site_id="RIT-TV||396.jpg" xmltv_id="RIT TV">RIT TV</channel>
    <channel site="[ENC]tvmap.com.br_0" site_id="RTP-Internacional||630.jpg" xmltv_id="RTP Internacional (RTPi)">RTP Internacional (RTPi)</channel>
    <channel site="[ENC]tvmap.com.br_0" site_id="Rush-HD||620.jpg" xmltv_id="Rush HD">Rush HD</channel>
    <channel site="[ENC]tvmap.com.br_0" site_id="SBT||398.jpg" xmltv_id="SBT">SBT</channel>
    <channel site="[ENC]tvmap.com.br_0" site_id="Sesc-TV||464.jpg" xmltv_id="Sesc TV">Sesc TV</channel>
    <channel site="[ENC]tvmap.com.br_0" site_id="Shoptime||461.jpg" xmltv_id="Shoptime">Shoptime</channel>
    <channel site="[ENC]tvmap.com.br_0" site_id="SIC-International||612.jpg" xmltv_id="SIC International">SIC International</channel>
    <channel site="[ENC]tvmap.com.br_0" site_id="Sony||508.jpg" xmltv_id="Sony">Sony</channel>
    <channel site="[ENC]tvmap.com.br_0" site_id="Space||511.jpg" xmltv_id="Space">Space</channel>
    <channel site="[ENC]tvmap.com.br_0" site_id="SporTV||479.jpg" xmltv_id="SporTV">SporTV</channel>
    <channel site="[ENC]tvmap.com.br_0" site_id="SporTV2||478.jpg" xmltv_id="SporTV2">SporTV2</channel>
    <channel site="[ENC]tvmap.com.br_0" site_id="SporTV3||477.jpg" xmltv_id="SporTV3">SporTV3</channel>
    <channel site="[ENC]tvmap.com.br_0" site_id="Studio-Universal||518.jpg" xmltv_id="Studio Universal">Studio Universal</channel>
    <channel site="[ENC]tvmap.com.br_0" site_id="Sundance||693.jpg" xmltv_id="Sundance Channel">Sundance Channel</channel>
    <channel site="[ENC]tvmap.com.br_0" site_id="Syfy||516.jpg" xmltv_id="Syfy">Syfy</channel>
    <channel site="[ENC]tvmap.com.br_0" site_id="TBS||519.jpg" xmltv_id="TBS">TBS</channel>
    <channel site="[ENC]tvmap.com.br_0" site_id="TCM||515.jpg" xmltv_id="TCM">TCM</channel>
    <channel site="[ENC]tvmap.com.br_0" site_id="Telecine-Action||489.jpg" xmltv_id="Telecine Action">Telecine Action</channel>
    <channel site="[ENC]tvmap.com.br_0" site_id="Telecine-Cult||492.jpg" xmltv_id="Telecine Cult">Telecine Cult</channel>
    <channel site="[ENC]tvmap.com.br_0" site_id="Telecine-Fun||487.jpg" xmltv_id="Telecine Fun">Telecine Fun</channel>
    <channel site="[ENC]tvmap.com.br_0" site_id="Telecine-Pipoca||491.jpg" xmltv_id="Telecine Pipoca">Telecine Pipoca</channel>
    <channel site="[ENC]tvmap.com.br_0" site_id="Telecine-Premium||488.jpg" xmltv_id="Telecine Premium">Telecine Premium</channel>
    <channel site="[ENC]tvmap.com.br_0" site_id="Telecine-Touch||490.jpg" xmltv_id="Telecine Touch">Telecine Touch</channel>
    <channel site="[ENC]tvmap.com.br_0" site_id="Terra-Viva||613.jpg" xmltv_id="Terra Viva">Terra Viva</channel>
    <channel site="[ENC]tvmap.com.br_0" site_id="The-Golf-Channel||614.jpg" xmltv_id="The Golf Channel">The Golf Channel</channel>
    <channel site="[ENC]tvmap.com.br_0" site_id="The-History-Channel||471.jpg" xmltv_id="The History Channel">The History Channel</channel>
    <channel site="[ENC]tvmap.com.br_0" site_id="TNT||485.jpg" xmltv_id="TNT">TNT</channel>
    <channel site="[ENC]tvmap.com.br_0" site_id="TNT-Series||657.jpg" xmltv_id="TNT Séries">TNT Séries</channel>
    <channel site="[ENC]tvmap.com.br_0" site_id="Tooncast||619.jpg" xmltv_id="Tooncast">Tooncast</channel>
    <channel site="[ENC]tvmap.com.br_0" site_id="TLC||475.jpg" xmltv_id="Travel &amp; Living Channel">Travel &amp; Living Channel</channel>
    <channel site="[ENC]tvmap.com.br_0" site_id="Travel-Box-Brazil||659.jpg" xmltv_id="Travel Box Brazil">Travel Box Brazil</channel>
    <channel site="[ENC]tvmap.com.br_0" site_id="truTV||615.jpg" xmltv_id="truTV">truTV</channel>
    <channel site="[ENC]tvmap.com.br_0" site_id="TV-Alterosa||687.jpg" xmltv_id="TV Alterosa">TV Alterosa</channel>
    <channel site="[ENC]tvmap.com.br_0" site_id="TV-Aparecida||616.jpg" xmltv_id="TV Aparecida">TV Aparecida</channel>
    <channel site="[ENC]tvmap.com.br_0" site_id="TV-Assembleia-MG||692.jpg" xmltv_id="TV Assembléia MG">TV Assembléia MG</channel>
    <channel site="[ENC]tvmap.com.br_0" site_id="TV-Assembleia-SP||676.jpg" xmltv_id="TV Assembléia SP">TV Assembléia SP</channel>
    <channel site="[ENC]tvmap.com.br_0" site_id="TV-Brasil||387.jpg" xmltv_id="TV Brasil">TV Brasil</channel>
    <channel site="[ENC]tvmap.com.br_0" site_id="TV-Camara||386.jpg" xmltv_id="TV Câmara">TV Câmara</channel>
    <channel site="[ENC]tvmap.com.br_0" site_id="TV-Cancao-Nova||456.jpg" xmltv_id="TV Canção Nova">TV Canção Nova</channel>
    <channel site="[ENC]tvmap.com.br_0" site_id="TV-Coreia||568.jpg" xmltv_id="TV Coréia">TV Coréia</channel>
    <channel site="[ENC]tvmap.com.br_0" site_id="TV-Corinthians||617.jpg" xmltv_id="TV Corinthians">TV Corinthians</channel>
    <channel site="[ENC]tvmap.com.br_0" site_id="TV-Diario||677.jpg" xmltv_id="TV Diario">TV Diario</channel>
    <channel site="[ENC]tvmap.com.br_0" site_id="TV-Educar||698.jpg" xmltv_id="TV Educar">TV Educar</channel>
    <channel site="[ENC]tvmap.com.br_0" site_id="TV-Escola||618.jpg" xmltv_id="TV Escola">TV Escola</channel>
    <channel site="[ENC]tvmap.com.br_0" site_id="TV-Horizonte||678.jpg" xmltv_id="TV Horizonte">TV Horizonte</channel>
    <channel site="[ENC]tvmap.com.br_0" site_id="TV-Justica||389.jpg" xmltv_id="TV Justiça">TV Justiça</channel>
    <channel site="[ENC]tvmap.com.br_0" site_id="TV-Max||679.jpg" xmltv_id="TV Max">TV Max</channel>
    <channel site="[ENC]tvmap.com.br_0" site_id="TV-Meio-Norte||653.jpg" xmltv_id="TV Meio Norte">TV Meio Norte</channel>
    <channel site="[ENC]tvmap.com.br_0" site_id="TV-Novo-Tempo||649.jpg" xmltv_id="TV Novo Tempo">TV Novo Tempo</channel>
    <channel site="[ENC]tvmap.com.br_0" site_id="TV-Pampa||681.jpg" xmltv_id="TV Pampa Porto Alegre">TV Pampa Porto Alegre</channel>
    <channel site="[ENC]tvmap.com.br_0" site_id="TV-Plenitude||682.jpg" xmltv_id="TV Plenitude">TV Plenitude</channel>
    <channel site="[ENC]tvmap.com.br_0" site_id="TV-Ra-Tim-Bum||520.jpg" xmltv_id="TV Rá Tim Bum!">TV Rá Tim Bum!</channel>
    <channel site="[ENC]tvmap.com.br_0" site_id="TV-Senado||394.jpg" xmltv_id="TV Senado">TV Senado</channel>
    <channel site="[ENC]tvmap.com.br_0" site_id="TV-mais||458.jpg" xmltv_id="TV+">TV+</channel>
    <channel site="[ENC]tvmap.com.br_0" site_id="TV5-Monde||564.jpg" xmltv_id="TV5 Monde">TV5 Monde</channel>
    <channel site="[ENC]tvmap.com.br_0" site_id="TVE-Internacional||565.jpg" xmltv_id="TVE Internacional">TVE Internacional</channel>
    <channel site="[ENC]tvmap.com.br_0" site_id="TVE-RS||683.jpg" xmltv_id="TVE-RS">TVE-RS</channel>
    <channel site="[ENC]tvmap.com.br_0" site_id="Universal-Channel||506.jpg" xmltv_id="Universal Channel">Universal Channel</channel>
    <channel site="[ENC]tvmap.com.br_0" site_id="Vh1||536.jpg" xmltv_id="Vh1">Vh1</channel>
    <channel site="[ENC]tvmap.com.br_0" site_id="VH1-HD||622.jpg" xmltv_id="VH1 HD">VH1 HD</channel>
    <channel site="[ENC]tvmap.com.br_0" site_id="Vh1-Mega-Hits||575.jpg" xmltv_id="Vh1 Mega Hits">Vh1 Mega Hits</channel>
    <channel site="[ENC]tvmap.com.br_0" site_id="Viva||551.jpg" xmltv_id="Viva">Viva</channel>
    <channel site="[ENC]tvmap.com.br_0" site_id="VTV||684.jpg" xmltv_id="VTV">VTV</channel>
    <channel site="[ENC]tvmap.com.br_0" site_id="Warner-Channel||507.jpg" xmltv_id="Warner Channel">Warner Channel</channel>
    <channel site="[ENC]tvmap.com.br_0" site_id="Woohoo||561.jpg" xmltv_id="Woohoo">Woohoo</channel>
    <channel site="[ENC]tvmap.com.br_0" site_id="Zoomoo||691.jpg" xmltv_id="Zoomoo">Zoomoo</channel>
    <channel site="[ENC]tvmap.com.br_0" site_id="For-Man||385.jpg" xmltv_id="For Man">For Man</channel>
    <channel site="[ENC]tvmap.com.br_0" site_id="Playboy-TV||380.jpg" xmltv_id="Playboy TV">Playboy TV</channel>
    <channel site="[ENC]tvmap.com.br_0" site_id="Private||382.jpg" xmltv_id="Private">Private</channel>
    <channel site="[ENC]tvmap.com.br_0" site_id="Sex-Prive-Brasileirinhas||583.jpg" xmltv_id="Sex Privé Brasileirinhas">Sex Privé Brasileirinhas</channel>
    <channel site="[ENC]tvmap.com.br_0" site_id="Sextreme||381.jpg" xmltv_id="Sextreme">Sextreme</channel>
    <channel site="[ENC]tvmap.com.br_0" site_id="Sexy-Hot||384.jpg" xmltv_id="Sexy Hot">Sexy Hot</channel>
    <channel site="[ENC]tvmap.com.br_0" site_id="Venus||383.jpg" xmltv_id="Venus">Venus</channel>
  </channels>
</site>