<?xml version="1.0" encoding="UTF-8"?>
<site generator-info-name="Tempest EPG Generator (made by Kvanc)" generator-info-url="https://github.com/K-vanc/Tempest-EPG-Generator.git" site="[ENC]guiadetv.com_0">
  <channels>
    <channel site="[ENC]guiadetv.com_0" site_id="agro" xmltv_id="Agro+">Agro+</channel>
    <channel site="[ENC]guiadetv.com_0" site_id="arte-1" xmltv_id="Arte 1">Arte 1</channel>
    <channel site="[ENC]guiadetv.com_0" site_id="canal-educacao" xmltv_id="Canal Educação">Canal Educação</channel>
    <channel site="[ENC]guiadetv.com_0" site_id="comedy-central" xmltv_id="Comedy Central">Comedy Central</channel>
    <channel site="[ENC]guiadetv.com_0" site_id="curta" xmltv_id="Curta!">Curta!</channel>
    <channel site="[ENC]guiadetv.com_0" site_id="discovery-home-health" xmltv_id="Discovery Home &amp; Health">Discovery Home &amp; Health</channel>
    <channel site="[ENC]guiadetv.com_0" site_id="discovery-science" xmltv_id="Discovery Science">Discovery Science</channel>
    <channel site="[ENC]guiadetv.com_0" site_id="discovery-theater" xmltv_id="Discovery Theater">Discovery Theater</channel>
    <channel site="[ENC]guiadetv.com_0" site_id="discovery-turbo" xmltv_id="Discovery Turbo">Discovery Turbo</channel>
    <channel site="[ENC]guiadetv.com_0" site_id="discovery-world" xmltv_id="Discovery World">Discovery World</channel>
    <channel site="[ENC]guiadetv.com_0" site_id="e" xmltv_id="E!">E!</channel>
    <channel site="[ENC]guiadetv.com_0" site_id="food-network" xmltv_id="Food Network">Food Network</channel>
    <channel site="[ENC]guiadetv.com_0" site_id="hgtv" xmltv_id="HGTV">HGTV</channel>
    <channel site="[ENC]guiadetv.com_0" site_id="lifetime" xmltv_id="Lifetime">Lifetime</channel>
    <channel site="[ENC]guiadetv.com_0" site_id="mtv" xmltv_id="MTV">MTV</channel>
    <channel site="[ENC]guiadetv.com_0" site_id="mtv-live" xmltv_id="MTV LIVE">MTV LIVE</channel>
    <channel site="[ENC]guiadetv.com_0" site_id="tbs" xmltv_id="TBS">TBS</channel>
    <channel site="[ENC]guiadetv.com_0" site_id="terra-viva" xmltv_id="Terra Viva">Terra Viva</channel>
    <channel site="[ENC]guiadetv.com_0" site_id="tlc" xmltv_id="TLC">TLC</channel>
    <channel site="[ENC]guiadetv.com_0" site_id="travel-box-brasil" xmltv_id="Travel Box Brasil">Travel Box Brasil</channel>
    <channel site="[ENC]guiadetv.com_0" site_id="trutv" xmltv_id="truTV">truTV</channel>
    <channel site="[ENC]guiadetv.com_0" site_id="woohoo" xmltv_id="Woohoo">Woohoo</channel>
    <channel site="[ENC]guiadetv.com_0" site_id="viva" xmltv_id="Viva">Viva</channel>
    <channel site="[ENC]guiadetv.com_0" site_id="gnt" xmltv_id="GNT">GNT</channel>
    <channel site="[ENC]guiadetv.com_0" site_id="bis" xmltv_id="Bis">Bis</channel>
    <channel site="[ENC]guiadetv.com_0" site_id="band" xmltv_id="Band">Band</channel>
    <channel site="[ENC]guiadetv.com_0" site_id="canal-rural" xmltv_id="Canal Rural">Canal Rural</channel>
    <channel site="[ENC]guiadetv.com_0" site_id="cancao-nova" xmltv_id="Canção Nova">Canção Nova</channel>
    <channel site="[ENC]guiadetv.com_0" site_id="tv-cultura" xmltv_id="TV Cultura">TV Cultura</channel>
    <channel site="[ENC]guiadetv.com_0" site_id="globo" xmltv_id="Globo">Globo</channel>
    <channel site="[ENC]guiadetv.com_0" site_id="record-tv" xmltv_id="Record TV">Record TV</channel>
    <channel site="[ENC]guiadetv.com_0" site_id="rede-brasil" xmltv_id="Rede Brasil">Rede Brasil</channel>
    <channel site="[ENC]guiadetv.com_0" site_id="rede-familia" xmltv_id="Rede Família">Rede Família</channel>
    <channel site="[ENC]guiadetv.com_0" site_id="rede-seculo-21" xmltv_id="Rede Século 21">Rede Século 21</channel>
    <channel site="[ENC]guiadetv.com_0" site_id="rede-tv" xmltv_id="Rede TV">Rede TV</channel>
    <channel site="[ENC]guiadetv.com_0" site_id="rede-vida" xmltv_id="Rede Vida">Rede Vida</channel>
    <channel site="[ENC]guiadetv.com_0" site_id="sbt" xmltv_id="SBT">SBT</channel>
    <channel site="[ENC]guiadetv.com_0" site_id="tv-aparecida" xmltv_id="TV Aparecida">TV Aparecida</channel>
    <channel site="[ENC]guiadetv.com_0" site_id="tv-brasil" xmltv_id="TV Brasil">TV Brasil</channel>
    <channel site="[ENC]guiadetv.com_0" site_id="tv-camara" xmltv_id="TV Câmara">TV Câmara</channel>
    <channel site="[ENC]guiadetv.com_0" site_id="tv-gazeta" xmltv_id="Tv Gazeta">Tv Gazeta</channel>
    <channel site="[ENC]guiadetv.com_0" site_id="tv-senado" xmltv_id="TV Senado">TV Senado</channel>
    <channel site="[ENC]guiadetv.com_0" site_id="rede-gospel" xmltv_id="Rede Gospel">Rede Gospel</channel>
    <channel site="[ENC]guiadetv.com_0" site_id="futura" xmltv_id="Futura">Futura</channel>
    <channel site="[ENC]guiadetv.com_0" site_id="bandnews" xmltv_id="Bandnews">Bandnews</channel>
    <channel site="[ENC]guiadetv.com_0" site_id="bbc-world" xmltv_id="BBC World">BBC World</channel>
    <channel site="[ENC]guiadetv.com_0" site_id="bloomberg" xmltv_id="Bloomberg">Bloomberg</channel>
    <channel site="[ENC]guiadetv.com_0" site_id="cnn-brasil" xmltv_id="CNN Brasil">CNN Brasil</channel>
    <channel site="[ENC]guiadetv.com_0" site_id="fox-news" xmltv_id="Fox News">Fox News</channel>
    <channel site="[ENC]guiadetv.com_0" site_id="jovem-pan-news" xmltv_id="Jovem Pan News">Jovem Pan News</channel>
    <channel site="[ENC]guiadetv.com_0" site_id="record-news" xmltv_id="Record News">Record News</channel>
    <channel site="[ENC]guiadetv.com_0" site_id="box-kids" xmltv_id="Box Kids">Box Kids</channel>
    <channel site="[ENC]guiadetv.com_0" site_id="cartoon-network" xmltv_id="Cartoon Network">Cartoon Network</channel>
    <channel site="[ENC]guiadetv.com_0" site_id="discovery-kids" xmltv_id="Discovery Kids">Discovery Kids</channel>
    <channel site="[ENC]guiadetv.com_0" site_id="disney" xmltv_id="Disney">Disney</channel>
    <channel site="[ENC]guiadetv.com_0" site_id="nickelodeon" xmltv_id="Nickelodeon">Nickelodeon</channel>
    <channel site="[ENC]guiadetv.com_0" site_id="nick-jr-" xmltv_id="Nick Jr.">Nick Jr.</channel>
    <channel site="[ENC]guiadetv.com_0" site_id="tooncast" xmltv_id="Tooncast">Tooncast</channel>
    <channel site="[ENC]guiadetv.com_0" site_id="tv-ra-tim-bum" xmltv_id="TV Rá Tim Bum">TV Rá Tim Bum</channel>
    <channel site="[ENC]guiadetv.com_0" site_id="cartoonito" xmltv_id="Cartoonito">Cartoonito</channel>
    <channel site="[ENC]guiadetv.com_0" site_id="gloob" xmltv_id="Gloob">Gloob</channel>
    <channel site="[ENC]guiadetv.com_0" site_id="gloobinho" xmltv_id="Gloobinho">Gloobinho</channel>
    <channel site="[ENC]guiadetv.com_0" site_id="ae" xmltv_id="A&amp;E">A&amp;E</channel>
    <channel site="[ENC]guiadetv.com_0" site_id="amc" xmltv_id="AMC">AMC</channel>
    <channel site="[ENC]guiadetv.com_0" site_id="axn" xmltv_id="AXN">AXN</channel>
    <channel site="[ENC]guiadetv.com_0" site_id="cinecanal" xmltv_id="Cinecanal">Cinecanal</channel>
    <channel site="[ENC]guiadetv.com_0" site_id="cinemax" xmltv_id="Cinemax">Cinemax</channel>
    <channel site="[ENC]guiadetv.com_0" site_id="film-arts" xmltv_id="Film &amp; Arts">Film &amp; Arts</channel>
    <channel site="[ENC]guiadetv.com_0" site_id="fx" xmltv_id="FX">FX</channel>
    <channel site="[ENC]guiadetv.com_0" site_id="hbo-2" xmltv_id="HBO 2">HBO 2</channel>
    <channel site="[ENC]guiadetv.com_0" site_id="hbo-family" xmltv_id="HBO Family">HBO Family</channel>
    <channel site="[ENC]guiadetv.com_0" site_id="hbo" xmltv_id="HBO">HBO</channel>
    <channel site="[ENC]guiadetv.com_0" site_id="hbo-mundi" xmltv_id="HBO Mundi">HBO Mundi</channel>
    <channel site="[ENC]guiadetv.com_0" site_id="hbo-plus" xmltv_id="HBO Plus">HBO Plus</channel>
    <channel site="[ENC]guiadetv.com_0" site_id="hbo-pop" xmltv_id="HBO Pop">HBO Pop</channel>
    <channel site="[ENC]guiadetv.com_0" site_id="hbo-signature" xmltv_id="HBO Signature">HBO Signature</channel>
    <channel site="[ENC]guiadetv.com_0" site_id="hbo-xtreme" xmltv_id="HBO Xtreme">HBO Xtreme</channel>
    <channel site="[ENC]guiadetv.com_0" site_id="paramount-network" xmltv_id="Paramount Network">Paramount Network</channel>
    <channel site="[ENC]guiadetv.com_0" site_id="prime-box-brazil" xmltv_id="Prime Box Brazil">Prime Box Brazil</channel>
    <channel site="[ENC]guiadetv.com_0" site_id="sony" xmltv_id="Sony">Sony</channel>
    <channel site="[ENC]guiadetv.com_0" site_id="space" xmltv_id="Space">Space</channel>
    <channel site="[ENC]guiadetv.com_0" site_id="star-channel" xmltv_id="STAR Channel">STAR Channel</channel>
    <channel site="[ENC]guiadetv.com_0" site_id="tcm" xmltv_id="TCM">TCM</channel>
    <channel site="[ENC]guiadetv.com_0" site_id="telecine-action" xmltv_id="Telecine Action">Telecine Action</channel>
    <channel site="[ENC]guiadetv.com_0" site_id="telecine-cult" xmltv_id="Telecine Cult">Telecine Cult</channel>
    <channel site="[ENC]guiadetv.com_0" site_id="telecine-fun" xmltv_id="Telecine Fun">Telecine Fun</channel>
    <channel site="[ENC]guiadetv.com_0" site_id="telecine-premium" xmltv_id="Telecine Premium">Telecine Premium</channel>
    <channel site="[ENC]guiadetv.com_0" site_id="telecine-pipoca" xmltv_id="Telecine Pipoca">Telecine Pipoca</channel>
    <channel site="[ENC]guiadetv.com_0" site_id="telecine-touch" xmltv_id="Telecine Touch">Telecine Touch</channel>
    <channel site="[ENC]guiadetv.com_0" site_id="tnt" xmltv_id="TNT">TNT</channel>
    <channel site="[ENC]guiadetv.com_0" site_id="tnt-series" xmltv_id="TNT Séries">TNT Séries</channel>
    <channel site="[ENC]guiadetv.com_0" site_id="warner" xmltv_id="Warner">Warner</channel>
    <channel site="[ENC]guiadetv.com_0" site_id="syfy" xmltv_id="Syfy">Syfy</channel>
    <channel site="[ENC]guiadetv.com_0" site_id="megapix" xmltv_id="Megapix">Megapix</channel>
    <channel site="[ENC]guiadetv.com_0" site_id="sony-movies" xmltv_id="SONY Movies">SONY Movies</channel>
    <channel site="[ENC]guiadetv.com_0" site_id="studio-universal" xmltv_id="Studio Universal">Studio Universal</channel>
    <channel site="[ENC]guiadetv.com_0" site_id="universal-tv" xmltv_id="Universal TV">Universal TV</channel>
    <channel site="[ENC]guiadetv.com_0" site_id="bandsports" xmltv_id="Bandsports">Bandsports</channel>
    <channel site="[ENC]guiadetv.com_0" site_id="espn" xmltv_id="ESPN">ESPN</channel>
    <channel site="[ENC]guiadetv.com_0" site_id="espn-2" xmltv_id="ESPN 2">ESPN 2</channel>
    <channel site="[ENC]guiadetv.com_0" site_id="espn-3" xmltv_id="ESPN 3">ESPN 3</channel>
    <channel site="[ENC]guiadetv.com_0" site_id="espn-4" xmltv_id="ESPN 4">ESPN 4</channel>
    <channel site="[ENC]guiadetv.com_0" site_id="espn-6" xmltv_id="ESPN 6">ESPN 6</channel>
    <channel site="[ENC]guiadetv.com_0" site_id="espn-5" xmltv_id="ESPN 5">ESPN 5</channel>
    <channel site="[ENC]guiadetv.com_0" site_id="sportv-3" xmltv_id="SporTV 3">SporTV 3</channel>
    <channel site="[ENC]guiadetv.com_0" site_id="sportv-2" xmltv_id="SporTV 2">SporTV 2</channel>
    <channel site="[ENC]guiadetv.com_0" site_id="sportv" xmltv_id="SporTV">SporTV</channel>
    <channel site="[ENC]guiadetv.com_0" site_id="off" xmltv_id="Off">Off</channel>
    <channel site="[ENC]guiadetv.com_0" site_id="premiere-fc" xmltv_id="Premiere FC">Premiere FC</channel>
    <channel site="[ENC]guiadetv.com_0" site_id="premiere-2" xmltv_id="Premiere 2">Premiere 2</channel>
    <channel site="[ENC]guiadetv.com_0" site_id="premiere-3" xmltv_id="Premiere 3">Premiere 3</channel>
    <channel site="[ENC]guiadetv.com_0" site_id="premiere-4" xmltv_id="Premiere 4">Premiere 4</channel>
    <channel site="[ENC]guiadetv.com_0" site_id="premiere-5" xmltv_id="Premiere 5">Premiere 5</channel>
    <channel site="[ENC]guiadetv.com_0" site_id="premiere-6" xmltv_id="Premiere 6">Premiere 6</channel>
    <channel site="[ENC]guiadetv.com_0" site_id="premiere-7" xmltv_id="Premiere 7">Premiere 7</channel>
    <channel site="[ENC]guiadetv.com_0" site_id="combate" xmltv_id="Combate">Combate</channel>
    <channel site="[ENC]guiadetv.com_0" site_id="animal-planet" xmltv_id="Animal Planet">Animal Planet</channel>
    <channel site="[ENC]guiadetv.com_0" site_id="discovery-channel" xmltv_id="Discovery Channel">Discovery Channel</channel>
    <channel site="[ENC]guiadetv.com_0" site_id="history-2" xmltv_id="History 2">History 2</channel>
    <channel site="[ENC]guiadetv.com_0" site_id="history" xmltv_id="History">History</channel>
    <channel site="[ENC]guiadetv.com_0" site_id="nat-geo" xmltv_id="NAT GEO">NAT GEO</channel>
  </channels>
</site>