<?xml version="1.0" encoding="UTF-8"?>
<site generator-info-name="Tempest EPG Generator (made by Kvanc)" generator-info-url="https://github.com/K-vanc/Tempest-EPG-Generator.git" site="[ENC][EX]oiplay.tv_0">
  <channels>
    <channel site="[ENC][EX]oiplay.tv_0" site_id="41309" xmltv_id="Band">Band</channel>
    <channel site="[ENC][EX]oiplay.tv_0" site_id="38709" xmltv_id="Record News">Record News</channel>
    <channel site="[ENC][EX]oiplay.tv_0" site_id="76216" xmltv_id="TV Cultura">TV Cultura</channel>
    <channel site="[ENC][EX]oiplay.tv_0" site_id="20386" xmltv_id="Futura">Futura</channel>
    <channel site="[ENC][EX]oiplay.tv_0" site_id="77795" xmltv_id="A&amp;E HD">A&amp;E HD</channel>
    <channel site="[ENC][EX]oiplay.tv_0" site_id="115356" xmltv_id="Agromais HD">Agromais HD</channel>
    <channel site="[ENC][EX]oiplay.tv_0" site_id="18651" xmltv_id="Animal Planet">Animal Planet</channel>
    <channel site="[ENC][EX]oiplay.tv_0" site_id="79689" xmltv_id="Arte 1">Arte 1</channel>
    <channel site="[ENC][EX]oiplay.tv_0" site_id="75580" xmltv_id="AXN HD">AXN HD</channel>
    <channel site="[ENC][EX]oiplay.tv_0" site_id="54679" xmltv_id="BandNews">BandNews</channel>
    <channel site="[ENC][EX]oiplay.tv_0" site_id="94563" xmltv_id="BandSports HD">BandSports HD</channel>
    <channel site="[ENC][EX]oiplay.tv_0" site_id="94122" xmltv_id="BIS HD">BIS HD</channel>
    <channel site="[ENC][EX]oiplay.tv_0" site_id="75582" xmltv_id="Canal Brasil">Canal Brasil</channel>
    <channel site="[ENC][EX]oiplay.tv_0" site_id="16142" xmltv_id="Cartoon Network">Cartoon Network</channel>
    <channel site="[ENC][EX]oiplay.tv_0" site_id="54594" xmltv_id="Cartoonito">Cartoonito</channel>
    <channel site="[ENC][EX]oiplay.tv_0" site_id="77914" xmltv_id="CineBrasil TV">CineBrasil TV</channel>
    <channel site="[ENC][EX]oiplay.tv_0" site_id="75583" xmltv_id="Cinemax HD">Cinemax HD</channel>
    <channel site="[ENC][EX]oiplay.tv_0" site_id="114159" xmltv_id="CNN Brasil">CNN Brasil</channel>
    <channel site="[ENC][EX]oiplay.tv_0" site_id="75832" xmltv_id="Comedy Central">Comedy Central</channel>
    <channel site="[ENC][EX]oiplay.tv_0" site_id="79639" xmltv_id="Curta!">Curta!</channel>
    <channel site="[ENC][EX]oiplay.tv_0" site_id="79018" xmltv_id="Discovery Channel HD">Discovery Channel HD</channel>
    <channel site="[ENC][EX]oiplay.tv_0" site_id="83208" xmltv_id="Discovery Home &amp; Health HD">Discovery Home &amp; Health HD</channel>
    <channel site="[ENC][EX]oiplay.tv_0" site_id="16269" xmltv_id="Investigação Discovery">Investigação Discovery</channel>
    <channel site="[ENC][EX]oiplay.tv_0" site_id="18650" xmltv_id="Discovery Kids">Discovery Kids</channel>
    <channel site="[ENC][EX]oiplay.tv_0" site_id="56075" xmltv_id="Discovery Science">Discovery Science</channel>
    <channel site="[ENC][EX]oiplay.tv_0" site_id="75835" xmltv_id="Discovery Theater HD">Discovery Theater HD</channel>
    <channel site="[ENC][EX]oiplay.tv_0" site_id="56076" xmltv_id="Discovery Turbo">Discovery Turbo</channel>
    <channel site="[ENC][EX]oiplay.tv_0" site_id="75605" xmltv_id="Discovery World HD">Discovery World HD</channel>
    <channel site="[ENC][EX]oiplay.tv_0" site_id="75584" xmltv_id="Disney Channel HD">Disney Channel HD</channel>
    <channel site="[ENC][EX]oiplay.tv_0" site_id="16238" xmltv_id="E!">E!</channel>
    <channel site="[ENC][EX]oiplay.tv_0" site_id="77747" xmltv_id="ESPN HD">ESPN HD</channel>
    <channel site="[ENC][EX]oiplay.tv_0" site_id="99096" xmltv_id="ESPN 2 HD">ESPN 2 HD</channel>
    <channel site="[ENC][EX]oiplay.tv_0" site_id="75585" xmltv_id="ESPN 3 HD">ESPN 3 HD</channel>
    <channel site="[ENC][EX]oiplay.tv_0" site_id="76100" xmltv_id="ESPN 4 HD">ESPN 4 HD</channel>
    <channel site="[ENC][EX]oiplay.tv_0" site_id="109973" xmltv_id="ESPN Extra HD">ESPN Extra HD</channel>
    <channel site="[ENC][EX]oiplay.tv_0" site_id="86787" xmltv_id="Fox Sports 2 HD Brazil">Fox Sports 2 HD Brazil</channel>
    <channel site="[ENC][EX]oiplay.tv_0" site_id="98036" xmltv_id="Fashion TV Brazil">Fashion TV Brazil</channel>
    <channel site="[ENC][EX]oiplay.tv_0" site_id="110390" xmltv_id="Fish TV HD">Fish TV HD</channel>
    <channel site="[ENC][EX]oiplay.tv_0" site_id="90905" xmltv_id="Food Network HD">Food Network HD</channel>
    <channel site="[ENC][EX]oiplay.tv_0" site_id="98922" xmltv_id="FX HD">FX HD</channel>
    <channel site="[ENC][EX]oiplay.tv_0" site_id="76937" xmltv_id="Globo Rio">Globo Rio</channel>
    <channel site="[ENC][EX]oiplay.tv_0" site_id="95744" xmltv_id="Globo News HD">Globo News HD</channel>
    <channel site="[ENC][EX]oiplay.tv_0" site_id="78083" xmltv_id="Gloob HD">Gloob HD</channel>
    <channel site="[ENC][EX]oiplay.tv_0" site_id="105759" xmltv_id="Gloobinho">Gloobinho</channel>
    <channel site="[ENC][EX]oiplay.tv_0" site_id="79019" xmltv_id="GNT HD">GNT HD</channel>
    <channel site="[ENC][EX]oiplay.tv_0" site_id="90307" xmltv_id="History 2">History 2</channel>
    <channel site="[ENC][EX]oiplay.tv_0" site_id="75589" xmltv_id="History HD">History HD</channel>
    <channel site="[ENC][EX]oiplay.tv_0" site_id="111477" xmltv_id="HGTV HD">HGTV HD</channel>
    <channel site="[ENC][EX]oiplay.tv_0" site_id="76101" xmltv_id="HBO HD">HBO HD</channel>
    <channel site="[ENC][EX]oiplay.tv_0" site_id="108865" xmltv_id="Ideal TV">Ideal TV</channel>
    <channel site="[ENC][EX]oiplay.tv_0" site_id="121547" xmltv_id="Jovem Pan News">Jovem Pan News</channel>
    <channel site="[ENC][EX]oiplay.tv_0" site_id="89295" xmltv_id="Lifetime Brazil">Lifetime Brazil</channel>
    <channel site="[ENC][EX]oiplay.tv_0" site_id="78130" xmltv_id="Megapix HD">Megapix HD</channel>
    <channel site="[ENC][EX]oiplay.tv_0" site_id="74979" xmltv_id="Modo Viagem">Modo Viagem</channel>
    <channel site="[ENC][EX]oiplay.tv_0" site_id="15416" xmltv_id="MTV Brasil">MTV Brasil</channel>
    <channel site="[ENC][EX]oiplay.tv_0" site_id="113444" xmltv_id="MTV Live HD">MTV Live HD</channel>
    <channel site="[ENC][EX]oiplay.tv_0" site_id="78181" xmltv_id="Multishow HD">Multishow HD</channel>
    <channel site="[ENC][EX]oiplay.tv_0" site_id="94895" xmltv_id="Music Box Brasil">Music Box Brasil</channel>
    <channel site="[ENC][EX]oiplay.tv_0" site_id="95745" xmltv_id="National Geographic HD">National Geographic HD</channel>
    <channel site="[ENC][EX]oiplay.tv_0" site_id="75919" xmltv_id="Nickelodeon HD">Nickelodeon HD</channel>
    <channel site="[ENC][EX]oiplay.tv_0" site_id="78242" xmltv_id="Nick Jr.">Nick Jr.</channel>
    <channel site="[ENC][EX]oiplay.tv_0" site_id="75918" xmltv_id="Off">Off</channel>
    <channel site="[ENC][EX]oiplay.tv_0" site_id="90944" xmltv_id="Paramount Network">Paramount Network</channel>
    <channel site="[ENC][EX]oiplay.tv_0" site_id="78279" xmltv_id="Prime Box Brazil">Prime Box Brazil</channel>
    <channel site="[ENC][EX]oiplay.tv_0" site_id="41479" xmltv_id="Record TV">Record TV</channel>
    <channel site="[ENC][EX]oiplay.tv_0" site_id="104276" xmltv_id="Rede Gênesis HD">Rede Gênesis HD</channel>
    <channel site="[ENC][EX]oiplay.tv_0" site_id="18122" xmltv_id="RedeTV!">RedeTV!</channel>
    <channel site="[ENC][EX]oiplay.tv_0" site_id="121625" xmltv_id="Sabor &amp; Arte">Sabor &amp; Arte</channel>
    <channel site="[ENC][EX]oiplay.tv_0" site_id="16529" xmltv_id="SBT">SBT</channel>
    <channel site="[ENC][EX]oiplay.tv_0" site_id="75596" xmltv_id="Sony Channel HD">Sony Channel HD</channel>
    <channel site="[ENC][EX]oiplay.tv_0" site_id="75598" xmltv_id="Space HD">Space HD</channel>
    <channel site="[ENC][EX]oiplay.tv_0" site_id="110213" xmltv_id="SporTV HD">SporTV HD</channel>
    <channel site="[ENC][EX]oiplay.tv_0" site_id="110214" xmltv_id="SporTV2 HD">SporTV2 HD</channel>
    <channel site="[ENC][EX]oiplay.tv_0" site_id="110215" xmltv_id="SporTV3 HD">SporTV3 HD</channel>
    <channel site="[ENC][EX]oiplay.tv_0" site_id="75586" xmltv_id="Star Channel HD">Star Channel HD</channel>
    <channel site="[ENC][EX]oiplay.tv_0" site_id="55882" xmltv_id="Cinecanal">Cinecanal</channel>
    <channel site="[ENC][EX]oiplay.tv_0" site_id="16427" xmltv_id="Studio Universal">Studio Universal</channel>
    <channel site="[ENC][EX]oiplay.tv_0" site_id="75599" xmltv_id="Syfy">Syfy</channel>
    <channel site="[ENC][EX]oiplay.tv_0" site_id="83277" xmltv_id="TBS HD">TBS HD</channel>
    <channel site="[ENC][EX]oiplay.tv_0" site_id="73859" xmltv_id="TLC">TLC</channel>
    <channel site="[ENC][EX]oiplay.tv_0" site_id="75606" xmltv_id="TNT HD">TNT HD</channel>
    <channel site="[ENC][EX]oiplay.tv_0" site_id="97987" xmltv_id="TNT Séries">TNT Séries</channel>
    <channel site="[ENC][EX]oiplay.tv_0" site_id="113574" xmltv_id="Travel Box Brazil HD">Travel Box Brazil HD</channel>
    <channel site="[ENC][EX]oiplay.tv_0" site_id="75608" xmltv_id="truTV HD">truTV HD</channel>
    <channel site="[ENC][EX]oiplay.tv_0" site_id="56131" xmltv_id="TV Rá Tim Bum!">TV Rá Tim Bum!</channel>
    <channel site="[ENC][EX]oiplay.tv_0" site_id="94571" xmltv_id="Universal TV HD">Universal TV HD</channel>
    <channel site="[ENC][EX]oiplay.tv_0" site_id="76116" xmltv_id="Viva">Viva</channel>
    <channel site="[ENC][EX]oiplay.tv_0" site_id="75610" xmltv_id="Warner HD">Warner HD</channel>
    <channel site="[ENC][EX]oiplay.tv_0" site_id="77820" xmltv_id="WooHoo">WooHoo</channel>
  </channels>
</site>