<?xml version="1.0" encoding="UTF-8"?>
<site generator-info-name="Tempest EPG Generator (made by Kvanc)" generator-info-url="https://github.com/K-vanc/Tempest-EPG-Generator.git" site="brasil.teleup.com_0">
  <channels>
    <channel site="brasil.teleup.com_0" site_id="Band News||band-news.png" xmltv_id="Band News">Band News</channel>
    <channel site="brasil.teleup.com_0" site_id="Band Internacional||band-international.png" xmltv_id="Band Internacional">Band Internacional</channel>
    <channel site="brasil.teleup.com_0" site_id="Fashion TV||fashion-tv.png" xmltv_id="Fashion TV">Fashion TV</channel>
    <channel site="brasil.teleup.com_0" site_id="Fish TV||fishtv.png" xmltv_id="Fish TV">Fish TV</channel>
    <channel site="brasil.teleup.com_0" site_id="Music Box Brasil||music-box-brazil.png" xmltv_id="Music Box Brasil">Music Box Brasil</channel>
    <channel site="brasil.teleup.com_0" site_id="Prime Box Brasil||prime-box-brazil.png" xmltv_id="Prime Box Brasil">Prime Box Brasil</channel>
    <channel site="brasil.teleup.com_0" site_id="Travel Box Brasil||travel-box-brazil.png" xmltv_id="Travel Box Brasil">Travel Box Brasil</channel>
    <channel site="brasil.teleup.com_0" site_id="Rede TVC TV||rede-tvc-tv.png" xmltv_id="Rede TVC TV">Rede TVC TV</channel>
    <channel site="brasil.teleup.com_0" site_id="TV Senado||tv-senado.png" xmltv_id="TV Senado">TV Senado</channel>
    <channel site="brasil.teleup.com_0" site_id="7 WSVN||7-wsvn.png" xmltv_id="7 WSVN">7 WSVN</channel>
    <channel site="brasil.teleup.com_0" site_id="CW||whmdkw.png" xmltv_id="CW">CW</channel>
    <channel site="brasil.teleup.com_0" site_id="MYTV Network||mytv-network.png" xmltv_id="MYTV Network">MYTV Network</channel>
    <channel site="brasil.teleup.com_0" site_id="NASA||owfzii.png" xmltv_id="NASA">NASA</channel>
    <channel site="brasil.teleup.com_0" site_id="PBS||pbs.png" xmltv_id="PBS">PBS</channel>
    <channel site="brasil.teleup.com_0" site_id="KTLA Los Angeles||jgqqro.png" xmltv_id="KTLA Los Angeles">KTLA Los Angeles</channel>
    <channel site="brasil.teleup.com_0" site_id="GSN||mpjthj.png" xmltv_id="GSN">GSN</channel>
    <channel site="brasil.teleup.com_0" site_id="WGN Chicago HD||aopwej.png" xmltv_id="WGN Chicago HD">WGN Chicago HD</channel>
    <channel site="brasil.teleup.com_0" site_id="WPIX New York HD||wpix-new-york-hd.png" xmltv_id="WPIX New York HD">WPIX New York HD</channel>
    <channel site="brasil.teleup.com_0" site_id="MAV TV||mav-tv.png" xmltv_id="MAV TV">MAV TV</channel>
    <channel site="brasil.teleup.com_0" site_id="The Weather Channel||lurlem.png" xmltv_id="The Weather Channel">The Weather Channel</channel>
    <channel site="brasil.teleup.com_0" site_id="Sony movies||sony-movies.png" xmltv_id="Sony movies">Sony movies</channel>
    <channel site="brasil.teleup.com_0" site_id="Revolt||revolt.png" xmltv_id="Revolt">Revolt</channel>
    <channel site="brasil.teleup.com_0" site_id="Ovation TV||umkfbm.png" xmltv_id="Ovation TV">Ovation TV</channel>
    <channel site="brasil.teleup.com_0" site_id="getTV||onpdst.png" xmltv_id="getTV">getTV</channel>
    <channel site="brasil.teleup.com_0" site_id="CineSony||tqhbdr.png" xmltv_id="CineSony">CineSony</channel>
    <channel site="brasil.teleup.com_0" site_id="axs tv||tckvjq.png" xmltv_id="axs tv">axs tv</channel>
    <channel site="brasil.teleup.com_0" site_id="CARS.TV||mjrctv.png" xmltv_id="CARS.TV">CARS.TV</channel>
    <channel site="brasil.teleup.com_0" site_id="Comedy.tv||vxejpt.png" xmltv_id="Comedy.tv">Comedy.tv</channel>
    <channel site="brasil.teleup.com_0" site_id="ES.TV||bonjmr.png" xmltv_id="ES.TV">ES.TV</channel>
    <channel site="brasil.teleup.com_0" site_id="HDNET MOVIES||yuwrzt.png" xmltv_id="HDNET MOVIES">HDNET MOVIES</channel>
    <channel site="brasil.teleup.com_0" site_id="JUSTICE CENTRAL||aevwrb.png" xmltv_id="JUSTICE CENTRAL">JUSTICE CENTRAL</channel>
    <channel site="brasil.teleup.com_0" site_id="MY DESTINATION.TV||my-destination-tv.png" xmltv_id="MY DESTINATION.TV">MY DESTINATION.TV</channel>
    <channel site="brasil.teleup.com_0" site_id="RECIPE.TV||kniprj.png" xmltv_id="RECIPE.TV">RECIPE.TV</channel>
    <channel site="brasil.teleup.com_0" site_id="PETSTV||iekwwt.png" xmltv_id="PETSTV">PETSTV</channel>
  </channels>
</site>