<?xml version="1.0" encoding="UTF-8"?>
<site generator-info-name="Tempest EPG Generator (made by Kvanc)" generator-info-url="https://github.com/K-vanc/Tempest-EPG-Generator.git" site="[ENC]bein.net_0">
  <channels>
    <channel site="[ENC]bein.net_0" site_id="54520||301852.png" xmltv_id="beIN SPORTS">beIN SPORTS</channel>
    <channel site="[ENC]bein.net_0" site_id="54524||301836.png" xmltv_id="beIN SPORTS en Español">beIN SPORTS en Español</channel>
    <channel site="[ENC]bein.net_0" site_id="54521||148959.png" xmltv_id="CONNECT 3">CONNECT 3</channel>
    <channel site="[ENC]bein.net_0" site_id="54523||366840.png" xmltv_id="CONNECT 4">CONNECT 4</channel>
    <channel site="[ENC]bein.net_0" site_id="54518||301844.png" xmltv_id="CONNECT 5">CONNECT 5</channel>
    <channel site="[ENC]bein.net_0" site_id="54517||301846.png" xmltv_id="CONNECT 6">CONNECT 6</channel>
    <channel site="[ENC]bein.net_0" site_id="54522||301848.png" xmltv_id="CONNECT 7">CONNECT 7</channel>
    <channel site="[ENC]bein.net_0" site_id="54519||301850.png" xmltv_id="CONNECT 8">CONNECT 8</channel>
  </channels>
</site>