<?xml version="1.0" encoding="UTF-8"?>
<site generator-info-name="Tempest EPG Generator (made by Kvanc)" generator-info-url="https://github.com/K-vanc/Tempest-EPG-Generator.git" site="[ENC][EX]gotvafrica.com_0">
  <channels>
    <channel site="[ENC][EX]gotvafrica.com_0" site_id="gh|##|ADW" xmltv_id="[Ghana] Adom TV">[Ghana] Adom TV</channel>
    <channel site="[ENC][EX]gotvafrica.com_0" site_id="gh|##|A2W" xmltv_id="[Ghana] Africa Magic Epic">[Ghana] Africa Magic Epic</channel>
    <channel site="[ENC][EX]gotvafrica.com_0" site_id="gh|##|AMW" xmltv_id="[Ghana] Africa Magic Family">[Ghana] Africa Magic Family</channel>
    <channel site="[ENC][EX]gotvafrica.com_0" site_id="gh|##|HS7" xmltv_id="[Ghana] Africa Magic Hausa">[Ghana] Africa Magic Hausa</channel>
    <channel site="[ENC][EX]gotvafrica.com_0" site_id="gh|##|AM7" xmltv_id="[Ghana] Africa Magic Urban Movies">[Ghana] Africa Magic Urban Movies</channel>
    <channel site="[ENC][EX]gotvafrica.com_0" site_id="gh|##|NAW" xmltv_id="[Ghana] Africanews">[Ghana] Africanews</channel>
    <channel site="[ENC][EX]gotvafrica.com_0" site_id="gh|##|AFE" xmltv_id="[Ghana] AFRO Music English">[Ghana] AFRO Music English</channel>
    <channel site="[ENC][EX]gotvafrica.com_0" site_id="gh|##|AKH" xmltv_id="[Ghana] Akwaaba Magic">[Ghana] Akwaaba Magic</channel>
    <channel site="[ENC][EX]gotvafrica.com_0" site_id="gh|##|ALW" xmltv_id="[Ghana] Al Jazeera">[Ghana] Al Jazeera</channel>
    <channel site="[ENC][EX]gotvafrica.com_0" site_id="gh|##|B4U" xmltv_id="[Ghana] B4U Movies">[Ghana] B4U Movies</channel>
    <channel site="[ENC][EX]gotvafrica.com_0" site_id="gh|##|BW4" xmltv_id="[Ghana] BBC World News">[Ghana] BBC World News</channel>
    <channel site="[ENC][EX]gotvafrica.com_0" site_id="gh|##|BTT" xmltv_id="[Ghana] BET">[Ghana] BET</channel>
    <channel site="[ENC][EX]gotvafrica.com_0" site_id="gh|##|BOW" xmltv_id="[Ghana] Boomerang">[Ghana] Boomerang</channel>
    <channel site="[ENC][EX]gotvafrica.com_0" site_id="gh|##|CAR" xmltv_id="[Ghana] Cartoon Network">[Ghana] Cartoon Network</channel>
    <channel site="[ENC][EX]gotvafrica.com_0" site_id="gh|##|RT4" xmltv_id="[Ghana] CBS Reality">[Ghana] CBS Reality</channel>
    <channel site="[ENC][EX]gotvafrica.com_0" site_id="gh|##|CI7" xmltv_id="[Ghana] Citi TV">[Ghana] Citi TV</channel>
    <channel site="[ENC][EX]gotvafrica.com_0" site_id="gh|##|CN4" xmltv_id="[Ghana] CNN International">[Ghana] CNN International</channel>
    <channel site="[ENC][EX]gotvafrica.com_0" site_id="gh|##|DV7" xmltv_id="[Ghana] Da Vinci Kids">[Ghana] Da Vinci Kids</channel>
    <channel site="[ENC][EX]gotvafrica.com_0" site_id="gh|##|DWW" xmltv_id="[Ghana] Discovery Family">[Ghana] Discovery Family</channel>
    <channel site="[ENC][EX]gotvafrica.com_0" site_id="gh|##|DI7" xmltv_id="[Ghana] Discovery ID">[Ghana] Discovery ID</channel>
    <channel site="[ENC][EX]gotvafrica.com_0" site_id="gh|##|DJW" xmltv_id="[Ghana] Disney Junior">[Ghana] Disney Junior</channel>
    <channel site="[ENC][EX]gotvafrica.com_0" site_id="gh|##|DOW" xmltv_id="[Ghana] Dominion TV">[Ghana] Dominion TV</channel>
    <channel site="[ENC][EX]gotvafrica.com_0" site_id="gh|##|EEW" xmltv_id="[Ghana] E! Entertainment">[Ghana] E! Entertainment</channel>
    <channel site="[ENC][EX]gotvafrica.com_0" site_id="gh|##|EM7" xmltv_id="[Ghana] Emmanuel TV">[Ghana] Emmanuel TV</channel>
    <channel site="[ENC][EX]gotvafrica.com_0" site_id="gh|##|E1W" xmltv_id="[Ghana] ESPN">[Ghana] ESPN</channel>
    <channel site="[ENC][EX]gotvafrica.com_0" site_id="gh|##|ET4" xmltv_id="[Ghana] eTV Africa">[Ghana] eTV Africa</channel>
    <channel site="[ENC][EX]gotvafrica.com_0" site_id="gh|##|EGT" xmltv_id="[Ghana] eTV Ghana">[Ghana] eTV Ghana</channel>
    <channel site="[ENC][EX]gotvafrica.com_0" site_id="gh|##|TBN" xmltv_id="[Ghana] FAITH">[Ghana] FAITH</channel>
    <channel site="[ENC][EX]gotvafrica.com_0" site_id="gh|##|GH1" xmltv_id="[Ghana] GHOne TV">[Ghana] GHOne TV</channel>
    <channel site="[ENC][EX]gotvafrica.com_0" site_id="gh|##|GTW" xmltv_id="[Ghana] GTV">[Ghana] GTV</channel>
    <channel site="[ENC][EX]gotvafrica.com_0" site_id="gh|##|HYH" xmltv_id="[Ghana] Honey Channel">[Ghana] Honey Channel</channel>
    <channel site="[ENC][EX]gotvafrica.com_0" site_id="gh|##|ISW" xmltv_id="[Ghana] ISLAM CHANNEL">[Ghana] ISLAM CHANNEL</channel>
    <channel site="[ENC][EX]gotvafrica.com_0" site_id="gh|##|JJ7" xmltv_id="[Ghana] Jim Jam">[Ghana] Jim Jam</channel>
    <channel site="[ENC][EX]gotvafrica.com_0" site_id="gh|##|JNW" xmltv_id="[Ghana] Joy News">[Ghana] Joy News</channel>
    <channel site="[ENC][EX]gotvafrica.com_0" site_id="gh|##|JPW" xmltv_id="[Ghana] Joy Prime">[Ghana] Joy Prime</channel>
    <channel site="[ENC][EX]gotvafrica.com_0" site_id="gh|##|KDH" xmltv_id="[Ghana] KIX Channel">[Ghana] KIX Channel</channel>
    <channel site="[ENC][EX]gotvafrica.com_0" site_id="gh|##|FAS" xmltv_id="[Ghana] METRO (GHANIAN FTA)">[Ghana] METRO (GHANIAN FTA)</channel>
    <channel site="[ENC][EX]gotvafrica.com_0" site_id="gh|##|MGT" xmltv_id="[Ghana] M-Net Movies 4">[Ghana] M-Net Movies 4</channel>
    <channel site="[ENC][EX]gotvafrica.com_0" site_id="gh|##|MTW" xmltv_id="[Ghana] MTV Base">[Ghana] MTV Base</channel>
    <channel site="[ENC][EX]gotvafrica.com_0" site_id="gh|##|NWW" xmltv_id="[Ghana] NatGeo Wild">[Ghana] NatGeo Wild</channel>
    <channel site="[ENC][EX]gotvafrica.com_0" site_id="gh|##|NG4" xmltv_id="[Ghana] National Geographic Channel">[Ghana] National Geographic Channel</channel>
    <channel site="[ENC][EX]gotvafrica.com_0" site_id="gh|##|NIW" xmltv_id="[Ghana] Nickelodeon">[Ghana] Nickelodeon</channel>
    <channel site="[ENC][EX]gotvafrica.com_0" site_id="gh|##|NOW" xmltv_id="[Ghana] Novela Magic">[Ghana] Novela Magic</channel>
    <channel site="[ENC][EX]gotvafrica.com_0" site_id="gh|##|PB7" xmltv_id="[Ghana] PBS Kids">[Ghana] PBS Kids</channel>
    <channel site="[ENC][EX]gotvafrica.com_0" site_id="gh|##|RTW" xmltv_id="[Ghana] Real Time">[Ghana] Real Time</channel>
    <channel site="[ENC][EX]gotvafrica.com_0" site_id="gh|##|ROW" xmltv_id="[Ghana] ROK">[Ghana] ROK</channel>
    <channel site="[ENC][EX]gotvafrica.com_0" site_id="gh|##|ROS" xmltv_id="[Ghana] ROK 2">[Ghana] ROK 2</channel>
    <channel site="[ENC][EX]gotvafrica.com_0" site_id="gh|##|ROW" xmltv_id="[Ghana] ROK GH">[Ghana] ROK GH</channel>
    <channel site="[ENC][EX]gotvafrica.com_0" site_id="gh|##|HBW" xmltv_id="[Ghana] SS Blitz Africa">[Ghana] SS Blitz Africa</channel>
    <channel site="[ENC][EX]gotvafrica.com_0" site_id="gh|##|BTD" xmltv_id="[Ghana] SS Football Africa">[Ghana] SS Football Africa</channel>
    <channel site="[ENC][EX]gotvafrica.com_0" site_id="gh|##|LGD" xmltv_id="[Ghana] SS LaLiga Africa">[Ghana] SS LaLiga Africa</channel>
    <channel site="[ENC][EX]gotvafrica.com_0" site_id="gh|##|PG1" xmltv_id="[Ghana] SS Select 1">[Ghana] SS Select 1</channel>
    <channel site="[ENC][EX]gotvafrica.com_0" site_id="gh|##|PG2" xmltv_id="[Ghana] SS Select 2">[Ghana] SS Select 2</channel>
    <channel site="[ENC][EX]gotvafrica.com_0" site_id="gh|##|SI7" xmltv_id="[Ghana] Star Life">[Ghana] Star Life</channel>
    <channel site="[ENC][EX]gotvafrica.com_0" site_id="gh|##|TE7" xmltv_id="[Ghana] TeleMundo">[Ghana] TeleMundo</channel>
    <channel site="[ENC][EX]gotvafrica.com_0" site_id="gh|##|TM7" xmltv_id="[Ghana] TLNovelas">[Ghana] TLNovelas</channel>
    <channel site="[ENC][EX]gotvafrica.com_0" site_id="gh|##|TC4" xmltv_id="[Ghana] TNT Africa">[Ghana] TNT Africa</channel>
    <channel site="[ENC][EX]gotvafrica.com_0" site_id="gh|##|TGW" xmltv_id="[Ghana] Trace Jama">[Ghana] Trace Jama</channel>
    <channel site="[ENC][EX]gotvafrica.com_0" site_id="gh|##|TAW" xmltv_id="[Ghana] TV Africa">[Ghana] TV Africa</channel>
    <channel site="[ENC][EX]gotvafrica.com_0" site_id="gh|##|TV7" xmltv_id="[Ghana] TV3">[Ghana] TV3</channel>
    <channel site="[ENC][EX]gotvafrica.com_0" site_id="gh|##|UTW" xmltv_id="[Ghana] UTV">[Ghana] UTV</channel>
    <channel site="[ENC][EX]gotvafrica.com_0" site_id="gh|##|WWE" xmltv_id="[Ghana] WWE SuperSlam">[Ghana] WWE SuperSlam</channel>
    <channel site="[ENC][EX]gotvafrica.com_0" site_id="gh|##|ZW7" xmltv_id="[Ghana] Zee World">[Ghana] Zee World</channel>
    <channel site="[ENC][EX]gotvafrica.com_0" site_id="na|##|A2W" xmltv_id="[Namibia] Africa Magic Epic">[Namibia] Africa Magic Epic</channel>
    <channel site="[ENC][EX]gotvafrica.com_0" site_id="na|##|AMW" xmltv_id="[Namibia] Africa Magic Family">[Namibia] Africa Magic Family</channel>
    <channel site="[ENC][EX]gotvafrica.com_0" site_id="na|##|AMM" xmltv_id="[Namibia] Africa Magic Urban Movies">[Namibia] Africa Magic Urban Movies</channel>
    <channel site="[ENC][EX]gotvafrica.com_0" site_id="na|##|NAW" xmltv_id="[Namibia] Africanews">[Namibia] Africanews</channel>
    <channel site="[ENC][EX]gotvafrica.com_0" site_id="na|##|AFE" xmltv_id="[Namibia] AFRO Music English">[Namibia] AFRO Music English</channel>
    <channel site="[ENC][EX]gotvafrica.com_0" site_id="na|##|ALW" xmltv_id="[Namibia] Al Jazeera">[Namibia] Al Jazeera</channel>
    <channel site="[ENC][EX]gotvafrica.com_0" site_id="na|##|B4U" xmltv_id="[Namibia] B4U Movies">[Namibia] B4U Movies</channel>
    <channel site="[ENC][EX]gotvafrica.com_0" site_id="na|##|BW4" xmltv_id="[Namibia] BBC World News">[Namibia] BBC World News</channel>
    <channel site="[ENC][EX]gotvafrica.com_0" site_id="na|##|BTT" xmltv_id="[Namibia] BET">[Namibia] BET</channel>
    <channel site="[ENC][EX]gotvafrica.com_0" site_id="na|##|33B" xmltv_id="[Namibia] Boomerang">[Namibia] Boomerang</channel>
    <channel site="[ENC][EX]gotvafrica.com_0" site_id="na|##|CAR" xmltv_id="[Namibia] Cartoon Network">[Namibia] Cartoon Network</channel>
    <channel site="[ENC][EX]gotvafrica.com_0" site_id="na|##|RT4" xmltv_id="[Namibia] CBS Reality">[Namibia] CBS Reality</channel>
    <channel site="[ENC][EX]gotvafrica.com_0" site_id="na|##|CN4" xmltv_id="[Namibia] CNN International">[Namibia] CNN International</channel>
    <channel site="[ENC][EX]gotvafrica.com_0" site_id="na|##|DV7" xmltv_id="[Namibia] Da Vinci Kids">[Namibia] Da Vinci Kids</channel>
    <channel site="[ENC][EX]gotvafrica.com_0" site_id="na|##|DW7" xmltv_id="[Namibia] Deutsche Welle">[Namibia] Deutsche Welle</channel>
    <channel site="[ENC][EX]gotvafrica.com_0" site_id="na|##|DWW" xmltv_id="[Namibia] Discovery Family">[Namibia] Discovery Family</channel>
    <channel site="[ENC][EX]gotvafrica.com_0" site_id="na|##|DI7" xmltv_id="[Namibia] Discovery ID">[Namibia] Discovery ID</channel>
    <channel site="[ENC][EX]gotvafrica.com_0" site_id="na|##|DJW" xmltv_id="[Namibia] Disney Junior">[Namibia] Disney Junior</channel>
    <channel site="[ENC][EX]gotvafrica.com_0" site_id="na|##|EEW" xmltv_id="[Namibia] E! Entertainment">[Namibia] E! Entertainment</channel>
    <channel site="[ENC][EX]gotvafrica.com_0" site_id="na|##|EM7" xmltv_id="[Namibia] Emmanuel TV">[Namibia] Emmanuel TV</channel>
    <channel site="[ENC][EX]gotvafrica.com_0" site_id="na|##|HD2" xmltv_id="[Namibia] eNews Channel Africa">[Namibia] eNews Channel Africa</channel>
    <channel site="[ENC][EX]gotvafrica.com_0" site_id="na|##|E1W" xmltv_id="[Namibia] ESPN">[Namibia] ESPN</channel>
    <channel site="[ENC][EX]gotvafrica.com_0" site_id="na|##|ET4" xmltv_id="[Namibia] eTV Africa">[Namibia] eTV Africa</channel>
    <channel site="[ENC][EX]gotvafrica.com_0" site_id="na|##|TBN" xmltv_id="[Namibia] FAITH">[Namibia] FAITH</channel>
    <channel site="[ENC][EX]gotvafrica.com_0" site_id="na|##|S30" xmltv_id="[Namibia] Honey Channel">[Namibia] Honey Channel</channel>
    <channel site="[ENC][EX]gotvafrica.com_0" site_id="na|##|ISW" xmltv_id="[Namibia] ISLAM CHANNEL">[Namibia] ISLAM CHANNEL</channel>
    <channel site="[ENC][EX]gotvafrica.com_0" site_id="na|##|JJ7" xmltv_id="[Namibia] Jim Jam">[Namibia] Jim Jam</channel>
    <channel site="[ENC][EX]gotvafrica.com_0" site_id="na|##|ITH" xmltv_id="[Namibia] KIX Channel">[Namibia] KIX Channel</channel>
    <channel site="[ENC][EX]gotvafrica.com_0" site_id="na|##|KHD" xmltv_id="[Namibia] kykNET">[Namibia] kykNET</channel>
    <channel site="[ENC][EX]gotvafrica.com_0" site_id="na|##|KN2" xmltv_id="[Namibia] kykNet &amp; Kie">[Namibia] kykNet &amp; Kie</channel>
    <channel site="[ENC][EX]gotvafrica.com_0" site_id="na|##|MGT" xmltv_id="[Namibia] M-Net Movies 4">[Namibia] M-Net Movies 4</channel>
    <channel site="[ENC][EX]gotvafrica.com_0" site_id="na|##|MTW" xmltv_id="[Namibia] MTV Base">[Namibia] MTV Base</channel>
    <channel site="[ENC][EX]gotvafrica.com_0" site_id="na|##|MZH" xmltv_id="[Namibia] Mzansi Magic">[Namibia] Mzansi Magic</channel>
    <channel site="[ENC][EX]gotvafrica.com_0" site_id="na|##|MZW" xmltv_id="[Namibia] Mzansi Wethu">[Namibia] Mzansi Wethu</channel>
    <channel site="[ENC][EX]gotvafrica.com_0" site_id="na|##|SET" xmltv_id="[Namibia] Nambian Broadcast Corporation">[Namibia] Nambian Broadcast Corporation</channel>
    <channel site="[ENC][EX]gotvafrica.com_0" site_id="na|##|NWW" xmltv_id="[Namibia] NatGeo Wild">[Namibia] NatGeo Wild</channel>
    <channel site="[ENC][EX]gotvafrica.com_0" site_id="na|##|NA8" xmltv_id="[Namibia] National Geographic Channel">[Namibia] National Geographic Channel</channel>
    <channel site="[ENC][EX]gotvafrica.com_0" site_id="na|##|TS7" xmltv_id="[Namibia] NBC 2">[Namibia] NBC 2</channel>
    <channel site="[ENC][EX]gotvafrica.com_0" site_id="na|##|NIW" xmltv_id="[Namibia] Nickelodeon">[Namibia] Nickelodeon</channel>
    <channel site="[ENC][EX]gotvafrica.com_0" site_id="na|##|1AF" xmltv_id="[Namibia] One Africa TV">[Namibia] One Africa TV</channel>
    <channel site="[ENC][EX]gotvafrica.com_0" site_id="na|##|PB7" xmltv_id="[Namibia] PBS Kids">[Namibia] PBS Kids</channel>
    <channel site="[ENC][EX]gotvafrica.com_0" site_id="na|##|RTW" xmltv_id="[Namibia] Real Time">[Namibia] Real Time</channel>
    <channel site="[ENC][EX]gotvafrica.com_0" site_id="na|##|19K" xmltv_id="[Namibia] ROK">[Namibia] ROK</channel>
    <channel site="[ENC][EX]gotvafrica.com_0" site_id="na|##|ROS" xmltv_id="[Namibia] ROK 2">[Namibia] ROK 2</channel>
    <channel site="[ENC][EX]gotvafrica.com_0" site_id="na|##|SNW" xmltv_id="[Namibia] SABC News">[Namibia] SABC News</channel>
    <channel site="[ENC][EX]gotvafrica.com_0" site_id="na|##|HBW" xmltv_id="[Namibia] SS Blitz Africa">[Namibia] SS Blitz Africa</channel>
    <channel site="[ENC][EX]gotvafrica.com_0" site_id="na|##|BTD" xmltv_id="[Namibia] SS Football Africa">[Namibia] SS Football Africa</channel>
    <channel site="[ENC][EX]gotvafrica.com_0" site_id="na|##|LGD" xmltv_id="[Namibia] SS LaLiga Africa">[Namibia] SS LaLiga Africa</channel>
    <channel site="[ENC][EX]gotvafrica.com_0" site_id="na|##|PG1" xmltv_id="[Namibia] SS Select 1">[Namibia] SS Select 1</channel>
    <channel site="[ENC][EX]gotvafrica.com_0" site_id="na|##|PG2" xmltv_id="[Namibia] SS Select 2">[Namibia] SS Select 2</channel>
    <channel site="[ENC][EX]gotvafrica.com_0" site_id="na|##|SI7" xmltv_id="[Namibia] Star Life">[Namibia] Star Life</channel>
    <channel site="[ENC][EX]gotvafrica.com_0" site_id="na|##|TE7" xmltv_id="[Namibia] TeleMundo">[Namibia] TeleMundo</channel>
    <channel site="[ENC][EX]gotvafrica.com_0" site_id="na|##|FS1" xmltv_id="[Namibia] TLNovelas">[Namibia] TLNovelas</channel>
    <channel site="[ENC][EX]gotvafrica.com_0" site_id="na|##|TC4" xmltv_id="[Namibia] TNT Africa">[Namibia] TNT Africa</channel>
    <channel site="[ENC][EX]gotvafrica.com_0" site_id="na|##|HWW" xmltv_id="[Namibia] WWE SuperSlam">[Namibia] WWE SuperSlam</channel>
    <channel site="[ENC][EX]gotvafrica.com_0" site_id="na|##|HZB" xmltv_id="[Namibia] Zambezi Magic">[Namibia] Zambezi Magic</channel>
    <channel site="[ENC][EX]gotvafrica.com_0" site_id="na|##|ZW7" xmltv_id="[Namibia] Zee World">[Namibia] Zee World</channel>
    <channel site="[ENC][EX]gotvafrica.com_0" site_id="ke|##|A2W" xmltv_id="[Kenya] Africa Magic Epic">[Kenya] Africa Magic Epic</channel>
    <channel site="[ENC][EX]gotvafrica.com_0" site_id="ke|##|AMW" xmltv_id="[Kenya] Africa Magic Family">[Kenya] Africa Magic Family</channel>
    <channel site="[ENC][EX]gotvafrica.com_0" site_id="ke|##|AM7" xmltv_id="[Kenya] Africa Magic Urban Movies">[Kenya] Africa Magic Urban Movies</channel>
    <channel site="[ENC][EX]gotvafrica.com_0" site_id="ke|##|NAW" xmltv_id="[Kenya] Africanews">[Kenya] Africanews</channel>
    <channel site="[ENC][EX]gotvafrica.com_0" site_id="ke|##|AFE" xmltv_id="[Kenya] AFRO Music English">[Kenya] AFRO Music English</channel>
    <channel site="[ENC][EX]gotvafrica.com_0" site_id="ke|##|ALW" xmltv_id="[Kenya] Al Jazeera">[Kenya] Al Jazeera</channel>
    <channel site="[ENC][EX]gotvafrica.com_0" site_id="ke|##|B4U" xmltv_id="[Kenya] B4U Movies">[Kenya] B4U Movies</channel>
    <channel site="[ENC][EX]gotvafrica.com_0" site_id="ke|##|BW4" xmltv_id="[Kenya] BBC World News">[Kenya] BBC World News</channel>
    <channel site="[ENC][EX]gotvafrica.com_0" site_id="ke|##|BTT" xmltv_id="[Kenya] BET">[Kenya] BET</channel>
    <channel site="[ENC][EX]gotvafrica.com_0" site_id="ke|##|BOW" xmltv_id="[Kenya] Boomerang">[Kenya] Boomerang</channel>
    <channel site="[ENC][EX]gotvafrica.com_0" site_id="ke|##|CAR" xmltv_id="[Kenya] Cartoon Network">[Kenya] Cartoon Network</channel>
    <channel site="[ENC][EX]gotvafrica.com_0" site_id="ke|##|RT4" xmltv_id="[Kenya] CBS Reality">[Kenya] CBS Reality</channel>
    <channel site="[ENC][EX]gotvafrica.com_0" site_id="ke|##|CTS" xmltv_id="[Kenya] Citizen TV">[Kenya] Citizen TV</channel>
    <channel site="[ENC][EX]gotvafrica.com_0" site_id="ke|##|CN4" xmltv_id="[Kenya] CNN International">[Kenya] CNN International</channel>
    <channel site="[ENC][EX]gotvafrica.com_0" site_id="ke|##|DV7" xmltv_id="[Kenya] Da Vinci Kids">[Kenya] Da Vinci Kids</channel>
    <channel site="[ENC][EX]gotvafrica.com_0" site_id="ke|##|DWW" xmltv_id="[Kenya] Discovery Family">[Kenya] Discovery Family</channel>
    <channel site="[ENC][EX]gotvafrica.com_0" site_id="ke|##|DI7" xmltv_id="[Kenya] Discovery ID">[Kenya] Discovery ID</channel>
    <channel site="[ENC][EX]gotvafrica.com_0" site_id="ke|##|DJW" xmltv_id="[Kenya] Disney Junior">[Kenya] Disney Junior</channel>
    <channel site="[ENC][EX]gotvafrica.com_0" site_id="ke|##|EEW" xmltv_id="[Kenya] E! Entertainment">[Kenya] E! Entertainment</channel>
    <channel site="[ENC][EX]gotvafrica.com_0" site_id="ke|##|EM7" xmltv_id="[Kenya] Emmanuel TV">[Kenya] Emmanuel TV</channel>
    <channel site="[ENC][EX]gotvafrica.com_0" site_id="ke|##|E1W" xmltv_id="[Kenya] ESPN">[Kenya] ESPN</channel>
    <channel site="[ENC][EX]gotvafrica.com_0" site_id="ke|##|ET4" xmltv_id="[Kenya] eTV Africa">[Kenya] eTV Africa</channel>
    <channel site="[ENC][EX]gotvafrica.com_0" site_id="ke|##|TBN" xmltv_id="[Kenya] FAITH">[Kenya] FAITH</channel>
    <channel site="[ENC][EX]gotvafrica.com_0" site_id="ke|##|FN7" xmltv_id="[Kenya] Food Network">[Kenya] Food Network</channel>
    <channel site="[ENC][EX]gotvafrica.com_0" site_id="ke|##|FEW" xmltv_id="[Kenya] FOX">[Kenya] FOX</channel>
    <channel site="[ENC][EX]gotvafrica.com_0" site_id="ke|##|HYH" xmltv_id="[Kenya] Honey Channel">[Kenya] Honey Channel</channel>
    <channel site="[ENC][EX]gotvafrica.com_0" site_id="ke|##|INS" xmltv_id="[Kenya] Inooro TV">[Kenya] Inooro TV</channel>
    <channel site="[ENC][EX]gotvafrica.com_0" site_id="ke|##|ISW" xmltv_id="[Kenya] ISLAM CHANNEL">[Kenya] ISLAM CHANNEL</channel>
    <channel site="[ENC][EX]gotvafrica.com_0" site_id="ke|##|JJ7" xmltv_id="[Kenya] Jim Jam">[Kenya] Jim Jam</channel>
    <channel site="[ENC][EX]gotvafrica.com_0" site_id="ke|##|K2W" xmltv_id="[Kenya] K24">[Kenya] K24</channel>
    <channel site="[ENC][EX]gotvafrica.com_0" site_id="ke|##|KA7" xmltv_id="[Kenya] Kameme TV">[Kenya] Kameme TV</channel>
    <channel site="[ENC][EX]gotvafrica.com_0" site_id="ke|##|KAW" xmltv_id="[Kenya] KASS TV">[Kenya] KASS TV</channel>
    <channel site="[ENC][EX]gotvafrica.com_0" site_id="ke|##|KBS" xmltv_id="[Kenya] KBCTV">[Kenya] KBCTV</channel>
    <channel site="[ENC][EX]gotvafrica.com_0" site_id="ke|##|KDH" xmltv_id="[Kenya] KIX Channel">[Kenya] KIX Channel</channel>
    <channel site="[ENC][EX]gotvafrica.com_0" site_id="ke|##|KTS" xmltv_id="[Kenya] KTN">[Kenya] KTN</channel>
    <channel site="[ENC][EX]gotvafrica.com_0" site_id="ke|##|KT7" xmltv_id="[Kenya] KTN News">[Kenya] KTN News</channel>
    <channel site="[ENC][EX]gotvafrica.com_0" site_id="ke|##|MT7" xmltv_id="[Kenya] Maisha Magic Bongo">[Kenya] Maisha Magic Bongo</channel>
    <channel site="[ENC][EX]gotvafrica.com_0" site_id="ke|##|AMS" xmltv_id="[Kenya] Maisha Magic East">[Kenya] Maisha Magic East</channel>
    <channel site="[ENC][EX]gotvafrica.com_0" site_id="ke|##|MPH" xmltv_id="[Kenya] Maisha Magic Plus">[Kenya] Maisha Magic Plus</channel>
    <channel site="[ENC][EX]gotvafrica.com_0" site_id="ke|##|MB7" xmltv_id="[Kenya] Maisha Magic Poa">[Kenya] Maisha Magic Poa</channel>
    <channel site="[ENC][EX]gotvafrica.com_0" site_id="ke|##|MM7" xmltv_id="[Kenya] Mambo Moto">[Kenya] Mambo Moto</channel>
    <channel site="[ENC][EX]gotvafrica.com_0" site_id="ke|##|MGT" xmltv_id="[Kenya] M-Net Movies 4">[Kenya] M-Net Movies 4</channel>
    <channel site="[ENC][EX]gotvafrica.com_0" site_id="ke|##|MTW" xmltv_id="[Kenya] MTV Base">[Kenya] MTV Base</channel>
    <channel site="[ENC][EX]gotvafrica.com_0" site_id="ke|##|NWW" xmltv_id="[Kenya] NatGeo Wild">[Kenya] NatGeo Wild</channel>
    <channel site="[ENC][EX]gotvafrica.com_0" site_id="ke|##|NG4" xmltv_id="[Kenya] National Geographic Channel">[Kenya] National Geographic Channel</channel>
    <channel site="[ENC][EX]gotvafrica.com_0" site_id="ke|##|NIW" xmltv_id="[Kenya] Nickelodeon">[Kenya] Nickelodeon</channel>
    <channel site="[ENC][EX]gotvafrica.com_0" site_id="ke|##|NJW" xmltv_id="[Kenya] NickJr">[Kenya] NickJr</channel>
    <channel site="[ENC][EX]gotvafrica.com_0" site_id="ke|##|NT7" xmltv_id="[Kenya] NickTOONS">[Kenya] NickTOONS</channel>
    <channel site="[ENC][EX]gotvafrica.com_0" site_id="ke|##|NOW" xmltv_id="[Kenya] Novela Magic">[Kenya] Novela Magic</channel>
    <channel site="[ENC][EX]gotvafrica.com_0" site_id="ke|##|NTS" xmltv_id="[Kenya] NTV">[Kenya] NTV</channel>
    <channel site="[ENC][EX]gotvafrica.com_0" site_id="ke|##|PB7" xmltv_id="[Kenya] PBS Kids">[Kenya] PBS Kids</channel>
    <channel site="[ENC][EX]gotvafrica.com_0" site_id="ke|##|RTW" xmltv_id="[Kenya] Real Time">[Kenya] Real Time</channel>
    <channel site="[ENC][EX]gotvafrica.com_0" site_id="ke|##|ROW" xmltv_id="[Kenya] ROK">[Kenya] ROK</channel>
    <channel site="[ENC][EX]gotvafrica.com_0" site_id="ke|##|ROS" xmltv_id="[Kenya] ROK 2">[Kenya] ROK 2</channel>
    <channel site="[ENC][EX]gotvafrica.com_0" site_id="ke|##|HBW" xmltv_id="[Kenya] SS Blitz Africa">[Kenya] SS Blitz Africa</channel>
    <channel site="[ENC][EX]gotvafrica.com_0" site_id="ke|##|BTD" xmltv_id="[Kenya] SS Football Africa">[Kenya] SS Football Africa</channel>
    <channel site="[ENC][EX]gotvafrica.com_0" site_id="ke|##|LGD" xmltv_id="[Kenya] SS LaLiga Africa">[Kenya] SS LaLiga Africa</channel>
    <channel site="[ENC][EX]gotvafrica.com_0" site_id="ke|##|PG1" xmltv_id="[Kenya] SS Select 1">[Kenya] SS Select 1</channel>
    <channel site="[ENC][EX]gotvafrica.com_0" site_id="ke|##|PG2" xmltv_id="[Kenya] SS Select 2">[Kenya] SS Select 2</channel>
    <channel site="[ENC][EX]gotvafrica.com_0" site_id="ke|##|SI7" xmltv_id="[Kenya] Star Life">[Kenya] Star Life</channel>
    <channel site="[ENC][EX]gotvafrica.com_0" site_id="ke|##|TE7" xmltv_id="[Kenya] TeleMundo">[Kenya] TeleMundo</channel>
    <channel site="[ENC][EX]gotvafrica.com_0" site_id="ke|##|TM7" xmltv_id="[Kenya] TLNovelas">[Kenya] TLNovelas</channel>
    <channel site="[ENC][EX]gotvafrica.com_0" site_id="ke|##|TC4" xmltv_id="[Kenya] TNT Africa">[Kenya] TNT Africa</channel>
    <channel site="[ENC][EX]gotvafrica.com_0" site_id="ke|##|TG7" xmltv_id="[Kenya] Trace Gospel">[Kenya] Trace Gospel</channel>
    <channel site="[ENC][EX]gotvafrica.com_0" site_id="ke|##|TR7" xmltv_id="[Kenya] TRACE Mziki">[Kenya] TRACE Mziki</channel>
    <channel site="[ENC][EX]gotvafrica.com_0" site_id="ke|##|T47" xmltv_id="[Kenya] Tv47">[Kenya] Tv47</channel>
    <channel site="[ENC][EX]gotvafrica.com_0" site_id="ke|##|WWE" xmltv_id="[Kenya] WWE SuperSlam">[Kenya] WWE SuperSlam</channel>
    <channel site="[ENC][EX]gotvafrica.com_0" site_id="ke|##|ZW7" xmltv_id="[Kenya] Zee World">[Kenya] Zee World</channel>
    <channel site="[ENC][EX]gotvafrica.com_0" site_id="ng|##|A2W" xmltv_id="[Nigeria] Africa Magic Epic">[Nigeria] Africa Magic Epic</channel>
    <channel site="[ENC][EX]gotvafrica.com_0" site_id="ng|##|AMW" xmltv_id="[Nigeria] Africa Magic Family">[Nigeria] Africa Magic Family</channel>
    <channel site="[ENC][EX]gotvafrica.com_0" site_id="ng|##|HS7" xmltv_id="[Nigeria] Africa Magic Hausa">[Nigeria] Africa Magic Hausa</channel>
    <channel site="[ENC][EX]gotvafrica.com_0" site_id="ng|##|IGW" xmltv_id="[Nigeria] Africa Magic Igbo">[Nigeria] Africa Magic Igbo</channel>
    <channel site="[ENC][EX]gotvafrica.com_0" site_id="ng|##|AM7" xmltv_id="[Nigeria] Africa Magic Urban Movies">[Nigeria] Africa Magic Urban Movies</channel>
    <channel site="[ENC][EX]gotvafrica.com_0" site_id="ng|##|YR7" xmltv_id="[Nigeria] Africa Magic Yoruba">[Nigeria] Africa Magic Yoruba</channel>
    <channel site="[ENC][EX]gotvafrica.com_0" site_id="ng|##|NAW" xmltv_id="[Nigeria] Africanews">[Nigeria] Africanews</channel>
    <channel site="[ENC][EX]gotvafrica.com_0" site_id="ng|##|AFE" xmltv_id="[Nigeria] AFRO Music English">[Nigeria] AFRO Music English</channel>
    <channel site="[ENC][EX]gotvafrica.com_0" site_id="ng|##|AIT" xmltv_id="[Nigeria] AIT">[Nigeria] AIT</channel>
    <channel site="[ENC][EX]gotvafrica.com_0" site_id="ng|##|ALW" xmltv_id="[Nigeria] Al Jazeera">[Nigeria] Al Jazeera</channel>
    <channel site="[ENC][EX]gotvafrica.com_0" site_id="ng|##|AR7" xmltv_id="[Nigeria] Arewa 24">[Nigeria] Arewa 24</channel>
    <channel site="[ENC][EX]gotvafrica.com_0" site_id="ng|##|ARW" xmltv_id="[Nigeria] Arise News">[Nigeria] Arise News</channel>
    <channel site="[ENC][EX]gotvafrica.com_0" site_id="ng|##|B4U" xmltv_id="[Nigeria] B4U Movies">[Nigeria] B4U Movies</channel>
    <channel site="[ENC][EX]gotvafrica.com_0" site_id="ng|##|BW4" xmltv_id="[Nigeria] BBC World News">[Nigeria] BBC World News</channel>
    <channel site="[ENC][EX]gotvafrica.com_0" site_id="ng|##|BCO" xmltv_id="[Nigeria] BCOS">[Nigeria] BCOS</channel>
    <channel site="[ENC][EX]gotvafrica.com_0" site_id="ng|##|BTT" xmltv_id="[Nigeria] BET">[Nigeria] BET</channel>
    <channel site="[ENC][EX]gotvafrica.com_0" site_id="ng|##|BCT" xmltv_id="[Nigeria] BISCON TV">[Nigeria] BISCON TV</channel>
    <channel site="[ENC][EX]gotvafrica.com_0" site_id="ng|##|CAR" xmltv_id="[Nigeria] Cartoon Network">[Nigeria] Cartoon Network</channel>
    <channel site="[ENC][EX]gotvafrica.com_0" site_id="ng|##|RT4" xmltv_id="[Nigeria] CBS Reality">[Nigeria] CBS Reality</channel>
    <channel site="[ENC][EX]gotvafrica.com_0" site_id="ng|##|CN4" xmltv_id="[Nigeria] CNN International">[Nigeria] CNN International</channel>
    <channel site="[ENC][EX]gotvafrica.com_0" site_id="ng|##|DV7" xmltv_id="[Nigeria] Da Vinci Kids">[Nigeria] Da Vinci Kids</channel>
    <channel site="[ENC][EX]gotvafrica.com_0" site_id="ng|##|DWW" xmltv_id="[Nigeria] Discovery Family">[Nigeria] Discovery Family</channel>
    <channel site="[ENC][EX]gotvafrica.com_0" site_id="ng|##|DI7" xmltv_id="[Nigeria] Discovery ID">[Nigeria] Discovery ID</channel>
    <channel site="[ENC][EX]gotvafrica.com_0" site_id="ng|##|DJW" xmltv_id="[Nigeria] Disney Junior">[Nigeria] Disney Junior</channel>
    <channel site="[ENC][EX]gotvafrica.com_0" site_id="ng|##|DO7" xmltv_id="[Nigeria] Dove TV">[Nigeria] Dove TV</channel>
    <channel site="[ENC][EX]gotvafrica.com_0" site_id="ng|##|EEW" xmltv_id="[Nigeria] E! Entertainment">[Nigeria] E! Entertainment</channel>
    <channel site="[ENC][EX]gotvafrica.com_0" site_id="ng|##|ETS" xmltv_id="[Nigeria] EBS">[Nigeria] EBS</channel>
    <channel site="[ENC][EX]gotvafrica.com_0" site_id="ng|##|EM7" xmltv_id="[Nigeria] Emmanuel TV">[Nigeria] Emmanuel TV</channel>
    <channel site="[ENC][EX]gotvafrica.com_0" site_id="ng|##|E1W" xmltv_id="[Nigeria] ESPN">[Nigeria] ESPN</channel>
    <channel site="[ENC][EX]gotvafrica.com_0" site_id="ng|##|TBN" xmltv_id="[Nigeria] FAITH">[Nigeria] FAITH</channel>
    <channel site="[ENC][EX]gotvafrica.com_0" site_id="ng|##|FEW" xmltv_id="[Nigeria] FOX">[Nigeria] FOX</channel>
    <channel site="[ENC][EX]gotvafrica.com_0" site_id="ng|##|GXW" xmltv_id="[Nigeria] Galaxy TV">[Nigeria] Galaxy TV</channel>
    <channel site="[ENC][EX]gotvafrica.com_0" site_id="ng|##|HI7" xmltv_id="[Nigeria] Hip TV">[Nigeria] Hip TV</channel>
    <channel site="[ENC][EX]gotvafrica.com_0" site_id="ng|##|HYH" xmltv_id="[Nigeria] Honey Channel">[Nigeria] Honey Channel</channel>
    <channel site="[ENC][EX]gotvafrica.com_0" site_id="ng|##|ISW" xmltv_id="[Nigeria] ISLAM CHANNEL">[Nigeria] ISLAM CHANNEL</channel>
    <channel site="[ENC][EX]gotvafrica.com_0" site_id="ng|##|IVB" xmltv_id="[Nigeria] ITV Benin">[Nigeria] ITV Benin</channel>
    <channel site="[ENC][EX]gotvafrica.com_0" site_id="ng|##|JJ7" xmltv_id="[Nigeria] Jim Jam">[Nigeria] Jim Jam</channel>
    <channel site="[ENC][EX]gotvafrica.com_0" site_id="ng|##|KDH" xmltv_id="[Nigeria] KIX Channel">[Nigeria] KIX Channel</channel>
    <channel site="[ENC][EX]gotvafrica.com_0" site_id="ng|##|LTW" xmltv_id="[Nigeria] LAGOS TV">[Nigeria] LAGOS TV</channel>
    <channel site="[ENC][EX]gotvafrica.com_0" site_id="ng|##|LTT" xmltv_id="[Nigeria] Liberty TV">[Nigeria] Liberty TV</channel>
    <channel site="[ENC][EX]gotvafrica.com_0" site_id="ng|##|MGT" xmltv_id="[Nigeria] M-Net Movies 4">[Nigeria] M-Net Movies 4</channel>
    <channel site="[ENC][EX]gotvafrica.com_0" site_id="ng|##|MTW" xmltv_id="[Nigeria] MTV Base">[Nigeria] MTV Base</channel>
    <channel site="[ENC][EX]gotvafrica.com_0" site_id="ng|##|NWW" xmltv_id="[Nigeria] NatGeo Wild">[Nigeria] NatGeo Wild</channel>
    <channel site="[ENC][EX]gotvafrica.com_0" site_id="ng|##|NIW" xmltv_id="[Nigeria] Nickelodeon">[Nigeria] Nickelodeon</channel>
    <channel site="[ENC][EX]gotvafrica.com_0" site_id="ng|##|NJW" xmltv_id="[Nigeria] NickJr">[Nigeria] NickJr</channel>
    <channel site="[ENC][EX]gotvafrica.com_0" site_id="ng|##|NT7" xmltv_id="[Nigeria] NickTOONS">[Nigeria] NickTOONS</channel>
    <channel site="[ENC][EX]gotvafrica.com_0" site_id="ng|##|NOW" xmltv_id="[Nigeria] Novela Magic">[Nigeria] Novela Magic</channel>
    <channel site="[ENC][EX]gotvafrica.com_0" site_id="ng|##|NE7" xmltv_id="[Nigeria] NTA 2">[Nigeria] NTA 2</channel>
    <channel site="[ENC][EX]gotvafrica.com_0" site_id="ng|##|NTW" xmltv_id="[Nigeria] NTA International">[Nigeria] NTA International</channel>
    <channel site="[ENC][EX]gotvafrica.com_0" site_id="ng|##|NN7" xmltv_id="[Nigeria] NTA News 24">[Nigeria] NTA News 24</channel>
    <channel site="[ENC][EX]gotvafrica.com_0" site_id="ng|##|NP7" xmltv_id="[Nigeria] NTA Parliament">[Nigeria] NTA Parliament</channel>
    <channel site="[ENC][EX]gotvafrica.com_0" site_id="ng|##|OG7" xmltv_id="[Nigeria] OGTV">[Nigeria] OGTV</channel>
    <channel site="[ENC][EX]gotvafrica.com_0" site_id="ng|##|ON7" xmltv_id="[Nigeria] ONMAX">[Nigeria] ONMAX</channel>
    <channel site="[ENC][EX]gotvafrica.com_0" site_id="ng|##|PB7" xmltv_id="[Nigeria] PBS Kids">[Nigeria] PBS Kids</channel>
    <channel site="[ENC][EX]gotvafrica.com_0" site_id="ng|##|RT2" xmltv_id="[Nigeria] R2TV">[Nigeria] R2TV</channel>
    <channel site="[ENC][EX]gotvafrica.com_0" site_id="ng|##|RTT" xmltv_id="[Nigeria] RAVE">[Nigeria] RAVE</channel>
    <channel site="[ENC][EX]gotvafrica.com_0" site_id="ng|##|RTW" xmltv_id="[Nigeria] Real Time">[Nigeria] Real Time</channel>
    <channel site="[ENC][EX]gotvafrica.com_0" site_id="ng|##|ROW" xmltv_id="[Nigeria] ROK">[Nigeria] ROK</channel>
    <channel site="[ENC][EX]gotvafrica.com_0" site_id="ng|##|ROS" xmltv_id="[Nigeria] ROK 2">[Nigeria] ROK 2</channel>
    <channel site="[ENC][EX]gotvafrica.com_0" site_id="ng|##|ROW" xmltv_id="[Nigeria] ROK GH">[Nigeria] ROK GH</channel>
    <channel site="[ENC][EX]gotvafrica.com_0" site_id="ng|##|RST" xmltv_id="[Nigeria] RSTV">[Nigeria] RSTV</channel>
    <channel site="[ENC][EX]gotvafrica.com_0" site_id="ng|##|SBW" xmltv_id="[Nigeria] SILVERBIRD">[Nigeria] SILVERBIRD</channel>
    <channel site="[ENC][EX]gotvafrica.com_0" site_id="ng|##|SCW" xmltv_id="[Nigeria] Sound City">[Nigeria] Sound City</channel>
    <channel site="[ENC][EX]gotvafrica.com_0" site_id="ng|##|SP7" xmltv_id="[Nigeria] Spice TV">[Nigeria] Spice TV</channel>
    <channel site="[ENC][EX]gotvafrica.com_0" site_id="ng|##|HBW" xmltv_id="[Nigeria] SS Blitz Africa">[Nigeria] SS Blitz Africa</channel>
    <channel site="[ENC][EX]gotvafrica.com_0" site_id="ng|##|BTD" xmltv_id="[Nigeria] SS Football Africa">[Nigeria] SS Football Africa</channel>
    <channel site="[ENC][EX]gotvafrica.com_0" site_id="ng|##|LGD" xmltv_id="[Nigeria] SS LaLiga Africa">[Nigeria] SS LaLiga Africa</channel>
    <channel site="[ENC][EX]gotvafrica.com_0" site_id="ng|##|PG1" xmltv_id="[Nigeria] SS Select 1">[Nigeria] SS Select 1</channel>
    <channel site="[ENC][EX]gotvafrica.com_0" site_id="ng|##|PG2" xmltv_id="[Nigeria] SS Select 2">[Nigeria] SS Select 2</channel>
    <channel site="[ENC][EX]gotvafrica.com_0" site_id="ng|##|SI7" xmltv_id="[Nigeria] Star Life">[Nigeria] Star Life</channel>
    <channel site="[ENC][EX]gotvafrica.com_0" site_id="ng|##|SU4" xmltv_id="[Nigeria] Sunna TV">[Nigeria] Sunna TV</channel>
    <channel site="[ENC][EX]gotvafrica.com_0" site_id="ng|##|TE7" xmltv_id="[Nigeria] TeleMundo">[Nigeria] TeleMundo</channel>
    <channel site="[ENC][EX]gotvafrica.com_0" site_id="ng|##|TES" xmltv_id="[Nigeria] Televista">[Nigeria] Televista</channel>
    <channel site="[ENC][EX]gotvafrica.com_0" site_id="ng|##|TDT" xmltv_id="[Nigeria] Tiwan Tiwa">[Nigeria] Tiwan Tiwa</channel>
    <channel site="[ENC][EX]gotvafrica.com_0" site_id="ng|##|TM7" xmltv_id="[Nigeria] TLNovelas">[Nigeria] TLNovelas</channel>
    <channel site="[ENC][EX]gotvafrica.com_0" site_id="ng|##|TC4" xmltv_id="[Nigeria] TNT Africa">[Nigeria] TNT Africa</channel>
    <channel site="[ENC][EX]gotvafrica.com_0" site_id="ng|##|TRW" xmltv_id="[Nigeria] Trybe">[Nigeria] Trybe</channel>
    <channel site="[ENC][EX]gotvafrica.com_0" site_id="ng|##|TEW" xmltv_id="[Nigeria] TVC Entertainment">[Nigeria] TVC Entertainment</channel>
    <channel site="[ENC][EX]gotvafrica.com_0" site_id="ng|##|TNS" xmltv_id="[Nigeria] TVC News Nigeria">[Nigeria] TVC News Nigeria</channel>
    <channel site="[ENC][EX]gotvafrica.com_0" site_id="ng|##|UR7" xmltv_id="[Nigeria] URBAN TV">[Nigeria] URBAN TV</channel>
    <channel site="[ENC][EX]gotvafrica.com_0" site_id="ng|##|WA7" xmltv_id="[Nigeria] WAP TV">[Nigeria] WAP TV</channel>
    <channel site="[ENC][EX]gotvafrica.com_0" site_id="ng|##|WTT" xmltv_id="[Nigeria] Wazobia TV">[Nigeria] Wazobia TV</channel>
    <channel site="[ENC][EX]gotvafrica.com_0" site_id="ng|##|WWE" xmltv_id="[Nigeria] WWE SuperSlam">[Nigeria] WWE SuperSlam</channel>
    <channel site="[ENC][EX]gotvafrica.com_0" site_id="ng|##|ZW7" xmltv_id="[Nigeria] Zee World">[Nigeria] Zee World</channel>
    <channel site="[ENC][EX]gotvafrica.com_0" site_id="mw|##|A2W" xmltv_id="[Malawi] Africa Magic Epic">[Malawi] Africa Magic Epic</channel>
    <channel site="[ENC][EX]gotvafrica.com_0" site_id="mw|##|AMW" xmltv_id="[Malawi] Africa Magic Family">[Malawi] Africa Magic Family</channel>
    <channel site="[ENC][EX]gotvafrica.com_0" site_id="mw|##|AMM" xmltv_id="[Malawi] Africa Magic Urban Movies">[Malawi] Africa Magic Urban Movies</channel>
    <channel site="[ENC][EX]gotvafrica.com_0" site_id="mw|##|NAW" xmltv_id="[Malawi] Africanews">[Malawi] Africanews</channel>
    <channel site="[ENC][EX]gotvafrica.com_0" site_id="mw|##|AFE" xmltv_id="[Malawi] AFRO Music English">[Malawi] AFRO Music English</channel>
    <channel site="[ENC][EX]gotvafrica.com_0" site_id="mw|##|ALW" xmltv_id="[Malawi] Al Jazeera">[Malawi] Al Jazeera</channel>
    <channel site="[ENC][EX]gotvafrica.com_0" site_id="mw|##|B4U" xmltv_id="[Malawi] B4U Movies">[Malawi] B4U Movies</channel>
    <channel site="[ENC][EX]gotvafrica.com_0" site_id="mw|##|BW4" xmltv_id="[Malawi] BBC World News">[Malawi] BBC World News</channel>
    <channel site="[ENC][EX]gotvafrica.com_0" site_id="mw|##|BTT" xmltv_id="[Malawi] BET">[Malawi] BET</channel>
    <channel site="[ENC][EX]gotvafrica.com_0" site_id="mw|##|33B" xmltv_id="[Malawi] Boomerang">[Malawi] Boomerang</channel>
    <channel site="[ENC][EX]gotvafrica.com_0" site_id="mw|##|CAR" xmltv_id="[Malawi] Cartoon Network">[Malawi] Cartoon Network</channel>
    <channel site="[ENC][EX]gotvafrica.com_0" site_id="mw|##|RT4" xmltv_id="[Malawi] CBS Reality">[Malawi] CBS Reality</channel>
    <channel site="[ENC][EX]gotvafrica.com_0" site_id="mw|##|CN4" xmltv_id="[Malawi] CNN International">[Malawi] CNN International</channel>
    <channel site="[ENC][EX]gotvafrica.com_0" site_id="mw|##|DV7" xmltv_id="[Malawi] Da Vinci Kids">[Malawi] Da Vinci Kids</channel>
    <channel site="[ENC][EX]gotvafrica.com_0" site_id="mw|##|DWW" xmltv_id="[Malawi] Discovery Family">[Malawi] Discovery Family</channel>
    <channel site="[ENC][EX]gotvafrica.com_0" site_id="mw|##|DI7" xmltv_id="[Malawi] Discovery ID">[Malawi] Discovery ID</channel>
    <channel site="[ENC][EX]gotvafrica.com_0" site_id="mw|##|DJW" xmltv_id="[Malawi] Disney Junior">[Malawi] Disney Junior</channel>
    <channel site="[ENC][EX]gotvafrica.com_0" site_id="mw|##|EEW" xmltv_id="[Malawi] E! Entertainment">[Malawi] E! Entertainment</channel>
    <channel site="[ENC][EX]gotvafrica.com_0" site_id="mw|##|EM7" xmltv_id="[Malawi] Emmanuel TV">[Malawi] Emmanuel TV</channel>
    <channel site="[ENC][EX]gotvafrica.com_0" site_id="mw|##|E1W" xmltv_id="[Malawi] ESPN">[Malawi] ESPN</channel>
    <channel site="[ENC][EX]gotvafrica.com_0" site_id="mw|##|ET4" xmltv_id="[Malawi] eTV Africa">[Malawi] eTV Africa</channel>
    <channel site="[ENC][EX]gotvafrica.com_0" site_id="mw|##|TBN" xmltv_id="[Malawi] FAITH">[Malawi] FAITH</channel>
    <channel site="[ENC][EX]gotvafrica.com_0" site_id="mw|##|S30" xmltv_id="[Malawi] Honey Channel">[Malawi] Honey Channel</channel>
    <channel site="[ENC][EX]gotvafrica.com_0" site_id="mw|##|ISW" xmltv_id="[Malawi] ISLAM CHANNEL">[Malawi] ISLAM CHANNEL</channel>
    <channel site="[ENC][EX]gotvafrica.com_0" site_id="mw|##|JJ7" xmltv_id="[Malawi] Jim Jam">[Malawi] Jim Jam</channel>
    <channel site="[ENC][EX]gotvafrica.com_0" site_id="mw|##|ITH" xmltv_id="[Malawi] KIX Channel">[Malawi] KIX Channel</channel>
    <channel site="[ENC][EX]gotvafrica.com_0" site_id="mw|##|MAL" xmltv_id="[Malawi] Malawi TV">[Malawi] Malawi TV</channel>
    <channel site="[ENC][EX]gotvafrica.com_0" site_id="mw|##|MGT" xmltv_id="[Malawi] M-Net Movies 4">[Malawi] M-Net Movies 4</channel>
    <channel site="[ENC][EX]gotvafrica.com_0" site_id="mw|##|MTW" xmltv_id="[Malawi] MTV Base">[Malawi] MTV Base</channel>
    <channel site="[ENC][EX]gotvafrica.com_0" site_id="mw|##|MZH" xmltv_id="[Malawi] Mzansi Magic">[Malawi] Mzansi Magic</channel>
    <channel site="[ENC][EX]gotvafrica.com_0" site_id="mw|##|NWW" xmltv_id="[Malawi] NatGeo Wild">[Malawi] NatGeo Wild</channel>
    <channel site="[ENC][EX]gotvafrica.com_0" site_id="mw|##|NA8" xmltv_id="[Malawi] National Geographic Channel">[Malawi] National Geographic Channel</channel>
    <channel site="[ENC][EX]gotvafrica.com_0" site_id="mw|##|NIW" xmltv_id="[Malawi] Nickelodeon">[Malawi] Nickelodeon</channel>
    <channel site="[ENC][EX]gotvafrica.com_0" site_id="mw|##|NOW" xmltv_id="[Malawi] Novela Magic">[Malawi] Novela Magic</channel>
    <channel site="[ENC][EX]gotvafrica.com_0" site_id="mw|##|PB7" xmltv_id="[Malawi] PBS Kids">[Malawi] PBS Kids</channel>
    <channel site="[ENC][EX]gotvafrica.com_0" site_id="mw|##|RTW" xmltv_id="[Malawi] Real Time">[Malawi] Real Time</channel>
    <channel site="[ENC][EX]gotvafrica.com_0" site_id="mw|##|19K" xmltv_id="[Malawi] ROK">[Malawi] ROK</channel>
    <channel site="[ENC][EX]gotvafrica.com_0" site_id="mw|##|ROS" xmltv_id="[Malawi] ROK 2">[Malawi] ROK 2</channel>
    <channel site="[ENC][EX]gotvafrica.com_0" site_id="mw|##|HBW" xmltv_id="[Malawi] SS Blitz Africa">[Malawi] SS Blitz Africa</channel>
    <channel site="[ENC][EX]gotvafrica.com_0" site_id="mw|##|BTD" xmltv_id="[Malawi] SS Football Africa">[Malawi] SS Football Africa</channel>
    <channel site="[ENC][EX]gotvafrica.com_0" site_id="mw|##|LGD" xmltv_id="[Malawi] SS LaLiga Africa">[Malawi] SS LaLiga Africa</channel>
    <channel site="[ENC][EX]gotvafrica.com_0" site_id="mw|##|PG1" xmltv_id="[Malawi] SS Select 1">[Malawi] SS Select 1</channel>
    <channel site="[ENC][EX]gotvafrica.com_0" site_id="mw|##|PG2" xmltv_id="[Malawi] SS Select 2">[Malawi] SS Select 2</channel>
    <channel site="[ENC][EX]gotvafrica.com_0" site_id="mw|##|SI7" xmltv_id="[Malawi] Star Life">[Malawi] Star Life</channel>
    <channel site="[ENC][EX]gotvafrica.com_0" site_id="mw|##|TE7" xmltv_id="[Malawi] TeleMundo">[Malawi] TeleMundo</channel>
    <channel site="[ENC][EX]gotvafrica.com_0" site_id="mw|##|ZZ3" xmltv_id="[Malawi] Times TV">[Malawi] Times TV</channel>
    <channel site="[ENC][EX]gotvafrica.com_0" site_id="mw|##|FS1" xmltv_id="[Malawi] TLNovelas">[Malawi] TLNovelas</channel>
    <channel site="[ENC][EX]gotvafrica.com_0" site_id="mw|##|TC4" xmltv_id="[Malawi] TNT Africa">[Malawi] TNT Africa</channel>
    <channel site="[ENC][EX]gotvafrica.com_0" site_id="mw|##|HWW" xmltv_id="[Malawi] WWE SuperSlam">[Malawi] WWE SuperSlam</channel>
    <channel site="[ENC][EX]gotvafrica.com_0" site_id="mw|##|HZB" xmltv_id="[Malawi] Zambezi Magic">[Malawi] Zambezi Magic</channel>
    <channel site="[ENC][EX]gotvafrica.com_0" site_id="mw|##|ZW7" xmltv_id="[Malawi] Zee World">[Malawi] Zee World</channel>
    <channel site="[ENC][EX]gotvafrica.com_0" site_id="mw|##|ZZ2" xmltv_id="[Malawi] Zodiak TV">[Malawi] Zodiak TV</channel>
    <channel site="[ENC][EX]gotvafrica.com_0" site_id="mz|##|A2W" xmltv_id="[Mozambique] Africa Magic Epic">[Mozambique] Africa Magic Epic</channel>
    <channel site="[ENC][EX]gotvafrica.com_0" site_id="mz|##|AMW" xmltv_id="[Mozambique] Africa Magic Family">[Mozambique] Africa Magic Family</channel>
    <channel site="[ENC][EX]gotvafrica.com_0" site_id="mz|##|AM7" xmltv_id="[Mozambique] Africa Magic Urban Movies">[Mozambique] Africa Magic Urban Movies</channel>
    <channel site="[ENC][EX]gotvafrica.com_0" site_id="mz|##|NAW" xmltv_id="[Mozambique] Africanews">[Mozambique] Africanews</channel>
    <channel site="[ENC][EX]gotvafrica.com_0" site_id="mz|##|AFE" xmltv_id="[Mozambique] Afro Music (P)">[Mozambique] Afro Music (P)</channel>
    <channel site="[ENC][EX]gotvafrica.com_0" site_id="mz|##|ALW" xmltv_id="[Mozambique] Al Jazeera">[Mozambique] Al Jazeera</channel>
    <channel site="[ENC][EX]gotvafrica.com_0" site_id="mz|##|AXS" xmltv_id="[Mozambique] AXN">[Mozambique] AXN</channel>
    <channel site="[ENC][EX]gotvafrica.com_0" site_id="mz|##|AX7" xmltv_id="[Mozambique] AXN Movies">[Mozambique] AXN Movies</channel>
    <channel site="[ENC][EX]gotvafrica.com_0" site_id="mz|##|IOW" xmltv_id="[Mozambique] Best Brasil">[Mozambique] Best Brasil</channel>
    <channel site="[ENC][EX]gotvafrica.com_0" site_id="mz|##|BTT" xmltv_id="[Mozambique] BET">[Mozambique] BET</channel>
    <channel site="[ENC][EX]gotvafrica.com_0" site_id="mz|##|BOW" xmltv_id="[Mozambique] Boomerang">[Mozambique] Boomerang</channel>
    <channel site="[ENC][EX]gotvafrica.com_0" site_id="mz|##|CAR" xmltv_id="[Mozambique] Cartoon Network">[Mozambique] Cartoon Network</channel>
    <channel site="[ENC][EX]gotvafrica.com_0" site_id="mz|##|CN4" xmltv_id="[Mozambique] CNN International">[Mozambique] CNN International</channel>
    <channel site="[ENC][EX]gotvafrica.com_0" site_id="mz|##|DV7" xmltv_id="[Mozambique] Da Vinci Kids">[Mozambique] Da Vinci Kids</channel>
    <channel site="[ENC][EX]gotvafrica.com_0" site_id="mz|##|DWW" xmltv_id="[Mozambique] Discovery Family">[Mozambique] Discovery Family</channel>
    <channel site="[ENC][EX]gotvafrica.com_0" site_id="mz|##|DI7" xmltv_id="[Mozambique] Discovery ID">[Mozambique] Discovery ID</channel>
    <channel site="[ENC][EX]gotvafrica.com_0" site_id="mz|##|DJW" xmltv_id="[Mozambique] Disney Junior">[Mozambique] Disney Junior</channel>
    <channel site="[ENC][EX]gotvafrica.com_0" site_id="mz|##|PPW" xmltv_id="[Mozambique] DStv Pipoca">[Mozambique] DStv Pipoca</channel>
    <channel site="[ENC][EX]gotvafrica.com_0" site_id="mz|##|EEW" xmltv_id="[Mozambique] E! Entertainment">[Mozambique] E! Entertainment</channel>
    <channel site="[ENC][EX]gotvafrica.com_0" site_id="mz|##|EM7" xmltv_id="[Mozambique] Emmanuel TV">[Mozambique] Emmanuel TV</channel>
    <channel site="[ENC][EX]gotvafrica.com_0" site_id="mz|##|E1W" xmltv_id="[Mozambique] ESPN">[Mozambique] ESPN</channel>
    <channel site="[ENC][EX]gotvafrica.com_0" site_id="mz|##|EUW" xmltv_id="[Mozambique] Euro News (P)">[Mozambique] Euro News (P)</channel>
    <channel site="[ENC][EX]gotvafrica.com_0" site_id="mz|##|GLW" xmltv_id="[Mozambique] GLOOM channel">[Mozambique] GLOOM channel</channel>
    <channel site="[ENC][EX]gotvafrica.com_0" site_id="mz|##|HYH" xmltv_id="[Mozambique] Honey Channel">[Mozambique] Honey Channel</channel>
    <channel site="[ENC][EX]gotvafrica.com_0" site_id="mz|##|ISW" xmltv_id="[Mozambique] Islam Channel">[Mozambique] Islam Channel</channel>
    <channel site="[ENC][EX]gotvafrica.com_0" site_id="mz|##|IT4" xmltv_id="[Mozambique] ITV (Mozambique)">[Mozambique] ITV (Mozambique)</channel>
    <channel site="[ENC][EX]gotvafrica.com_0" site_id="mz|##|JJ7" xmltv_id="[Mozambique] Jim Jam">[Mozambique] Jim Jam</channel>
    <channel site="[ENC][EX]gotvafrica.com_0" site_id="mz|##|MI7" xmltv_id="[Mozambique] Miramar">[Mozambique] Miramar</channel>
    <channel site="[ENC][EX]gotvafrica.com_0" site_id="mz|##|MGT" xmltv_id="[Mozambique] M-Net Movies 4">[Mozambique] M-Net Movies 4</channel>
    <channel site="[ENC][EX]gotvafrica.com_0" site_id="mz|##|MTW" xmltv_id="[Mozambique] MTV Base">[Mozambique] MTV Base</channel>
    <channel site="[ENC][EX]gotvafrica.com_0" site_id="mz|##|FM7" xmltv_id="[Mozambique] Mundo Fox">[Mozambique] Mundo Fox</channel>
    <channel site="[ENC][EX]gotvafrica.com_0" site_id="mz|##|NWW" xmltv_id="[Mozambique] NatGeo Wild">[Mozambique] NatGeo Wild</channel>
    <channel site="[ENC][EX]gotvafrica.com_0" site_id="mz|##|NIW" xmltv_id="[Mozambique] Nickelodeon">[Mozambique] Nickelodeon</channel>
    <channel site="[ENC][EX]gotvafrica.com_0" site_id="mz|##|PAS" xmltv_id="[Mozambique] Panda (P)">[Mozambique] Panda (P)</channel>
    <channel site="[ENC][EX]gotvafrica.com_0" site_id="mz|##|PBW" xmltv_id="[Mozambique] Panda Biggs">[Mozambique] Panda Biggs</channel>
    <channel site="[ENC][EX]gotvafrica.com_0" site_id="mz|##|PB7" xmltv_id="[Mozambique] PBS Kids">[Mozambique] PBS Kids</channel>
    <channel site="[ENC][EX]gotvafrica.com_0" site_id="mz|##|RTW" xmltv_id="[Mozambique] Real Time">[Mozambique] Real Time</channel>
    <channel site="[ENC][EX]gotvafrica.com_0" site_id="mz|##|ROW" xmltv_id="[Mozambique] ROK">[Mozambique] ROK</channel>
    <channel site="[ENC][EX]gotvafrica.com_0" site_id="mz|##|ROS" xmltv_id="[Mozambique] ROK 2">[Mozambique] ROK 2</channel>
    <channel site="[ENC][EX]gotvafrica.com_0" site_id="mz|##|RAS" xmltv_id="[Mozambique] RTPa (P)">[Mozambique] RTPa (P)</channel>
    <channel site="[ENC][EX]gotvafrica.com_0" site_id="mz|##|SM4" xmltv_id="[Mozambique] Soico TV">[Mozambique] Soico TV</channel>
    <channel site="[ENC][EX]gotvafrica.com_0" site_id="mz|##|HBW" xmltv_id="[Mozambique] SS Blitz Africa">[Mozambique] SS Blitz Africa</channel>
    <channel site="[ENC][EX]gotvafrica.com_0" site_id="mz|##|BTD" xmltv_id="[Mozambique] SS Football Africa">[Mozambique] SS Football Africa</channel>
    <channel site="[ENC][EX]gotvafrica.com_0" site_id="mz|##|LGD" xmltv_id="[Mozambique] SS LaLiga Africa">[Mozambique] SS LaLiga Africa</channel>
    <channel site="[ENC][EX]gotvafrica.com_0" site_id="mz|##|PG1" xmltv_id="[Mozambique] SS Select 1">[Mozambique] SS Select 1</channel>
    <channel site="[ENC][EX]gotvafrica.com_0" site_id="mz|##|PG2" xmltv_id="[Mozambique] SS Select 2">[Mozambique] SS Select 2</channel>
    <channel site="[ENC][EX]gotvafrica.com_0" site_id="mz|##|SI7" xmltv_id="[Mozambique] Star Life">[Mozambique] Star Life</channel>
    <channel site="[ENC][EX]gotvafrica.com_0" site_id="mz|##|TE7" xmltv_id="[Mozambique] TeleMundo">[Mozambique] TeleMundo</channel>
    <channel site="[ENC][EX]gotvafrica.com_0" site_id="mz|##|M24" xmltv_id="[Mozambique] Telescola">[Mozambique] Telescola</channel>
    <channel site="[ENC][EX]gotvafrica.com_0" site_id="mz|##|TN7" xmltv_id="[Mozambique] TLN">[Mozambique] TLN</channel>
    <channel site="[ENC][EX]gotvafrica.com_0" site_id="mz|##|TM7" xmltv_id="[Mozambique] TLNovelas">[Mozambique] TLNovelas</channel>
    <channel site="[ENC][EX]gotvafrica.com_0" site_id="mz|##|TC4" xmltv_id="[Mozambique] TNT Africa">[Mozambique] TNT Africa</channel>
    <channel site="[ENC][EX]gotvafrica.com_0" site_id="mz|##|TOP" xmltv_id="[Mozambique] Top TV">[Mozambique] Top TV</channel>
    <channel site="[ENC][EX]gotvafrica.com_0" site_id="mz|##|TTW" xmltv_id="[Mozambique] Trace Toca (P)">[Mozambique] Trace Toca (P)</channel>
    <channel site="[ENC][EX]gotvafrica.com_0" site_id="mz|##|MZS" xmltv_id="[Mozambique] TV Mozambique">[Mozambique] TV Mozambique</channel>
    <channel site="[ENC][EX]gotvafrica.com_0" site_id="mz|##|RNW" xmltv_id="[Mozambique] TV Record News (P)">[Mozambique] TV Record News (P)</channel>
    <channel site="[ENC][EX]gotvafrica.com_0" site_id="mz|##|TS4" xmltv_id="[Mozambique] TV Sucesso">[Mozambique] TV Sucesso</channel>
    <channel site="[ENC][EX]gotvafrica.com_0" site_id="mz|##|DKW" xmltv_id="[Mozambique] Txillo">[Mozambique] Txillo</channel>
    <channel site="[ENC][EX]gotvafrica.com_0" site_id="mz|##|WWE" xmltv_id="[Mozambique] WWE SuperSlam">[Mozambique] WWE SuperSlam</channel>
    <channel site="[ENC][EX]gotvafrica.com_0" site_id="mz|##|ZW7" xmltv_id="[Mozambique] Zee World">[Mozambique] Zee World</channel>
    <channel site="[ENC][EX]gotvafrica.com_0" site_id="ug|##|A2W" xmltv_id="[Uganda] Africa Magic Epic">[Uganda] Africa Magic Epic</channel>
    <channel site="[ENC][EX]gotvafrica.com_0" site_id="ug|##|AMW" xmltv_id="[Uganda] Africa Magic Family">[Uganda] Africa Magic Family</channel>
    <channel site="[ENC][EX]gotvafrica.com_0" site_id="ug|##|AM7" xmltv_id="[Uganda] Africa Magic Urban Movies">[Uganda] Africa Magic Urban Movies</channel>
    <channel site="[ENC][EX]gotvafrica.com_0" site_id="ug|##|NAW" xmltv_id="[Uganda] Africanews">[Uganda] Africanews</channel>
    <channel site="[ENC][EX]gotvafrica.com_0" site_id="ug|##|AFE" xmltv_id="[Uganda] AFRO Music">[Uganda] AFRO Music</channel>
    <channel site="[ENC][EX]gotvafrica.com_0" site_id="ug|##|ALW" xmltv_id="[Uganda] Al Jazeera">[Uganda] Al Jazeera</channel>
    <channel site="[ENC][EX]gotvafrica.com_0" site_id="ug|##|B4U" xmltv_id="[Uganda] B4U Movies">[Uganda] B4U Movies</channel>
    <channel site="[ENC][EX]gotvafrica.com_0" site_id="ug|##|BAW" xmltv_id="[Uganda] Baba TV">[Uganda] Baba TV</channel>
    <channel site="[ENC][EX]gotvafrica.com_0" site_id="ug|##|BSW" xmltv_id="[Uganda] BBS Terefayina">[Uganda] BBS Terefayina</channel>
    <channel site="[ENC][EX]gotvafrica.com_0" site_id="ug|##|BE7" xmltv_id="[Uganda] BET">[Uganda] BET</channel>
    <channel site="[ENC][EX]gotvafrica.com_0" site_id="ug|##|BOW" xmltv_id="[Uganda] Boomerang">[Uganda] Boomerang</channel>
    <channel site="[ENC][EX]gotvafrica.com_0" site_id="ug|##|BU2" xmltv_id="[Uganda] Bukedde 2">[Uganda] Bukedde 2</channel>
    <channel site="[ENC][EX]gotvafrica.com_0" site_id="ug|##|BKW" xmltv_id="[Uganda] Bukedde TV">[Uganda] Bukedde TV</channel>
    <channel site="[ENC][EX]gotvafrica.com_0" site_id="ug|##|CA4" xmltv_id="[Uganda] Cartoon Network">[Uganda] Cartoon Network</channel>
    <channel site="[ENC][EX]gotvafrica.com_0" site_id="ug|##|RT4" xmltv_id="[Uganda] CBS Reality">[Uganda] CBS Reality</channel>
    <channel site="[ENC][EX]gotvafrica.com_0" site_id="ug|##|CTS" xmltv_id="[Uganda] Citizen TV">[Uganda] Citizen TV</channel>
    <channel site="[ENC][EX]gotvafrica.com_0" site_id="ug|##|CN4" xmltv_id="[Uganda] CNN International">[Uganda] CNN International</channel>
    <channel site="[ENC][EX]gotvafrica.com_0" site_id="ug|##|DV7" xmltv_id="[Uganda] Da Vinci Kids">[Uganda] Da Vinci Kids</channel>
    <channel site="[ENC][EX]gotvafrica.com_0" site_id="ug|##|DWW" xmltv_id="[Uganda] Discovery Family">[Uganda] Discovery Family</channel>
    <channel site="[ENC][EX]gotvafrica.com_0" site_id="ug|##|DI7" xmltv_id="[Uganda] Discovery ID">[Uganda] Discovery ID</channel>
    <channel site="[ENC][EX]gotvafrica.com_0" site_id="ug|##|EM7" xmltv_id="[Uganda] Emmanuel TV">[Uganda] Emmanuel TV</channel>
    <channel site="[ENC][EX]gotvafrica.com_0" site_id="ug|##|E1W" xmltv_id="[Uganda] ESPN">[Uganda] ESPN</channel>
    <channel site="[ENC][EX]gotvafrica.com_0" site_id="ug|##|ET4" xmltv_id="[Uganda] eTV Africa">[Uganda] eTV Africa</channel>
    <channel site="[ENC][EX]gotvafrica.com_0" site_id="ug|##|TBN" xmltv_id="[Uganda] FAITH">[Uganda] FAITH</channel>
    <channel site="[ENC][EX]gotvafrica.com_0" site_id="ug|##|FN7" xmltv_id="[Uganda] Food Network">[Uganda] Food Network</channel>
    <channel site="[ENC][EX]gotvafrica.com_0" site_id="ug|##|FEW" xmltv_id="[Uganda] FOX">[Uganda] FOX</channel>
    <channel site="[ENC][EX]gotvafrica.com_0" site_id="ug|##|HYH" xmltv_id="[Uganda] Honey Channel">[Uganda] Honey Channel</channel>
    <channel site="[ENC][EX]gotvafrica.com_0" site_id="ug|##|ISW" xmltv_id="[Uganda] ISLAM CHANNEL">[Uganda] ISLAM CHANNEL</channel>
    <channel site="[ENC][EX]gotvafrica.com_0" site_id="ug|##|JJ7" xmltv_id="[Uganda] Jim Jam">[Uganda] Jim Jam</channel>
    <channel site="[ENC][EX]gotvafrica.com_0" site_id="ug|##|KDH" xmltv_id="[Uganda] KIX Channel">[Uganda] KIX Channel</channel>
    <channel site="[ENC][EX]gotvafrica.com_0" site_id="ug|##|KT7" xmltv_id="[Uganda] KTN News">[Uganda] KTN News</channel>
    <channel site="[ENC][EX]gotvafrica.com_0" site_id="ug|##|AMS" xmltv_id="[Uganda] Maisha Magic East">[Uganda] Maisha Magic East</channel>
    <channel site="[ENC][EX]gotvafrica.com_0" site_id="ug|##|MB7" xmltv_id="[Uganda] Maisha Magic Poa">[Uganda] Maisha Magic Poa</channel>
    <channel site="[ENC][EX]gotvafrica.com_0" site_id="ug|##|MM7" xmltv_id="[Uganda] Mambo Moto">[Uganda] Mambo Moto</channel>
    <channel site="[ENC][EX]gotvafrica.com_0" site_id="ug|##|MDT" xmltv_id="[Uganda] M-Net Movies 4">[Uganda] M-Net Movies 4</channel>
    <channel site="[ENC][EX]gotvafrica.com_0" site_id="ug|##|MTW" xmltv_id="[Uganda] MTV Base">[Uganda] MTV Base</channel>
    <channel site="[ENC][EX]gotvafrica.com_0" site_id="ug|##|NG4" xmltv_id="[Uganda] National Geographic Channel">[Uganda] National Geographic Channel</channel>
    <channel site="[ENC][EX]gotvafrica.com_0" site_id="ug|##|NBW" xmltv_id="[Uganda] NBS">[Uganda] NBS</channel>
    <channel site="[ENC][EX]gotvafrica.com_0" site_id="ug|##|NIW" xmltv_id="[Uganda] Nickelodeon">[Uganda] Nickelodeon</channel>
    <channel site="[ENC][EX]gotvafrica.com_0" site_id="ug|##|NJW" xmltv_id="[Uganda] NickJr">[Uganda] NickJr</channel>
    <channel site="[ENC][EX]gotvafrica.com_0" site_id="ug|##|NT7" xmltv_id="[Uganda] NickTOONS">[Uganda] NickTOONS</channel>
    <channel site="[ENC][EX]gotvafrica.com_0" site_id="ug|##|NOW" xmltv_id="[Uganda] Novela Magic">[Uganda] Novela Magic</channel>
    <channel site="[ENC][EX]gotvafrica.com_0" site_id="ug|##|NAS" xmltv_id="[Uganda] NTVU">[Uganda] NTVU</channel>
    <channel site="[ENC][EX]gotvafrica.com_0" site_id="ug|##|PB7" xmltv_id="[Uganda] PBS Kids">[Uganda] PBS Kids</channel>
    <channel site="[ENC][EX]gotvafrica.com_0" site_id="ug|##|PM7" xmltv_id="[Uganda] Pearl Magic">[Uganda] Pearl Magic</channel>
    <channel site="[ENC][EX]gotvafrica.com_0" site_id="ug|##|PM7" xmltv_id="[Uganda] Pearl Magic">[Uganda] Pearl Magic</channel>
    <channel site="[ENC][EX]gotvafrica.com_0" site_id="ug|##|RTW" xmltv_id="[Uganda] Real Time">[Uganda] Real Time</channel>
    <channel site="[ENC][EX]gotvafrica.com_0" site_id="ug|##|ROW" xmltv_id="[Uganda] ROK">[Uganda] ROK</channel>
    <channel site="[ENC][EX]gotvafrica.com_0" site_id="ug|##|ROS" xmltv_id="[Uganda] ROK 2">[Uganda] ROK 2</channel>
    <channel site="[ENC][EX]gotvafrica.com_0" site_id="ug|##|SA7" xmltv_id="[Uganda] SALT TV">[Uganda] SALT TV</channel>
    <channel site="[ENC][EX]gotvafrica.com_0" site_id="ug|##|SPW" xmltv_id="[Uganda] Spark TV">[Uganda] Spark TV</channel>
    <channel site="[ENC][EX]gotvafrica.com_0" site_id="ug|##|S4W" xmltv_id="[Uganda] SS Blitz Africa">[Uganda] SS Blitz Africa</channel>
    <channel site="[ENC][EX]gotvafrica.com_0" site_id="ug|##|S9W" xmltv_id="[Uganda] SS Football Africa">[Uganda] SS Football Africa</channel>
    <channel site="[ENC][EX]gotvafrica.com_0" site_id="ug|##|LGD" xmltv_id="[Uganda] SS LaLiga">[Uganda] SS LaLiga</channel>
    <channel site="[ENC][EX]gotvafrica.com_0" site_id="ug|##|PG1" xmltv_id="[Uganda] SS Select 1">[Uganda] SS Select 1</channel>
    <channel site="[ENC][EX]gotvafrica.com_0" site_id="ug|##|PG2" xmltv_id="[Uganda] SS Select 2">[Uganda] SS Select 2</channel>
    <channel site="[ENC][EX]gotvafrica.com_0" site_id="ug|##|TE7" xmltv_id="[Uganda] TeleMundo">[Uganda] TeleMundo</channel>
    <channel site="[ENC][EX]gotvafrica.com_0" site_id="ug|##|TM7" xmltv_id="[Uganda] TLNovelas">[Uganda] TLNovelas</channel>
    <channel site="[ENC][EX]gotvafrica.com_0" site_id="ug|##|TC4" xmltv_id="[Uganda] TNT Africa">[Uganda] TNT Africa</channel>
    <channel site="[ENC][EX]gotvafrica.com_0" site_id="ug|##|TR7" xmltv_id="[Uganda] TRACE Mziki">[Uganda] TRACE Mziki</channel>
    <channel site="[ENC][EX]gotvafrica.com_0" site_id="ug|##|TWW" xmltv_id="[Uganda] TV West">[Uganda] TV West</channel>
    <channel site="[ENC][EX]gotvafrica.com_0" site_id="ug|##|UGS" xmltv_id="[Uganda] Ugandan Broadcasting Corporation">[Uganda] Ugandan Broadcasting Corporation</channel>
    <channel site="[ENC][EX]gotvafrica.com_0" site_id="ug|##|UR7" xmltv_id="[Uganda] Urban TV (FTA)">[Uganda] Urban TV (FTA)</channel>
    <channel site="[ENC][EX]gotvafrica.com_0" site_id="ug|##|WWE" xmltv_id="[Uganda] WWE SuperSlam">[Uganda] WWE SuperSlam</channel>
    <channel site="[ENC][EX]gotvafrica.com_0" site_id="ug|##|ZW7" xmltv_id="[Uganda] Zee World">[Uganda] Zee World</channel>
    <channel site="[ENC][EX]gotvafrica.com_0" site_id="zm|##|A2W" xmltv_id="[Zambia] Africa Magic Epic">[Zambia] Africa Magic Epic</channel>
    <channel site="[ENC][EX]gotvafrica.com_0" site_id="zm|##|AMW" xmltv_id="[Zambia] Africa Magic Family">[Zambia] Africa Magic Family</channel>
    <channel site="[ENC][EX]gotvafrica.com_0" site_id="zm|##|AMM" xmltv_id="[Zambia] Africa Magic Urban Movies">[Zambia] Africa Magic Urban Movies</channel>
    <channel site="[ENC][EX]gotvafrica.com_0" site_id="zm|##|NAW" xmltv_id="[Zambia] Africanews">[Zambia] Africanews</channel>
    <channel site="[ENC][EX]gotvafrica.com_0" site_id="zm|##|AFE" xmltv_id="[Zambia] AFRO Music English">[Zambia] AFRO Music English</channel>
    <channel site="[ENC][EX]gotvafrica.com_0" site_id="zm|##|ALW" xmltv_id="[Zambia] Al Jazeera">[Zambia] Al Jazeera</channel>
    <channel site="[ENC][EX]gotvafrica.com_0" site_id="zm|##|B4U" xmltv_id="[Zambia] B4U Movies">[Zambia] B4U Movies</channel>
    <channel site="[ENC][EX]gotvafrica.com_0" site_id="zm|##|BW4" xmltv_id="[Zambia] BBC World News">[Zambia] BBC World News</channel>
    <channel site="[ENC][EX]gotvafrica.com_0" site_id="zm|##|BTT" xmltv_id="[Zambia] BET">[Zambia] BET</channel>
    <channel site="[ENC][EX]gotvafrica.com_0" site_id="zm|##|33B" xmltv_id="[Zambia] Boomerang">[Zambia] Boomerang</channel>
    <channel site="[ENC][EX]gotvafrica.com_0" site_id="zm|##|CNT" xmltv_id="[Zambia] CAMNET TV">[Zambia] CAMNET TV</channel>
    <channel site="[ENC][EX]gotvafrica.com_0" site_id="zm|##|CAR" xmltv_id="[Zambia] Cartoon Network">[Zambia] Cartoon Network</channel>
    <channel site="[ENC][EX]gotvafrica.com_0" site_id="zm|##|ZZ1" xmltv_id="[Zambia] CBC">[Zambia] CBC</channel>
    <channel site="[ENC][EX]gotvafrica.com_0" site_id="zm|##|RT4" xmltv_id="[Zambia] CBS Reality">[Zambia] CBS Reality</channel>
    <channel site="[ENC][EX]gotvafrica.com_0" site_id="zm|##|TYT" xmltv_id="[Zambia] City TV">[Zambia] City TV</channel>
    <channel site="[ENC][EX]gotvafrica.com_0" site_id="zm|##|CN4" xmltv_id="[Zambia] CNN International">[Zambia] CNN International</channel>
    <channel site="[ENC][EX]gotvafrica.com_0" site_id="zm|##|DV7" xmltv_id="[Zambia] Da Vinci Kids">[Zambia] Da Vinci Kids</channel>
    <channel site="[ENC][EX]gotvafrica.com_0" site_id="zm|##|DTV" xmltv_id="[Zambia] Diamond TV">[Zambia] Diamond TV</channel>
    <channel site="[ENC][EX]gotvafrica.com_0" site_id="zm|##|DWW" xmltv_id="[Zambia] Discovery Family">[Zambia] Discovery Family</channel>
    <channel site="[ENC][EX]gotvafrica.com_0" site_id="zm|##|DI7" xmltv_id="[Zambia] Discovery ID">[Zambia] Discovery ID</channel>
    <channel site="[ENC][EX]gotvafrica.com_0" site_id="zm|##|DJW" xmltv_id="[Zambia] Disney Junior">[Zambia] Disney Junior</channel>
    <channel site="[ENC][EX]gotvafrica.com_0" site_id="zm|##|EEW" xmltv_id="[Zambia] E! Entertainment">[Zambia] E! Entertainment</channel>
    <channel site="[ENC][EX]gotvafrica.com_0" site_id="zm|##|EDW" xmltv_id="[Zambia] EDU TV">[Zambia] EDU TV</channel>
    <channel site="[ENC][EX]gotvafrica.com_0" site_id="zm|##|EM7" xmltv_id="[Zambia] Emmanuel TV">[Zambia] Emmanuel TV</channel>
    <channel site="[ENC][EX]gotvafrica.com_0" site_id="zm|##|HD2" xmltv_id="[Zambia] eNews Channel Africa">[Zambia] eNews Channel Africa</channel>
    <channel site="[ENC][EX]gotvafrica.com_0" site_id="zm|##|E1W" xmltv_id="[Zambia] ESPN">[Zambia] ESPN</channel>
    <channel site="[ENC][EX]gotvafrica.com_0" site_id="zm|##|TBN" xmltv_id="[Zambia] FAITH">[Zambia] FAITH</channel>
    <channel site="[ENC][EX]gotvafrica.com_0" site_id="zm|##|S30" xmltv_id="[Zambia] Honey Channel">[Zambia] Honey Channel</channel>
    <channel site="[ENC][EX]gotvafrica.com_0" site_id="zm|##|ISW" xmltv_id="[Zambia] ISLAM CHANNEL">[Zambia] ISLAM CHANNEL</channel>
    <channel site="[ENC][EX]gotvafrica.com_0" site_id="zm|##|JJ7" xmltv_id="[Zambia] Jim Jam">[Zambia] Jim Jam</channel>
    <channel site="[ENC][EX]gotvafrica.com_0" site_id="zm|##|ITH" xmltv_id="[Zambia] KIX Channel">[Zambia] KIX Channel</channel>
    <channel site="[ENC][EX]gotvafrica.com_0" site_id="zm|##|MGT" xmltv_id="[Zambia] M-Net Movies 4">[Zambia] M-Net Movies 4</channel>
    <channel site="[ENC][EX]gotvafrica.com_0" site_id="zm|##|MTW" xmltv_id="[Zambia] MTV Base">[Zambia] MTV Base</channel>
    <channel site="[ENC][EX]gotvafrica.com_0" site_id="zm|##|MZB" xmltv_id="[Zambia] Mzansi Bioskop">[Zambia] Mzansi Bioskop</channel>
    <channel site="[ENC][EX]gotvafrica.com_0" site_id="zm|##|MZH" xmltv_id="[Zambia] Mzansi Magic">[Zambia] Mzansi Magic</channel>
    <channel site="[ENC][EX]gotvafrica.com_0" site_id="zm|##|NWW" xmltv_id="[Zambia] NatGeo Wild">[Zambia] NatGeo Wild</channel>
    <channel site="[ENC][EX]gotvafrica.com_0" site_id="zm|##|NA8" xmltv_id="[Zambia] National Geographic Channel">[Zambia] National Geographic Channel</channel>
    <channel site="[ENC][EX]gotvafrica.com_0" site_id="zm|##|NIW" xmltv_id="[Zambia] Nickelodeon">[Zambia] Nickelodeon</channel>
    <channel site="[ENC][EX]gotvafrica.com_0" site_id="zm|##|NOW" xmltv_id="[Zambia] Novela Magic">[Zambia] Novela Magic</channel>
    <channel site="[ENC][EX]gotvafrica.com_0" site_id="zm|##|1ZW" xmltv_id="[Zambia] OneZED">[Zambia] OneZED</channel>
    <channel site="[ENC][EX]gotvafrica.com_0" site_id="zm|##|PTZ" xmltv_id="[Zambia] Parliament TV Zambia">[Zambia] Parliament TV Zambia</channel>
    <channel site="[ENC][EX]gotvafrica.com_0" site_id="zm|##|PB7" xmltv_id="[Zambia] PBS Kids">[Zambia] PBS Kids</channel>
    <channel site="[ENC][EX]gotvafrica.com_0" site_id="zm|##|RTW" xmltv_id="[Zambia] Real Time">[Zambia] Real Time</channel>
    <channel site="[ENC][EX]gotvafrica.com_0" site_id="zm|##|19K" xmltv_id="[Zambia] ROK">[Zambia] ROK</channel>
    <channel site="[ENC][EX]gotvafrica.com_0" site_id="zm|##|ROS" xmltv_id="[Zambia] ROK 2">[Zambia] ROK 2</channel>
    <channel site="[ENC][EX]gotvafrica.com_0" site_id="zm|##|HBW" xmltv_id="[Zambia] SS Blitz Africa">[Zambia] SS Blitz Africa</channel>
    <channel site="[ENC][EX]gotvafrica.com_0" site_id="zm|##|BTD" xmltv_id="[Zambia] SS Football Africa">[Zambia] SS Football Africa</channel>
    <channel site="[ENC][EX]gotvafrica.com_0" site_id="zm|##|LGD" xmltv_id="[Zambia] SS LaLiga Africa">[Zambia] SS LaLiga Africa</channel>
    <channel site="[ENC][EX]gotvafrica.com_0" site_id="zm|##|PG1" xmltv_id="[Zambia] SS Select 1">[Zambia] SS Select 1</channel>
    <channel site="[ENC][EX]gotvafrica.com_0" site_id="zm|##|PG2" xmltv_id="[Zambia] SS Select 2">[Zambia] SS Select 2</channel>
    <channel site="[ENC][EX]gotvafrica.com_0" site_id="zm|##|SI7" xmltv_id="[Zambia] Star Life">[Zambia] Star Life</channel>
    <channel site="[ENC][EX]gotvafrica.com_0" site_id="zm|##|TE7" xmltv_id="[Zambia] TeleMundo">[Zambia] TeleMundo</channel>
    <channel site="[ENC][EX]gotvafrica.com_0" site_id="zm|##|FS1" xmltv_id="[Zambia] TLNovelas">[Zambia] TLNovelas</channel>
    <channel site="[ENC][EX]gotvafrica.com_0" site_id="zm|##|TC4" xmltv_id="[Zambia] TNT Africa">[Zambia] TNT Africa</channel>
    <channel site="[ENC][EX]gotvafrica.com_0" site_id="zm|##|TG7" xmltv_id="[Zambia] Trace Gospel">[Zambia] Trace Gospel</channel>
    <channel site="[ENC][EX]gotvafrica.com_0" site_id="zm|##|HWW" xmltv_id="[Zambia] WWE SuperSlam">[Zambia] WWE SuperSlam</channel>
    <channel site="[ENC][EX]gotvafrica.com_0" site_id="zm|##|HZB" xmltv_id="[Zambia] Zambezi Magic">[Zambia] Zambezi Magic</channel>
    <channel site="[ENC][EX]gotvafrica.com_0" site_id="zm|##|ZN7" xmltv_id="[Zambia] Zambian National Broadcast Corporation">[Zambia] Zambian National Broadcast Corporation</channel>
    <channel site="[ENC][EX]gotvafrica.com_0" site_id="zm|##|ZNW" xmltv_id="[Zambia] Zambian National Broadcast Corporation 2">[Zambia] Zambian National Broadcast Corporation 2</channel>
    <channel site="[ENC][EX]gotvafrica.com_0" site_id="zm|##|ZW7" xmltv_id="[Zambia] Zee World">[Zambia] Zee World</channel>
  </channels>
</site>