<?xml version="1.0" encoding="UTF-8"?>
<site generator-info-name="Tempest EPG Generator (made by Kvanc)" generator-info-url="https://github.com/K-vanc/Tempest-EPG-Generator.git" site="[ENC][EX]shahid.mbc.net[fr]_0">
  <channels>
    <channel site="[ENC][EX]shahid.mbc.net[fr]_0" site_id="387238||/Waseem/Stories0/mbc-1/original/mbc-1.png" xmltv_id="MBC1">MBC1</channel>
    <channel site="[ENC][EX]shahid.mbc.net[fr]_0" site_id="387251||/Waseem/Stories0/mbc-drama/original/mbc-drama.png" xmltv_id="MBC Drama">MBC Drama</channel>
    <channel site="[ENC][EX]shahid.mbc.net[fr]_0" site_id="951783||/2022/Amr/ramadan/SSC1_HD_Logo/original/SSC1_HD_Logo.png" xmltv_id="تخيل">تخيل</channel>
    <channel site="[ENC][EX]shahid.mbc.net[fr]_0" site_id="387290||/Waseem/Stories0/mbc-msr-1/original/mbc-msr-1.png" xmltv_id="MBC Masr">MBC Masr</channel>
    <channel site="[ENC][EX]shahid.mbc.net[fr]_0" site_id="400919||/Waseem/Stories0/mbc-4/original/mbc-4.png" xmltv_id="MBC4">MBC4</channel>
    <channel site="[ENC][EX]shahid.mbc.net[fr]_0" site_id="387296||/Waseem/Stories0/mbc-drama-plus/original/mbc-drama-plus.png" xmltv_id="MBC Plus Drama">MBC Plus Drama</channel>
    <channel site="[ENC][EX]shahid.mbc.net[fr]_0" site_id="387293||/Waseem/Stories0/mbc-msr-2/original/mbc-msr-2.png" xmltv_id="MBC Masr2">MBC Masr2</channel>
    <channel site="[ENC][EX]shahid.mbc.net[fr]_0" site_id="387937||/Waseem/Stories0/mbc-5/original/mbc-5.png" xmltv_id="MBC5">MBC5</channel>
    <channel site="[ENC][EX]shahid.mbc.net[fr]_0" site_id="409387||/Waseem/Stories0/mbc-bollywood/original/mbc-bollywood.png" xmltv_id="MBC Bollywood">MBC Bollywood</channel>
    <channel site="[ENC][EX]shahid.mbc.net[fr]_0" site_id="387294||/Waseem/Stories0/mbc-iraq/original/mbc-iraq.png" xmltv_id="MBC Iraq">MBC Iraq</channel>
    <channel site="[ENC][EX]shahid.mbc.net[fr]_0" site_id="418308||/Waseem/Stories0/mbc-persia/original/mbc-persia.png" xmltv_id="MBC Persia">MBC Persia</channel>
    <channel site="[ENC][EX]shahid.mbc.net[fr]_0" site_id="820511||/2020/taha/t2020/logos-rotana-2020/rotana---logo/original/rotana---logo.png" xmltv_id="Rotana+">Rotana+</channel>
    <channel site="[ENC][EX]shahid.mbc.net[fr]_0" site_id="820509||/2020/taha/t2020/logos-rotana-2020/rotana-drama-logo/original/rotana-drama-logo.png" xmltv_id="Rotana Drama">Rotana Drama</channel>
    <channel site="[ENC][EX]shahid.mbc.net[fr]_0" site_id="820504||/2020/taha/t2020/logos-rotana-2020/rotana-khalijya-logo/original/rotana-khalijya-logo.png" xmltv_id="Rotana Khalijia">Rotana Khalijia</channel>
    <channel site="[ENC][EX]shahid.mbc.net[fr]_0" site_id="946945||/2022/jan/zekrayat_channel_logo/original/zekrayat_channel_logo.png" xmltv_id="ذكريات">ذكريات</channel>
    <channel site="[ENC][EX]shahid.mbc.net[fr]_0" site_id="872342||/2021/Abd/Jan/m6-images/m6-international-logo/original/m6-international-logo.png" xmltv_id="M6 INTERNATIONAL">M6 INTERNATIONAL</channel>
    <channel site="[ENC][EX]shahid.mbc.net[fr]_0" site_id="946940||/2022/jan/SBC_channel_logo/original/SBC_channel_logo.png" xmltv_id="SBC">SBC</channel>
    <channel site="[ENC][EX]shahid.mbc.net[fr]_0" site_id="957522||/2022/safo/safsaf/newsafafa/Ramdan/jun/untitled/Tash/original/Tash.png" xmltv_id="طاش">طاش</channel>
    <channel site="[ENC][EX]shahid.mbc.net[fr]_0" site_id="957847||/2022/safo/safsaf/newsafafa/Ramdan/jun/untitled/masr7yat5/original/masr7yat5.png" xmltv_id="المسرح">المسرح</channel>
    <channel site="[ENC][EX]shahid.mbc.net[fr]_0" site_id="957848||/2022/safo/safsaf/newsafafa/Ramdan/jun/untitled/ngoom/original/ngoom.png" xmltv_id="نجوم">نجوم</channel>
    <channel site="[ENC][EX]shahid.mbc.net[fr]_0" site_id="957523||/2022/safo/safsaf/newsafafa/Ramdan/jun/untitled/Hasseno/original/Hasseno.png" xmltv_id="حسينوه">حسينوه</channel>
    <channel site="[ENC][EX]shahid.mbc.net[fr]_0" site_id="957596||/2022/safo/safsaf/newsafafa/Ramdan/jun/untitled/khalegy/original/khalegy.png" xmltv_id="خليجي">خليجي</channel>
    <channel site="[ENC][EX]shahid.mbc.net[fr]_0" site_id="957535||/2022/safo/safsaf/newsafafa/Ramdan/jun/untitled/bollywood/original/bollywood.png" xmltv_id="بوليوود">بوليوود</channel>
    <channel site="[ENC][EX]shahid.mbc.net[fr]_0" site_id="957532||/2022/safo/safsaf/newsafafa/Ramdan/jun/untitled/turky/original/turky.png" xmltv_id="تركي">تركي</channel>
    <channel site="[ENC][EX]shahid.mbc.net[fr]_0" site_id="957766||/2022/safo/safsaf/newsafafa/Ramdan/jun/untitled/Masr/original/Masr.png" xmltv_id="مصر">مصر</channel>
    <channel site="[ENC][EX]shahid.mbc.net[fr]_0" site_id="957656||/2022/safo/safsaf/newsafafa/Ramdan/jun/untitled/al_ostora/original/al_ostora.png" xmltv_id="الأسطورة">الأسطورة</channel>
    <channel site="[ENC][EX]shahid.mbc.net[fr]_0" site_id="957655||/2022/safo/safsaf/newsafafa/Ramdan/jun/untitled/Al_Zaeem/original/Al_Zaeem.png" xmltv_id="الزعيم">الزعيم</channel>
    <channel site="[ENC][EX]shahid.mbc.net[fr]_0" site_id="957666||/2022/safo/safsaf/newsafafa/Ramdan/jun/untitled/levant/original/levant.png" xmltv_id="ليفانت">ليفانت</channel>
    <channel site="[ENC][EX]shahid.mbc.net[fr]_0" site_id="957632||/2022/safo/safsaf/newsafafa/Ramdan/jun/untitled/documentry5/original/documentry5.png" xmltv_id="تاريخي">تاريخي</channel>
    <channel site="[ENC][EX]shahid.mbc.net[fr]_0" site_id="957642||/2022/safo/safsaf/newsafafa/Ramdan/jun/untitled/comedy/original/comedy.png" xmltv_id="كوميدي">كوميدي</channel>
    <channel site="[ENC][EX]shahid.mbc.net[fr]_0" site_id="957524||/2022/safo/safsaf/newsafafa/Ramdan/jun/Al-Sham5/original/Al-Sham5.png" xmltv_id="الشام">الشام</channel>
    <channel site="[ENC][EX]shahid.mbc.net[fr]_0" site_id="957850||/2022/safo/safsaf/newsafafa/Ramdan/jun/untitled/maqaleb/original/maqaleb.png" xmltv_id="مقالب">مقالب</channel>
    <channel site="[ENC][EX]shahid.mbc.net[fr]_0" site_id="957851||/2022/safo/safsaf/newsafafa/Ramdan/jun/untitled/al-ola/original/al-ola.png" xmltv_id="شاهد الأولى">شاهد الأولى</channel>
    <channel site="[ENC][EX]shahid.mbc.net[fr]_0" site_id="957849||/2022/safo/safsaf/newsafafa/Ramdan/jun/untitled/korean/original/korean.png" xmltv_id="كوري">كوري</channel>
    <channel site="[ENC][EX]shahid.mbc.net[fr]_0" site_id="957852||/2022/Jul/alshef/original/alshef.png" xmltv_id="الشيف">الشيف</channel>
    <channel site="[ENC][EX]shahid.mbc.net[fr]_0" site_id="957529||/2022/safo/safsaf/newsafafa/Ramdan/jun/untitled/mwahb/original/mwahb.png" xmltv_id="مواهب">مواهب</channel>
    <channel site="[ENC][EX]shahid.mbc.net[fr]_0" site_id="957528||/2022/safo/safsaf/newsafafa/Ramdan/jun/untitled/style/original/style.png" xmltv_id="ستايل">ستايل</channel>
    <channel site="[ENC][EX]shahid.mbc.net[fr]_0" site_id="387286||/2022/Amjad/oct/alarabya_logo/original/alarabya_logo.png" xmltv_id="العربية">العربية</channel>
    <channel site="[ENC][EX]shahid.mbc.net[fr]_0" site_id="387288||/Waseem/Stories0/alhadath/original/alhadath.png" xmltv_id="الحدث">الحدث</channel>
    <channel site="[ENC][EX]shahid.mbc.net[fr]_0" site_id="862837||/2021/FEB/sharq/ashraqLogo-Templet/original/ashraqLogo-Templet.png" xmltv_id="الشرق">الشرق</channel>
    <channel site="[ENC][EX]shahid.mbc.net[fr]_0" site_id="952479||/2022/jan/logo_template_ENG/original/logo_template_ENG.png" xmltv_id="euronews english">euronews english</channel>
    <channel site="[ENC][EX]shahid.mbc.net[fr]_0" site_id="946948||/2022/jan/al_ikhbaria_channel_logo/original/al_ikhbaria_channel_logo.png" xmltv_id="الإخبارية">الإخبارية</channel>
    <channel site="[ENC][EX]shahid.mbc.net[fr]_0" site_id="946938||/2022/jan/saudi_tv_channel_logo/original/saudi_tv_channel_logo.png" xmltv_id="السعودية">السعودية</channel>
    <channel site="[ENC][EX]shahid.mbc.net[fr]_0" site_id="955107||/2022/Kharabsheh2/August/General/NEWS-(1)/original/NEWS-(1).png" xmltv_id="SSC News">SSC News</channel>
    <channel site="[ENC][EX]shahid.mbc.net[fr]_0" site_id="952484||/2022/jan/logo_template_FR/original/logo_template_FR.png" xmltv_id="euronews french">euronews french</channel>
    <channel site="[ENC][EX]shahid.mbc.net[fr]_0" site_id="409385||/Waseem/Stories0/mbc-3-logo/original/mbc-3-logo.png" xmltv_id="MBC3">MBC3</channel>
    <channel site="[ENC][EX]shahid.mbc.net[fr]_0" site_id="409390||/Waseem/Stories0/spacetoon/original/spacetoon.png" xmltv_id="Spacetoon">Spacetoon</channel>
    <channel site="[ENC][EX]shahid.mbc.net[fr]_0" site_id="420310||/Waseem/Stories0/cn-logo/original/cn-logo.png" xmltv_id="Cartoon Network">Cartoon Network</channel>
    <channel site="[ENC][EX]shahid.mbc.net[fr]_0" site_id="820512||/2020/taha/t2020/logos-rotana-2020/rotana-kids-logo/original/rotana-kids-logo.png" xmltv_id="Rotana Kids">Rotana Kids</channel>
    <channel site="[ENC][EX]shahid.mbc.net[fr]_0" site_id="872344||/2021/Abd/Jan/m6-images/GULLI_LOGO/original/GULLI_LOGO.png" xmltv_id="GULLI BIL ARABI">GULLI BIL ARABI</channel>
    <channel site="[ENC][EX]shahid.mbc.net[fr]_0" site_id="872347||/2021/Abd/Jan/m6-images/Tigi_Logo/original/Tigi_Logo.png" xmltv_id="TIJI in French">TIJI in French</channel>
    <channel site="[ENC][EX]shahid.mbc.net[fr]_0" site_id="820505||/2020/taha/t2020/logos-rotana-2020/rotana-cinema-ksa-logo/original/rotana-cinema-ksa-logo.png" xmltv_id="Rotana Cinema KSA">Rotana Cinema KSA</channel>
    <channel site="[ENC][EX]shahid.mbc.net[fr]_0" site_id="820506||/2020/taha/t2020/logos-rotana-2020/rotana-cinema-egy-logo/original/rotana-cinema-egy-logo.png" xmltv_id="Rotana Cinema EGY">Rotana Cinema EGY</channel>
    <channel site="[ENC][EX]shahid.mbc.net[fr]_0" site_id="820507||/2020/taha/t2020/logos-rotana-2020/rotana-classic-logo/original/rotana-classic-logo.png" xmltv_id="Rotana Classic">Rotana Classic</channel>
    <channel site="[ENC][EX]shahid.mbc.net[fr]_0" site_id="901453||/2021/Amr/Ramadan-Program/untitled/Jun/logo_live_slate/original/logo_live_slate.png" xmltv_id="FIGHT Sports">FIGHT Sports</channel>
    <channel site="[ENC][EX]shahid.mbc.net[fr]_0" site_id="414449||/Waseem/Stories0/wanasah/original/wanasah.png" xmltv_id="وناسه">وناسه</channel>
    <channel site="[ENC][EX]shahid.mbc.net[fr]_0" site_id="388567||/New-Thumbs/karim_2021_nov/Mbc-Fm-Live-logo2/original/Mbc-Fm-Live-logo2.png" xmltv_id="MBC FM">MBC FM</channel>
    <channel site="[ENC][EX]shahid.mbc.net[fr]_0" site_id="388566||/New-Thumbs/karim_2021_nov/Panorama-Fm-Live-logo2/original/Panorama-Fm-Live-logo2.png" xmltv_id="Panorama FM">Panorama FM</channel>
    <channel site="[ENC][EX]shahid.mbc.net[fr]_0" site_id="957526||/2022/safo/safsaf/newsafafa/Ramdan/jun/untitled/tarab/original/tarab.png" xmltv_id="طرب">طرب</channel>
    <channel site="[ENC][EX]shahid.mbc.net[fr]_0" site_id="957525||/2022/safo/safsaf/newsafafa/Ramdan/jun/untitled/Fanan_alarab/original/Fanan_alarab.png" xmltv_id="فنان العرب">فنان العرب</channel>
    <channel site="[ENC][EX]shahid.mbc.net[fr]_0" site_id="946946||/2022/jan/Quraan_channel_logo/original/Quraan_channel_logo.png" xmltv_id="القرآن الكريم">القرآن الكريم</channel>
    <channel site="[ENC][EX]shahid.mbc.net[fr]_0" site_id="946942||/2022/jan/Sunna_channel_logo/original/Sunna_channel_logo.png" xmltv_id="السنة النبوية">السنة النبوية</channel>
    <channel site="[ENC][EX]shahid.mbc.net[fr]_0" site_id="960069||/2022/Mar/Amjad/July/Logo_nessma/original/Logo_nessma.png" xmltv_id="نسمة الجديدة">نسمة الجديدة</channel>
    <channel site="[ENC][EX]shahid.mbc.net[fr]_0" site_id="960084||/2022/Mar/Amjad/July/Logo_helwa/original/Logo_helwa.png" xmltv_id="حلوة">حلوة</channel>
  </channels>
</site>