<?xml version="1.0" encoding="UTF-8"?>
<site generator-info-name="Tempest EPG Generator (made by Kvanc)" generator-info-url="https://github.com/K-vanc/Tempest-EPG-Generator.git" site="[ENC]bein.com[entertainment][ar]_0">
  <channels>
    <channel site="[ENC]bein.com[entertainment][ar]_0" site_id="1" xmltv_id="MOVIES1 PREMIERE DIGITAL">MOVIES1 PREMIERE DIGITAL</channel>
    <channel site="[ENC]bein.com[entertainment][ar]_0" site_id="2" xmltv_id="MOVIES2 ACTION DIGITAL">MOVIES2 ACTION DIGITAL</channel>
    <channel site="[ENC]bein.com[entertainment][ar]_0" site_id="3" xmltv_id="MOVIES3 DRAMA DIGITAL">MOVIES3 DRAMA DIGITAL</channel>
    <channel site="[ENC]bein.com[entertainment][ar]_0" site_id="4" xmltv_id="MOVIES4 FAMILY DIGITAL">MOVIES4 FAMILY DIGITAL</channel>
    <channel site="[ENC]bein.com[entertainment][ar]_0" site_id="5" xmltv_id="BoxOffice1 DIGITAL">BoxOffice1 DIGITAL</channel>
    <channel site="[ENC]bein.com[entertainment][ar]_0" site_id="6" xmltv_id="BoxOffice2 DIGITAL">BoxOffice2 DIGITAL</channel>
    <channel site="[ENC]bein.com[entertainment][ar]_0" site_id="7" xmltv_id="SERIES1 DIGITAL">SERIES1 DIGITAL</channel>
    <channel site="[ENC]bein.com[entertainment][ar]_0" site_id="8" xmltv_id="SERIES2 DIGITAL">SERIES2 DIGITAL</channel>
    <channel site="[ENC]bein.com[entertainment][ar]_0" site_id="9" xmltv_id="DRAMA DIGITAL">DRAMA DIGITAL</channel>
    <channel site="[ENC]bein.com[entertainment][ar]_0" site_id="10" xmltv_id="GOURMET DIGITAL">GOURMET DIGITAL</channel>
    <channel site="[ENC]bein.com[entertainment][ar]_0" site_id="11" xmltv_id="beJUNIOR">beJUNIOR</channel>
    <channel site="[ENC]bein.com[entertainment][ar]_0" site_id="12" xmltv_id="Jeem-HD-1-01">Jeem-HD-1-01</channel>
    <channel site="[ENC]bein.com[entertainment][ar]_0" site_id="13" xmltv_id="Bara3em-1">Bara3em-1</channel>
    <channel site="[ENC]bein.com[entertainment][ar]_0" site_id="14" xmltv_id="Cartoon-Network-HD-1">Cartoon-Network-HD-1</channel>
    <channel site="[ENC]bein.com[entertainment][ar]_0" site_id="15" xmltv_id="Cartoon-Network-Hindi-1">Cartoon-Network-Hindi-1</channel>
    <channel site="[ENC]bein.com[entertainment][ar]_0" site_id="16" xmltv_id="Cartoon-Network-Arabic-1">Cartoon-Network-Arabic-1</channel>
    <channel site="[ENC]bein.com[entertainment][ar]_0" site_id="17" xmltv_id="Baby-TV-1">Baby-TV-1</channel>
    <channel site="[ENC]bein.com[entertainment][ar]_0" site_id="18" xmltv_id="CBeebies-1">CBeebies-1</channel>
    <channel site="[ENC]bein.com[entertainment][ar]_0" site_id="19" xmltv_id="DW B-1">DW B-1</channel>
    <channel site="[ENC]bein.com[entertainment][ar]_0" site_id="20" xmltv_id="Fox-Family-Movies-1">Fox-Family-Movies-1</channel>
    <channel site="[ENC]bein.com[entertainment][ar]_0" site_id="21" xmltv_id="Fox-Action-Movies-1">Fox-Action-Movies-1</channel>
    <channel site="[ENC]bein.com[entertainment][ar]_0" site_id="22" xmltv_id="StarWorldHD">StarWorldHD</channel>
    <channel site="[ENC]bein.com[entertainment][ar]_0" site_id="23" xmltv_id="Star-Movies-HD">Star-Movies-HD</channel>
    <channel site="[ENC]bein.com[entertainment][ar]_0" site_id="24" xmltv_id="FOX-HD-1">FOX-HD-1</channel>
    <channel site="[ENC]bein.com[entertainment][ar]_0" site_id="25" xmltv_id="Travel-Channel-HD-1">Travel-Channel-HD-1</channel>
    <channel site="[ENC]bein.com[entertainment][ar]_0" site_id="26" xmltv_id="FATAFEAT-1">FATAFEAT-1</channel>
    <channel site="[ENC]bein.com[entertainment][ar]_0" site_id="27" xmltv_id="food-network-logo-2018-1">food-network-logo-2018-1</channel>
    <channel site="[ENC]bein.com[entertainment][ar]_0" site_id="28" xmltv_id="HGTV">HGTV</channel>
    <channel site="[ENC]bein.com[entertainment][ar]_0" site_id="29" xmltv_id="FX-HD-Black-1">FX-HD-Black-1</channel>
    <channel site="[ENC]bein.com[entertainment][ar]_0" site_id="30" xmltv_id="UPDATEz-NGW Full Logo 20182">UPDATEz-NGW Full Logo 20182</channel>
    <channel site="[ENC]bein.com[entertainment][ar]_0" site_id="31" xmltv_id="Nat geo hd">Nat geo hd</channel>
    <channel site="[ENC]bein.com[entertainment][ar]_0" site_id="32" xmltv_id="BBC earth">BBC earth</channel>
    <channel site="[ENC]bein.com[entertainment][ar]_0" site_id="33" xmltv_id="Aljazeera-Documentary-1">Aljazeera-Documentary-1</channel>
    <channel site="[ENC]bein.com[entertainment][ar]_0" site_id="34" xmltv_id="Trt worls blk">Trt worls blk</channel>
    <channel site="[ENC]bein.com[entertainment][ar]_0" site_id="35" xmltv_id="Euro-News">Euro-News</channel>
    <channel site="[ENC]bein.com[entertainment][ar]_0" site_id="36" xmltv_id="CNN-HD-2">CNN-HD-2</channel>
    <channel site="[ENC]bein.com[entertainment][ar]_0" site_id="37" xmltv_id="Bloomberg-1">Bloomberg-1</channel>
    <channel site="[ENC]bein.com[entertainment][ar]_0" site_id="38" xmltv_id="Mtv-80s">Mtv-80s</channel>
    <channel site="[ENC]bein.com[entertainment][ar]_0" site_id="39" xmltv_id="Mtv-90s">Mtv-90s</channel>
    <channel site="[ENC]bein.com[entertainment][ar]_0" site_id="40" xmltv_id="Mtv-club">Mtv-club</channel>
  </channels>
</site>