<?xml version="1.0" encoding="UTF-8"?>
<site generator-info-name="Tempest EPG Generator (made by Kvanc)" generator-info-url="https://github.com/K-vanc/Tempest-EPG-Generator.git" site="[ENC]bein.com[sports][en]_0">
  <channels>
    <channel site="[ENC]bein.com[sports][en]_0" site_id="1" xmltv_id="NEWS DIGITAL">NEWS DIGITAL</channel>
    <channel site="[ENC]bein.com[sports][en]_0" site_id="2" xmltv_id="bein SPORTS FTA DIGITAL">bein SPORTS FTA DIGITAL</channel>
    <channel site="[ENC]bein.com[sports][en]_0" site_id="3" xmltv_id="beIN SPORTS1 DIGITAL">beIN SPORTS1 DIGITAL</channel>
    <channel site="[ENC]bein.com[sports][en]_0" site_id="4" xmltv_id="beIN SPORTS2 DIGITAL">beIN SPORTS2 DIGITAL</channel>
    <channel site="[ENC]bein.com[sports][en]_0" site_id="5" xmltv_id="beIN SPORTS3 DIGITAL">beIN SPORTS3 DIGITAL</channel>
    <channel site="[ENC]bein.com[sports][en]_0" site_id="6" xmltv_id="beIN SPORTS4 DIGITAL">beIN SPORTS4 DIGITAL</channel>
    <channel site="[ENC]bein.com[sports][en]_0" site_id="7" xmltv_id="beIN SPORTS5 DIGITAL">beIN SPORTS5 DIGITAL</channel>
    <channel site="[ENC]bein.com[sports][en]_0" site_id="8" xmltv_id="beIN SPORTS66 DIGITAL -01">beIN SPORTS66 DIGITAL -01</channel>
    <channel site="[ENC]bein.com[sports][en]_0" site_id="9" xmltv_id="beIN SPORTS7 DIGITAL">beIN SPORTS7 DIGITAL</channel>
    <channel site="[ENC]bein.com[sports][en]_0" site_id="10" xmltv_id="beIN SPORTS1 PREMIUM Digital">beIN SPORTS1 PREMIUM Digital</channel>
    <channel site="[ENC]bein.com[sports][en]_0" site_id="11" xmltv_id="beIN SPORTS2 PREMIUM Digital">beIN SPORTS2 PREMIUM Digital</channel>
    <channel site="[ENC]bein.com[sports][en]_0" site_id="12" xmltv_id="beIN SPORTS3 PREMIUM Digital">beIN SPORTS3 PREMIUM Digital</channel>
    <channel site="[ENC]bein.com[sports][en]_0" site_id="13" xmltv_id="beIN SPORTS XTRA1 Digital">beIN SPORTS XTRA1 Digital</channel>
    <channel site="[ENC]bein.com[sports][en]_0" site_id="14" xmltv_id="beIN SPORTS XTRA2 Digital">beIN SPORTS XTRA2 Digital</channel>
    <channel site="[ENC]bein.com[sports][en]_0" site_id="15" xmltv_id="4k DIGITAL">4k DIGITAL</channel>
    <channel site="[ENC]bein.com[sports][en]_0" site_id="16" xmltv_id="bein.com-05">bein.com-05</channel>
    <channel site="[ENC]bein.com[sports][en]_0" site_id="17" xmltv_id="bein.com-06">bein.com-06</channel>
    <channel site="[ENC]bein.com[sports][en]_0" site_id="18" xmltv_id="bein.com-07">bein.com-07</channel>
    <channel site="[ENC]bein.com[sports][en]_0" site_id="19" xmltv_id="bein.com-08">bein.com-08</channel>
    <channel site="[ENC]bein.com[sports][en]_0" site_id="20" xmltv_id="beIN SPORTS1 ENGLISH Digital">beIN SPORTS1 ENGLISH Digital</channel>
    <channel site="[ENC]bein.com[sports][en]_0" site_id="21" xmltv_id="beIN SPORTS2 ENGLISH Digital">beIN SPORTS2 ENGLISH Digital</channel>
    <channel site="[ENC]bein.com[sports][en]_0" site_id="22" xmltv_id="beIN SPORTS3 ENGLISH Digital">beIN SPORTS3 ENGLISH Digital</channel>
    <channel site="[ENC]bein.com[sports][en]_0" site_id="23" xmltv_id="NBA DIGITAL">NBA DIGITAL</channel>
    <channel site="[ENC]bein.com[sports][en]_0" site_id="24" xmltv_id="beIN SPORTS1 FRENCH Digital">beIN SPORTS1 FRENCH Digital</channel>
    <channel site="[ENC]bein.com[sports][en]_0" site_id="25" xmltv_id="beIN SPORTS2 FRENCH Digital">beIN SPORTS2 FRENCH Digital</channel>
    <channel site="[ENC]bein.com[sports][en]_0" site_id="26" xmltv_id="beIN SPORTS3 FRENCH Digital">beIN SPORTS3 FRENCH Digital</channel>
    <channel site="[ENC]bein.com[sports][en]_0" site_id="27" xmltv_id="Al-Kass-1-1">Al-Kass-1-1</channel>
    <channel site="[ENC]bein.com[sports][en]_0" site_id="28" xmltv_id="Al-Kass-2-1">Al-Kass-2-1</channel>
    <channel site="[ENC]bein.com[sports][en]_0" site_id="29" xmltv_id="Al-Kass-3-1">Al-Kass-3-1</channel>
    <channel site="[ENC]bein.com[sports][en]_0" site_id="30" xmltv_id="Al-Kass-4-1">Al-Kass-4-1</channel>
    <channel site="[ENC]bein.com[sports][en]_0" site_id="31" xmltv_id="Al-Kass-5-1">Al-Kass-5-1</channel>
    <channel site="[ENC]bein.com[sports][en]_0" site_id="32" xmltv_id="Al-Kass-6-1">Al-Kass-6-1</channel>
    <channel site="[ENC]bein.com[sports][en]_0" site_id="33" xmltv_id="Al-Kass-7-1">Al-Kass-7-1</channel>
    <channel site="[ENC]bein.com[sports][en]_0" site_id="34" xmltv_id="Al-Kass-8-1">Al-Kass-8-1</channel>
  </channels>
</site>