<?xml version="1.0" encoding="UTF-8"?>
<site generator-info-name="Tempest EPG Generator (made by Kvanc)" generator-info-url="https://github.com/K-vanc/Tempest-EPG-Generator.git" site="[ENC]zee5.com_0">
  <channels>
    <channel site="[ENC]zee5.com_0" site_id="0-9-channel_1643519345||1170x658withlog1022570266.png" xmltv_id="Zing USA">Zing USA</channel>
    <channel site="[ENC]zee5.com_0" site_id="0-9-zing||1170x658withlogo895666865.png" xmltv_id="Zing">Zing</channel>
    <channel site="[ENC]zee5.com_0" site_id="0-9-348||1170x658withlog2096037619.png" xmltv_id="Zee Zest HD">Zee Zest HD</channel>
    <channel site="[ENC]zee5.com_0" site_id="0-9-zeeyuva||1170x658withlogo_361849131.png" xmltv_id="Zee Yuva">Zee Yuva</channel>
    <channel site="[ENC]zee5.com_0" site_id="0-9-channel_1586895760||1170x658withlog_1679789453.png" xmltv_id="Zee TV USA">Zee TV USA</channel>
    <channel site="[ENC]zee5.com_0" site_id="0-9-tvme||1170x658withlogo461651678.png" xmltv_id="Zee TV ME">Zee TV ME</channel>
    <channel site="[ENC]zee5.com_0" site_id="0-9-channel_341994370||1170x658withlog1321599314.png" xmltv_id="Zee TV HD USA">Zee TV HD USA</channel>
    <channel site="[ENC]zee5.com_0" site_id="0-9-zeetvuk||1170x658withlogztc633bfac0dc64e409316e647361cd548.png" xmltv_id="Zee TV HD UK">Zee TV HD UK</channel>
    <channel site="[ENC]zee5.com_0" site_id="0-9-channel_1017420475||1170x658withlogo802115861.png" xmltv_id="Zee TV HD Canada">Zee TV HD Canada</channel>
    <channel site="[ENC]zee5.com_0" site_id="0-9-zeetvhd||1170x658withlog1554775145.png" xmltv_id="Zee TV HD">Zee TV HD</channel>
    <channel site="[ENC]zee5.com_0" site_id="0-9-zeetvapac||1170x658withlog1235424442.png" xmltv_id="Zee TV APAC">Zee TV APAC</channel>
    <channel site="[ENC]zee5.com_0" site_id="0-9-zeetv||1170x658withlogo_200095097.png" xmltv_id="Zee TV">Zee TV</channel>
    <channel site="[ENC]zee5.com_0" site_id="0-9-224||1170x658withlogo334138193.png" xmltv_id="Zee Thirai">Zee Thirai</channel>
    <channel site="[ENC]zee5.com_0" site_id="0-9-zeetelugu||1170x658withlogo383e4b53bf8f4558a0ac9ce2657ba342.png" xmltv_id="Zee Telugu HD">Zee Telugu HD</channel>
    <channel site="[ENC]zee5.com_0" site_id="0-9-360||1170x658withlog1187952075.png" xmltv_id="Zee Tamil HD APAC">Zee Tamil HD APAC</channel>
    <channel site="[ENC]zee5.com_0" site_id="0-9-zeetamil||1170x6580c64b034b1f04766a39172f72eb97c77.png" xmltv_id="Zee Tamil HD">Zee Tamil HD</channel>
    <channel site="[ENC]zee5.com_0" site_id="0-9-zeetalkies||1170x658483062857.png" xmltv_id="Zee Talkies HD">Zee Talkies HD</channel>
    <channel site="[ENC]zee5.com_0" site_id="0-9-sarthaktv||1170x658withlog1150431941.png" xmltv_id="Zee Sarthak">Zee Sarthak</channel>
    <channel site="[ENC]zee5.com_0" site_id="0-9-zeesalaam||zeesalaam1170007fc0a564444dd68d57bb1e95619dc2.png" xmltv_id="Zee Salaam">Zee Salaam</channel>
    <channel site="[ENC]zee5.com_0" site_id="0-9-zeerajasthannews||zeerajasthannews117070864e8378604f6f85f263eaa5c30de0.png" xmltv_id="Zee Rajasthan News">Zee Rajasthan News</channel>
    <channel site="[ENC]zee5.com_0" site_id="0-9-215||1170x658withlog1031170304.png" xmltv_id="Zee Punjabi">Zee Punjabi</channel>
    <channel site="[ENC]zee5.com_0" site_id="0-9-zeepunjabharyanahima||zphh1440b1f49d4ef55d411d86fc2f9a742f131f.png" xmltv_id="Zee Punjab Haryana Himachal Pradesh">Zee Punjab Haryana Himachal Pradesh</channel>
    <channel site="[ENC]zee5.com_0" site_id="0-9-241||1170x658withlog1692640342.png" xmltv_id="Zee Picchar">Zee Picchar</channel>
    <channel site="[ENC]zee5.com_0" site_id="0-9-channel_265145625||zeeupuk1170a3055f61b5744d459ffb15b9ba8f4ae6.png" xmltv_id="Zee News Uttar Pradesh Uttrakhand">Zee News Uttar Pradesh Uttrakhand</channel>
    <channel site="[ENC]zee5.com_0" site_id="0-9-9z583538||zeetelugu11702ca13626c6b34cfdb345bb6f26c59b84.png" xmltv_id="Zee News Telugu">Zee News Telugu</channel>
    <channel site="[ENC]zee5.com_0" site_id="0-9-9z583533||zeetamil117038a213551d724bf7824722ca693b24f0.png" xmltv_id="ZEE News Tamil">ZEE News Tamil</channel>
    <channel site="[ENC]zee5.com_0" site_id="0-9-9z583539||1170x658f0313dbfc3ef4c0c9c4619454829b2d3.png" xmltv_id="ZEE News Malayalam">ZEE News Malayalam</channel>
    <channel site="[ENC]zee5.com_0" site_id="0-9-9z583537||zeekannada1170d7c53739e37d42b3b5fe5ca095cd32f5.png" xmltv_id="ZEE News Kannada">ZEE News Kannada</channel>
    <channel site="[ENC]zee5.com_0" site_id="0-9-zeenews||zeenews1170ac3284dba03741678189cc933054cae9.png" xmltv_id="Zee News">Zee News</channel>
    <channel site="[ENC]zee5.com_0" site_id="0-9-channel_926372368||1170x658withlog2109236011.png" xmltv_id="Zee Marathi USA">Zee Marathi USA</channel>
    <channel site="[ENC]zee5.com_0" site_id="0-9-zeemarathi||1170x658withlogo551054149.png" xmltv_id="Zee Marathi HD">Zee Marathi HD</channel>
    <channel site="[ENC]zee5.com_0" site_id="0-9-zeemadhyapradeshchat||zeemadhyapradeshchhattisgarh117010ad44a58982443fa31d4d943ec6bf5f.png" xmltv_id="Zee Madhya Pradesh Chhattisgarh">Zee Madhya Pradesh Chhattisgarh</channel>
    <channel site="[ENC]zee5.com_0" site_id="0-9-129||1170x658withlogo268830785.png" xmltv_id="Zee Keralam HD">Zee Keralam HD</channel>
    <channel site="[ENC]zee5.com_0" site_id="0-9-zeekannada||zeekannada17089566f88c3ba4af2a1b7da91e8cf14f3.png" xmltv_id="Zee Kannada HD">Zee Kannada HD</channel>
    <channel site="[ENC]zee5.com_0" site_id="0-9-zeehindustan||zeehindustan11708f89508a7f6e405a9eb786f3a1e06f27.png" xmltv_id="Zee Hindustan">Zee Hindustan</channel>
    <channel site="[ENC]zee5.com_0" site_id="0-9-bigganga||1170x6581735687172.png" xmltv_id="Zee Ganga">Zee Ganga</channel>
    <channel site="[ENC]zee5.com_0" site_id="0-9-zeekalinganews||zeedelhiharyana1170x658e8b7b3111f204117a0bcf3f8a1327e7b.png" xmltv_id="Zee Delhi NCR Haryana">Zee Delhi NCR Haryana</channel>
    <channel site="[ENC]zee5.com_0" site_id="0-9-176||1170x658d4d3573a17f24dcdb86c0da75e7208e8.png" xmltv_id="Zee Classic">Zee Classic</channel>
    <channel site="[ENC]zee5.com_0" site_id="0-9-zeecinemalu||1170x6581642453232.png" xmltv_id="Zee Cinemalu HD">Zee Cinemalu HD</channel>
    <channel site="[ENC]zee5.com_0" site_id="0-9-179||1170x658withlog1984618210.png" xmltv_id="Zee Cinema USA">Zee Cinema USA</channel>
    <channel site="[ENC]zee5.com_0" site_id="0-9-zeecinemauk||1170x658withlog2033221714.png" xmltv_id="Zee Cinema UK">Zee Cinema UK</channel>
    <channel site="[ENC]zee5.com_0" site_id="0-9-zeecinemaintl||1170x658withlogo777607725.png" xmltv_id="Zee Cinema ME">Zee Cinema ME</channel>
    <channel site="[ENC]zee5.com_0" site_id="0-9-zeecinemahd||1170x658withlogo167952257.png" xmltv_id="Zee Cinema HD">Zee Cinema HD</channel>
    <channel site="[ENC]zee5.com_0" site_id="0-9-zeecinema||1170x658withlogo807278654.png" xmltv_id="Zee Cinema">Zee Cinema</channel>
    <channel site="[ENC]zee5.com_0" site_id="0-9-394||1170x658717187404.png" xmltv_id="Zee Chitramandir">Zee Chitramandir</channel>
    <channel site="[ENC]zee5.com_0" site_id="0-9-zeecafehd||1170x658withlogo325698699.png" xmltv_id="Zee Café HD">Zee Café HD</channel>
    <channel site="[ENC]zee5.com_0" site_id="0-9-zeebusiness||zeebusiness11706be8289c3f1c4d2b8c58fa996f2fb72d.png" xmltv_id="Zee Business">Zee Business</channel>
    <channel site="[ENC]zee5.com_0" site_id="0-9-zeeclassic||1170x658e6b59efbc9c5471f9392f477f91f0c11.png" xmltv_id="Zee Bollywood">Zee Bollywood</channel>
    <channel site="[ENC]zee5.com_0" site_id="0-9-216||1170x658withlogo20909261.png" xmltv_id="Zee Biskope">Zee Biskope</channel>
    <channel site="[ENC]zee5.com_0" site_id="0-9-zeebioskop||1170x6581816249887.png" xmltv_id="Zee Bioskop">Zee Bioskop</channel>
    <channel site="[ENC]zee5.com_0" site_id="0-9-zeebiharjharkhand||zeebiharjharkhand1170e462a8825ca14c6bbdafc1ddcc334b16.png" xmltv_id="Zee Bihar Jharkhand">Zee Bihar Jharkhand</channel>
    <channel site="[ENC]zee5.com_0" site_id="0-9-366||1170x658withlog1461928146.png" xmltv_id="Zee Bangla International">Zee Bangla International</channel>
    <channel site="[ENC]zee5.com_0" site_id="0-9-zeebangla||1170x658310781121.png" xmltv_id="Zee Bangla HD">Zee Bangla HD</channel>
    <channel site="[ENC]zee5.com_0" site_id="0-9-zeebanglacinema||1170x658withlog1238879598.png" xmltv_id="Zee Bangla Cinema">Zee Bangla Cinema</channel>
    <channel site="[ENC]zee5.com_0" site_id="0-9-zeeanmolcinema||1170x658withlog1721007595.png" xmltv_id="Zee Anmol Cinema">Zee Anmol Cinema</channel>
    <channel site="[ENC]zee5.com_0" site_id="0-9-zeeanmol||1170x658withlog1844143347.png" xmltv_id="Zee Anmol">Zee Anmol</channel>
    <channel site="[ENC]zee5.com_0" site_id="0-9-zeeaction||1170x658withlog1953200347.png" xmltv_id="Zee Action">Zee Action</channel>
    <channel site="[ENC]zee5.com_0" site_id="0-9-zee24taas||zee24taas1170a1c3aee3d9fe49e1b67ecfca27597e6c.png" xmltv_id="Zee 24 Taas">Zee 24 Taas</channel>
    <channel site="[ENC]zee5.com_0" site_id="0-9-zee24kalak||zee24kalak1170c9b7a389394c4c1686aa833d81ba3da4.png" xmltv_id="Zee 24 Kalak">Zee 24 Kalak</channel>
    <channel site="[ENC]zee5.com_0" site_id="0-9-wion||wion1170dbc3b563be6f40d18b77953ffd2c05e8.png" xmltv_id="WION">WION</channel>
    <channel site="[ENC]zee5.com_0" site_id="0-9-258||tv9telugu1170555d6e19bc10437dace50a43817d407b.png" xmltv_id="TV9 Telugu">TV9 Telugu</channel>
    <channel site="[ENC]zee5.com_0" site_id="0-9-257||tv9marathi11706b03ecf435dc4ed4af0dd824e7cad4a4.png" xmltv_id="TV9 Marathi">TV9 Marathi</channel>
    <channel site="[ENC]zee5.com_0" site_id="0-9-259||tv9kannada117018d025c071144872b2e54c27fc64d929.png" xmltv_id="TV9 Kannada">TV9 Kannada</channel>
    <channel site="[ENC]zee5.com_0" site_id="0-9-260||tv9gujarati1170dcc1b05c9f194859babef4dbe74d434d.png" xmltv_id="TV9 Gujarati">TV9 Gujarati</channel>
    <channel site="[ENC]zee5.com_0" site_id="0-9-251||tv9bharatvarsh1170bd539ee9bfd84d47ab9a8ef01e9a6cdf.png" xmltv_id="TV9 Bharatvarsh">TV9 Bharatvarsh</channel>
    <channel site="[ENC]zee5.com_0" site_id="0-9-378||tv9bangla11705d76b7bbbc9146e696628bdef5c0ba95.png" xmltv_id="TV9 Bangla">TV9 Bangla</channel>
    <channel site="[ENC]zee5.com_0" site_id="0-9-9z583386||timesnownavbharat11705cdbe0d0681d492a956b1a68320cf5ca.png" xmltv_id="Times Now Navbharat">Times Now Navbharat</channel>
    <channel site="[ENC]zee5.com_0" site_id="0-9-channel_1565694979||1170x658withlogo_66703857.png" xmltv_id="Satsang TV">Satsang TV</channel>
    <channel site="[ENC]zee5.com_0" site_id="0-9-channel_1144658965||1170x658withlog_1152304152.png" xmltv_id="Sanskar TV">Sanskar TV</channel>
    <channel site="[ENC]zee5.com_0" site_id="0-9-284||1170x658withlogo_844800250.png" xmltv_id="Sadhna TV">Sadhna TV</channel>
    <channel site="[ENC]zee5.com_0" site_id="0-9-206||news241170a447f01046d346678b9dc8aa3e94aaf7.png" xmltv_id="News24">News24</channel>
    <channel site="[ENC]zee5.com_0" site_id="0-9-273||newsx11701d1e1ea5c0fa482f85a651304aa52183.png" xmltv_id="News X">News X</channel>
    <channel site="[ENC]zee5.com_0" site_id="0-9-171||newsstateupuk11704b306acf821f4c2893b05884ca2f02cf.png" xmltv_id="News State Uttar Pradesh Uttrakhand">News State Uttar Pradesh Uttrakhand</channel>
    <channel site="[ENC]zee5.com_0" site_id="0-9-172||newsstatempch1170ef9de68a49e4449bb8e3f2eb81268ce7.png" xmltv_id="News State Madhya Pradesh Chhattisgarh">News State Madhya Pradesh Chhattisgarh</channel>
    <channel site="[ENC]zee5.com_0" site_id="0-9-170||newsnation11704eeb7d44ec6645b4937362b58b25c97e.png" xmltv_id="News Nation">News Nation</channel>
    <channel site="[ENC]zee5.com_0" site_id="0-9-280||nenews11709b9423ba23804690ba23f78217f10930.png" xmltv_id="NE News">NE News</channel>
    <channel site="[ENC]zee5.com_0" site_id="0-9-9z5210099||1170x658b414f01d3cf54228a1695e69830cb2b6.png" xmltv_id="Mumbaicha Raja">Mumbaicha Raja</channel>
    <channel site="[ENC]zee5.com_0" site_id="0-9-285||1170x658withlog_1126976137.png" xmltv_id="Ishwar TV">Ishwar TV</channel>
    <channel site="[ENC]zee5.com_0" site_id="0-9-indiatoday||indiatoday1170903b22c09ec044699c35fbe9dd9d701e.png" xmltv_id="India Today">India Today</channel>
    <channel site="[ENC]zee5.com_0" site_id="0-9-275||indianewsupuk117081bc5dc3759640599d9e83e4a2240d60.png" xmltv_id="India News UP">India News UP</channel>
    <channel site="[ENC]zee5.com_0" site_id="0-9-276||indianewsrajasthan117092e3d1eda1774b3e99072278bd892b7b.png" xmltv_id="India News Rajasthan">India News Rajasthan</channel>
    <channel site="[ENC]zee5.com_0" site_id="0-9-274||indianewspunjabhimachal117007ad58ab7deb4a558c3b48e4b1579d72.png" xmltv_id="India News Punjabi Himachal">India News Punjabi Himachal</channel>
    <channel site="[ENC]zee5.com_0" site_id="0-9-277||indianewsmp1170a53cd767de8d4937821260239b958ded.png" xmltv_id="India News MP">India News MP</channel>
    <channel site="[ENC]zee5.com_0" site_id="0-9-278||indianewsharyana1170f12694b4a18646288c9ddbb3279c4527.png" xmltv_id="India News Haryana">India News Haryana</channel>
    <channel site="[ENC]zee5.com_0" site_id="0-9-279||indianewsgujarat1170479364af267041a2b402e962e9e7fc5a.png" xmltv_id="India News Gujarat">India News Gujarat</channel>
    <channel site="[ENC]zee5.com_0" site_id="0-9-272||indianews11707d8a56b5b6c74b04a4987a5da8116ca3.png" xmltv_id="India News">India News</channel>
    <channel site="[ENC]zee5.com_0" site_id="0-9-183||1170x658withlog1124442022.png" xmltv_id="Hare Krsna">Hare Krsna</channel>
    <channel site="[ENC]zee5.com_0" site_id="0-9-255||gnt1170946e1a78394842e0a857854f8d585f23.png" xmltv_id="Good News Today">Good News Today</channel>
    <channel site="[ENC]zee5.com_0" site_id="0-9-207||e241440aef5cb4e7bf242b5be599298be7f5b2a4554686f4b1c4816b35a20cd38d2393a.png" xmltv_id="E24">E24</channel>
    <channel site="[ENC]zee5.com_0" site_id="0-9-ddyadagiri||ddyadagiri11705141805540104fcfbcc5cb0117dbbc91.png" xmltv_id="DD Yadagiri">DD Yadagiri</channel>
    <channel site="[ENC]zee5.com_0" site_id="0-9-dduttarpradesh||1170x658withlog1445486903.png" xmltv_id="DD Uttar Pradesh">DD Uttar Pradesh</channel>
    <channel site="[ENC]zee5.com_0" site_id="0-9-ddurdu||1170x658withlog1440959247.png" xmltv_id="DD Urdu">DD Urdu</channel>
    <channel site="[ENC]zee5.com_0" site_id="0-9-ddsahyadri||1170x658withlog1078376781.png" xmltv_id="DD Sahyadri">DD Sahyadri</channel>
    <channel site="[ENC]zee5.com_0" site_id="0-9-ddrajasthanjaipur||1170x658withlog1491909175.png" xmltv_id="DD Rajasthan">DD Rajasthan</channel>
    <channel site="[ENC]zee5.com_0" site_id="0-9-ddpunjabi||1170x658withlog1007647800.png" xmltv_id="DD Punjabi">DD Punjabi</channel>
    <channel site="[ENC]zee5.com_0" site_id="0-9-ddpodhigai||1170x658withlog1550486077.png" xmltv_id="DD Podhigai">DD Podhigai</channel>
    <channel site="[ENC]zee5.com_0" site_id="0-9-ddodia||1170x658withlog1372768736.png" xmltv_id="DD Odia">DD Odia</channel>
    <channel site="[ENC]zee5.com_0" site_id="0-9-ddnews||ddnews1170bf15f22e9be747cca66b2d7bcfc61c9e.png" xmltv_id="DD News">DD News</channel>
    <channel site="[ENC]zee5.com_0" site_id="0-9-250||1170x658withlogo436360213.png" xmltv_id="DD National HD">DD National HD</channel>
    <channel site="[ENC]zee5.com_0" site_id="0-9-ddmalayalam||1170x658withlog1300475155.png" xmltv_id="DD Malayalam">DD Malayalam</channel>
    <channel site="[ENC]zee5.com_0" site_id="0-9-ddmadhyapradesh||1170x658withlog1218231157.png" xmltv_id="DD Madhya Pradesh">DD Madhya Pradesh</channel>
    <channel site="[ENC]zee5.com_0" site_id="0-9-ddkisan||ddkisan1170dd6893e0dd6d49c1aa725b8981c6ccdb.png" xmltv_id="DD Kisan">DD Kisan</channel>
    <channel site="[ENC]zee5.com_0" site_id="0-9-ddindia||ddindia117008bf25b4685344e8b7aa770dc0217fc5.png" xmltv_id="DD India">DD India</channel>
    <channel site="[ENC]zee5.com_0" site_id="0-9-ddgirnar||1170x658withlog1445842484.png" xmltv_id="DD Girnar">DD Girnar</channel>
    <channel site="[ENC]zee5.com_0" site_id="0-9-ddchandana||1170x658withlogo222569298.png" xmltv_id="DD Chandana">DD Chandana</channel>
    <channel site="[ENC]zee5.com_0" site_id="0-9-ddbihar||1170x658withlog1865440648.png" xmltv_id="DD Bihar">DD Bihar</channel>
    <channel site="[ENC]zee5.com_0" site_id="0-9-ddbharati||1170x658withlog1749264623.png" xmltv_id="DD Bharati">DD Bharati</channel>
    <channel site="[ENC]zee5.com_0" site_id="0-9-ddbangla||1170x658withlog1242891543.png" xmltv_id="DD Bangla">DD Bangla</channel>
    <channel site="[ENC]zee5.com_0" site_id="0-9-165||booglebollywood117092e013e968c0406fb352575935836116.png" xmltv_id="Boogle Bollywood">Boogle Bollywood</channel>
    <channel site="[ENC]zee5.com_0" site_id="0-9-bigmagic_1786965389||1170x658withlog2022520414.png" xmltv_id="Big Magic">Big Magic</channel>
    <channel site="[ENC]zee5.com_0" site_id="0-9-404||abpsanjha11704c57e839f9494266aa55ba8c40f0071c.png" xmltv_id="ABP Sanjha">ABP Sanjha</channel>
    <channel site="[ENC]zee5.com_0" site_id="0-9-398||abpnews117041ac89ddba314fa3b55834bbd8efcb59.png" xmltv_id="ABP NEWS">ABP NEWS</channel>
    <channel site="[ENC]zee5.com_0" site_id="0-9-400||abpmajha1170dd8d4604f57341fc84c9a73cb7cfdb50.png" xmltv_id="ABP Majha">ABP Majha</channel>
    <channel site="[ENC]zee5.com_0" site_id="0-9-399||abpganga11701da165b7b7594e608d4bf025829ff094.png" xmltv_id="ABP Ganga">ABP Ganga</channel>
    <channel site="[ENC]zee5.com_0" site_id="0-9-403||abpasmita11707e74b2073f804d6ab5599b8981bd6ab6.png" xmltv_id="ABP Asmita">ABP Asmita</channel>
    <channel site="[ENC]zee5.com_0" site_id="0-9-402||abpananda117029966a8fa00044c193a83cb56c1f28bf.png" xmltv_id="ABP Ananda">ABP Ananda</channel>
    <channel site="[ENC]zee5.com_0" site_id="0-9-aajtak||aajtak11704c4936fac7be4f94bfd475584f6671d6.png" xmltv_id="Aaj Tak">Aaj Tak</channel>
    <channel site="[ENC]zee5.com_0" site_id="0-9-24ghantatv||anchorbanners1170945b2bc00ff24acd9fd2d52aaafa0239.png" xmltv_id="24 Ghanta">24 Ghanta</channel>
    <channel site="[ENC]zee5.com_0" site_id="0-9-209||1170x658withlogo358457080.png" xmltv_id="&amp;xplorHD">&amp;xplorHD</channel>
    <channel site="[ENC]zee5.com_0" site_id="0-9-channel_1510237423||1170x658withlogo933283129.png" xmltv_id="&amp;TV HD USA">&amp;TV HD USA</channel>
    <channel site="[ENC]zee5.com_0" site_id="0-9-tvhd_0||1170x658withlogo378606665.png" xmltv_id="&amp;TV HD">&amp;TV HD</channel>
    <channel site="[ENC]zee5.com_0" site_id="0-9-tvpictureshd||1170x658withlog1476130363.png" xmltv_id="&amp;Pictures HD">&amp;Pictures HD</channel>
    <channel site="[ENC]zee5.com_0" site_id="0-9-pictures||1170x658withlog1269578414.png" xmltv_id="&amp;Pictures">&amp;Pictures</channel>
    <channel site="[ENC]zee5.com_0" site_id="0-9-channel_2105335046||1170x658379547401.png" xmltv_id="&amp;flix HD">&amp;flix HD</channel>
  </channels>
</site>