<?xml version="1.0" encoding="UTF-8"?>
<site generator-info-name="Tempest EPG Generator (made by Kvanc)" generator-info-url="https://github.com/K-vanc/Tempest-EPG-Generator.git" site="bbcafricachannels.com_0">
  <channels>
    <channel site="bbcafricachannels.com_0" site_id="bbc-brit||-purple.d1be902fe2a5cb37dbde92b293030c60.jpg" xmltv_id="BBC Brit">BBC Brit</channel>
    <channel site="bbcafricachannels.com_0" site_id="bbc-earth||.cacee1426c0d641195a68d892c9dcf8f.jpg" xmltv_id="BBC Earth">BBC Earth</channel>
    <channel site="bbcafricachannels.com_0" site_id="bbc-lifestyle||.fdcdc7e7e1a4832953b4b76bad40eb0e.jpg" xmltv_id="BBC Lifestyle">BBC Lifestyle</channel>
    <channel site="bbcafricachannels.com_0" site_id="cbeebies||.61a0df82c92c435f9dc24ef856d4c08c.jpg" xmltv_id="CBeebies">CBeebies</channel>
  </channels>
</site>