<?xml version="1.0" encoding="UTF-8"?>
<site generator-info-name="Tempest EPG Generator (made by Kvanc)" generator-info-url="https://github.com/K-vanc/Tempest-EPG-Generator.git" site="[ENC]home3.ee_0">
  <channels>
    <channel site="[ENC]home3.ee_0" site_id="11||2018/06/ETV_Color.svg" xmltv_id="ETV">ETV</channel>
    <channel site="[ENC]home3.ee_0" site_id="12||2018/06/Kanal2_Color.svg" xmltv_id="Kanal 2">Kanal 2</channel>
    <channel site="[ENC]home3.ee_0" site_id="13||2018/07/TV3_logo_color.png" xmltv_id="TV3">TV3</channel>
    <channel site="[ENC]home3.ee_0" site_id="6||2022/11/tv6_color.png" xmltv_id="TV6">TV6</channel>
    <channel site="[ENC]home3.ee_0" site_id="10||2018/05/duoArtboard-1-1.png" xmltv_id="Duo 4">Duo 4</channel>
    <channel site="[ENC]home3.ee_0" site_id="975||2023/07/go3-films_color-01.png" xmltv_id="Go3 Films HD">Go3 Films HD</channel>
    <channel site="[ENC]home3.ee_0" site_id="820||2023/02/viasat-kino_color.png" xmltv_id="Viasat Kino">Viasat Kino</channel>
    <channel site="[ENC]home3.ee_0" site_id="954||2023/02/viasat-kino-action_color.png" xmltv_id="Viasat Kino Action">Viasat Kino Action</channel>
    <channel site="[ENC]home3.ee_0" site_id="887||2023/02/viasat-kino-world_color.png" xmltv_id="Viasat Kino World">Viasat Kino World</channel>
    <channel site="[ENC]home3.ee_0" site_id="919||2023/07/go3-sport-1_color-04.png" xmltv_id="Go3 Sport 1 HD">Go3 Sport 1 HD</channel>
    <channel site="[ENC]home3.ee_0" site_id="933||2023/08/Setanta-1_color.png" xmltv_id="Setanta Sports 1">Setanta Sports 1</channel>
    <channel site="[ENC]home3.ee_0" site_id="1101||2023/07/go3-sport-2_color-07.png" xmltv_id="Go3 Sport 2 HD">Go3 Sport 2 HD</channel>
    <channel site="[ENC]home3.ee_0" site_id="338||2019/10/NBA_TV_color.png" xmltv_id="NBA TV">NBA TV</channel>
    <channel site="[ENC]home3.ee_0" site_id="9||2018/05/ETV2_must.png" xmltv_id="ETV 2">ETV 2</channel>
    <channel site="[ENC]home3.ee_0" site_id="908||2024/01/FX_color-1.png" xmltv_id="FX">FX</channel>
    <channel site="[ENC]home3.ee_0" site_id="914||2024/01/FX-life_color.png" xmltv_id="FX Life">FX Life</channel>
    <channel site="[ENC]home3.ee_0" site_id="844||2018/05/explore-colors_color.png" xmltv_id="Viasat Explore HD">Viasat Explore HD</channel>
    <channel site="[ENC]home3.ee_0" site_id="973||2018/05/history-colors_color.png" xmltv_id="Viasat History HD">Viasat History HD</channel>
    <channel site="[ENC]home3.ee_0" site_id="957||2019/12/duoArtboard-1.png" xmltv_id="Duo 3">Duo 3</channel>
    <channel site="[ENC]home3.ee_0" site_id="70||2019/12/duoArtboard-1-copy.png" xmltv_id="Duo 6">Duo 6</channel>
    <channel site="[ENC]home3.ee_0" site_id="25||2018/05/duo5cArtboard-1.png" xmltv_id="Duo 5">Duo 5</channel>
    <channel site="[ENC]home3.ee_0" site_id="958||2018/05/nature-colors_color.png" xmltv_id="Viasat Nature">Viasat Nature</channel>
    <channel site="[ENC]home3.ee_0" site_id="80||2023/04/BBC_color.png" xmltv_id="BBC News">BBC News</channel>
    <channel site="[ENC]home3.ee_0" site_id="962||2019/12/etv_logo_color.png" xmltv_id="ETV+">ETV+</channel>
    <channel site="[ENC]home3.ee_0" site_id="41||2021/08/discovery-color.png" xmltv_id="Discovery">Discovery</channel>
    <channel site="[ENC]home3.ee_0" site_id="564||2021/08/tlc-color.png" xmltv_id="TLC">TLC</channel>
    <channel site="[ENC]home3.ee_0" site_id="60||2021/08/eurosport1-color.png" xmltv_id="Eurosport 1">Eurosport 1</channel>
    <channel site="[ENC]home3.ee_0" site_id="58||2021/08/eurosport2-color.png" xmltv_id="Eurosport 2">Eurosport 2</channel>
    <channel site="[ENC]home3.ee_0" site_id="589||2018/06/NickJr_Color.svg" xmltv_id="Nick Junior">Nick Junior</channel>
    <channel site="[ENC]home3.ee_0" site_id="960||2018/06/Nickeldeon_Color.svg" xmltv_id="Nickelodeon">Nickelodeon</channel>
    <channel site="[ENC]home3.ee_0" site_id="896||2018/04/mini-color.png" xmltv_id="Kidzone Mini">Kidzone Mini</channel>
    <channel site="[ENC]home3.ee_0" site_id="905||2018/06/DisneyChannel_Color.svg" xmltv_id="Disney Channel">Disney Channel</channel>
    <channel site="[ENC]home3.ee_0" site_id="906||2018/06/DisneyJunior_Color.svg" xmltv_id="Disney Junior">Disney Junior</channel>
    <channel site="[ENC]home3.ee_0" site_id="649||2018/05/Nicktoons_color.png" xmltv_id="Nicktoons">Nicktoons</channel>
    <channel site="[ENC]home3.ee_0" site_id="242||2018/07/EpicDrama_Color.svg" xmltv_id="Epic Drama">Epic Drama</channel>
    <channel site="[ENC]home3.ee_0" site_id="136||2022/03/TV3-live-_color.png" xmltv_id="TV3 Life">TV3 Life</channel>
    <channel site="[ENC]home3.ee_0" site_id="128||2018/06/NationalGeographic_Color.svg" xmltv_id="National Geographic HD">National Geographic HD</channel>
    <channel site="[ENC]home3.ee_0" site_id="69||2018/05/MTV-Hits_color.png" xmltv_id="MTV Hits">MTV Hits</channel>
    <channel site="[ENC]home3.ee_0" site_id="68||2018/04/mtv00.svg" xmltv_id="MTV 00s">MTV 00s</channel>
    <channel site="[ENC]home3.ee_0" site_id="857||2022/03/nastojashee-vremja_color.png" xmltv_id="Настоящее Время">Настоящее Время</channel>
    <channel site="[ENC]home3.ee_0" site_id="821||2018/05/filmuadrama_color.png" xmltv_id="FILMUADrama">FILMUADrama</channel>
    <channel site="[ENC]home3.ee_0" site_id="763||2018/05/Star-Family_color.png" xmltv_id="Star Family">Star Family</channel>
    <channel site="[ENC]home3.ee_0" site_id="79||2022/03/euronews-russia_color.png" xmltv_id="Euronews Pусский">Euronews Pусский</channel>
    <channel site="[ENC]home3.ee_0" site_id="1008||2022/09/radaTV_color.png" xmltv_id="Rada TV">Rada TV</channel>
    <channel site="[ENC]home3.ee_0" site_id="792||2022/06/otv-colors_color.png" xmltv_id="OTV">OTV</channel>
    <channel site="[ENC]home3.ee_0" site_id="985||2018/06/Playboy_Color.svg" xmltv_id="Playboy TV">Playboy TV</channel>
    <channel site="[ENC]home3.ee_0" site_id="980||2018/06/BrazzersTV_Color.svg" xmltv_id="Brazzers TV Europe">Brazzers TV Europe</channel>
    <channel site="[ENC]home3.ee_0" site_id="695||2023/07/go3-sport-3_color-10.png" xmltv_id="Go3 Sport 3">Go3 Sport 3</channel>
    <channel site="[ENC]home3.ee_0" site_id="445||2023/07/go3-sport-open_color-13.png" xmltv_id="Go3 Sport Open">Go3 Sport Open</channel>
  </channels>
</site>