<?xml version="1.0" encoding="UTF-8"?>
<site generator-info-name="Tempest EPG Generator (made by Kvanc)" generator-info-url="https://github.com/K-vanc/Tempest-EPG-Generator.git" site="[ENC]tv-media.at_0">
  <channels>
    <channel site="[ENC]tv-media.at_0" site_id="0" xmltv_id="ORF 1">ORF 1</channel>
    <channel site="[ENC]tv-media.at_0" site_id="1" xmltv_id="ORF 2">ORF 2</channel>
    <channel site="[ENC]tv-media.at_0" site_id="2" xmltv_id="ATV">ATV</channel>
    <channel site="[ENC]tv-media.at_0" site_id="3" xmltv_id="PULS 4">PULS 4</channel>
    <channel site="[ENC]tv-media.at_0" site_id="4" xmltv_id="SERVUS TV">SERVUS TV</channel>
    <channel site="[ENC]tv-media.at_0" site_id="5" xmltv_id="ORF III">ORF III</channel>
    <channel site="[ENC]tv-media.at_0" site_id="6" xmltv_id="oe24.TV">oe24.TV</channel>
    <channel site="[ENC]tv-media.at_0" site_id="7" xmltv_id="PULS 24">PULS 24</channel>
    <channel site="[ENC]tv-media.at_0" site_id="8" xmltv_id="RTL">RTL</channel>
    <channel site="[ENC]tv-media.at_0" site_id="9" xmltv_id="SAT.1">SAT.1</channel>
    <channel site="[ENC]tv-media.at_0" site_id="10" xmltv_id="PRO 7">PRO 7</channel>
    <channel site="[ENC]tv-media.at_0" site_id="11" xmltv_id="Das Erste">Das Erste</channel>
    <channel site="[ENC]tv-media.at_0" site_id="12" xmltv_id="ZDF">ZDF</channel>
    <channel site="[ENC]tv-media.at_0" site_id="13" xmltv_id="3SAT">3SAT</channel>
    <channel site="[ENC]tv-media.at_0" site_id="14" xmltv_id="ARTE">ARTE</channel>
    <channel site="[ENC]tv-media.at_0" site_id="15" xmltv_id="BR">BR</channel>
    <channel site="[ENC]tv-media.at_0" site_id="16" xmltv_id="ZDF NEO">ZDF NEO</channel>
    <channel site="[ENC]tv-media.at_0" site_id="17" xmltv_id="VOX">VOX</channel>
    <channel site="[ENC]tv-media.at_0" site_id="18" xmltv_id="KABEL 1">KABEL 1</channel>
    <channel site="[ENC]tv-media.at_0" site_id="19" xmltv_id="RTL ZWEI">RTL ZWEI</channel>
    <channel site="[ENC]tv-media.at_0" site_id="20" xmltv_id="ATV 2">ATV 2</channel>
    <channel site="[ENC]tv-media.at_0" site_id="21" xmltv_id="SRF 1">SRF 1</channel>
    <channel site="[ENC]tv-media.at_0" site_id="22" xmltv_id="SRF ZWEI">SRF ZWEI</channel>
    <channel site="[ENC]tv-media.at_0" site_id="23" xmltv_id="SIXX">SIXX</channel>
    <channel site="[ENC]tv-media.at_0" site_id="24" xmltv_id="TELE 5">TELE 5</channel>
    <channel site="[ENC]tv-media.at_0" site_id="25" xmltv_id="ONE">ONE</channel>
    <channel site="[ENC]tv-media.at_0" site_id="26" xmltv_id="RTL NITRO">RTL NITRO</channel>
    <channel site="[ENC]tv-media.at_0" site_id="27" xmltv_id="PRO 7 MAXX">PRO 7 MAXX</channel>
    <channel site="[ENC]tv-media.at_0" site_id="28" xmltv_id="DMAX">DMAX</channel>
    <channel site="[ENC]tv-media.at_0" site_id="29" xmltv_id="RTL PLUS">RTL PLUS</channel>
    <channel site="[ENC]tv-media.at_0" site_id="30" xmltv_id="SAT.1 GOLD">SAT.1 GOLD</channel>
    <channel site="[ENC]tv-media.at_0" site_id="31" xmltv_id="SWR">SWR</channel>
    <channel site="[ENC]tv-media.at_0" site_id="32" xmltv_id="WDR">WDR</channel>
    <channel site="[ENC]tv-media.at_0" site_id="33" xmltv_id="NDR">NDR</channel>
    <channel site="[ENC]tv-media.at_0" site_id="34" xmltv_id="MDR">MDR</channel>
    <channel site="[ENC]tv-media.at_0" site_id="35" xmltv_id="HR">HR</channel>
    <channel site="[ENC]tv-media.at_0" site_id="36" xmltv_id="RBB">RBB</channel>
    <channel site="[ENC]tv-media.at_0" site_id="37" xmltv_id="Stingray Classica">Stingray Classica</channel>
    <channel site="[ENC]tv-media.at_0" site_id="38" xmltv_id="N-TV">N-TV</channel>
    <channel site="[ENC]tv-media.at_0" site_id="39" xmltv_id="ZDF INFO">ZDF INFO</channel>
    <channel site="[ENC]tv-media.at_0" site_id="40" xmltv_id="PHOENIX">PHOENIX</channel>
    <channel site="[ENC]tv-media.at_0" site_id="41" xmltv_id="ARD ALPHA">ARD ALPHA</channel>
    <channel site="[ENC]tv-media.at_0" site_id="42" xmltv_id="WELT">WELT</channel>
    <channel site="[ENC]tv-media.at_0" site_id="43" xmltv_id="N 24 DOKU">N 24 DOKU</channel>
    <channel site="[ENC]tv-media.at_0" site_id="44" xmltv_id="KABEL 1 DOKU">KABEL 1 DOKU</channel>
    <channel site="[ENC]tv-media.at_0" site_id="45" xmltv_id="HISTORY">HISTORY</channel>
    <channel site="[ENC]tv-media.at_0" site_id="46" xmltv_id="NATIONAL GEOGRAPHIC">NATIONAL GEOGRAPHIC</channel>
    <channel site="[ENC]tv-media.at_0" site_id="47" xmltv_id="NAT GEO WILD">NAT GEO WILD</channel>
    <channel site="[ENC]tv-media.at_0" site_id="48" xmltv_id="DISCOVERY CHANNEL">DISCOVERY CHANNEL</channel>
    <channel site="[ENC]tv-media.at_0" site_id="49" xmltv_id="DOXX">DOXX</channel>
    <channel site="[ENC]tv-media.at_0" site_id="50" xmltv_id="ANIMAL PLANET">ANIMAL PLANET</channel>
    <channel site="[ENC]tv-media.at_0" site_id="51" xmltv_id="EO">EO</channel>
    <channel site="[ENC]tv-media.at_0" site_id="52" xmltv_id="W24">W24</channel>
    <channel site="[ENC]tv-media.at_0" site_id="53" xmltv_id="TLC">TLC</channel>
    <channel site="[ENC]tv-media.at_0" site_id="54" xmltv_id="BBC ENTERTAINMENT">BBC ENTERTAINMENT</channel>
    <channel site="[ENC]tv-media.at_0" site_id="55" xmltv_id="TV5 MONDE">TV5 MONDE</channel>
    <channel site="[ENC]tv-media.at_0" site_id="56" xmltv_id="RAI">RAI</channel>
    <channel site="[ENC]tv-media.at_0" site_id="57" xmltv_id="SUPER RTL">SUPER RTL</channel>
    <channel site="[ENC]tv-media.at_0" site_id="58" xmltv_id="KIKA">KIKA</channel>
    <channel site="[ENC]tv-media.at_0" site_id="59" xmltv_id="DISNEY CHANNEL">DISNEY CHANNEL</channel>
    <channel site="[ENC]tv-media.at_0" site_id="60" xmltv_id="Sky Cinema Thriller HD">Sky Cinema Thriller HD</channel>
    <channel site="[ENC]tv-media.at_0" site_id="61" xmltv_id="COMEDY CENTRAL">COMEDY CENTRAL</channel>
    <channel site="[ENC]tv-media.at_0" site_id="62" xmltv_id="NICK">NICK</channel>
    <channel site="[ENC]tv-media.at_0" site_id="63" xmltv_id="CARTOON NETWORK">CARTOON NETWORK</channel>
    <channel site="[ENC]tv-media.at_0" site_id="64" xmltv_id="Sky Cinema Premieren">Sky Cinema Premieren</channel>
    <channel site="[ENC]tv-media.at_0" site_id="65" xmltv_id="Sky Comedy">Sky Comedy</channel>
    <channel site="[ENC]tv-media.at_0" site_id="66" xmltv_id="SKY CINEMA +24">SKY CINEMA +24</channel>
    <channel site="[ENC]tv-media.at_0" site_id="67" xmltv_id="Sky Cinema Best of">Sky Cinema Best of</channel>
    <channel site="[ENC]tv-media.at_0" site_id="68" xmltv_id="Sky Cinema Fun">Sky Cinema Fun</channel>
    <channel site="[ENC]tv-media.at_0" site_id="69" xmltv_id="SKY CINEMA ACTION">SKY CINEMA ACTION</channel>
    <channel site="[ENC]tv-media.at_0" site_id="70" xmltv_id="SKY ATLANTIC">SKY ATLANTIC</channel>
    <channel site="[ENC]tv-media.at_0" site_id="71" xmltv_id="SKY CINEMA FAMILY">SKY CINEMA FAMILY</channel>
    <channel site="[ENC]tv-media.at_0" site_id="72" xmltv_id="Sky Cinema Classics">Sky Cinema Classics</channel>
    <channel site="[ENC]tv-media.at_0" site_id="73" xmltv_id="SKY CINEMA EMOTION">SKY CINEMA EMOTION</channel>
    <channel site="[ENC]tv-media.at_0" site_id="74" xmltv_id="SKY ARTS">SKY ARTS</channel>
    <channel site="[ENC]tv-media.at_0" site_id="75" xmltv_id="SKY 1">SKY 1</channel>
    <channel site="[ENC]tv-media.at_0" site_id="76" xmltv_id="KINOWELT">KINOWELT</channel>
    <channel site="[ENC]tv-media.at_0" site_id="77" xmltv_id="SYFY">SYFY</channel>
    <channel site="[ENC]tv-media.at_0" site_id="78" xmltv_id="UNIVERSAL">UNIVERSAL</channel>
    <channel site="[ENC]tv-media.at_0" site_id="79" xmltv_id="TNT FILM">TNT FILM</channel>
    <channel site="[ENC]tv-media.at_0" site_id="80" xmltv_id="SKY KRIMI">SKY KRIMI</channel>
    <channel site="[ENC]tv-media.at_0" site_id="81" xmltv_id="13 STREET">13 STREET</channel>
    <channel site="[ENC]tv-media.at_0" site_id="82" xmltv_id="FOX">FOX</channel>
    <channel site="[ENC]tv-media.at_0" site_id="83" xmltv_id="TNT SERIE">TNT SERIE</channel>
    <channel site="[ENC]tv-media.at_0" site_id="84" xmltv_id="RTL CRIME">RTL CRIME</channel>
    <channel site="[ENC]tv-media.at_0" site_id="85" xmltv_id="RTL PASSION">RTL PASSION</channel>
    <channel site="[ENC]tv-media.at_0" site_id="86" xmltv_id="ROMANCE">ROMANCE</channel>
    <channel site="[ENC]tv-media.at_0" site_id="87" xmltv_id="HEIMATKANAL">HEIMATKANAL</channel>
    <channel site="[ENC]tv-media.at_0" site_id="88" xmltv_id="KABEL 1 CLASSICS">KABEL 1 CLASSICS</channel>
    <channel site="[ENC]tv-media.at_0" site_id="89" xmltv_id="Crime+Investigation">Crime+Investigation</channel>
    <channel site="[ENC]tv-media.at_0" site_id="90" xmltv_id="RTL LIVING">RTL LIVING</channel>
    <channel site="[ENC]tv-media.at_0" site_id="91" xmltv_id="BONGUSTO">BONGUSTO</channel>
    <channel site="[ENC]tv-media.at_0" site_id="92" xmltv_id="SKY SPORT AUSTRIA">SKY SPORT AUSTRIA</channel>
    <channel site="[ENC]tv-media.at_0" site_id="93" xmltv_id="SKY SPORT 1">SKY SPORT 1</channel>
    <channel site="[ENC]tv-media.at_0" site_id="94" xmltv_id="SKY SPORT 2">SKY SPORT 2</channel>
    <channel site="[ENC]tv-media.at_0" site_id="95" xmltv_id="SKY SPORT NEWS">SKY SPORT NEWS</channel>
    <channel site="[ENC]tv-media.at_0" site_id="96" xmltv_id="SKY BUNDESLIGA">SKY BUNDESLIGA</channel>
    <channel site="[ENC]tv-media.at_0" site_id="97" xmltv_id="SPORT 1">SPORT 1</channel>
    <channel site="[ENC]tv-media.at_0" site_id="98" xmltv_id="ORF SPORT+">ORF SPORT+</channel>
    <channel site="[ENC]tv-media.at_0" site_id="99" xmltv_id="EURO SPORT">EURO SPORT</channel>
    <channel site="[ENC]tv-media.at_0" site_id="100" xmltv_id="EUROSPORT 2">EUROSPORT 2</channel>
    <channel site="[ENC]tv-media.at_0" site_id="101" xmltv_id="eSports1">eSports1</channel>
    <channel site="[ENC]tv-media.at_0" site_id="102" xmltv_id="SPORT 1+">SPORT 1+</channel>
    <channel site="[ENC]tv-media.at_0" site_id="103" xmltv_id="AUTO MOTOR SPORT">AUTO MOTOR SPORT</channel>
    <channel site="[ENC]tv-media.at_0" site_id="104" xmltv_id="CNN">CNN</channel>
    <channel site="[ENC]tv-media.at_0" site_id="105" xmltv_id="BBC WORLD NEWS">BBC WORLD NEWS</channel>
    <channel site="[ENC]tv-media.at_0" site_id="106" xmltv_id="EURONEWS">EURONEWS</channel>
    <channel site="[ENC]tv-media.at_0" site_id="107" xmltv_id="CNBC EUROPE">CNBC EUROPE</channel>
    <channel site="[ENC]tv-media.at_0" site_id="108" xmltv_id="SPIEGEL GESCHICHTE">SPIEGEL GESCHICHTE</channel>
    <channel site="[ENC]tv-media.at_0" site_id="109" xmltv_id="TAGESSCHAU 24">TAGESSCHAU 24</channel>
    <channel site="[ENC]tv-media.at_0" site_id="110" xmltv_id="MOTORVISION">MOTORVISION</channel>
    <channel site="[ENC]tv-media.at_0" site_id="111" xmltv_id="E! ENTERTAINMENT">E! ENTERTAINMENT</channel>
    <channel site="[ENC]tv-media.at_0" site_id="112" xmltv_id="SAT.1 EMOTIONS">SAT.1 EMOTIONS</channel>
    <channel site="[ENC]tv-media.at_0" site_id="113" xmltv_id="PRO 7 FUN">PRO 7 FUN</channel>
    <channel site="[ENC]tv-media.at_0" site_id="114" xmltv_id="AXN">AXN</channel>
    <channel site="[ENC]tv-media.at_0" site_id="115" xmltv_id="ANIXE SERIE">ANIXE SERIE</channel>
    <channel site="[ENC]tv-media.at_0" site_id="116" xmltv_id="CBS REALITY">CBS REALITY</channel>
    <channel site="[ENC]tv-media.at_0" site_id="117" xmltv_id="QVC">QVC</channel>
    <channel site="[ENC]tv-media.at_0" site_id="118" xmltv_id="HSE 24">HSE 24</channel>
    <channel site="[ENC]tv-media.at_0" site_id="119" xmltv_id="HSE 24 TREND">HSE 24 TREND</channel>
    <channel site="[ENC]tv-media.at_0" site_id="120" xmltv_id="ASTRO TV">ASTRO TV</channel>
    <channel site="[ENC]tv-media.at_0" site_id="121" xmltv_id="BIBEL TV">BIBEL TV</channel>
    <channel site="[ENC]tv-media.at_0" site_id="122" xmltv_id="K-TV">K-TV</channel>
    <channel site="[ENC]tv-media.at_0" site_id="123" xmltv_id="HOPE CHANNEL">HOPE CHANNEL</channel>
    <channel site="[ENC]tv-media.at_0" site_id="124" xmltv_id="MTV">MTV</channel>
    <channel site="[ENC]tv-media.at_0" site_id="125" xmltv_id="MTV LIVE HD">MTV LIVE HD</channel>
    <channel site="[ENC]tv-media.at_0" site_id="126" xmltv_id="DELUX MUSIC">DELUX MUSIC</channel>
    <channel site="[ENC]tv-media.at_0" site_id="127" xmltv_id="GO TV">GO TV</channel>
    <channel site="[ENC]tv-media.at_0" site_id="128" xmltv_id="JUKEBOX">JUKEBOX</channel>
    <channel site="[ENC]tv-media.at_0" site_id="129" xmltv_id="DT. MUSIK FERNSEHEN">DT. MUSIK FERNSEHEN</channel>
    <channel site="[ENC]tv-media.at_0" site_id="130" xmltv_id="FOLX TV">FOLX TV</channel>
    <channel site="[ENC]tv-media.at_0" site_id="131" xmltv_id="GOLDSTAR TV">GOLDSTAR TV</channel>
    <channel site="[ENC]tv-media.at_0" site_id="132" xmltv_id="MELODIE TV">MELODIE TV</channel>
    <channel site="[ENC]tv-media.at_0" site_id="133" xmltv_id="GUTE LAUNE">GUTE LAUNE</channel>
    <channel site="[ENC]tv-media.at_0" site_id="134" xmltv_id="BOOMERANG">BOOMERANG</channel>
    <channel site="[ENC]tv-media.at_0" site_id="135" xmltv_id="DISNEY CINEMAGIC">DISNEY CINEMAGIC</channel>
    <channel site="[ENC]tv-media.at_0" site_id="136" xmltv_id="DISNEY JUNIOR">DISNEY JUNIOR</channel>
    <channel site="[ENC]tv-media.at_0" site_id="137" xmltv_id="DISNEY XD">DISNEY XD</channel>
    <channel site="[ENC]tv-media.at_0" site_id="138" xmltv_id="NICKELODEON JR.">NICKELODEON JR.</channel>
    <channel site="[ENC]tv-media.at_0" site_id="139" xmltv_id="NICK TOONS">NICK TOONS</channel>
    <channel site="[ENC]tv-media.at_0" site_id="140" xmltv_id="RIC">RIC</channel>
    <channel site="[ENC]tv-media.at_0" site_id="141" xmltv_id="Fix &amp; Foxi">Fix &amp; Foxi</channel>
    <channel site="[ENC]tv-media.at_0" site_id="142" xmltv_id="JUNIOR">JUNIOR</channel>
    <channel site="[ENC]tv-media.at_0" site_id="143" xmltv_id="OKTO">OKTO</channel>
    <channel site="[ENC]tv-media.at_0" site_id="144" xmltv_id="SCHAU TV">SCHAU TV</channel>
    <channel site="[ENC]tv-media.at_0" site_id="145" xmltv_id="TIROL TV">TIROL TV</channel>
    <channel site="[ENC]tv-media.at_0" site_id="146" xmltv_id="LÄNDLE TV">LÄNDLE TV</channel>
    <channel site="[ENC]tv-media.at_0" site_id="147" xmltv_id="LT1">LT1</channel>
    <channel site="[ENC]tv-media.at_0" site_id="148" xmltv_id="BEATE UHSE TV">BEATE UHSE TV</channel>
  </channels>
</site>