<?xml version="1.0" encoding="UTF-8"?>
<site generator-info-name="Tempest EPG Generator (made by Kvanc)" generator-info-url="https://github.com/K-vanc/Tempest-EPG-Generator.git" site="magticom.ge_0">
  <channels>
    <channel site="magticom.ge_0" site_id="68351||MjAyMS8wOC8yMy8xMzg5NGU3OC0wYzhlLTQ4MDUtYTQ2ZC0xZmVhOTdkODI3N2NTRVRBTlRBLTFfLV81NjBfeF80MDgucG5n" xmltv_id="Setanta Sports">Setanta Sports</channel>
    <channel site="magticom.ge_0" site_id="61000||MjAyMS8wOC8yMy8xMzg5NGU3OC0wYzhlLTQ4MDUtYTQ2ZC0xZmVhOTdkODI3N2NTRVRBTlRBLTFfLV81NjBfeF80MDgucG5n.jpg" xmltv_id="მთავარი არხი">მთავარი არხი</channel>
    <channel site="magticom.ge_0" site_id="58000||MjAxOS8wOS8wOS9jZWQ4MGE0MS1lZDU3LTQwZTctOTg4MS02NDY2MDcxNjczZmJtdGF2YXJpLnBuZw==" xmltv_id="კომედი არხი">კომედი არხი</channel>
    <channel site="magticom.ge_0" site_id="68352||MjAxOS8wOS8wOS9jZWQ4MGE0MS1lZDU3LTQwZTctOTg4MS02NDY2MDcxNjczZmJtdGF2YXJpLnBuZw==.jpg" xmltv_id="Setanta Sports+">Setanta Sports+</channel>
    <channel site="magticom.ge_0" site_id="72||MjAxOS8wNy8wOC9iYTg4MGFlMy1hNTk5LTQ5YzktOTJmYy0yZDQ3MmZjZmEzMTZicm9hZGNhc3RDaGFubmVsMTU1NzIyODUxMTUxNC5wbmc=" xmltv_id="ერთსულოვნება">ერთსულოვნება</channel>
    <channel site="magticom.ge_0" site_id="285||MjAxOS8wNy8wOC9iYTg4MGFlMy1hNTk5LTQ5YzktOTJmYy0yZDQ3MmZjZmEzMTZicm9hZGNhc3RDaGFubmVsMTU1NzIyODUxMTUxNC5wbmc=.jpg" xmltv_id="TV 25">TV 25</channel>
    <channel site="magticom.ge_0" site_id="63000||MjAyMS8wOC8yMy8yYWM3ZWEwMC0xYmQ3LTQwOGEtYjFhZS0zOGNmZGM0OWQ1M2NTRVRBTlRBLTJfLV81NjBfeF80MDgucG5n" xmltv_id="ფორმულა">ფორმულა</channel>
    <channel site="magticom.ge_0" site_id="1||MjAyMS8wOC8yMy8yYWM3ZWEwMC0xYmQ3LTQwOGEtYjFhZS0zOGNmZGM0OWQ1M2NTRVRBTlRBLTJfLV81NjBfeF80MDgucG5n.jpg" xmltv_id="რუსთავი 2">რუსთავი 2</channel>
    <channel site="magticom.ge_0" site_id="4||MjAxOS8wNy8wOC9hN2QxM2I0ZC0xNTczLTQxMmEtYjcwMC1lMjE4YmQ4ZTczODfhg5Thg6Dhg5fhg6Hhg6Phg5rhg53hg5Xhg5zhg5Thg5Hhg5AucG5n" xmltv_id="იმედი">იმედი</channel>
    <channel site="magticom.ge_0" site_id="27||MjAxOS8wNy8wOC9hN2QxM2I0ZC0xNTczLTQxMmEtYjcwMC1lMjE4YmQ4ZTczODfhg5Thg6Dhg5fhg6Hhg6Phg5rhg53hg5Xhg5zhg5Thg5Hhg5AucG5n.jpg" xmltv_id="აჭარა">აჭარა</channel>
    <channel site="magticom.ge_0" site_id="73||MjAxOC8wOS8xMC9lNWU0YmY2OC1iNjgzLTQ1NWMtYTQzZi00YmZmYWFiYTcyYTguanBn" xmltv_id="აფხაზეთის ხმა">აფხაზეთის ხმა</channel>
    <channel site="magticom.ge_0" site_id="65000||MjAxOC8wOS8xMC9lNWU0YmY2OC1iNjgzLTQ1NWMtYTQzZi00YmZmYWFiYTcyYTguanBn.jpg" xmltv_id="პოსTV">პოსTV</channel>
    <channel site="magticom.ge_0" site_id="83||MjAxOS8xMS8xNS85OTcxYWUzNS01ZWNlLTRlOTItODBjMi0wMzNmMzFiZmFjZjczNTgtRk9STVVMQS5wbmc=" xmltv_id="ენკი-ბენკი">ენკი-ბენკი</channel>
    <channel site="magticom.ge_0" site_id="87||MjAxOS8xMS8xNS85OTcxYWUzNS01ZWNlLTRlOTItODBjMi0wMzNmMzFiZmFjZjczNTgtRk9STVVMQS5wbmc=.jpg" xmltv_id="Palitra News">Palitra News</channel>
    <channel site="magticom.ge_0" site_id="66003||MjAxOC8wOS8xMC83OWNiOTI3MS1iZTFkLTRjZGQtYjQ5OS01ZDQ2MGIwZGE3Y2MuanBn" xmltv_id="adjarasport 2">adjarasport 2</channel>
    <channel site="magticom.ge_0" site_id="96||MjAxOC8wOS8xMC83OWNiOTI3MS1iZTFkLTRjZGQtYjQ5OS01ZDQ2MGIwZGE3Y2MuanBn.jpg" xmltv_id="სამეფო არხი">სამეფო არხი</channel>
    <channel site="magticom.ge_0" site_id="121||MjAxOC8wOS8xMC9iOWZmZTNiMS04YjJjLTQ4ZjEtYTY1Yy1jY2M4Y2NjZDIyYzQuanBn" xmltv_id="adjarasport 1">adjarasport 1</channel>
    <channel site="magticom.ge_0" site_id="135||MjAxOC8wOS8xMC9iOWZmZTNiMS04YjJjLTQ4ZjEtYTY1Yy1jY2M4Y2NjZDIyYzQuanBn.jpg" xmltv_id="კავკასია">კავკასია</channel>
    <channel site="magticom.ge_0" site_id="141||MjAxOC8wOS8xMC84YmZlODgwZi02ZDAxLTQwY2YtYTRmZC00ZTBjMmFlMzE3MjkuanBn" xmltv_id="მაესტრო">მაესტრო</channel>
    <channel site="magticom.ge_0" site_id="144||MjAxOC8wOS8xMC84YmZlODgwZi02ZDAxLTQwY2YtYTRmZC00ZTBjMmFlMzE3MjkuanBn.jpg" xmltv_id="GDS HD">GDS HD</channel>
    <channel site="magticom.ge_0" site_id="197||MjAyMS8wMS8yMC82NmIyZDMxYi1hOWRkLTQ5ZmQtYjBlYS04YmM3ZDAzZDk3MzNBWF8tLV81NjBfeF80MDgucG5n" xmltv_id="რიონი">რიონი</channel>
    <channel site="magticom.ge_0" site_id="207||MjAyMS8wMS8yMC82NmIyZDMxYi1hOWRkLTQ5ZmQtYjBlYS04YmM3ZDAzZDk3MzNBWF8tLV81NjBfeF80MDgucG5n.jpg" xmltv_id="TV პირველი">TV პირველი</channel>
    <channel site="magticom.ge_0" site_id="247||MjAyMS8wMS8yNS9kNzc4MGZkYS05YzMzLTQxMmYtYmZjMC1jNWI0NzhlOTQ0Y2RQT1NUXy0tXzU2MF94XzQwOC5wbmc=" xmltv_id="მაგთი კინო">მაგთი კინო</channel>
    <channel site="magticom.ge_0" site_id="248||MjAyMS8wMS8yNS9kNzc4MGZkYS05YzMzLTQxMmYtYmZjMC1jNWI0NzhlOTQ0Y2RQT1NUXy0tXzU2MF94XzQwOC5wbmc=.jpg" xmltv_id="ჩვენი მაგთი">ჩვენი მაგთი</channel>
    <channel site="magticom.ge_0" site_id="3||MjAxOS8xMC8xOC9mNTVhNTQ5MS04YWIyLTRkZDgtOWE4NS02MzNhZDFiYmU1NjdlbmtpLnBuZw==" xmltv_id="პირველი არხი">პირველი არხი</channel>
    <channel site="magticom.ge_0" site_id="85||MjAxOS8xMC8xOC9mNTVhNTQ5MS04YWIyLTRkZDgtOWE4NS02MzNhZDFiYmU1NjdlbmtpLnBuZw==.jpg" xmltv_id="ობიექტივი">ობიექტივი</channel>
    <channel site="magticom.ge_0" site_id="137||MjAxOC8wOS8xMC84NTVkMTExMC00MzcyLTRjNGItODlhMC1kODAyODI0MmRhMzIuanBn" xmltv_id="მარაო">მარაო</channel>
    <channel site="magticom.ge_0" site_id="167||MjAxOC8wOS8xMC84NTVkMTExMC00MzcyLTRjNGItODlhMC1kODAyODI0MmRhMzIuanBn.jpg" xmltv_id="პირველი არხი/ტელესკოლა">პირველი არხი/ტელესკოლა</channel>
    <channel site="magticom.ge_0" site_id="199||MjAyMC8wMS8xMC80MWE0NmYxNy01YWYyLTQ4ZDMtODA1ZS03YWFjN2YxY2NhODQzNjAgQURKQVJBU1BPUlQtMi5wbmc=" xmltv_id="დარდიმანდი">დარდიმანდი</channel>
    <channel site="magticom.ge_0" site_id="249||MjAyMC8wMS8xMC80MWE0NmYxNy01YWYyLTQ4ZDMtODA1ZS03YWFjN2YxY2NhODQzNjAgQURKQVJBU1BPUlQtMi5wbmc=.jpg" xmltv_id="მაგთი ჰიტი">მაგთი ჰიტი</channel>
    <channel site="magticom.ge_0" site_id="286||MjAxOC8wOS8xMC83NjQxM2Q4OS1hNWNlLTRlZGMtODMxYS1kNjNmMmJiOWNkNmYuanBn" xmltv_id="გურჯაანი">გურჯაანი</channel>
    <channel site="magticom.ge_0" site_id="287||MjAxOC8wOS8xMC83NjQxM2Q4OS1hNWNlLTRlZGMtODMxYS1kNjNmMmJiOWNkNmYuanBn.jpg" xmltv_id="Silk უნივერსალი">Silk უნივერსალი</channel>
    <channel site="magticom.ge_0" site_id="288||MjAyMC8wMS8xMC83MzI1ODM5MC01MzhmLTQ4YWItODRlNC0wNzIyNjc4ZmY3ZGUzNjAgQURKQVJBU1BPUlQtMS5wbmc=" xmltv_id="რაგბი ტვ">რაგბი ტვ</channel>
  </channels>
</site>