<?xml version="1.0" encoding="UTF-8"?>
<site generator-info-name="Tempest EPG Generator (made by Kvanc)" generator-info-url="https://github.com/K-vanc/Tempest-EPG-Generator.git" site="[ENC][EX]tvguide.sky.co.nz_0">
  <channels>
    <channel site="[ENC][EX]tvguide.sky.co.nz_0" site_id="1||epglogos/TV1.png" xmltv_id="One">One</channel>
    <channel site="[ENC][EX]tvguide.sky.co.nz_0" site_id="2||epglogos/TV2.png" xmltv_id="TV2">TV2</channel>
    <channel site="[ENC][EX]tvguide.sky.co.nz_0" site_id="3||epglogos/MK_Three_LogoThumbnail_80x60.png" xmltv_id="Three">Three</channel>
    <channel site="[ENC][EX]tvguide.sky.co.nz_0" site_id="4||epglogos/Prime_Orange_80x60.png" xmltv_id="Prime TV">Prime TV</channel>
    <channel site="[ENC][EX]tvguide.sky.co.nz_0" site_id="5||epglogos/MK_SKY5_LogoThumbnail_70x70.png" xmltv_id="Sky 5">Sky 5</channel>
    <channel site="[ENC][EX]tvguide.sky.co.nz_0" site_id="6||epglogos/VIBE.png" xmltv_id="Vibe">Vibe</channel>
    <channel site="[ENC][EX]tvguide.sky.co.nz_0" site_id="7||epglogos/UKTV.png" xmltv_id="UKTV">UKTV</channel>
    <channel site="[ENC][EX]tvguide.sky.co.nz_0" site_id="8||epglogos/JONES.png" xmltv_id="Jones!">Jones!</channel>
    <channel site="[ENC][EX]tvguide.sky.co.nz_0" site_id="208||epglogos/MK_JonesToo_LogoThumbnail_60x80.png" xmltv_id="JONES! too">JONES! too</channel>
    <channel site="[ENC][EX]tvguide.sky.co.nz_0" site_id="9||epglogos/MK_SKYBoxSets_LogoThumbnail_80x60.png" xmltv_id="SKY BOX SETS">SKY BOX SETS</channel>
    <channel site="[ENC][EX]tvguide.sky.co.nz_0" site_id="10||epglogos/MK_SoHo_LogoThumbnail2019_250x180.png" xmltv_id="SoHo">SoHo</channel>
    <channel site="[ENC][EX]tvguide.sky.co.nz_0" site_id="210||channel-logos/210_universal_tv.png" xmltv_id="UniversalTV">UniversalTV</channel>
    <channel site="[ENC][EX]tvguide.sky.co.nz_0" site_id="11||epglogos/Comedy_Central.png" xmltv_id="Comedy Central">Comedy Central</channel>
    <channel site="[ENC][EX]tvguide.sky.co.nz_0" site_id="12||epglogos/mk_bravo_thumbnail.png" xmltv_id="BRAVO">BRAVO</channel>
    <channel site="[ENC][EX]tvguide.sky.co.nz_0" site_id="14||epglogos/E.png" xmltv_id="E!">E!</channel>
    <channel site="[ENC][EX]tvguide.sky.co.nz_0" site_id="15||epglogos/mtv.png" xmltv_id="MTV">MTV</channel>
    <channel site="[ENC][EX]tvguide.sky.co.nz_0" site_id="16||epglogos/MK_TLC_LogoThumb_70x70.png" xmltv_id="TLC">TLC</channel>
    <channel site="[ENC][EX]tvguide.sky.co.nz_0" site_id="17||epglogos/MK_LivingChannel_LogoSmall.jpg" xmltv_id="Living Channel">Living Channel</channel>
    <channel site="[ENC][EX]tvguide.sky.co.nz_0" site_id="18||epglogos/MK_ID.png" xmltv_id="Investigation Discovery">Investigation Discovery</channel>
    <channel site="[ENC][EX]tvguide.sky.co.nz_0" site_id="19||epglogos/Maori_TV.png" xmltv_id="Maori Television">Maori Television</channel>
    <channel site="[ENC][EX]tvguide.sky.co.nz_0" site_id="20||epglogos/logo_020_80x60.png" xmltv_id="SKY ARTS">SKY ARTS</channel>
    <channel site="[ENC][EX]tvguide.sky.co.nz_0" site_id="21||epglogos/MK_HGTV_LogoThumbnail_70x70.png" xmltv_id="HGTV">HGTV</channel>
    <channel site="[ENC][EX]tvguide.sky.co.nz_0" site_id="22||epglogos/mtv-hits.png" xmltv_id="MTV Music">MTV Music</channel>
    <channel site="[ENC][EX]tvguide.sky.co.nz_0" site_id="23||epglogos/MK_DUKE_LogoThumbnail_80x60.png" xmltv_id="DUKE">DUKE</channel>
    <channel site="[ENC][EX]tvguide.sky.co.nz_0" site_id="24||epglogos/Choice_TV.png" xmltv_id="Choice TV">Choice TV</channel>
    <channel site="[ENC][EX]tvguide.sky.co.nz_0" site_id="25||epglogos/The_Shopping_Channel.png" xmltv_id="The Shopping Channel">The Shopping Channel</channel>
    <channel site="[ENC][EX]tvguide.sky.co.nz_0" site_id="30||epglogos/MK_Sky_Movies_Premiere_Logo.png" xmltv_id="Premiere Movies">Premiere Movies</channel>
    <channel site="[ENC][EX]tvguide.sky.co.nz_0" site_id="31||epglogos/MK_Sky_Movies_Comedy_Logo.png" xmltv_id="Comedy Movies">Comedy Movies</channel>
    <channel site="[ENC][EX]tvguide.sky.co.nz_0" site_id="32||epglogos/MK_Sky_Movies_Action_Logo.png" xmltv_id="Action Movies">Action Movies</channel>
    <channel site="[ENC][EX]tvguide.sky.co.nz_0" site_id="33||epglogos/MK_Sky_Movies_Greats_Logo.png" xmltv_id="Great Movies">Great Movies</channel>
    <channel site="[ENC][EX]tvguide.sky.co.nz_0" site_id="34||epglogos/MK_Sky_Movies_Classics_Logo.png" xmltv_id="Classic Movies">Classic Movies</channel>
    <channel site="[ENC][EX]tvguide.sky.co.nz_0" site_id="35||epglogos/MK_SkyMovies_Collection_Logo.png" xmltv_id="Movies Collection">Movies Collection</channel>
    <channel site="[ENC][EX]tvguide.sky.co.nz_0" site_id="36||epglogos/MK_Sky_Movies_Family_Logo.png" xmltv_id="Family Movies">Family Movies</channel>
    <channel site="[ENC][EX]tvguide.sky.co.nz_0" site_id="39||epglogos/logo_039_80x60.png" xmltv_id="Rialto">Rialto</channel>
    <channel site="[ENC][EX]tvguide.sky.co.nz_0" site_id="40||epglogos/MK_SBO_LogoThumbnail_80x60.png" xmltv_id="SKY Box Office">SKY Box Office</channel>
    <channel site="[ENC][EX]tvguide.sky.co.nz_0" site_id="41||epglogos/MK_SBO_LogoThumbnail_80x60.png" xmltv_id="SKY Box Office 041">SKY Box Office 041</channel>
    <channel site="[ENC][EX]tvguide.sky.co.nz_0" site_id="42||epglogos/MK_SBO_LogoThumbnail_80x60.png" xmltv_id="SKY Box Office 042">SKY Box Office 042</channel>
    <channel site="[ENC][EX]tvguide.sky.co.nz_0" site_id="43||epglogos/MK_SBO_LogoThumbnail_80x60.png" xmltv_id="SKY Box Office 043">SKY Box Office 043</channel>
    <channel site="[ENC][EX]tvguide.sky.co.nz_0" site_id="50||epglogos/logo_SKY_Sport_Select_80x60.png" xmltv_id="SKY Sport Select">SKY Sport Select</channel>
    <channel site="[ENC][EX]tvguide.sky.co.nz_0" site_id="51||epglogos/MK_SkySport1_NewLogo_V_80x60.png" xmltv_id="SKY Sport 1">SKY Sport 1</channel>
    <channel site="[ENC][EX]tvguide.sky.co.nz_0" site_id="52||epglogos/MK_SkySport2_NewLogo_V_80x60.png" xmltv_id="SKY Sport 2">SKY Sport 2</channel>
    <channel site="[ENC][EX]tvguide.sky.co.nz_0" site_id="53||epglogos/MK_SkySport3_NewLogo_V_80x60.png" xmltv_id="SKY Sport 3">SKY Sport 3</channel>
    <channel site="[ENC][EX]tvguide.sky.co.nz_0" site_id="57||epglogos/MK_SkySport7_NewLogo_V_80x60.png" xmltv_id="SKY Sport 7">SKY Sport 7</channel>
    <channel site="[ENC][EX]tvguide.sky.co.nz_0" site_id="54||channel-logos/Beijing_2022_Winter_Olympics_SKY_TV_Web_Logos/logo_BEIJING1_80x60.png" xmltv_id="Beijing 1">Beijing 1</channel>
    <channel site="[ENC][EX]tvguide.sky.co.nz_0" site_id="55||channel-logos/Beijing_2022_Winter_Olympics_SKY_TV_Web_Logos/logo_BEIJING2_80x60.png" xmltv_id="Beijing 2">Beijing 2</channel>
    <channel site="[ENC][EX]tvguide.sky.co.nz_0" site_id="56||channel-logos/Beijing_2022_Winter_Olympics_SKY_TV_Web_Logos/logo_BEIJING3_80x60.png" xmltv_id="Beijing 3">Beijing 3</channel>
    <channel site="[ENC][EX]tvguide.sky.co.nz_0" site_id="58||channel-logos/Beijing_2022_Winter_Olympics_SKY_TV_Web_Logos/logo_BEIJING4_80x60.png" xmltv_id="Beijing 4">Beijing 4</channel>
    <channel site="[ENC][EX]tvguide.sky.co.nz_0" site_id="59||channel-logos/Beijing_2022_Winter_Olympics_SKY_TV_Web_Logos/logo_BEIJING5_80x60.png" xmltv_id="Beijing 5">Beijing 5</channel>
    <channel site="[ENC][EX]tvguide.sky.co.nz_0" site_id="600||channel-logos/Beijing_2022_Winter_Olympics_SKY_TV_Web_Logos/logo_BEIJING6_80x60.png" xmltv_id="Beijing 6">Beijing 6</channel>
    <channel site="[ENC][EX]tvguide.sky.co.nz_0" site_id="601||epglogos/Prime_Orange_80x60.png" xmltv_id="SKY Sport Popup 2">SKY Sport Popup 2</channel>
    <channel site="[ENC][EX]tvguide.sky.co.nz_0" site_id="60||epglogos/ESPN.png" xmltv_id="ESPN">ESPN</channel>
    <channel site="[ENC][EX]tvguide.sky.co.nz_0" site_id="61||epglogos/ESPN2.png" xmltv_id="ESPN2">ESPN2</channel>
    <channel site="[ENC][EX]tvguide.sky.co.nz_0" site_id="62||epglogos/Trackside_1.png" xmltv_id="TAB Trackside 1">TAB Trackside 1</channel>
    <channel site="[ENC][EX]tvguide.sky.co.nz_0" site_id="63||epglogos/Trackside_2.png" xmltv_id="TAB Trackside 2">TAB Trackside 2</channel>
    <channel site="[ENC][EX]tvguide.sky.co.nz_0" site_id="65||epglogos/MK_SkyArena_NewLogo_80x60.png" xmltv_id="SKY Arena">SKY Arena</channel>
    <channel site="[ENC][EX]tvguide.sky.co.nz_0" site_id="70||epglogos/Discovery_Channel.png" xmltv_id="Discovery Channel">Discovery Channel</channel>
    <channel site="[ENC][EX]tvguide.sky.co.nz_0" site_id="71||epglogos/MK_CI_LogoThumb_Update_80x60.png" xmltv_id="Crime + Investigation">Crime + Investigation</channel>
    <channel site="[ENC][EX]tvguide.sky.co.nz_0" site_id="72||epglogos/MK_NatGeo_LogoThumbnail_80x60.jpg" xmltv_id="National Geographic">National Geographic</channel>
    <channel site="[ENC][EX]tvguide.sky.co.nz_0" site_id="73||epglogos/MK_History_LogoThumbnail_80x60.jpg" xmltv_id="History">History</channel>
    <channel site="[ENC][EX]tvguide.sky.co.nz_0" site_id="74||epglogos/MK_BBCEarth_LogoThumbnail_80x60.jpg" xmltv_id="BBC Earth">BBC Earth</channel>
    <channel site="[ENC][EX]tvguide.sky.co.nz_0" site_id="75||epglogos/MK_DiscoveryTurbo_LogoThumbnail_80x60.jpg" xmltv_id="Discovery Turbo">Discovery Turbo</channel>
    <channel site="[ENC][EX]tvguide.sky.co.nz_0" site_id="76||epglogos/MK_AnimalPlanetUpdate_Thumbnail_80x60.png" xmltv_id="Animal Planet">Animal Planet</channel>
    <channel site="[ENC][EX]tvguide.sky.co.nz_0" site_id="81||epglogos/logo_081_250x180.png" xmltv_id="Country TV">Country TV</channel>
    <channel site="[ENC][EX]tvguide.sky.co.nz_0" site_id="82||epglogos/Te_Reo.png" xmltv_id="Te Reo">Te Reo</channel>
    <channel site="[ENC][EX]tvguide.sky.co.nz_0" site_id="83||epglogos/MK_FaceTV_LogoThumbnail_80x60.jpg" xmltv_id="FACE TV">FACE TV</channel>
    <channel site="[ENC][EX]tvguide.sky.co.nz_0" site_id="85||epglogos/MK_SKYNews_LogoThumb_v2_80x60px.png" xmltv_id="SKY NEWS">SKY NEWS</channel>
    <channel site="[ENC][EX]tvguide.sky.co.nz_0" site_id="86||epglogos/parliament-tv-thumb.png" xmltv_id="Parliament TV">Parliament TV</channel>
    <channel site="[ENC][EX]tvguide.sky.co.nz_0" site_id="87||epglogos/CNN_Logo_80x60.jpg" xmltv_id="CNN International">CNN International</channel>
    <channel site="[ENC][EX]tvguide.sky.co.nz_0" site_id="88||epglogos/Fox_News_Channel.png" xmltv_id="Fox News">Fox News</channel>
    <channel site="[ENC][EX]tvguide.sky.co.nz_0" site_id="89||epglogos/BBCWorldNews_Logo_80x60.png" xmltv_id="BBC World News">BBC World News</channel>
    <channel site="[ENC][EX]tvguide.sky.co.nz_0" site_id="90||epglogos/Al_Jazeera.png" xmltv_id="Al Jazeera">Al Jazeera</channel>
    <channel site="[ENC][EX]tvguide.sky.co.nz_0" site_id="91||epglogos/CNBC.png" xmltv_id="CNBC">CNBC</channel>
    <channel site="[ENC][EX]tvguide.sky.co.nz_0" site_id="92||epglogos/RT.png" xmltv_id="RT">RT</channel>
    <channel site="[ENC][EX]tvguide.sky.co.nz_0" site_id="100||epglogos/MK_Logo_NickMusic_80x60.png" xmltv_id="Nick Music">Nick Music</channel>
    <channel site="[ENC][EX]tvguide.sky.co.nz_0" site_id="101||epglogos/MK_Nick_LogoThumbnail_80x60.png" xmltv_id="Nick">Nick</channel>
    <channel site="[ENC][EX]tvguide.sky.co.nz_0" site_id="102||epglogos/MK_CartoonNetwork_LogoThumbnail_80x60.jpg" xmltv_id="Cartoon Network">Cartoon Network</channel>
    <channel site="[ENC][EX]tvguide.sky.co.nz_0" site_id="103||epglogos/CBeebies_logo_80x60.png" xmltv_id="CBeebies">CBeebies</channel>
    <channel site="[ENC][EX]tvguide.sky.co.nz_0" site_id="104||epglogos/Nick_Jr.png" xmltv_id="nick jr.">nick jr.</channel>
    <channel site="[ENC][EX]tvguide.sky.co.nz_0" site_id="118||epglogos/MK_TheEdgeTV_Logo_80x60.png" xmltv_id="nick jr.">nick jr.</channel>
    <channel site="[ENC][EX]tvguide.sky.co.nz_0" site_id="119||epglogos/MK_BreezeTV_Logo_80x60.png" xmltv_id="nick jr.">nick jr.</channel>
    <channel site="[ENC][EX]tvguide.sky.co.nz_0" site_id="123||epglogos/MK_MTVClassic_Logo_80x60.png" xmltv_id="MTV Classic">MTV Classic</channel>
    <channel site="[ENC][EX]tvguide.sky.co.nz_0" site_id="150||epglogos/logo_150_250x180.png" xmltv_id="Star Plus Hindi">Star Plus Hindi</channel>
    <channel site="[ENC][EX]tvguide.sky.co.nz_0" site_id="151||epglogos/logo_151_250x180.png" xmltv_id="Colors">Colors</channel>
    <channel site="[ENC][EX]tvguide.sky.co.nz_0" site_id="152||epglogos/logo_152_250x180.png" xmltv_id="Star Gold">Star Gold</channel>
    <channel site="[ENC][EX]tvguide.sky.co.nz_0" site_id="160||epglogos/0111_80x60.png" xmltv_id="The Filipino Channel">The Filipino Channel</channel>
    <channel site="[ENC][EX]tvguide.sky.co.nz_0" site_id="201||epglogos/MK_ShineTV_LogoThumbnail_80x60.jpg" xmltv_id="Shine TV">Shine TV</channel>
    <channel site="[ENC][EX]tvguide.sky.co.nz_0" site_id="202||epglogos/Daystar.png" xmltv_id="Daystar TV Network">Daystar TV Network</channel>
    <channel site="[ENC][EX]tvguide.sky.co.nz_0" site_id="203||epglogos/MK_SBN_LogoThumbnail_80x60.jpg" xmltv_id="SBN">SBN</channel>
    <channel site="[ENC][EX]tvguide.sky.co.nz_0" site_id="204||epglogos/MK_HopeChannel_Logo_80x60.png" xmltv_id="Hope Channel">Hope Channel</channel>
    <channel site="[ENC][EX]tvguide.sky.co.nz_0" site_id="206||epglogos/MK_Firstlight_LogoThumb_250x180.jpg" xmltv_id="Firstlight">Firstlight</channel>
    <channel site="[ENC][EX]tvguide.sky.co.nz_0" site_id="209||epglogos/defaultLogo.png" xmltv_id="The Office Pop-Up">The Office Pop-Up</channel>
    <channel site="[ENC][EX]tvguide.sky.co.nz_0" site_id="309||epglogos/MK_CGTNDoc_LogoThumbnail_80x60.png" xmltv_id="CGTN">CGTN</channel>
    <channel site="[ENC][EX]tvguide.sky.co.nz_0" site_id="310||epglogos/MK_CGTNnew_LogoThumbnail_80x60.png" xmltv_id="CGTN">CGTN</channel>
    <channel site="[ENC][EX]tvguide.sky.co.nz_0" site_id="501||epglogos/TV1_plus_1.png" xmltv_id="One Plus 1">One Plus 1</channel>
    <channel site="[ENC][EX]tvguide.sky.co.nz_0" site_id="502||epglogos/TV2_plus_1.png" xmltv_id="TV2 + 1">TV2 + 1</channel>
    <channel site="[ENC][EX]tvguide.sky.co.nz_0" site_id="503||epglogos/MK_ThreePlus1_LogoThumbnail_80x60.png" xmltv_id="ThreePlus1">ThreePlus1</channel>
    <channel site="[ENC][EX]tvguide.sky.co.nz_0" site_id="504||epglogos/MK_DUKEPlus1_Logo.png" xmltv_id="DukePlus1">DukePlus1</channel>
    <channel site="[ENC][EX]tvguide.sky.co.nz_0" site_id="512||epglogos/MK_Bravo_plus1_Thumbnail_Logo_80x60.png" xmltv_id="BRAVO Plus 1">BRAVO Plus 1</channel>
    <channel site="[ENC][EX]tvguide.sky.co.nz_0" site_id="514||epglogos/MK_PrimePlus1_LogoThumbnail_80x60.png" xmltv_id="Prime PLUS 1">Prime PLUS 1</channel>
  </channels>
</site>