<?xml version="1.0" encoding="UTF-8"?>
<site generator-info-name="Tempest EPG Generator (made by Kvanc)" generator-info-url="https://github.com/K-vanc/Tempest-EPG-Generator.git" site="[ENC]13go.cl_0">
  <channels>
    <channel site="[ENC]13go.cl_0" site_id="epg-canal13||13_0.jpg" xmltv_id="Canal 13">Canal 13</channel>
    <channel site="[ENC]13go.cl_0" site_id="13realities||realities.jpg" xmltv_id="13Realities">13Realities</channel>
    <channel site="[ENC]13go.cl_0" site_id="latinoclassicchannel||latinoclassic.jpg" xmltv_id="Latino Classic Channel">Latino Classic Channel</channel>
    <channel site="[ENC]13go.cl_0" site_id="ecuavisa3||ecuasiva.jpg" xmltv_id="Ecuavisa3">Ecuavisa3</channel>
    <channel site="[ENC]13go.cl_0" site_id="13pop||13pop_fondo.png" xmltv_id="13Pop">13Pop</channel>
    <channel site="[ENC]13go.cl_0" site_id="mundoseries||mundoseries.jpg" xmltv_id="Mundo Series">Mundo Series</channel>
    <channel site="[ENC]13go.cl_0" site_id="13t||teleseries.jpg" xmltv_id="13Teleseries">13Teleseries</channel>
    <channel site="[ENC]13go.cl_0" site_id="13d||13_0_0.jpg" xmltv_id="Deportes13">Deportes13</channel>
    <channel site="[ENC]13go.cl_0" site_id="xtremsports||xtremsports.jpg" xmltv_id="Xtrem Sports">Xtrem Sports</channel>
    <channel site="[ENC]13go.cl_0" site_id="fighttv||fight.jpg" xmltv_id="Fight TV">Fight TV</channel>
    <channel site="[ENC]13go.cl_0" site_id="theringtv||thering.jpg" xmltv_id="The Ring TV">The Ring TV</channel>
    <channel site="[ENC]13go.cl_0" site_id="cartoontv||cartoon.jpg" xmltv_id="Cartoon Tv">Cartoon Tv</channel>
    <channel site="[ENC]13go.cl_0" site_id="latinzone||latinzone.jpg" xmltv_id="Latin Zone TV">Latin Zone TV</channel>
    <channel site="[ENC]13go.cl_0" site_id="13festival||festival.jpg" xmltv_id="13Festival">13Festival</channel>
    <channel site="[ENC]13go.cl_0" site_id="zuttv||zut.jpg" xmltv_id="Zut TV">Zut TV</channel>
    <channel site="[ENC]13go.cl_0" site_id="armoniatv||armonia.jpg" xmltv_id="Armonia Teve">Armonia Teve</channel>
    <channel site="[ENC]13go.cl_0" site_id="wailana||wailana.jpg" xmltv_id="Wai Lana">Wai Lana</channel>
    <channel site="[ENC]13go.cl_0" site_id="englishtv||english.jpg" xmltv_id="English TV">English TV</channel>
    <channel site="[ENC]13go.cl_0" site_id="justforlaughs||just.jpg" xmltv_id="Just For Laughs">Just For Laughs</channel>
    <channel site="[ENC]13go.cl_0" site_id="13cultura||cultura.jpg" xmltv_id="13Cultura">13Cultura</channel>
    <channel site="[ENC]13go.cl_0" site_id="theexplorers||theexplorers.jpg" xmltv_id="The Explorers">The Explorers</channel>
  </channels>
</site>