<?xml version="1.0" encoding="UTF-8"?>
<site generator-info-name="Tempest EPG Generator (made by Kvanc)" generator-info-url="https://github.com/K-vanc/Tempest-EPG-Generator.git" site="[ENC][EX]tuves.cl_0">
  <channels>
    <channel site="[ENC][EX]tuves.cl_0" site_id="1443" xmltv_id="A&amp;E">A&amp;E</channel>
    <channel site="[ENC][EX]tuves.cl_0" site_id="1362" xmltv_id="AMC">AMC</channel>
    <channel site="[ENC][EX]tuves.cl_0" site_id="1623" xmltv_id="ANIMAL PLANET">ANIMAL PLANET</channel>
    <channel site="[ENC][EX]tuves.cl_0" site_id="61" xmltv_id="ANTENA3">ANTENA3</channel>
    <channel site="[ENC][EX]tuves.cl_0" site_id="478" xmltv_id="AXN">AXN</channel>
    <channel site="[ENC][EX]tuves.cl_0" site_id="379" xmltv_id="AZTECA MUNDO">AZTECA MUNDO</channel>
    <channel site="[ENC][EX]tuves.cl_0" site_id="808" xmltv_id="BETHEL">BETHEL</channel>
    <channel site="[ENC][EX]tuves.cl_0" site_id="4055" xmltv_id="BOLIVIA TV">BOLIVIA TV</channel>
    <channel site="[ENC][EX]tuves.cl_0" site_id="384" xmltv_id="CARACOL">CARACOL</channel>
    <channel site="[ENC][EX]tuves.cl_0" site_id="3132" xmltv_id="CARTOON NETWORK">CARTOON NETWORK</channel>
    <channel site="[ENC][EX]tuves.cl_0" site_id="3133" xmltv_id="CARTOON NETWORK HD">CARTOON NETWORK HD</channel>
    <channel site="[ENC][EX]tuves.cl_0" site_id="453" xmltv_id="CARTOONITO">CARTOONITO</channel>
    <channel site="[ENC][EX]tuves.cl_0" site_id="1303" xmltv_id="CDF BÃ SICO">CDF BÃ SICO</channel>
    <channel site="[ENC][EX]tuves.cl_0" site_id="1305" xmltv_id="CDF PREMIUM">CDF PREMIUM</channel>
    <channel site="[ENC][EX]tuves.cl_0" site_id="1840" xmltv_id="CINECANAL">CINECANAL</channel>
    <channel site="[ENC][EX]tuves.cl_0" site_id="4154" xmltv_id="CINECANAL HD">CINECANAL HD</channel>
    <channel site="[ENC][EX]tuves.cl_0" site_id="1355" xmltv_id="CINEMAX">CINEMAX</channel>
    <channel site="[ENC][EX]tuves.cl_0" site_id="888" xmltv_id="CNN">CNN</channel>
    <channel site="[ENC][EX]tuves.cl_0" site_id="62" xmltv_id="CNN EN ESPAÃ'OL">CNN EN ESPAÃ'OL</channel>
    <channel site="[ENC][EX]tuves.cl_0" site_id="2037" xmltv_id="COMEDY CENTRAL">COMEDY CENTRAL</channel>
    <channel site="[ENC][EX]tuves.cl_0" site_id="137" xmltv_id="DE PELICULA">DE PELICULA</channel>
    <channel site="[ENC][EX]tuves.cl_0" site_id="438" xmltv_id="DISCOVERY">DISCOVERY</channel>
    <channel site="[ENC][EX]tuves.cl_0" site_id="3135" xmltv_id="DISCOVERY HOME AND HEALTH">DISCOVERY HOME AND HEALTH</channel>
    <channel site="[ENC][EX]tuves.cl_0" site_id="111" xmltv_id="DISCOVERY ID">DISCOVERY ID</channel>
    <channel site="[ENC][EX]tuves.cl_0" site_id="493" xmltv_id="DISCOVERY SCIENCE">DISCOVERY SCIENCE</channel>
    <channel site="[ENC][EX]tuves.cl_0" site_id="1624" xmltv_id="DISCOVERY TLC">DISCOVERY TLC</channel>
    <channel site="[ENC][EX]tuves.cl_0" site_id="492" xmltv_id="DISCOVERY TURBO">DISCOVERY TURBO</channel>
    <channel site="[ENC][EX]tuves.cl_0" site_id="876" xmltv_id="DISNEY">DISNEY</channel>
    <channel site="[ENC][EX]tuves.cl_0" site_id="4538" xmltv_id="DISNEY HD">DISNEY HD</channel>
    <channel site="[ENC][EX]tuves.cl_0" site_id="1129" xmltv_id="DISNEY JR">DISNEY JR</channel>
    <channel site="[ENC][EX]tuves.cl_0" site_id="1130" xmltv_id="DISNEY XD">DISNEY XD</channel>
    <channel site="[ENC][EX]tuves.cl_0" site_id="491" xmltv_id="E!">E!</channel>
    <channel site="[ENC][EX]tuves.cl_0" site_id="473" xmltv_id="EL GOURMET">EL GOURMET</channel>
    <channel site="[ENC][EX]tuves.cl_0" site_id="1154" xmltv_id="EL TRECE">EL TRECE</channel>
    <channel site="[ENC][EX]tuves.cl_0" site_id="3241" xmltv_id="ESPN 2 HD">ESPN 2 HD</channel>
    <channel site="[ENC][EX]tuves.cl_0" site_id="5251" xmltv_id="ESPN 3 HD">ESPN 3 HD</channel>
    <channel site="[ENC][EX]tuves.cl_0" site_id="1132" xmltv_id="ESPN EXTRA HD">ESPN EXTRA HD</channel>
    <channel site="[ENC][EX]tuves.cl_0" site_id="3451" xmltv_id="ESPN HD">ESPN HD</channel>
    <channel site="[ENC][EX]tuves.cl_0" site_id="64" xmltv_id="EWTN">EWTN</channel>
    <channel site="[ENC][EX]tuves.cl_0" site_id="3450" xmltv_id="FOOD NETWORK HD">FOOD NETWORK HD</channel>
    <channel site="[ENC][EX]tuves.cl_0" site_id="56" xmltv_id="FOX SPORTS">FOX SPORTS</channel>
    <channel site="[ENC][EX]tuves.cl_0" site_id="2892" xmltv_id="FOX SPORTS 1">FOX SPORTS 1</channel>
    <channel site="[ENC][EX]tuves.cl_0" site_id="5344" xmltv_id="FOX SPORTS 2">FOX SPORTS 2</channel>
    <channel site="[ENC][EX]tuves.cl_0" site_id="5345" xmltv_id="FOX SPORTS 2 HD">FOX SPORTS 2 HD</channel>
    <channel site="[ENC][EX]tuves.cl_0" site_id="5867" xmltv_id="FOX SPORTS 3">FOX SPORTS 3</channel>
    <channel site="[ENC][EX]tuves.cl_0" site_id="5868" xmltv_id="FOX SPORTS 3 HD">FOX SPORTS 3 HD</channel>
    <channel site="[ENC][EX]tuves.cl_0" site_id="2372" xmltv_id="FUNBOX">FUNBOX</channel>
    <channel site="[ENC][EX]tuves.cl_0" site_id="1557" xmltv_id="FX">FX</channel>
    <channel site="[ENC][EX]tuves.cl_0" site_id="2045" xmltv_id="FX HD">FX HD</channel>
    <channel site="[ENC][EX]tuves.cl_0" site_id="4096" xmltv_id="FX MOVIES">FX MOVIES</channel>
    <channel site="[ENC][EX]tuves.cl_0" site_id="4097" xmltv_id="FX MOVIES HD">FX MOVIES HD</channel>
    <channel site="[ENC][EX]tuves.cl_0" site_id="104" xmltv_id="GLITZ">GLITZ</channel>
    <channel site="[ENC][EX]tuves.cl_0" site_id="541" xmltv_id="GOL TV">GOL TV</channel>
    <channel site="[ENC][EX]tuves.cl_0" site_id="401" xmltv_id="GOLDEN">GOLDEN</channel>
    <channel site="[ENC][EX]tuves.cl_0" site_id="1069" xmltv_id="GOLDEN EDGE">GOLDEN EDGE</channel>
    <channel site="[ENC][EX]tuves.cl_0" site_id="1500" xmltv_id="GOLDEN PLUS HD">GOLDEN PLUS HD</channel>
    <channel site="[ENC][EX]tuves.cl_0" site_id="2376" xmltv_id="GOLDEN PREMIER">GOLDEN PREMIER</channel>
    <channel site="[ENC][EX]tuves.cl_0" site_id="2826" xmltv_id="H2">H2</channel>
    <channel site="[ENC][EX]tuves.cl_0" site_id="2127" xmltv_id="HBO 2">HBO 2</channel>
    <channel site="[ENC][EX]tuves.cl_0" site_id="335" xmltv_id="HBO FAMILY">HBO FAMILY</channel>
    <channel site="[ENC][EX]tuves.cl_0" site_id="3758" xmltv_id="HBO HD">HBO HD</channel>
    <channel site="[ENC][EX]tuves.cl_0" site_id="2165" xmltv_id="HBO PLUS">HBO PLUS</channel>
    <channel site="[ENC][EX]tuves.cl_0" site_id="334" xmltv_id="HBO XTREME">HBO XTREME</channel>
    <channel site="[ENC][EX]tuves.cl_0" site_id="1531" xmltv_id="HGTV">HGTV</channel>
    <channel site="[ENC][EX]tuves.cl_0" site_id="2267" xmltv_id="HISPAN TV">HISPAN TV</channel>
    <channel site="[ENC][EX]tuves.cl_0" site_id="389" xmltv_id="HISTORY">HISTORY</channel>
    <channel site="[ENC][EX]tuves.cl_0" site_id="2669" xmltv_id="HOLA TV">HOLA TV</channel>
    <channel site="[ENC][EX]tuves.cl_0" site_id="115" xmltv_id="HTV">HTV</channel>
    <channel site="[ENC][EX]tuves.cl_0" site_id="917" xmltv_id="I-SAT">I-SAT</channel>
    <channel site="[ENC][EX]tuves.cl_0" site_id="9" xmltv_id="LAS ESTRELLAS">LAS ESTRELLAS</channel>
    <channel site="[ENC][EX]tuves.cl_0" site_id="2235" xmltv_id="LAS ESTRELLAS HD">LAS ESTRELLAS HD</channel>
    <channel site="[ENC][EX]tuves.cl_0" site_id="2788" xmltv_id="LIFETIME">LIFETIME</channel>
    <channel site="[ENC][EX]tuves.cl_0" site_id="1126" xmltv_id="MAS CHIC">MAS CHIC</channel>
    <channel site="[ENC][EX]tuves.cl_0" site_id="1339" xmltv_id="MTV">MTV</channel>
    <channel site="[ENC][EX]tuves.cl_0" site_id="106" xmltv_id="MULTIPREMIER">MULTIPREMIER</channel>
    <channel site="[ENC][EX]tuves.cl_0" site_id="3939" xmltv_id="NAT GEO KIDS">NAT GEO KIDS</channel>
    <channel site="[ENC][EX]tuves.cl_0" site_id="3944" xmltv_id="NAT GEO KIDS HD">NAT GEO KIDS HD</channel>
    <channel site="[ENC][EX]tuves.cl_0" site_id="1403" xmltv_id="NAT GEO WILD HD">NAT GEO WILD HD</channel>
    <channel site="[ENC][EX]tuves.cl_0" site_id="1019" xmltv_id="NATIONAL GEOGRAPHIC">NATIONAL GEOGRAPHIC</channel>
    <channel site="[ENC][EX]tuves.cl_0" site_id="816" xmltv_id="NICK JR.">NICK JR.</channel>
    <channel site="[ENC][EX]tuves.cl_0" site_id="1229" xmltv_id="NICKELODEON">NICKELODEON</channel>
    <channel site="[ENC][EX]tuves.cl_0" site_id="3511" xmltv_id="NICKELODEON HD">NICKELODEON HD</channel>
    <channel site="[ENC][EX]tuves.cl_0" site_id="1961" xmltv_id="PARAGUAY TV">PARAGUAY TV</channel>
    <channel site="[ENC][EX]tuves.cl_0" site_id="2910" xmltv_id="PARAMOUNT NETWORK">PARAMOUNT NETWORK</channel>
    <channel site="[ENC][EX]tuves.cl_0" site_id="2217" xmltv_id="PASIONES HD">PASIONES HD</channel>
    <channel site="[ENC][EX]tuves.cl_0" site_id="3639" xmltv_id="PRESSTV">PRESSTV</channel>
    <channel site="[ENC][EX]tuves.cl_0" site_id="4045" xmltv_id="RADIO BETHEL">RADIO BETHEL</channel>
    <channel site="[ENC][EX]tuves.cl_0" site_id="1502" xmltv_id="RUSSIA TODAY">RUSSIA TODAY</channel>
    <channel site="[ENC][EX]tuves.cl_0" site_id="452" xmltv_id="SONY">SONY</channel>
    <channel site="[ENC][EX]tuves.cl_0" site_id="2203" xmltv_id="SPACE">SPACE</channel>
    <channel site="[ENC][EX]tuves.cl_0" site_id="3167" xmltv_id="SPACE HD">SPACE HD</channel>
    <channel site="[ENC][EX]tuves.cl_0" site_id="424" xmltv_id="STAR CHANNEL">STAR CHANNEL</channel>
    <channel site="[ENC][EX]tuves.cl_0" site_id="879" xmltv_id="STAR CHANNEL HD">STAR CHANNEL HD</channel>
    <channel site="[ENC][EX]tuves.cl_0" site_id="2610" xmltv_id="STAR LIFE">STAR LIFE</channel>
    <channel site="[ENC][EX]tuves.cl_0" site_id="3468" xmltv_id="STAR LIFE HD">STAR LIFE HD</channel>
    <channel site="[ENC][EX]tuves.cl_0" site_id="581" xmltv_id="STUDIO UNIVERSAL">STUDIO UNIVERSAL</channel>
    <channel site="[ENC][EX]tuves.cl_0" site_id="771" xmltv_id="SUN CHANNEL">SUN CHANNEL</channel>
    <channel site="[ENC][EX]tuves.cl_0" site_id="2331" xmltv_id="TBS VERYFUNNY">TBS VERYFUNNY</channel>
    <channel site="[ENC][EX]tuves.cl_0" site_id="910" xmltv_id="TCM">TCM</channel>
    <channel site="[ENC][EX]tuves.cl_0" site_id="149" xmltv_id="TELEFE">TELEFE</channel>
    <channel site="[ENC][EX]tuves.cl_0" site_id="1153" xmltv_id="TELEMUNDO">TELEMUNDO</channel>
    <channel site="[ENC][EX]tuves.cl_0" site_id="388" xmltv_id="TELESUR">TELESUR</channel>
    <channel site="[ENC][EX]tuves.cl_0" site_id="170" xmltv_id="TLNOVELAS">TLNOVELAS</channel>
    <channel site="[ENC][EX]tuves.cl_0" site_id="3804" xmltv_id="TNT HD">TNT HD</channel>
    <channel site="[ENC][EX]tuves.cl_0" site_id="3041" xmltv_id="TNT SERIES">TNT SERIES</channel>
    <channel site="[ENC][EX]tuves.cl_0" site_id="880" xmltv_id="TOONCAST">TOONCAST</channel>
    <channel site="[ENC][EX]tuves.cl_0" site_id="1256" xmltv_id="TRU TV">TRU TV</channel>
    <channel site="[ENC][EX]tuves.cl_0" site_id="1560" xmltv_id="TRU TV HD">TRU TV HD</channel>
    <channel site="[ENC][EX]tuves.cl_0" site_id="135" xmltv_id="TV PUBLICA">TV PUBLICA</channel>
    <channel site="[ENC][EX]tuves.cl_0" site_id="59" xmltv_id="TVE">TVE</channel>
    <channel site="[ENC][EX]tuves.cl_0" site_id="464" xmltv_id="UNIVERSAL CHANNEL">UNIVERSAL CHANNEL</channel>
    <channel site="[ENC][EX]tuves.cl_0" site_id="5366" xmltv_id="UNIVISION HD">UNIVISION HD</channel>
    <channel site="[ENC][EX]tuves.cl_0" site_id="177" xmltv_id="VE PLUS TV">VE PLUS TV</channel>
    <channel site="[ENC][EX]tuves.cl_0" site_id="407" xmltv_id="VIVE">VIVE</channel>
    <channel site="[ENC][EX]tuves.cl_0" site_id="392" xmltv_id="WARNER">WARNER</channel>
    <channel site="[ENC][EX]tuves.cl_0" site_id="3874" xmltv_id="WARNER HD">WARNER HD</channel>
    <channel site="[ENC][EX]tuves.cl_0" site_id="723" xmltv_id="WOBI TV">WOBI TV</channel>
  </channels>
</site>