<?xml version="1.0" encoding="UTF-8"?>
<site generator-info-name="Tempest EPG Generator (made by Kvanc)" generator-info-url="https://github.com/K-vanc/Tempest-EPG-Generator.git" site="[ENC][EX]tv.movistar.cl_0">
  <channels>
    <channel site="[ENC][EX]tv.movistar.cl_0" site_id="LCH2185" xmltv_id="ComunicionesInternas">ComunicionesInternas</channel>
    <channel site="[ENC][EX]tv.movistar.cl_0" site_id="LCH483" xmltv_id="FILM &amp; ARTS">FILM &amp; ARTS</channel>
    <channel site="[ENC][EX]tv.movistar.cl_0" site_id="LCH488||00/06/40/6402133_B265ACD58D743792" xmltv_id="AMC">AMC</channel>
    <channel site="[ENC][EX]tv.movistar.cl_0" site_id="LCH506" xmltv_id="MAS CHIC">MAS CHIC</channel>
    <channel site="[ENC][EX]tv.movistar.cl_0" site_id="LCH523" xmltv_id="EUROPA EUROPA">EUROPA EUROPA</channel>
    <channel site="[ENC][EX]tv.movistar.cl_0" site_id="LCH541" xmltv_id="EL GOURMET">EL GOURMET</channel>
    <channel site="[ENC][EX]tv.movistar.cl_0" site_id="LCH554||00/06/71/6718163_62EC1AFDC7FF3897" xmltv_id="TV DIPUTADOS">TV DIPUTADOS</channel>
    <channel site="[ENC][EX]tv.movistar.cl_0" site_id="LCH1266||00/06/70/6702131_F2EB3099B1273D22" xmltv_id="MOVISTAR TV">MOVISTAR TV</channel>
    <channel site="[ENC][EX]tv.movistar.cl_0" site_id="LCH564||00/06/98/6989897_65BE887E1EA67FA6" xmltv_id="Telecanal">Telecanal</channel>
    <channel site="[ENC][EX]tv.movistar.cl_0" site_id="LCH884||00/06/71/6714289_E564488443D50616" xmltv_id="RED TELEVISION">RED TELEVISION</channel>
    <channel site="[ENC][EX]tv.movistar.cl_0" site_id="LCH566||00/06/71/6718154_4BC3DEF592C156FC" xmltv_id="TV+">TV+</channel>
    <channel site="[ENC][EX]tv.movistar.cl_0" site_id="LCH1225||00/06/70/6702213_83C7F9CAB707C9A1" xmltv_id="TVN">TVN</channel>
    <channel site="[ENC][EX]tv.movistar.cl_0" site_id="LCH497||00/06/72/6726445_24CA27E2CDBD03F0" xmltv_id="MEGA / MEGA HD">MEGA / MEGA HD</channel>
    <channel site="[ENC][EX]tv.movistar.cl_0" site_id="LCH481||00/09/46/9467427_5919BE4BAA56D698" xmltv_id="CHV">CHV</channel>
    <channel site="[ENC][EX]tv.movistar.cl_0" site_id="LCH482||00/06/72/6726493_33743DEAD3FC7032" xmltv_id="Canal 13">Canal 13</channel>
    <channel site="[ENC][EX]tv.movistar.cl_0" site_id="LCH549||00/09/22/9223963_4D56D453F4C18BC8" xmltv_id="ZONA LATINA">ZONA LATINA</channel>
    <channel site="[ENC][EX]tv.movistar.cl_0" site_id="LCH548||00/06/72/6726433_C6ADD46FA77D08DF" xmltv_id="VIA X">VIA X</channel>
    <channel site="[ENC][EX]tv.movistar.cl_0" site_id="LCH767||00/06/72/6726499_C4CA62310123B909" xmltv_id="REC TV">REC TV</channel>
    <channel site="[ENC][EX]tv.movistar.cl_0" site_id="LCH647||00/06/40/6404287_505AB80A6A512184" xmltv_id="DISCOVERY KIDS">DISCOVERY KIDS</channel>
    <channel site="[ENC][EX]tv.movistar.cl_0" site_id="LCH860||00/06/71/6714295_EC83B9DCA67A40FF" xmltv_id="TELESUR">TELESUR</channel>
    <channel site="[ENC][EX]tv.movistar.cl_0" site_id="LCH938" xmltv_id="AMC HD">AMC HD</channel>
    <channel site="[ENC][EX]tv.movistar.cl_0" site_id="LCH4087||00/09/30/9303581_3824D41BA1FD73C1" xmltv_id="NTV">NTV</channel>
    <channel site="[ENC][EX]tv.movistar.cl_0" site_id="LCH513||00/06/40/6404291_317D0944FCAE9FC2" xmltv_id="CARTOON NETWORK">CARTOON NETWORK</channel>
    <channel site="[ENC][EX]tv.movistar.cl_0" site_id="LCH558||00/06/40/6404292_3B9E6CB449FA9F91" xmltv_id="NICKELODEON">NICKELODEON</channel>
    <channel site="[ENC][EX]tv.movistar.cl_0" site_id="LCH589||00/06/40/6404284_14348DA622E37938" xmltv_id="DISNEY CHANNEL REGIONAL">DISNEY CHANNEL REGIONAL</channel>
    <channel site="[ENC][EX]tv.movistar.cl_0" site_id="LCH864||00/06/40/6404289_0FC3658188313098" xmltv_id="BABY TV">BABY TV</channel>
    <channel site="[ENC][EX]tv.movistar.cl_0" site_id="LCH5638||00/10/72/10720091_14BFAED6798F8309" xmltv_id="Lolly Kids">Lolly Kids</channel>
    <channel site="[ENC][EX]tv.movistar.cl_0" site_id="LCH509||00/06/40/6404328_6EA16AC5A8C8CA82" xmltv_id="Animal Planet">Animal Planet</channel>
    <channel site="[ENC][EX]tv.movistar.cl_0" site_id="LCH477||00/06/40/6404318_A08760A31E4E9381" xmltv_id="DISCOVERY CHANNEL VENEZUELA">DISCOVERY CHANNEL VENEZUELA</channel>
    <channel site="[ENC][EX]tv.movistar.cl_0" site_id="LCH559||00/06/40/6404323_63237090D01F24CE" xmltv_id="NAT GEO">NAT GEO</channel>
    <channel site="[ENC][EX]tv.movistar.cl_0" site_id="LCH572||00/10/55/10556454_1534264D9C0B8BFC" xmltv_id="HISTORY 2">HISTORY 2</channel>
    <channel site="[ENC][EX]tv.movistar.cl_0" site_id="LCH520||00/10/55/10556449_1A6D8A2DB98235CD" xmltv_id="HISTORY CHANNEL">HISTORY CHANNEL</channel>
    <channel site="[ENC][EX]tv.movistar.cl_0" site_id="LCH518||00/11/47/11470349_2B54A1C94E8999B4" xmltv_id="HOME &amp; HEALTH REGIONAL">HOME &amp; HEALTH REGIONAL</channel>
    <channel site="[ENC][EX]tv.movistar.cl_0" site_id="LCH5640||00/10/72/10720087_E8036A4B2E0A46C9" xmltv_id="Love Nature">Love Nature</channel>
    <channel site="[ENC][EX]tv.movistar.cl_0" site_id="LCH5641||00/10/72/10720085_D1C7D81CE26DE23E" xmltv_id="Kanal D Drama">Kanal D Drama</channel>
    <channel site="[ENC][EX]tv.movistar.cl_0" site_id="LCH479||00/06/40/6402257_3FF36C63EE7E72BD" xmltv_id="ID - INVESTIGATION DISCOVERY">ID - INVESTIGATION DISCOVERY</channel>
    <channel site="[ENC][EX]tv.movistar.cl_0" site_id="LCH576||00/06/40/6402311_E32FDB9336BD052C" xmltv_id="E! ENTERTAINMENT REGIONAL">E! ENTERTAINMENT REGIONAL</channel>
    <channel site="[ENC][EX]tv.movistar.cl_0" site_id="LCH519||00/06/72/6726439_069897AA3D19F2C2" xmltv_id="GLITZ">GLITZ</channel>
    <channel site="[ENC][EX]tv.movistar.cl_0" site_id="LCH476||00/06/31/6310601_CDA7FB49C0753B8E" xmltv_id="MTV VENEZUELA">MTV VENEZUELA</channel>
    <channel site="[ENC][EX]tv.movistar.cl_0" site_id="LCH478||00/06/40/6402303_A33849F933ADA8BD" xmltv_id="HTV">HTV</channel>
    <channel site="[ENC][EX]tv.movistar.cl_0" site_id="LCH524||00/06/40/6402293_ED7DBFA4CA85ED1C" xmltv_id="CNN ESPAÑOL">CNN ESPAÑOL</channel>
    <channel site="[ENC][EX]tv.movistar.cl_0" site_id="LCH473||00/06/40/6402269_E7AF95BCD440D5F8" xmltv_id="CNN INTERNACIONAL">CNN INTERNACIONAL</channel>
    <channel site="[ENC][EX]tv.movistar.cl_0" site_id="LCH594||00/06/71/6718050_E71C04FDAE6B98A3" xmltv_id="24 HORAS TVN">24 HORAS TVN</channel>
    <channel site="[ENC][EX]tv.movistar.cl_0" site_id="LCH591||00/06/71/6718054_E68B4845A7F74C92" xmltv_id="CNN CHILE">CNN CHILE</channel>
    <channel site="[ENC][EX]tv.movistar.cl_0" site_id="LCH553||00/06/71/6718165_AFA296A53C847320" xmltv_id="TV SENADO">TV SENADO</channel>
    <channel site="[ENC][EX]tv.movistar.cl_0" site_id="LCH560||00/06/71/6718167_EF5EE18D14637ABA" xmltv_id="M PLUS">M PLUS</channel>
    <channel site="[ENC][EX]tv.movistar.cl_0" site_id="LCH565||00/06/71/6718157_DC11974252F5ABA3" xmltv_id="PERU MAGICO">PERU MAGICO</channel>
    <channel site="[ENC][EX]tv.movistar.cl_0" site_id="LCH490||00/06/72/6726449_4EBE76F722C3BA5D" xmltv_id="EWTN">EWTN</channel>
    <channel site="[ENC][EX]tv.movistar.cl_0" site_id="LCH4120||00/07/72/7724909_681DA081E786CB33" xmltv_id="CRISTOVISION">CRISTOVISION</channel>
    <channel site="[ENC][EX]tv.movistar.cl_0" site_id="LCH552||00/06/72/6726501_261EAACD2861DA13" xmltv_id="TELETRAK">TELETRAK</channel>
    <channel site="[ENC][EX]tv.movistar.cl_0" site_id="LCH550||00/06/40/6400461_87A7107EB8B5D8EB" xmltv_id="FOX SPORTS 3">FOX SPORTS 3</channel>
    <channel site="[ENC][EX]tv.movistar.cl_0" site_id="LCH574||00/06/71/6718152_427D7571954DAF50" xmltv_id="ESPN INTERNACIONAL">ESPN INTERNACIONAL</channel>
    <channel site="[ENC][EX]tv.movistar.cl_0" site_id="LCH596||00/06/38/6383310_007CE9E18A928D1C" xmltv_id="ESPN 2">ESPN 2</channel>
    <channel site="[ENC][EX]tv.movistar.cl_0" site_id="LCH4129" xmltv_id="MOVISTAR AVISA">MOVISTAR AVISA</channel>
    <channel site="[ENC][EX]tv.movistar.cl_0" site_id="LCH526||00/06/57/6573514_EB3CEFD729B6EAB9" xmltv_id="FOX SPORTS PREMIUM">FOX SPORTS PREMIUM</channel>
    <channel site="[ENC][EX]tv.movistar.cl_0" site_id="LCH546||00/08/17/8178683_9414A460B00C1DC2" xmltv_id="TNT Sports 2">TNT Sports 2</channel>
    <channel site="[ENC][EX]tv.movistar.cl_0" site_id="LCH556||00/06/40/6400460_CFCF7C91055A9854" xmltv_id="FOX SPORTS 2">FOX SPORTS 2</channel>
    <channel site="[ENC][EX]tv.movistar.cl_0" site_id="LCH623||00/06/71/6714416_F9DE573FD798839B" xmltv_id="CDO PREMIUM">CDO PREMIUM</channel>
    <channel site="[ENC][EX]tv.movistar.cl_0" site_id="LCH557||00/06/38/6383311_78D38321059792D4" xmltv_id="ESPN 3">ESPN 3</channel>
    <channel site="[ENC][EX]tv.movistar.cl_0" site_id="LCH537||00/06/40/6402025_7930297E846EF33B" xmltv_id="WARNER CHANNEL REGIONAL">WARNER CHANNEL REGIONAL</channel>
    <channel site="[ENC][EX]tv.movistar.cl_0" site_id="LCH577||00/08/35/8355162_9D5F70421EBFB84B" xmltv_id="STAR CHANNEL">STAR CHANNEL</channel>
    <channel site="[ENC][EX]tv.movistar.cl_0" site_id="LCH538||00/06/40/6402029_63C699E0EA1EFEB6" xmltv_id="SONY REGIONAL">SONY REGIONAL</channel>
    <channel site="[ENC][EX]tv.movistar.cl_0" site_id="LCH547||00/06/40/6402156_509AFA5B12D1E5F9" xmltv_id="AXN REGIONAL">AXN REGIONAL</channel>
    <channel site="[ENC][EX]tv.movistar.cl_0" site_id="LCH486||00/06/40/6402265_9A16CAF7C07017A3" xmltv_id="A&amp;E">A&amp;E</channel>
    <channel site="[ENC][EX]tv.movistar.cl_0" site_id="LCH2422||00/06/40/6402245_C6769A3F09CF8D21" xmltv_id="Comedy Central SD">Comedy Central SD</channel>
    <channel site="[ENC][EX]tv.movistar.cl_0" site_id="LCH570||00/06/40/6402102_E78633969AA98172" xmltv_id="UNIVERSAL IPTV">UNIVERSAL IPTV</channel>
    <channel site="[ENC][EX]tv.movistar.cl_0" site_id="LCH494||00/06/72/6726447_E99EBCDE997DF58D" xmltv_id="TRU TV">TRU TV</channel>
    <channel site="[ENC][EX]tv.movistar.cl_0" site_id="LCH529||00/06/38/6381762_3BCDE7B21593DCAF" xmltv_id="TNT REGIONAL">TNT REGIONAL</channel>
    <channel site="[ENC][EX]tv.movistar.cl_0" site_id="LCH1250||00/06/40/6402153_5D2A8E4CA7E0087D" xmltv_id="TNT SERIES">TNT SERIES</channel>
    <channel site="[ENC][EX]tv.movistar.cl_0" site_id="LCH581||00/06/40/6400877_2A9597A863DAD7FE" xmltv_id="STUDIO UNIVERSAL">STUDIO UNIVERSAL</channel>
    <channel site="[ENC][EX]tv.movistar.cl_0" site_id="LCH512||00/06/31/6310574_FDBA1F86CF41A989" xmltv_id="TCM">TCM</channel>
    <channel site="[ENC][EX]tv.movistar.cl_0" site_id="LCH495||00/06/40/6400745_DED2A560408C223A" xmltv_id="SPACE REGIONAL">SPACE REGIONAL</channel>
    <channel site="[ENC][EX]tv.movistar.cl_0" site_id="LCH586||00/06/40/6400732_6B83DE7BC4E294EE" xmltv_id="I-SAT">I-SAT</channel>
    <channel site="[ENC][EX]tv.movistar.cl_0" site_id="LCH5642||00/10/72/10720083_52732932DDF8C47C" xmltv_id="Clover">Clover</channel>
    <channel site="[ENC][EX]tv.movistar.cl_0" site_id="LCH542||00/06/40/6402129_A027CB53A4AC65D9" xmltv_id="FX CHILE">FX CHILE</channel>
    <channel site="[ENC][EX]tv.movistar.cl_0" site_id="LCH947||00/06/84/6840720_AEB0D89DD5B9FA4C" xmltv_id="PARAMOUNT">PARAMOUNT</channel>
    <channel site="[ENC][EX]tv.movistar.cl_0" site_id="LCH491||00/06/38/6381761_1B6CA9B0AAD15C8F" xmltv_id="CINECANAL">CINECANAL</channel>
    <channel site="[ENC][EX]tv.movistar.cl_0" site_id="LCH620||00/06/40/6400603_DE0CBB7B732B556A" xmltv_id="CINEMAX SUR">CINEMAX SUR</channel>
    <channel site="[ENC][EX]tv.movistar.cl_0" site_id="LCH2445||00/06/40/6404165_72D0392FCC660718" xmltv_id="HBO">HBO</channel>
    <channel site="[ENC][EX]tv.movistar.cl_0" site_id="LCH475||00/06/40/6404165_72D0392FCC660718" xmltv_id="HBO">HBO</channel>
    <channel site="[ENC][EX]tv.movistar.cl_0" site_id="LCH532||00/08/55/8553111_DD5F4931A18250EE" xmltv_id="HBO FAMILY ESTE">HBO FAMILY ESTE</channel>
    <channel site="[ENC][EX]tv.movistar.cl_0" site_id="LCH531||00/06/57/6576353_680306081B40EE38" xmltv_id="HBO XTREME">HBO XTREME</channel>
    <channel site="[ENC][EX]tv.movistar.cl_0" site_id="LCH502||00/06/40/6404168_D505AFC331359E2E" xmltv_id="HBO PLUS ESTE">HBO PLUS ESTE</channel>
    <channel site="[ENC][EX]tv.movistar.cl_0" site_id="LCH501||00/06/40/6404166_44AAB142C8AA2E73" xmltv_id="HBO 2">HBO 2</channel>
    <channel site="[ENC][EX]tv.movistar.cl_0" site_id="LCH534||00/06/40/6404169_BB5D60FF3E9FC774" xmltv_id="HBO SIGNATURE">HBO SIGNATURE</channel>
    <channel site="[ENC][EX]tv.movistar.cl_0" site_id="LCH616||00/06/57/6576346_20E15FC6E23A0B4D" xmltv_id="HBO MUNDI">HBO MUNDI</channel>
    <channel site="[ENC][EX]tv.movistar.cl_0" site_id="LCH582||00/06/40/6404293_8FA593EEBEDAE2FA" xmltv_id="NICK JR">NICK JR</channel>
    <channel site="[ENC][EX]tv.movistar.cl_0" site_id="LCH595||00/06/40/6404296_E5D89B4533D93187" xmltv_id="TOONCAST">TOONCAST</channel>
    <channel site="[ENC][EX]tv.movistar.cl_0" site_id="LCH528||00/06/72/6726441_FFF4DE2DAA79BEBE" xmltv_id="NUESTRA TELE">NUESTRA TELE</channel>
    <channel site="[ENC][EX]tv.movistar.cl_0" site_id="LCH599||00/06/38/6381832_BC3954CFDB137829" xmltv_id="EL TRECE">EL TRECE</channel>
    <channel site="[ENC][EX]tv.movistar.cl_0" site_id="LCH515||00/06/72/6726443_4CC68622526F7C0E" xmltv_id="ENLACE TBN">ENLACE TBN</channel>
    <channel site="[ENC][EX]tv.movistar.cl_0" site_id="LCH627||00/06/71/6714410_F7D74D6A8EAE806F" xmltv_id="FOX NEWS">FOX NEWS</channel>
    <channel site="[ENC][EX]tv.movistar.cl_0" site_id="LCH628||00/06/40/6402241_B526D1E51A3EBFCD" xmltv_id="TBS VERY FUNNY">TBS VERY FUNNY</channel>
    <channel site="[ENC][EX]tv.movistar.cl_0" site_id="LCH580||00/06/71/6718146_20BADC0EFC021E9C" xmltv_id="WOBI">WOBI</channel>
    <channel site="[ENC][EX]tv.movistar.cl_0" site_id="LCH5627||00/10/70/10707534_C3F2938AC9F99D40" xmltv_id="VENUS">VENUS</channel>
    <channel site="[ENC][EX]tv.movistar.cl_0" site_id="LCH5628||00/10/70/10707536_F1355D3DF356764C" xmltv_id="SEXTREME">SEXTREME</channel>
    <channel site="[ENC][EX]tv.movistar.cl_0" site_id="LCH500||00/06/72/6726490_BEFDD48999A54B91" xmltv_id="PLAYBOY">PLAYBOY</channel>
    <channel site="[ENC][EX]tv.movistar.cl_0" site_id="LCH1745||00/10/68/10685224_16631D01B1AE146E" xmltv_id="Playboy HD">Playboy HD</channel>
    <channel site="[ENC][EX]tv.movistar.cl_0" site_id="LCH562||00/06/71/6718159_BE424D8C4C1AA0DF" xmltv_id="M DEPORTES CHILE">M DEPORTES CHILE</channel>
    <channel site="[ENC][EX]tv.movistar.cl_0" site_id="LCH561||00/06/71/6718161_ED12803FCF6BD159" xmltv_id="CANAL N">CANAL N</channel>
    <channel site="[ENC][EX]tv.movistar.cl_0" site_id="LCH4099||00/09/22/9223961_D369CCA4EDF550CC" xmltv_id="ZONA LATINA HD">ZONA LATINA HD</channel>
    <channel site="[ENC][EX]tv.movistar.cl_0" site_id="LCH4098||00/06/72/6726433_C6ADD46FA77D08DF" xmltv_id="VIA X HD">VIA X HD</channel>
    <channel site="[ENC][EX]tv.movistar.cl_0" site_id="LCH1202||00/06/70/6706321_3EB1CF54B1D5282B" xmltv_id="RED TELEVISION HD">RED TELEVISION HD</channel>
    <channel site="[ENC][EX]tv.movistar.cl_0" site_id="LCH650||00/06/71/6718154_4BC3DEF592C156FC" xmltv_id="TV+ HD">TV+ HD</channel>
    <channel site="[ENC][EX]tv.movistar.cl_0" site_id="LCH1227||00/06/70/6702213_83C7F9CAB707C9A1" xmltv_id="TVN">TVN</channel>
    <channel site="[ENC][EX]tv.movistar.cl_0" site_id="LCH865||00/06/71/6714293_4DE257257E376FCF" xmltv_id="Mega">Mega</channel>
    <channel site="[ENC][EX]tv.movistar.cl_0" site_id="LCH629||00/09/46/9467427_5919BE4BAA56D698" xmltv_id="CHV">CHV</channel>
    <channel site="[ENC][EX]tv.movistar.cl_0" site_id="LCH603||00/06/72/6726493_33743DEAD3FC7032" xmltv_id="Canal 13 HD">Canal 13 HD</channel>
    <channel site="[ENC][EX]tv.movistar.cl_0" site_id="LCH2180||00/06/68/6689660_310F00E1239FA8CC" xmltv_id="24 Horas HD">24 Horas HD</channel>
    <channel site="[ENC][EX]tv.movistar.cl_0" site_id="LCH2488||00/06/68/6685714_CA2F0E64CA735FB7" xmltv_id="CNN CHILE HD">CNN CHILE HD</channel>
    <channel site="[ENC][EX]tv.movistar.cl_0" site_id="LCH4126||00/08/02/8021193_36FC7F29950F2652" xmltv_id="BBC WORLD NEWS HD">BBC WORLD NEWS HD</channel>
    <channel site="[ENC][EX]tv.movistar.cl_0" site_id="LCH6236||00/12/72/12729694_52E4D0219EFB43F6" xmltv_id="CNN Esp HD">CNN Esp HD</channel>
    <channel site="[ENC][EX]tv.movistar.cl_0" site_id="LCH6235||00/12/72/12729642_B8FBD994F1F1DB26" xmltv_id="CNN Int HD">CNN Int HD</channel>
    <channel site="[ENC][EX]tv.movistar.cl_0" site_id="LCH5559||00/06/38/6381808_4A544D899561B19D" xmltv_id="TELEFE HD">TELEFE HD</channel>
    <channel site="[ENC][EX]tv.movistar.cl_0" site_id="LCH5566||00/06/40/6402264_186EC7A7F1EE50AC" xmltv_id="TVE HD">TVE HD</channel>
    <channel site="[ENC][EX]tv.movistar.cl_0" site_id="LCH5561||00/06/40/6402239_07A2116C922FFD68" xmltv_id="ANTENA3 HD">ANTENA3 HD</channel>
    <channel site="[ENC][EX]tv.movistar.cl_0" site_id="LCH5562||00/06/40/6402262_33A4B87EBEB7184B" xmltv_id="RAI TV HD">RAI TV HD</channel>
    <channel site="[ENC][EX]tv.movistar.cl_0" site_id="LCH5570||00/06/71/6718044_E5191A2E17B29B03" xmltv_id="DEUTSCHE WELL HD">DEUTSCHE WELL HD</channel>
    <channel site="[ENC][EX]tv.movistar.cl_0" site_id="LCH5560||00/06/72/6726503_567DA819240ABA02" xmltv_id="EUROCHANNEL HD">EUROCHANNEL HD</channel>
    <channel site="[ENC][EX]tv.movistar.cl_0" site_id="LCH4088||00/09/30/9303586_4466DB976E9FB03A" xmltv_id="NTV HD">NTV HD</channel>
    <channel site="[ENC][EX]tv.movistar.cl_0" site_id="LCH5543||00/08/90/8903882_3515789016833308" xmltv_id="DISNEY JUNIOR HD">DISNEY JUNIOR HD</channel>
    <channel site="[ENC][EX]tv.movistar.cl_0" site_id="LCH5644||00/10/72/10720081_7047D05977D2156A" xmltv_id="LOLLY KIDS HD">LOLLY KIDS HD</channel>
    <channel site="[ENC][EX]tv.movistar.cl_0" site_id="LCH630||00/06/40/6404287_505AB80A6A512184" xmltv_id="DISCOVERY KIDS HD">DISCOVERY KIDS HD</channel>
    <channel site="[ENC][EX]tv.movistar.cl_0" site_id="LCH5563||00/10/11/10113697_F122B11142813549" xmltv_id="CARTOONITO">CARTOONITO</channel>
    <channel site="[ENC][EX]tv.movistar.cl_0" site_id="LCH6237||00/12/72/12729806_13271B66C552DC62" xmltv_id="Nick Jr HD">Nick Jr HD</channel>
    <channel site="[ENC][EX]tv.movistar.cl_0" site_id="LCH590||00/06/40/6404284_14348DA622E37938" xmltv_id="DISNEY CHANNEL HD">DISNEY CHANNEL HD</channel>
    <channel site="[ENC][EX]tv.movistar.cl_0" site_id="LCH5645||00/10/72/10720077_C7383288CC88A03B" xmltv_id="TEEN NICK HD">TEEN NICK HD</channel>
    <channel site="[ENC][EX]tv.movistar.cl_0" site_id="LCH5564||00/06/71/6714298_0F0B00286A0B18C8" xmltv_id="ETC TV HD">ETC TV HD</channel>
    <channel site="[ENC][EX]tv.movistar.cl_0" site_id="LCH1279||00/06/40/6404291_317D0944FCAE9FC2" xmltv_id="Cartoon Network HD">Cartoon Network HD</channel>
    <channel site="[ENC][EX]tv.movistar.cl_0" site_id="LCH1746||00/06/40/6404292_3B9E6CB449FA9F91" xmltv_id="Nick HD">Nick HD</channel>
    <channel site="[ENC][EX]tv.movistar.cl_0" site_id="LCH889||00/06/40/6404323_63237090D01F24CE" xmltv_id="NAT GEO HD">NAT GEO HD</channel>
    <channel site="[ENC][EX]tv.movistar.cl_0" site_id="LCH1282||00/06/40/6404318_A08760A31E4E9381" xmltv_id="Discovery HD">Discovery HD</channel>
    <channel site="[ENC][EX]tv.movistar.cl_0" site_id="LCH605||00/06/40/6404321_B867B35E2668DC15" xmltv_id="DISCOVERY HD THEATER">DISCOVERY HD THEATER</channel>
    <channel site="[ENC][EX]tv.movistar.cl_0" site_id="LCH606||00/06/40/6404322_9A34A52DCF8A15B7" xmltv_id="DISCOVERY WORLD HD">DISCOVERY WORLD HD</channel>
    <channel site="[ENC][EX]tv.movistar.cl_0" site_id="LCH5567||00/08/61/8615292_8817353627981150" xmltv_id="DISC. SCIENCE HD">DISC. SCIENCE HD</channel>
    <channel site="[ENC][EX]tv.movistar.cl_0" site_id="LCH5646||00/10/72/10720073_2BE1E7E58BC07C71" xmltv_id="LOVE NATURE HD">LOVE NATURE HD</channel>
    <channel site="[ENC][EX]tv.movistar.cl_0" site_id="LCH2178||00/06/40/6404328_6EA16AC5A8C8CA82" xmltv_id="Animal Planet HD">Animal Planet HD</channel>
    <channel site="[ENC][EX]tv.movistar.cl_0" site_id="LCH621||00/10/55/10556449_1A6D8A2DB98235CD" xmltv_id="HISTORY CHANNEL HD">HISTORY CHANNEL HD</channel>
    <channel site="[ENC][EX]tv.movistar.cl_0" site_id="LCH1747||00/10/55/10556454_1534264D9C0B8BFC" xmltv_id="HISTORY 2 HD">HISTORY 2 HD</channel>
    <channel site="[ENC][EX]tv.movistar.cl_0" site_id="LCH5545||00/06/40/6400496_F73CF76E891B89F0" xmltv_id="DISCOVERY TURBO">DISCOVERY TURBO</channel>
    <channel site="[ENC][EX]tv.movistar.cl_0" site_id="LCH5568||00/06/72/6726497_C90CC640AAEABFC8" xmltv_id="13 C HD">13 C HD</channel>
    <channel site="[ENC][EX]tv.movistar.cl_0" site_id="LCH633||00/11/47/11470349_2B54A1C94E8999B4" xmltv_id="HOME &amp; HEALTH HD">HOME &amp; HEALTH HD</channel>
    <channel site="[ENC][EX]tv.movistar.cl_0" site_id="LCH2416||00/06/40/6402370_721F7ED3E1D94D33" xmltv_id="Food Network HD">Food Network HD</channel>
    <channel site="[ENC][EX]tv.movistar.cl_0" site_id="LCH4010||00/06/40/6404319_0E77CAEB731055C1" xmltv_id="DISCOVERY HOME &amp; GARDEN">DISCOVERY HOME &amp; GARDEN</channel>
    <channel site="[ENC][EX]tv.movistar.cl_0" site_id="LCH2489||00/06/40/6402311_E32FDB9336BD052C" xmltv_id="E! ENTERTAINMENT HD">E! ENTERTAINMENT HD</channel>
    <channel site="[ENC][EX]tv.movistar.cl_0" site_id="LCH651||00/06/40/6402338_F2F85E917E131706" xmltv_id="¡HOLA! TV HD">¡HOLA! TV HD</channel>
    <channel site="[ENC][EX]tv.movistar.cl_0" site_id="LCH5546||00/08/90/8903878_3AC4F122AE4AA083" xmltv_id="TLC HD">TLC HD</channel>
    <channel site="[ENC][EX]tv.movistar.cl_0" site_id="LCH5565||00/06/40/6404400_715F24BDA274C0D1" xmltv_id="TELEMUNDO HD">TELEMUNDO HD</channel>
    <channel site="[ENC][EX]tv.movistar.cl_0" site_id="LCH640||00/06/71/6714388_AC667597A99914A7" xmltv_id="Tru TV HD">Tru TV HD</channel>
    <channel site="[ENC][EX]tv.movistar.cl_0" site_id="LCH632||00/07/52/7522972_D23BD84A0800ADB3" xmltv_id="Invest. Discovery HD">Invest. Discovery HD</channel>
    <channel site="[ENC][EX]tv.movistar.cl_0" site_id="LCH5647||00/10/72/10720069_F65E60BFBC387CFC" xmltv_id="KANAL D DRAMA HD">KANAL D DRAMA HD</channel>
    <channel site="[ENC][EX]tv.movistar.cl_0" site_id="LCH624||00/06/40/6402025_7930297E846EF33B" xmltv_id="Warner HD">Warner HD</channel>
    <channel site="[ENC][EX]tv.movistar.cl_0" site_id="LCH597||00/08/35/8355162_9D5F70421EBFB84B" xmltv_id="STAR CHANNEL HD">STAR CHANNEL HD</channel>
    <channel site="[ENC][EX]tv.movistar.cl_0" site_id="LCH637||00/06/40/6402029_63C699E0EA1EFEB6" xmltv_id="SONY HD">SONY HD</channel>
    <channel site="[ENC][EX]tv.movistar.cl_0" site_id="LCH625||00/06/40/6402156_509AFA5B12D1E5F9" xmltv_id="AXN HD">AXN HD</channel>
    <channel site="[ENC][EX]tv.movistar.cl_0" site_id="LCH635||00/06/40/6402265_9A16CAF7C07017A3" xmltv_id="A&amp;E HD">A&amp;E HD</channel>
    <channel site="[ENC][EX]tv.movistar.cl_0" site_id="LCH1753||00/06/40/6402245_C6769A3F09CF8D21" xmltv_id="CC HD">CC HD</channel>
    <channel site="[ENC][EX]tv.movistar.cl_0" site_id="LCH639||00/06/40/6402102_E78633969AA98172" xmltv_id="Universal HD">Universal HD</channel>
    <channel site="[ENC][EX]tv.movistar.cl_0" site_id="LCH5571||00/07/17/7174958_C8682663671689F2" xmltv_id="LIFETIME HD">LIFETIME HD</channel>
    <channel site="[ENC][EX]tv.movistar.cl_0" site_id="LCH5569||00/06/59/6590543_006D4CC6C7A47333" xmltv_id="SYFY HD">SYFY HD</channel>
    <channel site="[ENC][EX]tv.movistar.cl_0" site_id="LCH622||00/06/38/6381762_3BCDE7B21593DCAF" xmltv_id="TNT HD">TNT HD</channel>
    <channel site="[ENC][EX]tv.movistar.cl_0" site_id="LCH1754||00/06/40/6402153_5D2A8E4CA7E0087D" xmltv_id="TNT Series HD">TNT Series HD</channel>
    <channel site="[ENC][EX]tv.movistar.cl_0" site_id="LCH1281||00/06/40/6400877_2A9597A863DAD7FE" xmltv_id="Studio Universal HD">Studio Universal HD</channel>
    <channel site="[ENC][EX]tv.movistar.cl_0" site_id="LCH615||00/06/40/6400745_DED2A560408C223A" xmltv_id="SPACE HD">SPACE HD</channel>
    <channel site="[ENC][EX]tv.movistar.cl_0" site_id="LCH5648||00/10/72/10720065_10B55E2ADA2D5908" xmltv_id="CLOVER HD">CLOVER HD</channel>
    <channel site="[ENC][EX]tv.movistar.cl_0" site_id="LCH634||00/06/40/6402129_A027CB53A4AC65D9" xmltv_id="FX HD">FX HD</channel>
    <channel site="[ENC][EX]tv.movistar.cl_0" site_id="LCH1756||00/06/84/6840720_AEB0D89DD5B9FA4C" xmltv_id="Paramount HD">Paramount HD</channel>
    <channel site="[ENC][EX]tv.movistar.cl_0" site_id="LCH611||00/06/38/6381761_1B6CA9B0AAD15C8F" xmltv_id="CINECANAL HD">CINECANAL HD</channel>
    <channel site="[ENC][EX]tv.movistar.cl_0" site_id="LCH1278||00/06/40/6400603_DE0CBB7B732B556A" xmltv_id="Cinemax HD">Cinemax HD</channel>
    <channel site="[ENC][EX]tv.movistar.cl_0" site_id="LCH593||00/06/40/6404165_72D0392FCC660718" xmltv_id="HBO HD">HBO HD</channel>
    <channel site="[ENC][EX]tv.movistar.cl_0" site_id="LCH2179||00/06/40/6402241_B526D1E51A3EBFCD" xmltv_id="TBS HD">TBS HD</channel>
    <channel site="[ENC][EX]tv.movistar.cl_0" site_id="LCH1752||00/07/26/7265849_80A656F053F25772" xmltv_id="Atres Series HD">Atres Series HD</channel>
    <channel site="[ENC][EX]tv.movistar.cl_0" site_id="LCH1755||00/06/38/6381763_D30E6D2578217102" xmltv_id="DHE HD">DHE HD</channel>
    <channel site="[ENC][EX]tv.movistar.cl_0" site_id="LCH1771||00/06/40/6404166_44AAB142C8AA2E73" xmltv_id="HBO 2 HD">HBO 2 HD</channel>
    <channel site="[ENC][EX]tv.movistar.cl_0" site_id="LCH1772||00/08/55/8553111_DD5F4931A18250EE" xmltv_id="HBO Family HD">HBO Family HD</channel>
    <channel site="[ENC][EX]tv.movistar.cl_0" site_id="LCH643||00/06/57/6576553_D50CDAAE95539E82" xmltv_id="HBO POP">HBO POP</channel>
    <channel site="[ENC][EX]tv.movistar.cl_0" site_id="LCH1773||00/06/57/6576353_680306081B40EE38" xmltv_id="HBO XTREME HD">HBO XTREME HD</channel>
    <channel site="[ENC][EX]tv.movistar.cl_0" site_id="LCH568||00/08/17/8178681_85CAD741393C9522" xmltv_id="TNT Sports 3 HD">TNT Sports 3 HD</channel>
    <channel site="[ENC][EX]tv.movistar.cl_0" site_id="LCH619||00/08/17/8178678_3B6C22E5296D5794" xmltv_id="TNT Sports HD">TNT Sports HD</channel>
    <channel site="[ENC][EX]tv.movistar.cl_0" site_id="LCH4135||00/08/28/8286746_BD869CC0C9FCA0EE" xmltv_id="TNT Sports 2 HD">TNT Sports 2 HD</channel>
    <channel site="[ENC][EX]tv.movistar.cl_0" site_id="LCH2182||00/06/38/6383309_6BDEDCF4D8E84A20" xmltv_id="ESPN HD">ESPN HD</channel>
    <channel site="[ENC][EX]tv.movistar.cl_0" site_id="LCH3504" xmltv_id="A&amp;E HD">A&amp;E HD</channel>
    <channel site="[ENC][EX]tv.movistar.cl_0" site_id="LCH2002||00/06/38/6383310_007CE9E18A928D1C" xmltv_id="ESPN 2 HD">ESPN 2 HD</channel>
    <channel site="[ENC][EX]tv.movistar.cl_0" site_id="LCH642||00/06/38/6383311_78D38321059792D4" xmltv_id="ESPN 3 HD">ESPN 3 HD</channel>
    <channel site="[ENC][EX]tv.movistar.cl_0" site_id="LCH3975" xmltv_id="TEST01">TEST01</channel>
    <channel site="[ENC][EX]tv.movistar.cl_0" site_id="LCH3800||00/06/40/6402023_DC784CF1CDFFAF9F" xmltv_id="NETFLIX">NETFLIX</channel>
    <channel site="[ENC][EX]tv.movistar.cl_0" site_id="LCH5547||00/10/11/10113696_046392A4A17B42D1" xmltv_id="ESPN 4">ESPN 4</channel>
    <channel site="[ENC][EX]tv.movistar.cl_0" site_id="LCH604||00/11/46/11469886_D6DB7B0A33033721" xmltv_id="ESPN EXTRA HD">ESPN EXTRA HD</channel>
    <channel site="[ENC][EX]tv.movistar.cl_0" site_id="LCH3803" xmltv_id="TEST02">TEST02</channel>
    <channel site="[ENC][EX]tv.movistar.cl_0" site_id="LCH618||00/06/73/6737700_B83A42173E5EA15A" xmltv_id="FOX SPORTS 1 HD">FOX SPORTS 1 HD</channel>
    <channel site="[ENC][EX]tv.movistar.cl_0" site_id="LCH768||00/06/40/6400460_CFCF7C91055A9854" xmltv_id="FOX Sports 2 HD">FOX Sports 2 HD</channel>
    <channel site="[ENC][EX]tv.movistar.cl_0" site_id="LCH858||00/06/40/6400461_87A7107EB8B5D8EB" xmltv_id="FOX Sports 3 HD">FOX Sports 3 HD</channel>
    <channel site="[ENC][EX]tv.movistar.cl_0" site_id="LCH3901||00/06/38/6381761_1B6CA9B0AAD15C8F" xmltv_id="CINECANAL HD">CINECANAL HD</channel>
    <channel site="[ENC][EX]tv.movistar.cl_0" site_id="LCH3946||00/08/00/8005555_950265F10D883D1D" xmltv_id="MOVISTAR EVENTOS">MOVISTAR EVENTOS</channel>
    <channel site="[ENC][EX]tv.movistar.cl_0" site_id="LCH5542||00/08/61/8615294_2D2A25603439A807" xmltv_id="GOLF CHANNEL HD">GOLF CHANNEL HD</channel>
    <channel site="[ENC][EX]tv.movistar.cl_0" site_id="LCH4114||00/06/57/6577079_6A66E5AB224CD2F5" xmltv_id="T&amp;C SPORTS HD">T&amp;C SPORTS HD</channel>
    <channel site="[ENC][EX]tv.movistar.cl_0" site_id="LCH1758||00/06/68/6689766_3296E2A3B5FDAA60" xmltv_id="GOL TV HD">GOL TV HD</channel>
    <channel site="[ENC][EX]tv.movistar.cl_0" site_id="LCH5572||00/06/71/6714412_60823AD5942A59AA" xmltv_id="CDO BASICO HD">CDO BASICO HD</channel>
    <channel site="[ENC][EX]tv.movistar.cl_0" site_id="LCH6238||00/12/72/12729810_A40EF89C2D6873AB" xmltv_id="Teletrak HD">Teletrak HD</channel>
    <channel site="[ENC][EX]tv.movistar.cl_0" site_id="LCH2192||00/06/31/6310601_CDA7FB49C0753B8E" xmltv_id="MTV2 HD">MTV2 HD</channel>
    <channel site="[ENC][EX]tv.movistar.cl_0" site_id="LCH1280||00/06/73/6730343_9834561D33844FE1" xmltv_id="STINGRAY CONCERTS HD">STINGRAY CONCERTS HD</channel>
    <channel site="[ENC][EX]tv.movistar.cl_0" site_id="LCH588||00/06/71/6718046_208A681596D06D4E" xmltv_id="MTV HD">MTV HD</channel>
    <channel site="[ENC][EX]tv.movistar.cl_0" site_id="LCH1759||00/09/21/9218484_E02799F256E47A34" xmltv_id="MTV 00S">MTV 00S</channel>
    <channel site="[ENC][EX]tv.movistar.cl_0" site_id="LCH6239||00/12/72/12729808_E3851648190A7894" xmltv_id="HTV HD">HTV HD</channel>
    <channel site="[ENC][EX]tv.movistar.cl_0" site_id="LCH5591||00/10/50/10502298_3E124917718CFCD3" xmltv_id="TESTC01">TESTC01</channel>
    <channel site="[ENC][EX]tv.movistar.cl_0" site_id="LCH5592||00/10/50/10502300_B0BD7EDD4B7A4B51" xmltv_id="TESTC02">TESTC02</channel>
    <channel site="[ENC][EX]tv.movistar.cl_0" site_id="LCH5639||00/10/72/10720089_5A8339195DECE661" xmltv_id="Teen Nick">Teen Nick</channel>
  </channels>
</site>