<?xml version="1.0" encoding="UTF-8"?>
<site generator-info-name="Tempest EPG Generator (made by Kvanc)" generator-info-url="https://github.com/K-vanc/Tempest-EPG-Generator.git" site="zap.co.mz_0">
  <channels>
    <channel site="zap.co.mz_0" site_id="TVM" xmltv_id="TVMozambique">TVMozambique</channel>
    <channel site="zap.co.mz_0" site_id="ZAPVIVA" xmltv_id="ZAP Viva">ZAP Viva</channel>
    <channel site="zap.co.mz_0" site_id="ZAPVIVAHD" xmltv_id="ZAP Viva HD">ZAP Viva HD</channel>
    <channel site="zap.co.mz_0" site_id="TVSUCESSO" xmltv_id="TV Sucesso">TV Sucesso</channel>
    <channel site="zap.co.mz_0" site_id="ZAPNOVHD" xmltv_id="ZAP Novelas HD">ZAP Novelas HD</channel>
    <channel site="zap.co.mz_0" site_id="GLOBOHD" xmltv_id="Globo HD">Globo HD</channel>
    <channel site="zap.co.mz_0" site_id="TVIINT" xmltv_id="TVI Internacional">TVI Internacional</channel>
    <channel site="zap.co.mz_0" site_id="RTPA" xmltv_id="RTP África">RTP África</channel>
    <channel site="zap.co.mz_0" site_id="RTPN" xmltv_id="RTP 3">RTP 3</channel>
    <channel site="zap.co.mz_0" site_id="BANDN" xmltv_id="Band News (Repetido)">Band News (Repetido)</channel>
    <channel site="zap.co.mz_0" site_id="CMTV" xmltv_id="CM TV">CM TV</channel>
    <channel site="zap.co.mz_0" site_id="SPTTVSD" xmltv_id="Sport TV África">Sport TV África</channel>
    <channel site="zap.co.mz_0" site_id="SPTTVHD" xmltv_id="Sport TV África HD">Sport TV África HD</channel>
    <channel site="zap.co.mz_0" site_id="BENFICATV" xmltv_id="BTV">BTV</channel>
    <channel site="zap.co.mz_0" site_id="PORTOC" xmltv_id="Porto Canal">Porto Canal</channel>
    <channel site="zap.co.mz_0" site_id="SPORTINGTV" xmltv_id="Sporting TV">Sporting TV</channel>
    <channel site="zap.co.mz_0" site_id="LALIGASD" xmltv_id="ZAP LALIGA">ZAP LALIGA</channel>
    <channel site="zap.co.mz_0" site_id="LALIGAHD" xmltv_id="ZAP LALIGA HD">ZAP LALIGA HD</channel>
    <channel site="zap.co.mz_0" site_id="FOXSPORTS" xmltv_id="ESPN">ESPN</channel>
    <channel site="zap.co.mz_0" site_id="FOXSPORTS2" xmltv_id="ESPN 2">ESPN 2</channel>
    <channel site="zap.co.mz_0" site_id="ABOLATV" xmltv_id="A Bola">A Bola</channel>
    <channel site="zap.co.mz_0" site_id="NBA" xmltv_id="NBA TV">NBA TV</channel>
    <channel site="zap.co.mz_0" site_id="FIGHTBOX" xmltv_id="Fight BOX">Fight BOX</channel>
    <channel site="zap.co.mz_0" site_id="MOTORVISION" xmltv_id="Motorvision">Motorvision</channel>
    <channel site="zap.co.mz_0" site_id="PANDA" xmltv_id="Panda">Panda</channel>
    <channel site="zap.co.mz_0" site_id="SICK" xmltv_id="SIC K">SIC K</channel>
    <channel site="zap.co.mz_0" site_id="GULLI" xmltv_id="GULLI BRASIL">GULLI BRASIL</channel>
    <channel site="zap.co.mz_0" site_id="BABYTV" xmltv_id="Baby TV">Baby TV</channel>
    <channel site="zap.co.mz_0" site_id="PANDABIGGS" xmltv_id="Biggs">Biggs</channel>
    <channel site="zap.co.mz_0" site_id="GAMETOON" xmltv_id="Gametoon">Gametoon</channel>
    <channel site="zap.co.mz_0" site_id="TIJI" xmltv_id="Tiji">Tiji</channel>
    <channel site="zap.co.mz_0" site_id="DISNEYCH" xmltv_id="Disney Channel">Disney Channel</channel>
    <channel site="zap.co.mz_0" site_id="DISNEYJUN" xmltv_id="Disney Junior">Disney Junior</channel>
    <channel site="zap.co.mz_0" site_id="TVC1HD" xmltv_id="TVCine TOP">TVCine TOP</channel>
    <channel site="zap.co.mz_0" site_id="TVC2" xmltv_id="TVCine Edition">TVCine Edition</channel>
    <channel site="zap.co.mz_0" site_id="TVC3" xmltv_id="TVCine Emotion">TVCine Emotion</channel>
    <channel site="zap.co.mz_0" site_id="TVC4HD" xmltv_id="TVcine Action">TVcine Action</channel>
    <channel site="zap.co.mz_0" site_id="HOLLY" xmltv_id="Hollywood">Hollywood</channel>
    <channel site="zap.co.mz_0" site_id="FOXNEXT" xmltv_id="FOX Movies">FOX Movies</channel>
    <channel site="zap.co.mz_0" site_id="FOXLIFE" xmltv_id="FOX Life HD">FOX Life HD</channel>
    <channel site="zap.co.mz_0" site_id="FOX" xmltv_id="FOX HD">FOX HD</channel>
    <channel site="zap.co.mz_0" site_id="AXNHD" xmltv_id="AXN HD">AXN HD</channel>
    <channel site="zap.co.mz_0" site_id="AXN" xmltv_id="AXN">AXN</channel>
    <channel site="zap.co.mz_0" site_id="FOXCRIME" xmltv_id="FOX Crime">FOX Crime</channel>
    <channel site="zap.co.mz_0" site_id="FX" xmltv_id="FOX Comedy">FOX Comedy</channel>
    <channel site="zap.co.mz_0" site_id="AXNBLACK" xmltv_id="AXN Movies">AXN Movies</channel>
    <channel site="zap.co.mz_0" site_id="BLAST" xmltv_id="BLAST">BLAST</channel>
    <channel site="zap.co.mz_0" site_id="KIX" xmltv_id="KIX">KIX</channel>
    <channel site="zap.co.mz_0" site_id="GLOBOON" xmltv_id="Globo On">Globo On</channel>
    <channel site="zap.co.mz_0" site_id="TLNOVELASPT" xmltv_id="TLN">TLN</channel>
    <channel site="zap.co.mz_0" site_id="TVIFIC" xmltv_id="TVI Ficção">TVI Ficção</channel>
    <channel site="zap.co.mz_0" site_id="SICRAD" xmltv_id="SIC Radical">SIC Radical</channel>
    <channel site="zap.co.mz_0" site_id="COLORS" xmltv_id="Colors">Colors</channel>
    <channel site="zap.co.mz_0" site_id="SOICO" xmltv_id="STV">STV</channel>
    <channel site="zap.co.mz_0" site_id="24KITCHEN" xmltv_id="24Kitchen">24Kitchen</channel>
    <channel site="zap.co.mz_0" site_id="FOODNW" xmltv_id="Food Network">Food Network</channel>
    <channel site="zap.co.mz_0" site_id="SICM" xmltv_id="SIC Mulher">SIC Mulher</channel>
    <channel site="zap.co.mz_0" site_id="LUXETVHD" xmltv_id="Luxe HD TV">Luxe HD TV</channel>
    <channel site="zap.co.mz_0" site_id="TELESCOLA" xmltv_id="TVM Telescola">TVM Telescola</channel>
    <channel site="zap.co.mz_0" site_id="KUDURO" xmltv_id="BeKuduro">BeKuduro</channel>
    <channel site="zap.co.mz_0" site_id="AFROANG" xmltv_id="AfroMusic Channel">AfroMusic Channel</channel>
    <channel site="zap.co.mz_0" site_id="iconcertshd" xmltv_id="I-CONCERTS HD">I-CONCERTS HD</channel>
    <channel site="zap.co.mz_0" site_id="MCM" xmltv_id="MCM Top">MCM Top</channel>
    <channel site="zap.co.mz_0" site_id="GLOOM" xmltv_id="GLOOM">GLOOM</channel>
    <channel site="zap.co.mz_0" site_id="CMUSIC" xmltv_id="C-Music">C-Music</channel>
    <channel site="zap.co.mz_0" site_id="NATGEO" xmltv_id="National Geographic">National Geographic</channel>
    <channel site="zap.co.mz_0" site_id="NATWILDHD" xmltv_id="Nat Geo Wild HD">Nat Geo Wild HD</channel>
    <channel site="zap.co.mz_0" site_id="ODIS" xmltv_id="Odisseia">Odisseia</channel>
    <channel site="zap.co.mz_0" site_id="BIOC" xmltv_id="BLAZE">BLAZE</channel>
    <channel site="zap.co.mz_0" site_id="HIST" xmltv_id="História">História</channel>
    <channel site="zap.co.mz_0" site_id="TRAVEL" xmltv_id="Travel Channel">Travel Channel</channel>
    <channel site="zap.co.mz_0" site_id="ZENNATUR" xmltv_id="MYZEN.TV Nature HD">MYZEN.TV Nature HD</channel>
    <channel site="zap.co.mz_0" site_id="ZENMUSIC" xmltv_id="MYZEN.TV Music HD">MYZEN.TV Music HD</channel>
    <channel site="zap.co.mz_0" site_id="AFRICAN" xmltv_id="Africa News">Africa News</channel>
    <channel site="zap.co.mz_0" site_id="EURON" xmltv_id="Euronews">Euronews</channel>
    <channel site="zap.co.mz_0" site_id="BBCW" xmltv_id="BBC World News">BBC World News</channel>
    <channel site="zap.co.mz_0" site_id="JAZEERA" xmltv_id="Al Jazeera">Al Jazeera</channel>
    <channel site="zap.co.mz_0" site_id="ALJAZEERAEN" xmltv_id="Al Jazeera English">Al Jazeera English</channel>
    <channel site="zap.co.mz_0" site_id="FRANCE24FR" xmltv_id="France 24">France 24</channel>
    <channel site="zap.co.mz_0" site_id="BLOOM" xmltv_id="Bloomberg">Bloomberg</channel>
    <channel site="zap.co.mz_0" site_id="TVM2" xmltv_id="TVM Internacional">TVM Internacional</channel>
    <channel site="zap.co.mz_0" site_id="RTPI" xmltv_id="RTP Internacional">RTP Internacional</channel>
    <channel site="zap.co.mz_0" site_id="TVEINT" xmltv_id="TVE Internacional">TVE Internacional</channel>
    <channel site="zap.co.mz_0" site_id="CUBA" xmltv_id="Cuba Vision">Cuba Vision</channel>
    <channel site="zap.co.mz_0" site_id="BAND" xmltv_id="Band Internacional">Band Internacional</channel>
    <channel site="zap.co.mz_0" site_id="RTRPLNET" xmltv_id="RTR Planeta">RTR Planeta</channel>
    <channel site="zap.co.mz_0" site_id="CCTV4" xmltv_id="CCTV-4">CCTV-4</channel>
    <channel site="zap.co.mz_0" site_id="FR2" xmltv_id="France 2">France 2</channel>
    <channel site="zap.co.mz_0" site_id="LCI" xmltv_id="LCI">LCI</channel>
    <channel site="zap.co.mz_0" site_id="Histoire" xmltv_id="Histoire">Histoire</channel>
    <channel site="zap.co.mz_0" site_id="RTNC1" xmltv_id="RTNC1">RTNC1</channel>
    <channel site="zap.co.mz_0" site_id="TELE50" xmltv_id="Tele 50">Tele 50</channel>
    <channel site="zap.co.mz_0" site_id="DigitalC" xmltv_id="Digital Congo">Digital Congo</channel>
    <channel site="zap.co.mz_0" site_id="AFRO2" xmltv_id="ZAP Música">ZAP Música</channel>
    <channel site="zap.co.mz_0" site_id="CPROG" xmltv_id="Canal Programação">Canal Programação</channel>
    <channel site="zap.co.mz_0" site_id="ZAPCINEHD" xmltv_id="ZAP Filmes HD">ZAP Filmes HD</channel>
    <channel site="zap.co.mz_0" site_id="ZAPCINE1" xmltv_id="ZAP Filmes 1">ZAP Filmes 1</channel>
    <channel site="zap.co.mz_0" site_id="ZAPCINE2" xmltv_id="ZAP Filmes 2">ZAP Filmes 2</channel>
    <channel site="zap.co.mz_0" site_id="ZAPCINE3" xmltv_id="ZAP Filmes 3">ZAP Filmes 3</channel>
  </channels>
</site>