<?xml version="1.0" encoding="UTF-8"?>
<site generator-info-name="Tempest EPG Generator (made by Kvanc)" generator-info-url="https://github.com/K-vanc/Tempest-EPG-Generator.git" site="[ENC]tv.telia.lt_0">
  <channels>
    <channel site="[ENC]tv.telia.lt_0" site_id="1000||id=1000&amp;tag=Default&amp;text=LRT+Televizija+HD&amp;date=638015994000000000&amp;height=240&amp;width=360&amp;resize=letterbox&amp;crop_type=letterbox&amp;blur=true&amp;denyUpscale=0&amp;background_color=383838&amp;ico_height=220&amp;ico_width=220&amp;ts=1665991800000&amp;sig=BB9AF6EB31EDCAB5C3348360AE9799B0" xmltv_id="LRT Televizija HD">LRT Televizija HD</channel>
    <channel site="[ENC]tv.telia.lt_0" site_id="1300||id=1300&amp;tag=Default&amp;text=LNK+HD&amp;date=638015994000000000&amp;height=240&amp;width=360&amp;resize=letterbox&amp;crop_type=letterbox&amp;blur=true&amp;denyUpscale=0&amp;background_color=383838&amp;ico_height=220&amp;ico_width=220&amp;ts=1665991800000&amp;sig=07A6E5174A75DB94F5A8FA3D80D4B377" xmltv_id="LNK HD">LNK HD</channel>
    <channel site="[ENC]tv.telia.lt_0" site_id="1200||id=1200&amp;tag=Default&amp;text=TV3+HD&amp;date=638015994000000000&amp;height=240&amp;width=360&amp;resize=letterbox&amp;crop_type=letterbox&amp;blur=true&amp;denyUpscale=0&amp;background_color=383838&amp;ico_height=220&amp;ico_width=220&amp;ts=1665991800000&amp;sig=3E6FEE4322D72B677E2077F312D9FBC1" xmltv_id="TV3 HD">TV3 HD</channel>
    <channel site="[ENC]tv.telia.lt_0" site_id="1400||id=1400&amp;tag=Default&amp;text=BTV+HD&amp;date=638015994000000000&amp;height=240&amp;width=360&amp;resize=letterbox&amp;crop_type=letterbox&amp;blur=true&amp;denyUpscale=0&amp;background_color=383838&amp;ico_height=220&amp;ico_width=220&amp;ts=1665991800000&amp;sig=7F95FA58AAA3B27131C19F53C25ABE94" xmltv_id="BTV HD">BTV HD</channel>
    <channel site="[ENC]tv.telia.lt_0" site_id="1700||id=1700&amp;tag=Default&amp;text=Lietuvos+rytas+TV+HD&amp;date=638015994000000000&amp;height=240&amp;width=360&amp;resize=letterbox&amp;crop_type=letterbox&amp;blur=true&amp;denyUpscale=0&amp;background_color=383838&amp;ico_height=220&amp;ico_width=220&amp;ts=1665991800000&amp;sig=D52106BA56B6F4C41550016DC2BB560F" xmltv_id="Lietuvos rytas TV HD">Lietuvos rytas TV HD</channel>
    <channel site="[ENC]tv.telia.lt_0" site_id="1600||id=1600&amp;tag=Default&amp;text=TV6+HD&amp;date=638015994000000000&amp;height=240&amp;width=360&amp;resize=letterbox&amp;crop_type=letterbox&amp;blur=true&amp;denyUpscale=0&amp;background_color=383838&amp;ico_height=220&amp;ico_width=220&amp;ts=1665991800000&amp;sig=0FF392803B3E9498DFCA8B3825059DF3" xmltv_id="TV6 HD">TV6 HD</channel>
    <channel site="[ENC]tv.telia.lt_0" site_id="1500||id=1500&amp;tag=Default&amp;text=TV1+HD&amp;date=638015994000000000&amp;height=240&amp;width=360&amp;resize=letterbox&amp;crop_type=letterbox&amp;blur=true&amp;denyUpscale=0&amp;background_color=383838&amp;ico_height=220&amp;ico_width=220&amp;ts=1665991800000&amp;sig=699445935DFE7507705B7160470EC6C7" xmltv_id="TV1 HD">TV1 HD</channel>
    <channel site="[ENC]tv.telia.lt_0" site_id="10061||id=10061&amp;tag=Default&amp;text=TV8+HD&amp;date=638015994000000000&amp;height=240&amp;width=360&amp;resize=letterbox&amp;crop_type=letterbox&amp;blur=true&amp;denyUpscale=0&amp;background_color=383838&amp;ico_height=220&amp;ico_width=220&amp;ts=1665991800000&amp;sig=2E37632C4401F1D7B1A503326E2E69B5" xmltv_id="TV8 HD">TV8 HD</channel>
    <channel site="[ENC]tv.telia.lt_0" site_id="9006||id=9006&amp;tag=Default&amp;text=Info+TV+HD&amp;date=638015994000000000&amp;height=240&amp;width=360&amp;resize=letterbox&amp;crop_type=letterbox&amp;blur=true&amp;denyUpscale=0&amp;background_color=383838&amp;ico_height=220&amp;ico_width=220&amp;ts=1665991800000&amp;sig=6EACD459D06E275F3DC602844F195B68" xmltv_id="Info TV HD">Info TV HD</channel>
    <channel site="[ENC]tv.telia.lt_0" site_id="1100||id=1100&amp;tag=Default&amp;text=LRT+Plius+HD&amp;date=638015994000000000&amp;height=240&amp;width=360&amp;resize=letterbox&amp;crop_type=letterbox&amp;blur=true&amp;denyUpscale=0&amp;background_color=383838&amp;ico_height=220&amp;ico_width=220&amp;ts=1665991800000&amp;sig=621240A4B9EFD352310AEB462224226B" xmltv_id="LRT Plius HD">LRT Plius HD</channel>
    <channel site="[ENC]tv.telia.lt_0" site_id="1000019826||id=1000019826&amp;tag=Default&amp;text=DELFI+TV+HD&amp;date=638015994000000000&amp;height=240&amp;width=360&amp;resize=letterbox&amp;crop_type=letterbox&amp;blur=true&amp;denyUpscale=0&amp;background_color=383838&amp;ico_height=220&amp;ico_width=220&amp;ts=1665991800000&amp;sig=7387AE8C65C410417FF46CED641075A3" xmltv_id="DELFI TV HD">DELFI TV HD</channel>
    <channel site="[ENC]tv.telia.lt_0" site_id="10009||id=10009&amp;tag=Default&amp;text=FOX+HD&amp;date=638015994000000000&amp;height=240&amp;width=360&amp;resize=letterbox&amp;crop_type=letterbox&amp;blur=true&amp;denyUpscale=0&amp;background_color=383838&amp;ico_height=220&amp;ico_width=220&amp;ts=1665991800000&amp;sig=6AA34219ABC0DF00869D7C9357639950" xmltv_id="FOX HD">FOX HD</channel>
    <channel site="[ENC]tv.telia.lt_0" site_id="10010||id=10010&amp;tag=Default&amp;text=FOXlife+HD&amp;date=638015994000000000&amp;height=240&amp;width=360&amp;resize=letterbox&amp;crop_type=letterbox&amp;blur=true&amp;denyUpscale=0&amp;background_color=383838&amp;ico_height=220&amp;ico_width=220&amp;ts=1665991800000&amp;sig=22950F7FB9EBA324C89D6D9B8BC2FDA2" xmltv_id="FOXlife HD">FOXlife HD</channel>
    <channel site="[ENC]tv.telia.lt_0" site_id="10040||id=10040&amp;tag=Default&amp;text=Duo3+HD%c2%a0&amp;date=638015994000000000&amp;height=240&amp;width=360&amp;resize=letterbox&amp;crop_type=letterbox&amp;blur=true&amp;denyUpscale=0&amp;background_color=383838&amp;ico_height=220&amp;ico_width=220&amp;ts=1665991800000&amp;sig=564C910ED1227D6C32533CC0F629436E" xmltv_id="Duo3 HD">Duo3 HD</channel>
    <channel site="[ENC]tv.telia.lt_0" site_id="1010220||id=1010220&amp;tag=Default&amp;text=FilmZone++HD&amp;date=638015994000000000&amp;height=240&amp;width=360&amp;resize=letterbox&amp;crop_type=letterbox&amp;blur=true&amp;denyUpscale=0&amp;background_color=383838&amp;ico_height=220&amp;ico_width=220&amp;ts=1665991800000&amp;sig=910EBF98FCEC1D7C31177522EF5CB336" xmltv_id="FilmZone+ HD">FilmZone+ HD</channel>
    <channel site="[ENC]tv.telia.lt_0" site_id="1010020||id=1010020&amp;tag=Default&amp;text=FilmZone+HD&amp;date=638015994000000000&amp;height=240&amp;width=360&amp;resize=letterbox&amp;crop_type=letterbox&amp;blur=true&amp;denyUpscale=0&amp;background_color=383838&amp;ico_height=220&amp;ico_width=220&amp;ts=1665991800000&amp;sig=AE48AF80FD1043EE4F9E29A4D5EBB9A5" xmltv_id="FilmZone HD">FilmZone HD</channel>
    <channel site="[ENC]tv.telia.lt_0" site_id="1047500||id=1047500&amp;tag=Default&amp;text=Epic+Drama+HD&amp;date=638015994000000000&amp;height=240&amp;width=360&amp;resize=letterbox&amp;crop_type=letterbox&amp;blur=true&amp;denyUpscale=0&amp;background_color=383838&amp;ico_height=220&amp;ico_width=220&amp;ts=1665991800000&amp;sig=82A0908EB23933FEA79E79C6ABB2F472" xmltv_id="Epic Drama HD">Epic Drama HD</channel>
    <channel site="[ENC]tv.telia.lt_0" site_id="1046800||id=1046800&amp;tag=Default&amp;text=ViP+Comedy+HD&amp;date=638015994000000000&amp;height=240&amp;width=360&amp;resize=letterbox&amp;crop_type=letterbox&amp;blur=true&amp;denyUpscale=0&amp;background_color=383838&amp;ico_height=220&amp;ico_width=220&amp;ts=1665991800000&amp;sig=F4D2A132FA91FBE4D0CFECE2C32E69EA" xmltv_id="ViP Comedy HD">ViP Comedy HD</channel>
    <channel site="[ENC]tv.telia.lt_0" site_id="6500||id=6500&amp;tag=Default&amp;text=Balticum+Auksinis+HD&amp;date=638015994000000000&amp;height=240&amp;width=360&amp;resize=letterbox&amp;crop_type=letterbox&amp;blur=true&amp;denyUpscale=0&amp;background_color=383838&amp;ico_height=220&amp;ico_width=220&amp;ts=1665991800000&amp;sig=87488156D921385F7628F6D820DEAF22" xmltv_id="Balticum Auksinis HD">Balticum Auksinis HD</channel>
    <channel site="[ENC]tv.telia.lt_0" site_id="1001000||id=1001000&amp;tag=Default&amp;text=Duo6%c2%a0HD+&amp;date=638015994000000000&amp;height=240&amp;width=360&amp;resize=letterbox&amp;crop_type=letterbox&amp;blur=true&amp;denyUpscale=0&amp;background_color=383838&amp;ico_height=220&amp;ico_width=220&amp;ts=1665991800000&amp;sig=5ACC0FFBFDEA60F89F3FDFCB28FBC5D3" xmltv_id="Duo6 HD">Duo6 HD</channel>
    <channel site="[ENC]tv.telia.lt_0" site_id="1018420||id=1018420&amp;tag=Default&amp;text=Eurochannel&amp;date=638015994000000000&amp;height=240&amp;width=360&amp;resize=letterbox&amp;crop_type=letterbox&amp;blur=true&amp;denyUpscale=0&amp;background_color=383838&amp;ico_height=220&amp;ico_width=220&amp;ts=1665991800000&amp;sig=72EE228E634227BCF638DDB47DE0EE97" xmltv_id="Eurochannel">Eurochannel</channel>
    <channel site="[ENC]tv.telia.lt_0" site_id="1019720||id=1019720&amp;tag=Default&amp;text=Balticum+Platinum+HD&amp;date=638015994000000000&amp;height=240&amp;width=360&amp;resize=letterbox&amp;crop_type=letterbox&amp;blur=true&amp;denyUpscale=0&amp;background_color=383838&amp;ico_height=220&amp;ico_width=220&amp;ts=1665991800000&amp;sig=CB85268BAE8B253646F3D682D4554BCE" xmltv_id="Balticum Platinum HD">Balticum Platinum HD</channel>
    <channel site="[ENC]tv.telia.lt_0" site_id="1000041800||id=1000041800&amp;tag=Default&amp;text=Film+UA+Drama+HD&amp;date=638015994000000000&amp;height=240&amp;width=360&amp;resize=letterbox&amp;crop_type=letterbox&amp;blur=true&amp;denyUpscale=0&amp;background_color=383838&amp;ico_height=220&amp;ico_width=220&amp;ts=1665991800000&amp;sig=B8CBF3AB91A5BE3E9381F34739AFE823" xmltv_id="Film UA Drama HD">Film UA Drama HD</channel>
    <channel site="[ENC]tv.telia.lt_0" site_id="1000041850||id=1000041850&amp;tag=Default&amp;text=Star+Cinema+HD&amp;date=638015994000000000&amp;height=240&amp;width=360&amp;resize=letterbox&amp;crop_type=letterbox&amp;blur=true&amp;denyUpscale=0&amp;background_color=383838&amp;ico_height=220&amp;ico_width=220&amp;ts=1665991800000&amp;sig=7B70322A5B940D53031568E4E8EA9B95" xmltv_id="Star Cinema HD">Star Cinema HD</channel>
    <channel site="[ENC]tv.telia.lt_0" site_id="1000042290||id=1000042290&amp;tag=Default&amp;text=Star+Family+HD&amp;date=638015994000000000&amp;height=240&amp;width=360&amp;resize=letterbox&amp;crop_type=letterbox&amp;blur=true&amp;denyUpscale=0&amp;background_color=383838&amp;ico_height=220&amp;ico_width=220&amp;ts=1665991800000&amp;sig=0329D8CA64CEC9B019338AE3679B15D9" xmltv_id="Star Family HD">Star Family HD</channel>
    <channel site="[ENC]tv.telia.lt_0" site_id="1000042190||id=1000042190&amp;tag=Default&amp;text=Bolt+HD&amp;date=638015994000000000&amp;height=240&amp;width=360&amp;resize=letterbox&amp;crop_type=letterbox&amp;blur=true&amp;denyUpscale=0&amp;background_color=383838&amp;ico_height=220&amp;ico_width=220&amp;ts=1665991800000&amp;sig=1F6A28A3FFB58A523B18FFE18A336467" xmltv_id="Bolt HD">Bolt HD</channel>
    <channel site="[ENC]tv.telia.lt_0" site_id="1000040700||id=1000040700&amp;tag=Default&amp;text=FilmBox&amp;date=638015994000000000&amp;height=240&amp;width=360&amp;resize=letterbox&amp;crop_type=letterbox&amp;blur=true&amp;denyUpscale=0&amp;background_color=383838&amp;ico_height=220&amp;ico_width=220&amp;ts=1665991800000&amp;sig=9FD9280A76F8C12DF35FBEE2CDAF3168" xmltv_id="FilmBox">FilmBox</channel>
    <channel site="[ENC]tv.telia.lt_0" site_id="1000041500||id=1000041500&amp;tag=Default&amp;text=FilmBox+Arthouse&amp;date=638015994000000000&amp;height=240&amp;width=360&amp;resize=letterbox&amp;crop_type=letterbox&amp;blur=true&amp;denyUpscale=0&amp;background_color=383838&amp;ico_height=220&amp;ico_width=220&amp;ts=1665991800000&amp;sig=71492727C8C103765B150C35470F3437" xmltv_id="FilmBox Arthouse">FilmBox Arthouse</channel>
    <channel site="[ENC]tv.telia.lt_0" site_id="10082||id=10082&amp;tag=Default&amp;text=TV1000+Action&amp;date=638015994000000000&amp;height=240&amp;width=360&amp;resize=letterbox&amp;crop_type=letterbox&amp;blur=true&amp;denyUpscale=0&amp;background_color=383838&amp;ico_height=220&amp;ico_width=220&amp;ts=1665991800000&amp;sig=65F17A1F9C3E9C159DC5FE3BBDC7A4E5" xmltv_id="TV1000 Action">TV1000 Action</channel>
    <channel site="[ENC]tv.telia.lt_0" site_id="10080||id=10080&amp;tag=Default&amp;text=TV3+Film+HD&amp;date=638015994000000000&amp;height=240&amp;width=360&amp;resize=letterbox&amp;crop_type=letterbox&amp;blur=true&amp;denyUpscale=0&amp;background_color=383838&amp;ico_height=220&amp;ico_width=220&amp;ts=1665991800000&amp;sig=A41DEFCABDB1616EE4FC0F59F612CAD9" xmltv_id="TV3 Film HD">TV3 Film HD</channel>
    <channel site="[ENC]tv.telia.lt_0" site_id="10081||id=10081&amp;tag=Default&amp;text=TV1000&amp;date=638015994000000000&amp;height=240&amp;width=360&amp;resize=letterbox&amp;crop_type=letterbox&amp;blur=true&amp;denyUpscale=0&amp;background_color=383838&amp;ico_height=220&amp;ico_width=220&amp;ts=1665991800000&amp;sig=06B8CCFEEEEC6655454713DE19F4C881" xmltv_id="TV1000">TV1000</channel>
    <channel site="[ENC]tv.telia.lt_0" site_id="10083||id=10083&amp;tag=Default&amp;text=TV1000+World+Kino&amp;date=638015994000000000&amp;height=240&amp;width=360&amp;resize=letterbox&amp;crop_type=letterbox&amp;blur=true&amp;denyUpscale=0&amp;background_color=383838&amp;ico_height=220&amp;ico_width=220&amp;ts=1665991800000&amp;sig=49C1616CACEA722C775661559CE4CDF0" xmltv_id="TV1000 World Kino">TV1000 World Kino</channel>
    <channel site="[ENC]tv.telia.lt_0" site_id="10013||id=10013&amp;tag=Default&amp;text=National+Geographic+HD&amp;date=638015994000000000&amp;height=240&amp;width=360&amp;resize=letterbox&amp;crop_type=letterbox&amp;blur=true&amp;denyUpscale=0&amp;background_color=383838&amp;ico_height=220&amp;ico_width=220&amp;ts=1665991800000&amp;sig=301E8632BD260E3681C55C9AD5A1D254" xmltv_id="National Geographic HD">National Geographic HD</channel>
    <channel site="[ENC]tv.telia.lt_0" site_id="3900||id=3900&amp;tag=Default&amp;text=Travel+Channel+HD&amp;date=638015994000000000&amp;height=240&amp;width=360&amp;resize=letterbox&amp;crop_type=letterbox&amp;blur=true&amp;denyUpscale=0&amp;background_color=383838&amp;ico_height=220&amp;ico_width=220&amp;ts=1665991800000&amp;sig=E94D7ED5B87759942651DF3CF97D1395" xmltv_id="Travel Channel HD">Travel Channel HD</channel>
    <channel site="[ENC]tv.telia.lt_0" site_id="3600||id=3600&amp;tag=Default&amp;text=Animal+Planet+HD&amp;date=638015994000000000&amp;height=240&amp;width=360&amp;resize=letterbox&amp;crop_type=letterbox&amp;blur=true&amp;denyUpscale=0&amp;background_color=383838&amp;ico_height=220&amp;ico_width=220&amp;ts=1665991800000&amp;sig=A2F5333C35A19272AEB5F2EC41EB54C3" xmltv_id="Animal Planet HD">Animal Planet HD</channel>
    <channel site="[ENC]tv.telia.lt_0" site_id="10039||id=10039&amp;tag=Default&amp;text=History+HD&amp;date=638015994000000000&amp;height=240&amp;width=360&amp;resize=letterbox&amp;crop_type=letterbox&amp;blur=true&amp;denyUpscale=0&amp;background_color=383838&amp;ico_height=220&amp;ico_width=220&amp;ts=1665991800000&amp;sig=CDE8E21F3AF275FAA1C11DB3B93B3B1C" xmltv_id="History HD">History HD</channel>
    <channel site="[ENC]tv.telia.lt_0" site_id="3700||id=3700&amp;tag=Default&amp;text=Discovery+HD&amp;date=638015994000000000&amp;height=240&amp;width=360&amp;resize=letterbox&amp;crop_type=letterbox&amp;blur=true&amp;denyUpscale=0&amp;background_color=383838&amp;ico_height=220&amp;ico_width=220&amp;ts=1665991800000&amp;sig=31DC8E7668623DEF741A751FFE23C493" xmltv_id="Discovery HD">Discovery HD</channel>
    <channel site="[ENC]tv.telia.lt_0" site_id="3800||id=3800&amp;tag=Default&amp;text=National+Geographic&amp;date=638015994000000000&amp;height=240&amp;width=360&amp;resize=letterbox&amp;crop_type=letterbox&amp;blur=true&amp;denyUpscale=0&amp;background_color=383838&amp;ico_height=220&amp;ico_width=220&amp;ts=1665991800000&amp;sig=8FE1209C85EE82E5B97AAA604C7FADE7" xmltv_id="National Geographic">National Geographic</channel>
    <channel site="[ENC]tv.telia.lt_0" site_id="5700||id=5700&amp;tag=Default&amp;text=Discovery+Science+HD&amp;date=638015994000000000&amp;height=240&amp;width=360&amp;resize=letterbox&amp;crop_type=letterbox&amp;blur=true&amp;denyUpscale=0&amp;background_color=383838&amp;ico_height=220&amp;ico_width=220&amp;ts=1665991800000&amp;sig=495670CB5CCE4D9D4FE8D0BCB3FA5EDA" xmltv_id="Discovery Science HD">Discovery Science HD</channel>
    <channel site="[ENC]tv.telia.lt_0" site_id="1018120||id=1018120&amp;tag=Default&amp;text=DocuBox+HD&amp;date=638015994000000000&amp;height=240&amp;width=360&amp;resize=letterbox&amp;crop_type=letterbox&amp;blur=true&amp;denyUpscale=0&amp;background_color=383838&amp;ico_height=220&amp;ico_width=220&amp;ts=1665991800000&amp;sig=D21D8AE6D70AD39EA46D7D9D2A8C023C" xmltv_id="DocuBox HD">DocuBox HD</channel>
    <channel site="[ENC]tv.telia.lt_0" site_id="1016520||id=1016520&amp;tag=Default&amp;text=Viasat+Explore+HD&amp;date=638015994000000000&amp;height=240&amp;width=360&amp;resize=letterbox&amp;crop_type=letterbox&amp;blur=true&amp;denyUpscale=0&amp;background_color=383838&amp;ico_height=220&amp;ico_width=220&amp;ts=1665991800000&amp;sig=6BB367BEEE73F72D90FBC33638844182" xmltv_id="Viasat Explore HD">Viasat Explore HD</channel>
    <channel site="[ENC]tv.telia.lt_0" site_id="1016720||id=1016720&amp;tag=Default&amp;text=Viasat+History+HD&amp;date=638015994000000000&amp;height=240&amp;width=360&amp;resize=letterbox&amp;crop_type=letterbox&amp;blur=true&amp;denyUpscale=0&amp;background_color=383838&amp;ico_height=220&amp;ico_width=220&amp;ts=1665991800000&amp;sig=94EE76CBCABFA00BB2817B22132D710B" xmltv_id="Viasat History HD">Viasat History HD</channel>
    <channel site="[ENC]tv.telia.lt_0" site_id="1000020126||id=1000020126&amp;tag=Default&amp;text=Viasat+Nature+HD&amp;date=638015994000000000&amp;height=240&amp;width=360&amp;resize=letterbox&amp;crop_type=letterbox&amp;blur=true&amp;denyUpscale=0&amp;background_color=383838&amp;ico_height=220&amp;ico_width=220&amp;ts=1665991800000&amp;sig=B36470AFCFBF4B0460CE092F40CC4A5F" xmltv_id="Viasat Nature HD">Viasat Nature HD</channel>
    <channel site="[ENC]tv.telia.lt_0" site_id="10003||id=10003&amp;tag=Default&amp;text=Sport1+HD&amp;date=638015994000000000&amp;height=240&amp;width=360&amp;resize=letterbox&amp;crop_type=letterbox&amp;blur=true&amp;denyUpscale=0&amp;background_color=383838&amp;ico_height=220&amp;ico_width=220&amp;ts=1665991800000&amp;sig=CD8A8572B66A9D9FFDC3FB04DBFA4126" xmltv_id="Sport1 HD">Sport1 HD</channel>
    <channel site="[ENC]tv.telia.lt_0" site_id="4000||id=4000&amp;tag=Default&amp;text=Eurosport1+HD&amp;date=638015994000000000&amp;height=240&amp;width=360&amp;resize=letterbox&amp;crop_type=letterbox&amp;blur=true&amp;denyUpscale=0&amp;background_color=383838&amp;ico_height=220&amp;ico_width=220&amp;ts=1665991800000&amp;sig=7717D162F8A33B3260F0E93FF5B6092F" xmltv_id="Eurosport1 HD">Eurosport1 HD</channel>
    <channel site="[ENC]tv.telia.lt_0" site_id="11700||id=11700&amp;tag=Default&amp;text=Eurosport2+HD&amp;date=638015994000000000&amp;height=240&amp;width=360&amp;resize=letterbox&amp;crop_type=letterbox&amp;blur=true&amp;denyUpscale=0&amp;background_color=383838&amp;ico_height=220&amp;ico_width=220&amp;ts=1665991800000&amp;sig=EE417990E1EE94B70DFA76FDDE22AC62" xmltv_id="Eurosport2 HD">Eurosport2 HD</channel>
    <channel site="[ENC]tv.telia.lt_0" site_id="10076||id=10076&amp;tag=Default&amp;text=TV3+Sport+HD&amp;date=638015994000000000&amp;height=240&amp;width=360&amp;resize=letterbox&amp;crop_type=letterbox&amp;blur=true&amp;denyUpscale=0&amp;background_color=383838&amp;ico_height=220&amp;ico_width=220&amp;ts=1665991800000&amp;sig=9D4214C2E38F254E1EA1E74733BBD709" xmltv_id="TV3 Sport HD">TV3 Sport HD</channel>
    <channel site="[ENC]tv.telia.lt_0" site_id="11400||id=11400&amp;tag=Default&amp;text=TV3+Sport+2+HD&amp;date=638015994000000000&amp;height=240&amp;width=360&amp;resize=letterbox&amp;crop_type=letterbox&amp;blur=true&amp;denyUpscale=0&amp;background_color=383838&amp;ico_height=220&amp;ico_width=220&amp;ts=1665991800000&amp;sig=146B0E6123D142CB6DD12550EE581276" xmltv_id="TV3 Sport 2 HD">TV3 Sport 2 HD</channel>
    <channel site="[ENC]tv.telia.lt_0" site_id="1019120||id=1019120&amp;tag=Default&amp;text=Discovery+DTX+HD&amp;date=638015994000000000&amp;height=240&amp;width=360&amp;resize=letterbox&amp;crop_type=letterbox&amp;blur=true&amp;denyUpscale=0&amp;background_color=383838&amp;ico_height=220&amp;ico_width=220&amp;ts=1665991800000&amp;sig=3E508B3A26A015226852A7200A825843" xmltv_id="Discovery DTX HD">Discovery DTX HD</channel>
    <channel site="[ENC]tv.telia.lt_0" site_id="11200||id=11200&amp;tag=Default&amp;text=Fight+Sports+HD&amp;date=638015994000000000&amp;height=240&amp;width=360&amp;resize=letterbox&amp;crop_type=letterbox&amp;blur=true&amp;denyUpscale=0&amp;background_color=383838&amp;ico_height=220&amp;ico_width=220&amp;ts=1665991800000&amp;sig=C8EA9DE17F1A7398B7E223E532020576" xmltv_id="Fight Sports HD">Fight Sports HD</channel>
    <channel site="[ENC]tv.telia.lt_0" site_id="1003800||id=1003800&amp;tag=Default&amp;text=Setanta+Sports+HD&amp;date=638015994000000000&amp;height=240&amp;width=360&amp;resize=letterbox&amp;crop_type=letterbox&amp;blur=true&amp;denyUpscale=0&amp;background_color=383838&amp;ico_height=220&amp;ico_width=220&amp;ts=1665991800000&amp;sig=6D0BAF61FCEBAC7C7AB36C8506286D27" xmltv_id="Setanta Sports HD">Setanta Sports HD</channel>
    <channel site="[ENC]tv.telia.lt_0" site_id="4600||id=4600&amp;tag=Default&amp;text=Cartoon+Network&amp;date=638015994000000000&amp;height=240&amp;width=360&amp;resize=letterbox&amp;crop_type=letterbox&amp;blur=true&amp;denyUpscale=0&amp;background_color=383838&amp;ico_height=220&amp;ico_width=220&amp;ts=1665991800000&amp;sig=0C68297921EB62AB02A575797FD49AA9" xmltv_id="Cartoon Network">Cartoon Network</channel>
    <channel site="[ENC]tv.telia.lt_0" site_id="1000020326||id=1000020326&amp;tag=Default&amp;text=Kidzone+HD&amp;date=638015994000000000&amp;height=240&amp;width=360&amp;resize=letterbox&amp;crop_type=letterbox&amp;blur=true&amp;denyUpscale=0&amp;background_color=383838&amp;ico_height=220&amp;ico_width=220&amp;ts=1665991800000&amp;sig=9A13DAE63B7C0B7D55A1CA28C082C8A6" xmltv_id="Kidzone HD">Kidzone HD</channel>
    <channel site="[ENC]tv.telia.lt_0" site_id="4500||id=4500&amp;tag=Default&amp;text=Baby+TV&amp;date=638015994000000000&amp;height=240&amp;width=360&amp;resize=letterbox&amp;crop_type=letterbox&amp;blur=true&amp;denyUpscale=0&amp;background_color=383838&amp;ico_height=220&amp;ico_width=220&amp;ts=1665991800000&amp;sig=DCC86C217E1C3807BE9EE63F1F01EA40" xmltv_id="Baby TV">Baby TV</channel>
    <channel site="[ENC]tv.telia.lt_0" site_id="4750||id=4750&amp;tag=Default&amp;text=Nickelodeon&amp;date=638015994000000000&amp;height=240&amp;width=360&amp;resize=letterbox&amp;crop_type=letterbox&amp;blur=true&amp;denyUpscale=0&amp;background_color=383838&amp;ico_height=220&amp;ico_width=220&amp;ts=1665991800000&amp;sig=AF11E7C60BDC0415F44B48F0B6888856" xmltv_id="Nickelodeon">Nickelodeon</channel>
    <channel site="[ENC]tv.telia.lt_0" site_id="1019620||id=1019620&amp;tag=Default&amp;text=Kidzone++HD&amp;date=638015994000000000&amp;height=240&amp;width=360&amp;resize=letterbox&amp;crop_type=letterbox&amp;blur=true&amp;denyUpscale=0&amp;background_color=383838&amp;ico_height=220&amp;ico_width=220&amp;ts=1665991800000&amp;sig=14CF2EAE244993573D8C245B992A047F" xmltv_id="Kidzone+ HD">Kidzone+ HD</channel>
    <channel site="[ENC]tv.telia.lt_0" site_id="1020420||id=1020420&amp;tag=Default&amp;text=Duck+TV+HD&amp;date=638015994000000000&amp;height=240&amp;width=360&amp;resize=letterbox&amp;crop_type=letterbox&amp;blur=true&amp;denyUpscale=0&amp;background_color=383838&amp;ico_height=220&amp;ico_width=220&amp;ts=1665991800000&amp;sig=7B9558F87865B15BDFA48628D27F967F" xmltv_id="Duck TV HD">Duck TV HD</channel>
    <channel site="[ENC]tv.telia.lt_0" site_id="10026||id=10026&amp;tag=Default&amp;text=Boomerang&amp;date=638015994000000000&amp;height=240&amp;width=360&amp;resize=letterbox&amp;crop_type=letterbox&amp;blur=true&amp;denyUpscale=0&amp;background_color=383838&amp;ico_height=220&amp;ico_width=220&amp;ts=1665991800000&amp;sig=2FB25B5128F21ECC17ECA21941031D7C" xmltv_id="Boomerang">Boomerang</channel>
    <channel site="[ENC]tv.telia.lt_0" site_id="8800||id=8800&amp;tag=Default&amp;text=Disney+Channel&amp;date=638015994000000000&amp;height=240&amp;width=360&amp;resize=letterbox&amp;crop_type=letterbox&amp;blur=true&amp;denyUpscale=0&amp;background_color=383838&amp;ico_height=220&amp;ico_width=220&amp;ts=1665991800000&amp;sig=99329017913B94D008CBCDC9147A8DEB" xmltv_id="Disney Channel">Disney Channel</channel>
    <channel site="[ENC]tv.telia.lt_0" site_id="8900||id=8900&amp;tag=Default&amp;text=Disney+Junior&amp;date=638015994000000000&amp;height=240&amp;width=360&amp;resize=letterbox&amp;crop_type=letterbox&amp;blur=true&amp;denyUpscale=0&amp;background_color=383838&amp;ico_height=220&amp;ico_width=220&amp;ts=1665991800000&amp;sig=AEF2F8D6B06CC659F05D23C6B6C3179E" xmltv_id="Disney Junior">Disney Junior</channel>
    <channel site="[ENC]tv.telia.lt_0" site_id="1018020||id=1018020&amp;tag=Default&amp;text=JimJam&amp;date=638015994000000000&amp;height=240&amp;width=360&amp;resize=letterbox&amp;crop_type=letterbox&amp;blur=true&amp;denyUpscale=0&amp;background_color=383838&amp;ico_height=220&amp;ico_width=220&amp;ts=1665991800000&amp;sig=5CB300A475391F431B1C001DA174A905" xmltv_id="JimJam">JimJam</channel>
    <channel site="[ENC]tv.telia.lt_0" site_id="1000005705||id=1000005705&amp;tag=Default&amp;text=Smartzone+HD&amp;date=638015994000000000&amp;height=240&amp;width=360&amp;resize=letterbox&amp;crop_type=letterbox&amp;blur=true&amp;denyUpscale=0&amp;background_color=383838&amp;ico_height=220&amp;ico_width=220&amp;ts=1665991800000&amp;sig=F695B6A2FEF185397FBFCE7763F386C7" xmltv_id="Smartzone HD">Smartzone HD</channel>
    <channel site="[ENC]tv.telia.lt_0" site_id="1007700||id=1007700&amp;tag=Default&amp;text=Nick+Jr&amp;date=638015994000000000&amp;height=240&amp;width=360&amp;resize=letterbox&amp;crop_type=letterbox&amp;blur=true&amp;denyUpscale=0&amp;background_color=383838&amp;ico_height=220&amp;ico_width=220&amp;ts=1665991800000&amp;sig=FB49E13ED9D998874BD7CCD712D77941" xmltv_id="Nick Jr">Nick Jr</channel>
    <channel site="[ENC]tv.telia.lt_0" site_id="1013620||id=1013620&amp;tag=Default&amp;text=Da+Vinci+Learning&amp;date=638015994000000000&amp;height=240&amp;width=360&amp;resize=letterbox&amp;crop_type=letterbox&amp;blur=true&amp;denyUpscale=0&amp;background_color=383838&amp;ico_height=220&amp;ico_width=220&amp;ts=1665991800000&amp;sig=0922DD03B410DBCE08BBEB20516B59B5" xmltv_id="Da Vinci Learning">Da Vinci Learning</channel>
    <channel site="[ENC]tv.telia.lt_0" site_id="3200||id=3200&amp;tag=Default&amp;text=CNN+HD&amp;date=638015994000000000&amp;height=240&amp;width=360&amp;resize=letterbox&amp;crop_type=letterbox&amp;blur=true&amp;denyUpscale=0&amp;background_color=383838&amp;ico_height=220&amp;ico_width=220&amp;ts=1665991800000&amp;sig=3F292911F5E8AE6C8A99A151A5CBC5ED" xmltv_id="CNN HD">CNN HD</channel>
    <channel site="[ENC]tv.telia.lt_0" site_id="3400||id=3400&amp;tag=Default&amp;text=BBC+World+News+HD&amp;date=638015994000000000&amp;height=240&amp;width=360&amp;resize=letterbox&amp;crop_type=letterbox&amp;blur=true&amp;denyUpscale=0&amp;background_color=383838&amp;ico_height=220&amp;ico_width=220&amp;ts=1665991800000&amp;sig=1C8D636791FB33C0A5B3F19CE90B19A2" xmltv_id="BBC World News HD">BBC World News HD</channel>
    <channel site="[ENC]tv.telia.lt_0" site_id="3100||id=3100&amp;tag=Default&amp;text=Euronews+HD&amp;date=638015994000000000&amp;height=240&amp;width=360&amp;resize=letterbox&amp;crop_type=letterbox&amp;blur=true&amp;denyUpscale=0&amp;background_color=383838&amp;ico_height=220&amp;ico_width=220&amp;ts=1665991800000&amp;sig=8DECC7C06032C548AD7341D18AB94D37" xmltv_id="Euronews HD">Euronews HD</channel>
    <channel site="[ENC]tv.telia.lt_0" site_id="10008||id=10008&amp;tag=Default&amp;text=CNBC+HD&amp;date=638015994000000000&amp;height=240&amp;width=360&amp;resize=letterbox&amp;crop_type=letterbox&amp;blur=true&amp;denyUpscale=0&amp;background_color=383838&amp;ico_height=220&amp;ico_width=220&amp;ts=1665991800000&amp;sig=F90A207DBA369E6B679D83BBD242D51A" xmltv_id="CNBC HD">CNBC HD</channel>
    <channel site="[ENC]tv.telia.lt_0" site_id="3300||id=3300&amp;tag=Default&amp;text=DW-TV+HD&amp;date=638015994000000000&amp;height=240&amp;width=360&amp;resize=letterbox&amp;crop_type=letterbox&amp;blur=true&amp;denyUpscale=0&amp;background_color=383838&amp;ico_height=220&amp;ico_width=220&amp;ts=1665991800000&amp;sig=E44FC7EFBE5091E0FE224B1CAD8EA8DD" xmltv_id="DW-TV HD">DW-TV HD</channel>
    <channel site="[ENC]tv.telia.lt_0" site_id="1023500||id=1023500&amp;tag=Default&amp;text=France24+English+HD&amp;date=638015994000000000&amp;height=240&amp;width=360&amp;resize=letterbox&amp;crop_type=letterbox&amp;blur=true&amp;denyUpscale=0&amp;background_color=383838&amp;ico_height=220&amp;ico_width=220&amp;ts=1665991800000&amp;sig=99AFEBAB78BB5675CD0635D844EAFC2C" xmltv_id="France24 English HD">France24 English HD</channel>
    <channel site="[ENC]tv.telia.lt_0" site_id="1023400||id=1023400&amp;tag=Default&amp;text=France24+Francais+HD&amp;date=638015994000000000&amp;height=240&amp;width=360&amp;resize=letterbox&amp;crop_type=letterbox&amp;blur=true&amp;denyUpscale=0&amp;background_color=383838&amp;ico_height=220&amp;ico_width=220&amp;ts=1665991800000&amp;sig=75D8211EF959CAC8F4BADFD8EB285A9E" xmltv_id="France24 Francais HD">France24 Francais HD</channel>
    <channel site="[ENC]tv.telia.lt_0" site_id="7500||id=7500&amp;tag=Default&amp;text=SkyNews&amp;date=638015994000000000&amp;height=240&amp;width=360&amp;resize=letterbox&amp;crop_type=letterbox&amp;blur=true&amp;denyUpscale=0&amp;background_color=383838&amp;ico_height=220&amp;ico_width=220&amp;ts=1665991800000&amp;sig=515E1FD9AD8B664A7E91F2C34BDC2E1D" xmltv_id="SkyNews">SkyNews</channel>
    <channel site="[ENC]tv.telia.lt_0" site_id="7400||id=7400&amp;tag=Default&amp;text=Bloomberg+TV&amp;date=638015994000000000&amp;height=240&amp;width=360&amp;resize=letterbox&amp;crop_type=letterbox&amp;blur=true&amp;denyUpscale=0&amp;background_color=383838&amp;ico_height=220&amp;ico_width=220&amp;ts=1665991800000&amp;sig=DDCD5782237F5ED5C73C2759C094E473" xmltv_id="Bloomberg TV">Bloomberg TV</channel>
    <channel site="[ENC]tv.telia.lt_0" site_id="1021800||id=1021800&amp;tag=Default&amp;text=Euronews+RU&amp;date=638015994000000000&amp;height=240&amp;width=360&amp;resize=letterbox&amp;crop_type=letterbox&amp;blur=true&amp;denyUpscale=0&amp;background_color=383838&amp;ico_height=220&amp;ico_width=220&amp;ts=1665991800000&amp;sig=652BD4AC5A44C34CAD238B49234EF30E" xmltv_id="Euronews RU">Euronews RU</channel>
    <channel site="[ENC]tv.telia.lt_0" site_id="1003300||id=1003300&amp;tag=Default&amp;text=Do%c5%bed&amp;date=638015994000000000&amp;height=240&amp;width=360&amp;resize=letterbox&amp;crop_type=letterbox&amp;blur=true&amp;denyUpscale=0&amp;background_color=383838&amp;ico_height=220&amp;ico_width=220&amp;ts=1665991800000&amp;sig=7041049632C4C2B2D84B43299558CD09" xmltv_id="Dožd">Dožd</channel>
    <channel site="[ENC]tv.telia.lt_0" site_id="1018320||id=1018320&amp;tag=Default&amp;text=CurrentTime+HD&amp;date=638015994000000000&amp;height=240&amp;width=360&amp;resize=letterbox&amp;crop_type=letterbox&amp;blur=true&amp;denyUpscale=0&amp;background_color=383838&amp;ico_height=220&amp;ico_width=220&amp;ts=1665991800000&amp;sig=50EB871CF99234F2FF2905F6524FCED5" xmltv_id="CurrentTime HD">CurrentTime HD</channel>
    <channel site="[ENC]tv.telia.lt_0" site_id="1000041700||id=1000041700&amp;tag=Default&amp;text=TVP+World+HD&amp;date=638015994000000000&amp;height=240&amp;width=360&amp;resize=letterbox&amp;crop_type=letterbox&amp;blur=true&amp;denyUpscale=0&amp;background_color=383838&amp;ico_height=220&amp;ico_width=220&amp;ts=1665991800000&amp;sig=6369CC0A87514AAB0194653DBDF52113" xmltv_id="TVP World HD">TVP World HD</channel>
    <channel site="[ENC]tv.telia.lt_0" site_id="1000041600||id=1000041600&amp;tag=Default&amp;text=TVP+INFO+HD&amp;date=638015994000000000&amp;height=240&amp;width=360&amp;resize=letterbox&amp;crop_type=letterbox&amp;blur=true&amp;denyUpscale=0&amp;background_color=383838&amp;ico_height=220&amp;ico_width=220&amp;ts=1665991800000&amp;sig=A4C9D091A9788CBBEE7174CA1ECBB517" xmltv_id="TVP INFO HD">TVP INFO HD</channel>
    <channel site="[ENC]tv.telia.lt_0" site_id="5100||id=5100&amp;tag=Default&amp;text=MTV+00s&amp;date=638015994000000000&amp;height=240&amp;width=360&amp;resize=letterbox&amp;crop_type=letterbox&amp;blur=true&amp;denyUpscale=0&amp;background_color=383838&amp;ico_height=220&amp;ico_width=220&amp;ts=1665991800000&amp;sig=CBF770B8DAB3DAEA2247192C699B6F44" xmltv_id="MTV 00s">MTV 00s</channel>
    <channel site="[ENC]tv.telia.lt_0" site_id="1008920||id=1008920&amp;tag=Default&amp;text=MTV+80s&amp;date=638015994000000000&amp;height=240&amp;width=360&amp;resize=letterbox&amp;crop_type=letterbox&amp;blur=true&amp;denyUpscale=0&amp;background_color=383838&amp;ico_height=220&amp;ico_width=220&amp;ts=1665991800000&amp;sig=79996EBD6F6B1A48A8AC479430EC848E" xmltv_id="MTV 80s">MTV 80s</channel>
    <channel site="[ENC]tv.telia.lt_0" site_id="1006300||id=1006300&amp;tag=Default&amp;text=MTV+Hits&amp;date=638015994000000000&amp;height=240&amp;width=360&amp;resize=letterbox&amp;crop_type=letterbox&amp;blur=true&amp;denyUpscale=0&amp;background_color=383838&amp;ico_height=220&amp;ico_width=220&amp;ts=1665991800000&amp;sig=5F68EB86C115C921D14E81AA49F8E357" xmltv_id="MTV Hits">MTV Hits</channel>
    <channel site="[ENC]tv.telia.lt_0" site_id="1000020226||id=1000020226&amp;tag=Default&amp;text=2TV+HD&amp;date=638015994000000000&amp;height=240&amp;width=360&amp;resize=letterbox&amp;crop_type=letterbox&amp;blur=true&amp;denyUpscale=0&amp;background_color=383838&amp;ico_height=220&amp;ico_width=220&amp;ts=1665991800000&amp;sig=730B69ACAADFF225220A21949B56DFA9" xmltv_id="2TV HD">2TV HD</channel>
    <channel site="[ENC]tv.telia.lt_0" site_id="10027||id=10027&amp;tag=Default&amp;text=%c5%bdvaig%c5%bed%c4%97&amp;date=638015994000000000&amp;height=240&amp;width=360&amp;resize=letterbox&amp;crop_type=letterbox&amp;blur=true&amp;denyUpscale=0&amp;background_color=383838&amp;ico_height=220&amp;ico_width=220&amp;ts=1665991800000&amp;sig=475B9D7C06290A4BB00500B96EA48870" xmltv_id="Žvaigždė">Žvaigždė</channel>
    <channel site="[ENC]tv.telia.lt_0" site_id="1010820||id=1010820&amp;tag=Default&amp;text=MTV+Live+HD&amp;date=638015994000000000&amp;height=240&amp;width=360&amp;resize=letterbox&amp;crop_type=letterbox&amp;blur=true&amp;denyUpscale=0&amp;background_color=383838&amp;ico_height=220&amp;ico_width=220&amp;ts=1665991800000&amp;sig=5C60E27301130B5D5C31A5B4999E888E" xmltv_id="MTV Live HD">MTV Live HD</channel>
    <channel site="[ENC]tv.telia.lt_0" site_id="5200||id=5200&amp;tag=Default&amp;text=Mezzo+HD&amp;date=638015994000000000&amp;height=240&amp;width=360&amp;resize=letterbox&amp;crop_type=letterbox&amp;blur=true&amp;denyUpscale=0&amp;background_color=383838&amp;ico_height=220&amp;ico_width=220&amp;ts=1665991800000&amp;sig=34BA6B7B3E0F5758B4BE8F5F736F6236" xmltv_id="Mezzo HD">Mezzo HD</channel>
    <channel site="[ENC]tv.telia.lt_0" site_id="1003000||id=1003000&amp;tag=Default&amp;text=Fashion+One+HD&amp;date=638015994000000000&amp;height=240&amp;width=360&amp;resize=letterbox&amp;crop_type=letterbox&amp;blur=true&amp;denyUpscale=0&amp;background_color=383838&amp;ico_height=220&amp;ico_width=220&amp;ts=1665991800000&amp;sig=EBC8E4C842FD54BE2F8F6A479F1EB099" xmltv_id="Fashion One HD">Fashion One HD</channel>
    <channel site="[ENC]tv.telia.lt_0" site_id="10063||id=10063&amp;tag=Default&amp;text=TLC&amp;date=638015994000000000&amp;height=240&amp;width=360&amp;resize=letterbox&amp;crop_type=letterbox&amp;blur=true&amp;denyUpscale=0&amp;background_color=383838&amp;ico_height=220&amp;ico_width=220&amp;ts=1665991800000&amp;sig=92C1B0EA48BD690EF03D7993E33F03E4" xmltv_id="TLC">TLC</channel>
    <channel site="[ENC]tv.telia.lt_0" site_id="10024||id=10024&amp;tag=Default&amp;text=RTL&amp;date=638015994000000000&amp;height=240&amp;width=360&amp;resize=letterbox&amp;crop_type=letterbox&amp;blur=true&amp;denyUpscale=0&amp;background_color=383838&amp;ico_height=220&amp;ico_width=220&amp;ts=1665991800000&amp;sig=F412EB4AA2F22AC7F12CC7389442E04F" xmltv_id="RTL">RTL</channel>
    <channel site="[ENC]tv.telia.lt_0" site_id="1048400||id=1048400&amp;tag=Default&amp;text=Food+Network+HD&amp;date=638015994000000000&amp;height=240&amp;width=360&amp;resize=letterbox&amp;crop_type=letterbox&amp;blur=true&amp;denyUpscale=0&amp;background_color=383838&amp;ico_height=220&amp;ico_width=220&amp;ts=1665991800000&amp;sig=75E9C3666AB067F9FEA4FB7A33F2056D" xmltv_id="Food Network HD">Food Network HD</channel>
    <channel site="[ENC]tv.telia.lt_0" site_id="1019020||id=1019020&amp;tag=Default&amp;text=Discovery+IDX+HD&amp;date=638015994000000000&amp;height=240&amp;width=360&amp;resize=letterbox&amp;crop_type=letterbox&amp;blur=true&amp;denyUpscale=0&amp;background_color=383838&amp;ico_height=220&amp;ico_width=220&amp;ts=1665991800000&amp;sig=1A1D1ADDF5FD799C5F1D41B05675DF0C" xmltv_id="Discovery IDX HD">Discovery IDX HD</channel>
    <channel site="[ENC]tv.telia.lt_0" site_id="1018520||id=1018520&amp;tag=Default&amp;text=Ger%c5%b3+naujien%c5%b3+TV+HD&amp;date=638015994000000000&amp;height=240&amp;width=360&amp;resize=letterbox&amp;crop_type=letterbox&amp;blur=true&amp;denyUpscale=0&amp;background_color=383838&amp;ico_height=220&amp;ico_width=220&amp;ts=1665991800000&amp;sig=528B77A24E7F58A0B374DE65169E661F" xmltv_id="Gerų naujienų TV HD">Gerų naujienų TV HD</channel>
    <channel site="[ENC]tv.telia.lt_0" site_id="2100||id=2100&amp;tag=Default&amp;text=P%c5%abkas+TV+HD&amp;date=638015994000000000&amp;height=240&amp;width=360&amp;resize=letterbox&amp;crop_type=letterbox&amp;blur=true&amp;denyUpscale=0&amp;background_color=383838&amp;ico_height=220&amp;ico_width=220&amp;ts=1665991800000&amp;sig=6F9FB74D20292FC744B34CEE7B08EDE6" xmltv_id="Pūkas TV HD">Pūkas TV HD</channel>
    <channel site="[ENC]tv.telia.lt_0" site_id="1800||id=1800&amp;tag=Default&amp;text=Balticum+TV+HD&amp;date=638015994000000000&amp;height=240&amp;width=360&amp;resize=letterbox&amp;crop_type=letterbox&amp;blur=true&amp;denyUpscale=0&amp;background_color=383838&amp;ico_height=220&amp;ico_width=220&amp;ts=1665991800000&amp;sig=DDF216DC50FB5F12C82D12DC21B3DA25" xmltv_id="Balticum TV HD">Balticum TV HD</channel>
    <channel site="[ENC]tv.telia.lt_0" site_id="10060||id=10060&amp;tag=Default&amp;text=LRT+Lituanica&amp;date=638015994000000000&amp;height=240&amp;width=360&amp;resize=letterbox&amp;crop_type=letterbox&amp;blur=true&amp;denyUpscale=0&amp;background_color=383838&amp;ico_height=220&amp;ico_width=220&amp;ts=1665991800000&amp;sig=9B30A0DDDBD07AD664F0338B92BCE7FB" xmltv_id="LRT Lituanica">LRT Lituanica</channel>
    <channel site="[ENC]tv.telia.lt_0" site_id="10055||id=10055&amp;tag=Default&amp;text=TVP+Polonia&amp;date=638015994000000000&amp;height=240&amp;width=360&amp;resize=letterbox&amp;crop_type=letterbox&amp;blur=true&amp;denyUpscale=0&amp;background_color=383838&amp;ico_height=220&amp;ico_width=220&amp;ts=1665991800000&amp;sig=CA05CAA825CF062D7AF798C7AA464C70" xmltv_id="TVP Polonia">TVP Polonia</channel>
    <channel site="[ENC]tv.telia.lt_0" site_id="11800||id=11800&amp;tag=Default&amp;text=TVP+Wilno+HD&amp;date=638015994000000000&amp;height=240&amp;width=360&amp;resize=letterbox&amp;crop_type=letterbox&amp;blur=true&amp;denyUpscale=0&amp;background_color=383838&amp;ico_height=220&amp;ico_width=220&amp;ts=1665991800000&amp;sig=BF126D1296F6994B5CD95C35FC474D9C" xmltv_id="TVP Wilno HD">TVP Wilno HD</channel>
    <channel site="[ENC]tv.telia.lt_0" site_id="10021||id=10021&amp;tag=Default&amp;text=Dz%c5%abkijos+TV&amp;date=638015994000000000&amp;height=240&amp;width=360&amp;resize=letterbox&amp;crop_type=letterbox&amp;blur=true&amp;denyUpscale=0&amp;background_color=383838&amp;ico_height=220&amp;ico_width=220&amp;ts=1665991800000&amp;sig=73B5DC7DFC24A054D7967894825C7BC5" xmltv_id="Dzūkijos TV">Dzūkijos TV</channel>
    <channel site="[ENC]tv.telia.lt_0" site_id="10700||id=10700&amp;tag=Default&amp;text=Marijampol%c4%97s+TV&amp;date=638015994000000000&amp;height=240&amp;width=360&amp;resize=letterbox&amp;crop_type=letterbox&amp;blur=true&amp;denyUpscale=0&amp;background_color=383838&amp;ico_height=220&amp;ico_width=220&amp;ts=1665991800000&amp;sig=2211C839639DBF7F63A9E8D7530649B7" xmltv_id="Marijampolės TV">Marijampolės TV</channel>
    <channel site="[ENC]tv.telia.lt_0" site_id="2200||id=2200&amp;tag=Default&amp;text=%c5%a0iauli%c5%b3+Televizija+HD&amp;date=638015994000000000&amp;height=240&amp;width=360&amp;resize=letterbox&amp;crop_type=letterbox&amp;blur=true&amp;denyUpscale=0&amp;background_color=383838&amp;ico_height=220&amp;ico_width=220&amp;ts=1665991800000&amp;sig=8D08B654AFDE0D09664D53ED3D97C095" xmltv_id="Šiaulių Televizija HD">Šiaulių Televizija HD</channel>
    <channel site="[ENC]tv.telia.lt_0" site_id="10052||id=10052&amp;tag=Default&amp;text=TV7&amp;date=638015994000000000&amp;height=240&amp;width=360&amp;resize=letterbox&amp;crop_type=letterbox&amp;blur=true&amp;denyUpscale=0&amp;background_color=383838&amp;ico_height=220&amp;ico_width=220&amp;ts=1665991800000&amp;sig=571F33E2FA95BA31124FC73E15824FED" xmltv_id="TV7">TV7</channel>
    <channel site="[ENC]tv.telia.lt_0" site_id="10020||id=10020&amp;tag=Default&amp;text=Seimas+tiesiogiai&amp;date=638015994000000000&amp;height=240&amp;width=360&amp;resize=letterbox&amp;crop_type=letterbox&amp;blur=true&amp;denyUpscale=0&amp;background_color=383838&amp;ico_height=220&amp;ico_width=220&amp;ts=1665991800000&amp;sig=A2C158DA1A614D11B32F5C9DF2FF2A28" xmltv_id="Seimas tiesiogiai">Seimas tiesiogiai</channel>
  </channels>
</site>