<?xml version="1.0" encoding="UTF-8"?>
<site generator-info-name="Tempest EPG Generator (made by Kvanc)" generator-info-url="https://github.com/K-vanc/Tempest-EPG-Generator.git" site="[ENC][EX]canalplus-haiti.com_0">
  <channels>
    <channel site="[ENC][EX]canalplus-haiti.com_0" site_id="51014||f77d9e81d75535cbf80c3b49ba9a9578" xmltv_id="CANAL+ CINEMA HD">CANAL+ CINEMA HD</channel>
    <channel site="[ENC][EX]canalplus-haiti.com_0" site_id="51022||f280baf8d475a4643d64321caf771782" xmltv_id="CANAL+ SPORT HD">CANAL+ SPORT HD</channel>
    <channel site="[ENC][EX]canalplus-haiti.com_0" site_id="51133||0e6961996bd0ce3a2e17d64989bdd07a" xmltv_id="CANAL+ KIDS HD">CANAL+ KIDS HD</channel>
    <channel site="[ENC][EX]canalplus-haiti.com_0" site_id="51313||31db6fcee75e0e591f451635620e409b" xmltv_id="CANAL+ SERIES HD">CANAL+ SERIES HD</channel>
    <channel site="[ENC][EX]canalplus-haiti.com_0" site_id="51358||c84744d688aab9231cc46ff38929f84b" xmltv_id="C+ AYITI SPORT 1 HD">C+ AYITI SPORT 1 HD</channel>
    <channel site="[ENC][EX]canalplus-haiti.com_0" site_id="51095||d1a641606dd3c349f8be2b3a1803dc81" xmltv_id="TF1 HD">TF1 HD</channel>
    <channel site="[ENC][EX]canalplus-haiti.com_0" site_id="51188||142492fd744185418a30a8937d24ef0f" xmltv_id="FRANCE 2">FRANCE 2</channel>
    <channel site="[ENC][EX]canalplus-haiti.com_0" site_id="51045||f3da203bc4ff88ed946f3e8502f73e57" xmltv_id="FRANCE 3">FRANCE 3</channel>
    <channel site="[ENC][EX]canalplus-haiti.com_0" site_id="51046||b72f8137cd7512716b8e4563766fc8cf" xmltv_id="FRANCE 5">FRANCE 5</channel>
    <channel site="[ENC][EX]canalplus-haiti.com_0" site_id="51057||9b38a8d3c9b6509645d7927e5c98094b" xmltv_id="M6 HD">M6 HD</channel>
    <channel site="[ENC][EX]canalplus-haiti.com_0" site_id="51106||9df3af6654c1ff2d7f78b6d722746112" xmltv_id="TV5 MONDE">TV5 MONDE</channel>
    <channel site="[ENC][EX]canalplus-haiti.com_0" site_id="51967||14cd50fd885f3c487ccd15280136eca9" xmltv_id="CANAL EVENEMENT">CANAL EVENEMENT</channel>
    <channel site="[ENC][EX]canalplus-haiti.com_0" site_id="51083||c0cf857bd5a9954a143c268f09ef7ed1" xmltv_id="GUADELOUPE 1ERE">GUADELOUPE 1ERE</channel>
    <channel site="[ENC][EX]canalplus-haiti.com_0" site_id="51176||658b50321499cb2c520566f1051312e1" xmltv_id="CANAL 10">CANAL 10</channel>
    <channel site="[ENC][EX]canalplus-haiti.com_0" site_id="51286||5dcc43c9b6b5dd27a2b11b79f6117ccd" xmltv_id="ECLAIR TV">ECLAIR TV</channel>
    <channel site="[ENC][EX]canalplus-haiti.com_0" site_id="51365||890b9b8b8ff2c97f782dd9bae77d7058" xmltv_id="ALIZES GUADELOUPE">ALIZES GUADELOUPE</channel>
    <channel site="[ENC][EX]canalplus-haiti.com_0" site_id="51085||f3efbcf4040a79b562aa6e493bc8a1a4" xmltv_id="MARTINIQUE 1ERE">MARTINIQUE 1ERE</channel>
    <channel site="[ENC][EX]canalplus-haiti.com_0" site_id="51006||0f67b2e85f74101c4c776cf423240fce" xmltv_id="viaATV">viaATV</channel>
    <channel site="[ENC][EX]canalplus-haiti.com_0" site_id="51285||6ed6e5a6eb696cae5ca38ef8b7d514a9" xmltv_id="ZOUK TV">ZOUK TV</channel>
    <channel site="[ENC][EX]canalplus-haiti.com_0" site_id="51210||c606278a63343ad7d89626b5b2441ba4" xmltv_id="KMT">KMT</channel>
    <channel site="[ENC][EX]canalplus-haiti.com_0" site_id="51801||707234594c24651719c21c6b30c84d34" xmltv_id="ZITATA TV">ZITATA TV</channel>
    <channel site="[ENC][EX]canalplus-haiti.com_0" site_id="51937||a5a69f52a56b0c220a07e31cf108e66c" xmltv_id="GRAPHE TV">GRAPHE TV</channel>
    <channel site="[ENC][EX]canalplus-haiti.com_0" site_id="51084||2cc0942a5da0c0a0f5f9b7ce06a81a5f" xmltv_id="GUYANE 1ERE">GUYANE 1ERE</channel>
    <channel site="[ENC][EX]canalplus-haiti.com_0" site_id="51288||17dbcf236fdc04fb9f33c60f775e1cda" xmltv_id="KOUROU TV">KOUROU TV</channel>
    <channel site="[ENC][EX]canalplus-haiti.com_0" site_id="51611||70a6c56b39b6d95c6c429641cdde6037" xmltv_id="IOTV">IOTV</channel>
    <channel site="[ENC][EX]canalplus-haiti.com_0" site_id="51114||e59fd7f01f6da827e8aa054635ff2795" xmltv_id="FRANCE 24">FRANCE 24</channel>
    <channel site="[ENC][EX]canalplus-haiti.com_0" site_id="51055||20a1dffa28d7f2bcce13b68753bc087c" xmltv_id="LCP">LCP</channel>
    <channel site="[ENC][EX]canalplus-haiti.com_0" site_id="51048||f56c976f399ea933a1ae5ad3243d8a52" xmltv_id="CNEWS">CNEWS</channel>
    <channel site="[ENC][EX]canalplus-haiti.com_0" site_id="51704||be0c4b093b1bda7c17d3231dbe000c41" xmltv_id="FRANCEINFO:">FRANCEINFO:</channel>
    <channel site="[ENC][EX]canalplus-haiti.com_0" site_id="51054||d58130354d76932709e8e6bad23fb14f" xmltv_id="LCI">LCI</channel>
    <channel site="[ENC][EX]canalplus-haiti.com_0" site_id="51008||c7bdac1b1c5edb66a5823bda068d4060" xmltv_id="BBC WORLD NEWS">BBC WORLD NEWS</channel>
    <channel site="[ENC][EX]canalplus-haiti.com_0" site_id="51032||83255486f376a9c55c13269608ff39eb" xmltv_id="CNN">CNN</channel>
    <channel site="[ENC][EX]canalplus-haiti.com_0" site_id="51278||f03a850961aeacc91bde30ca9a96d4f2" xmltv_id="KTO">KTO</channel>
    <channel site="[ENC][EX]canalplus-haiti.com_0" site_id="51548||255897a71b04f200d5a8c2c05b87b291" xmltv_id="NOVELAS TV">NOVELAS TV</channel>
    <channel site="[ENC][EX]canalplus-haiti.com_0" site_id="51416||0fb62ac7542f10470482225c1a1a96a0" xmltv_id="A+">A+</channel>
    <channel site="[ENC][EX]canalplus-haiti.com_0" site_id="51120||18dcdbe9913e4653ac90533edfb347db" xmltv_id="C8 HD">C8 HD</channel>
    <channel site="[ENC][EX]canalplus-haiti.com_0" site_id="51067||0106230ae7fe31cdd7db4b42a5ffb7b8" xmltv_id="TFX">TFX</channel>
    <channel site="[ENC][EX]canalplus-haiti.com_0" site_id="51216||aeef76e07fe54257d1b2dc84bf2a5d16" xmltv_id="NRJ12">NRJ12</channel>
    <channel site="[ENC][EX]canalplus-haiti.com_0" site_id="51217||09cadf0202d8d36538d7c2ec9e73af19" xmltv_id="CSTAR">CSTAR</channel>
    <channel site="[ENC][EX]canalplus-haiti.com_0" site_id="51613||ad887757c6d953436379c5ae167ac441" xmltv_id="TF1 SERIES FILMS">TF1 SERIES FILMS</channel>
    <channel site="[ENC][EX]canalplus-haiti.com_0" site_id="51624||15ec773f14ac7e2bd34c89e16904e664" xmltv_id="6TER">6TER</channel>
    <channel site="[ENC][EX]canalplus-haiti.com_0" site_id="51070||144b88cf335b8d1933e353c0decdcd22" xmltv_id="PARIS PREMIERE">PARIS PREMIERE</channel>
    <channel site="[ENC][EX]canalplus-haiti.com_0" site_id="51077||b67839255791e2cf9cdba8193a5efd60" xmltv_id="RTL9">RTL9</channel>
    <channel site="[ENC][EX]canalplus-haiti.com_0" site_id="51001||08c2a8515f88a3a74de1d5714e1c0bbc" xmltv_id="13EME RUE">13EME RUE</channel>
    <channel site="[ENC][EX]canalplus-haiti.com_0" site_id="51078||6a5b7de2b05fc6ac1d4c188fd9b81081" xmltv_id="SYFY">SYFY</channel>
    <channel site="[ENC][EX]canalplus-haiti.com_0" site_id="51033||4ae047a6421f34ccb4abefe931d238b4" xmltv_id="COMEDIE+">COMEDIE+</channel>
    <channel site="[ENC][EX]canalplus-haiti.com_0" site_id="51065||20857d848172a068f313693d4d2d4da4" xmltv_id="MTV">MTV</channel>
    <channel site="[ENC][EX]canalplus-haiti.com_0" site_id="51060||506eedfe4f97086e1e904a60e1bf4b3e" xmltv_id="MCM">MCM</channel>
    <channel site="[ENC][EX]canalplus-haiti.com_0" site_id="51036||a0d230d3c7479b27db2d9ba299e4467f" xmltv_id="E! ENTERTAINMENT">E! ENTERTAINMENT</channel>
    <channel site="[ENC][EX]canalplus-haiti.com_0" site_id="51136||bef9ce1c1b8cf31927989e1cc36d84ee" xmltv_id="GAME ONE">GAME ONE</channel>
    <channel site="[ENC][EX]canalplus-haiti.com_0" site_id="51418||12f2f278f5a187ce192bcacf3858eb72" xmltv_id="NOLLYWOOD TV">NOLLYWOOD TV</channel>
    <channel site="[ENC][EX]canalplus-haiti.com_0" site_id="51072||4e29f3c52a6e90555a298c8bcc358b32" xmltv_id="PLANETE+ HD">PLANETE+ HD</channel>
    <channel site="[ENC][EX]canalplus-haiti.com_0" site_id="51073||4206ad94f30523ffdee330066dc97655" xmltv_id="PLANETE+ AVENTURE">PLANETE+ AVENTURE</channel>
    <channel site="[ENC][EX]canalplus-haiti.com_0" site_id="51138||8dcb6b6fcc1cd2ae078c086b8fedf3d2" xmltv_id="USHUAÏA TV HD">USHUAÏA TV HD</channel>
    <channel site="[ENC][EX]canalplus-haiti.com_0" site_id="51996||ae697dba427ed168b5b64c78be4efcee" xmltv_id="TRAVEL XP">TRAVEL XP</channel>
    <channel site="[ENC][EX]canalplus-haiti.com_0" site_id="51727||6771ebd33b484707eb0786e324fd3862" xmltv_id="TOUTE L HISTOIRE">TOUTE L HISTOIRE</channel>
    <channel site="[ENC][EX]canalplus-haiti.com_0" site_id="51374||6011aab35485d9cfa1b1a250057d0dae" xmltv_id="ENGLISH CLUB TV">ENGLISH CLUB TV</channel>
    <channel site="[ENC][EX]canalplus-haiti.com_0" site_id="51142||ab5405062ae4b92aed74a850c622ae72" xmltv_id="PLANETE+ CRIME">PLANETE+ CRIME</channel>
    <channel site="[ENC][EX]canalplus-haiti.com_0" site_id="51145||34c09b3f7ab20d6c7b8ac35366cf96c4" xmltv_id="NATIONAL GEOGRAPHIC HD">NATIONAL GEOGRAPHIC HD</channel>
    <channel site="[ENC][EX]canalplus-haiti.com_0" site_id="51223||6efb0b61a060da948154fac377ae0c24" xmltv_id="NAT GEO WILD HD">NAT GEO WILD HD</channel>
    <channel site="[ENC][EX]canalplus-haiti.com_0" site_id="51079||b1d9437352e04e06f8094987f7cb6384" xmltv_id="SEASONS">SEASONS</channel>
    <channel site="[ENC][EX]canalplus-haiti.com_0" site_id="51711||70a108a24caf0f6b108bbbdb4a197eba" xmltv_id="CUISINES">CUISINES</channel>
    <channel site="[ENC][EX]canalplus-haiti.com_0" site_id="51959||e2e930cc89653f88fa38972c78f26c28" xmltv_id="NATHAN TV">NATHAN TV</channel>
    <channel site="[ENC][EX]canalplus-haiti.com_0" site_id="51359||88578f5c73cd1b7b6344b7d72542284d" xmltv_id="C+ AYITI SPORT 2">C+ AYITI SPORT 2</channel>
    <channel site="[ENC][EX]canalplus-haiti.com_0" site_id="51028||a9b497507bae038ef3adde8d664379f9" xmltv_id="CINE+ PREMIER HD">CINE+ PREMIER HD</channel>
    <channel site="[ENC][EX]canalplus-haiti.com_0" site_id="51027||d298bcfccb62174f17ce781103bce1d7" xmltv_id="CINE+ FRISSON HD">CINE+ FRISSON HD</channel>
    <channel site="[ENC][EX]canalplus-haiti.com_0" site_id="51025||56e63b08df0212df3d46639c484668ef" xmltv_id="CINE+ EMOTION">CINE+ EMOTION</channel>
    <channel site="[ENC][EX]canalplus-haiti.com_0" site_id="51026||9addb40b7d18eb00e23929b96560a777" xmltv_id="CINE+ FAMIZ">CINE+ FAMIZ</channel>
    <channel site="[ENC][EX]canalplus-haiti.com_0" site_id="51024||414c8a5129700a559635e03a71a7dc8e" xmltv_id="CINE+ CLUB">CINE+ CLUB</channel>
    <channel site="[ENC][EX]canalplus-haiti.com_0" site_id="51328||1517a5942e2d9bee21fab2db211251de" xmltv_id="CINE+ CLASSIC">CINE+ CLASSIC</channel>
    <channel site="[ENC][EX]canalplus-haiti.com_0" site_id="51004||8877550b27ef4bea375b2eceafcfa195" xmltv_id="ACTION">ACTION</channel>
    <channel site="[ENC][EX]canalplus-haiti.com_0" site_id="51303||ceb273b22a727172772c6d83604d543b" xmltv_id="PARAMOUNT TV">PARAMOUNT TV</channel>
    <channel site="[ENC][EX]canalplus-haiti.com_0" site_id="51361||b0ce5106783702683ffdbc1869a7ff4b" xmltv_id="HBO">HBO</channel>
    <channel site="[ENC][EX]canalplus-haiti.com_0" site_id="51362||08d23026b5aa799982e0b93053d6d112" xmltv_id="HBO Family">HBO Family</channel>
    <channel site="[ENC][EX]canalplus-haiti.com_0" site_id="51363||f75bca7bc4be9dfefac286bdb06e7ab0" xmltv_id="HBO XTREME">HBO XTREME</channel>
    <channel site="[ENC][EX]canalplus-haiti.com_0" site_id="51942||7ae551a0bfb994d395585570faee22ea" xmltv_id="STUDIOCANAL">STUDIOCANAL</channel>
    <channel site="[ENC][EX]canalplus-haiti.com_0" site_id="51050||5f6505ecfcf7242fb76a7cff644c4493" xmltv_id="INFOSPORT+">INFOSPORT+</channel>
    <channel site="[ENC][EX]canalplus-haiti.com_0" site_id="51056||6e5ce2f1bfcfa0276213a3c60059601b" xmltv_id="L EQUIPE">L EQUIPE</channel>
    <channel site="[ENC][EX]canalplus-haiti.com_0" site_id="51041||3c03ba7b131a64d2491cce3e9feff735" xmltv_id="EUROSPORT 1 HD">EUROSPORT 1 HD</channel>
    <channel site="[ENC][EX]canalplus-haiti.com_0" site_id="51042||5b1f73883619531e97afc3519cbac4e6" xmltv_id="EUROSPORT 2 HD">EUROSPORT 2 HD</channel>
    <channel site="[ENC][EX]canalplus-haiti.com_0" site_id="51614||84a2290aecdffceb107646893afbdc4a" xmltv_id="WATAAA">WATAAA</channel>
    <channel site="[ENC][EX]canalplus-haiti.com_0" site_id="51565||1994f9ff8d866df5d80763ec98f58eeb" xmltv_id="AUTOMOTO">AUTOMOTO</channel>
    <channel site="[ENC][EX]canalplus-haiti.com_0" site_id="51667||9e546df820409341e90bb20e307c0899" xmltv_id="MGG TV">MGG TV</channel>
    <channel site="[ENC][EX]canalplus-haiti.com_0" site_id="51038||0df06f97abcfc1461f5a73014cf0c7fa" xmltv_id="ESPN">ESPN</channel>
    <channel site="[ENC][EX]canalplus-haiti.com_0" site_id="51290||71d93f1f813eef7bee6666981eab4128" xmltv_id="ESPN 2">ESPN 2</channel>
    <channel site="[ENC][EX]canalplus-haiti.com_0" site_id="51035||4a226ebc048f2d9a339dbb69d353ad74" xmltv_id="DISNEY CHANNEL">DISNEY CHANNEL</channel>
    <channel site="[ENC][EX]canalplus-haiti.com_0" site_id="51128||328616770226f2547e979d4ee20dabff" xmltv_id="PIWI+">PIWI+</channel>
    <channel site="[ENC][EX]canalplus-haiti.com_0" site_id="51941||aafb9594260b9f235852b9aadf58a364" xmltv_id="NICKELODEON JUNIOR">NICKELODEON JUNIOR</channel>
    <channel site="[ENC][EX]canalplus-haiti.com_0" site_id="51148||f14fd97a0a25f85137ee796638b82e25" xmltv_id="TELETOON+">TELETOON+</channel>
    <channel site="[ENC][EX]canalplus-haiti.com_0" site_id="51224||c2c17c39a49e36cac289d16681724ad8" xmltv_id="NICKELODEON">NICKELODEON</channel>
    <channel site="[ENC][EX]canalplus-haiti.com_0" site_id="51931||b4c2e7743672886a4705494bf0ea4b60" xmltv_id="LUDIKIDS">LUDIKIDS</channel>
    <channel site="[ENC][EX]canalplus-haiti.com_0" site_id="51075||70a075a4e3c07b9666678b2a7af059e9" xmltv_id="DISNEY JUNIOR">DISNEY JUNIOR</channel>
    <channel site="[ENC][EX]canalplus-haiti.com_0" site_id="51102||02b09c0308344b3beeec0ea4dc3fe9ac" xmltv_id="TRACE URBAN">TRACE URBAN</channel>
    <channel site="[ENC][EX]canalplus-haiti.com_0" site_id="51155||afe6486f5fde96c0dab8e2425dc33db3" xmltv_id="TRACE CARRIBBEAN">TRACE CARRIBBEAN</channel>
    <channel site="[ENC][EX]canalplus-haiti.com_0" site_id="51653||cdc37d99bc44ca2127712b28d1e291ca" xmltv_id="TRACE LATINA">TRACE LATINA</channel>
    <channel site="[ENC][EX]canalplus-haiti.com_0" site_id="51654||a09364193f0fab3dfa567b0e5c1b8533" xmltv_id="TRACE AYITI">TRACE AYITI</channel>
    <channel site="[ENC][EX]canalplus-haiti.com_0" site_id="51557||76739b437e7b6ee5a2fd4b15059dc03b" xmltv_id="BBLACK CARIBBEAN">BBLACK CARIBBEAN</channel>
    <channel site="[ENC][EX]canalplus-haiti.com_0" site_id="51620||42646029bf3d9e08872a895fe5d45d83" xmltv_id="TRACE GOSPEL">TRACE GOSPEL</channel>
    <channel site="[ENC][EX]canalplus-haiti.com_0" site_id="51147||897cfddfe8dc789080749ac721956aea" xmltv_id="MTV HITS">MTV HITS</channel>
    <channel site="[ENC][EX]canalplus-haiti.com_0" site_id="51291||85391942a56f9be4aeb4b30629cff61a" xmltv_id="TNH">TNH</channel>
    <channel site="[ENC][EX]canalplus-haiti.com_0" site_id="51306||aff83776eb9ddb06c031ebe0a6bbc771" xmltv_id="TV METROPOLE">TV METROPOLE</channel>
    <channel site="[ENC][EX]canalplus-haiti.com_0" site_id="51617||c9c0a8b566505aedf538ade50e2dab2c" xmltv_id="TELE PACIFIC">TELE PACIFIC</channel>
    <channel site="[ENC][EX]canalplus-haiti.com_0" site_id="51618||5b6946dc588729db415a69fc0fe8a8e0" xmltv_id="TELE 20">TELE 20</channel>
    <channel site="[ENC][EX]canalplus-haiti.com_0" site_id="51936||c8f2749c5fb7d2a6f156a13fcfd8a98b" xmltv_id="TELE SOLEIL">TELE SOLEIL</channel>
    <channel site="[ENC][EX]canalplus-haiti.com_0" site_id="51423||78aa1302a1bf5650cd04b33849313977" xmltv_id="TV CARAIBES">TV CARAIBES</channel>
    <channel site="[ENC][EX]canalplus-haiti.com_0" site_id="51725||adeb0c133e8fcab9d5f6661c031adad4" xmltv_id="TELEMUNDO">TELEMUNDO</channel>
    <channel site="[ENC][EX]canalplus-haiti.com_0" site_id="51292||fba6addcf6c62ac4c22df46dae8f6aac" xmltv_id="TELE MICRO">TELE MICRO</channel>
    <channel site="[ENC][EX]canalplus-haiti.com_0" site_id="51230||48f7ca3af81be93eed0a164ba9bfcce5" xmltv_id="TV GLOBO">TV GLOBO</channel>
    <channel site="[ENC][EX]canalplus-haiti.com_0" site_id="51422||ca0c8d3118f70d6cdcfb480cd1067b13" xmltv_id="CANAL SONY">CANAL SONY</channel>
    <channel site="[ENC][EX]canalplus-haiti.com_0" site_id="51616||e48f870371f6b3b7e7a8ce90ac8ba605" xmltv_id="STVS">STVS</channel>
    <channel site="[ENC][EX]canalplus-haiti.com_0" site_id="51702||47074a9f842870fa7e85464f15abac5a" xmltv_id="DORCEL AFRICA TV">DORCEL AFRICA TV</channel>
    <channel site="[ENC][EX]canalplus-haiti.com_0" site_id="51280||4b0c888493f2945d6e7d8afacfbd86d1" xmltv_id="PENTHOUSE BLACK">PENTHOUSE BLACK</channel>
    <channel site="[ENC][EX]canalplus-haiti.com_0" site_id="51110||636c8a7ae3c652dc963e14a8d1678469" xmltv_id="XXL">XXL</channel>
    <channel site="[ENC][EX]canalplus-haiti.com_0" site_id="51934||09e2088661b5392da662c0493ecffaf4" xmltv_id="VIXEN">VIXEN</channel>
    <channel site="[ENC][EX]canalplus-haiti.com_0" site_id="51185||f70a0e382a2b191c9737bf73b4a0edb9" xmltv_id="J&amp;M TV">J&amp;M TV</channel>
    <channel site="[ENC][EX]canalplus-haiti.com_0" site_id="51966||8e008cbdfe533e349f842782904283f3" xmltv_id="CANAL+ AYITI HD">CANAL+ AYITI HD</channel>
  </channels>
</site>