<?xml version="1.0" encoding="UTF-8"?>
<site generator-info-name="Tempest EPG Generator (made by Kvanc)" generator-info-url="https://github.com/K-vanc/Tempest-EPG-Generator.git" site="[ENC]mncvision.id_0">
  <channels>
    <channel site="[ENC]mncvision.id_0" site_id="350" xmltv_id="ABC Australia - [Channel 350]">ABC Australia - [Channel 350]</channel>
    <channel site="[ENC]mncvision.id_0" site_id="331" xmltv_id="Al Jazeera English - [Channel 331]">Al Jazeera English - [Channel 331]</channel>
    <channel site="[ENC]mncvision.id_0" site_id="93" xmltv_id="Al Quran Al Kareem - [Channel 93]">Al Quran Al Kareem - [Channel 93]</channel>
    <channel site="[ENC]mncvision.id_0" site_id="157" xmltv_id="Animax - [Channel 157]">Animax - [Channel 157]</channel>
    <channel site="[ENC]mncvision.id_0" site_id="115" xmltv_id="ANTV - [Channel 115]">ANTV - [Channel 115]</channel>
    <channel site="[ENC]mncvision.id_0" site_id="351" xmltv_id="Arirang - [Channel 351]">Arirang - [Channel 351]</channel>
    <channel site="[ENC]mncvision.id_0" site_id="154" xmltv_id="AXN - [Channel 154]">AXN - [Channel 154]</channel>
    <channel site="[ENC]mncvision.id_0" site_id="438" xmltv_id="AXN HD - [Channel 438]">AXN HD - [Channel 438]</channel>
    <channel site="[ENC]mncvision.id_0" site_id="200" xmltv_id="BBC Earth - [Channel 200]">BBC Earth - [Channel 200]</channel>
    <channel site="[ENC]mncvision.id_0" site_id="461" xmltv_id="BBC Earth HD - [Channel 461]">BBC Earth HD - [Channel 461]</channel>
    <channel site="[ENC]mncvision.id_0" site_id="332" xmltv_id="BBC World News - [Channel 332]">BBC World News - [Channel 332]</channel>
    <channel site="[ENC]mncvision.id_0" site_id="338" xmltv_id="Bloomberg - [Channel 338]">Bloomberg - [Channel 338]</channel>
    <channel site="[ENC]mncvision.id_0" site_id="103" xmltv_id="BTV - [Channel 103]">BTV - [Channel 103]</channel>
    <channel site="[ENC]mncvision.id_0" site_id="41" xmltv_id="CBeebies - [Channel 41]">CBeebies - [Channel 41]</channel>
    <channel site="[ENC]mncvision.id_0" site_id="22" xmltv_id="CCM - [Channel 22]">CCM - [Channel 22]</channel>
    <channel site="[ENC]mncvision.id_0" site_id="96" xmltv_id="Celebrities TV - [Channel 96]">Celebrities TV - [Channel 96]</channel>
    <channel site="[ENC]mncvision.id_0" site_id="20" xmltv_id="Celestial Movies - [Channel 20]">Celestial Movies - [Channel 20]</channel>
    <channel site="[ENC]mncvision.id_0" site_id="353" xmltv_id="CGTN - [Channel 353]">CGTN - [Channel 353]</channel>
    <channel site="[ENC]mncvision.id_0" site_id="205" xmltv_id="CGTN Documentary - [Channel 205]">CGTN Documentary - [Channel 205]</channel>
    <channel site="[ENC]mncvision.id_0" site_id="330" xmltv_id="Channel News Asia - [Channel 330]">Channel News Asia - [Channel 330]</channel>
    <channel site="[ENC]mncvision.id_0" site_id="7" xmltv_id="CINEMACHI - [Channel 7]">CINEMACHI - [Channel 7]</channel>
    <channel site="[ENC]mncvision.id_0" site_id="8" xmltv_id="CINEMACHI ACTION - [Channel 8]">CINEMACHI ACTION - [Channel 8]</channel>
    <channel site="[ENC]mncvision.id_0" site_id="402" xmltv_id="CINEMACHI ACTION HD - [Channel 402]">CINEMACHI ACTION HD - [Channel 402]</channel>
    <channel site="[ENC]mncvision.id_0" site_id="401" xmltv_id="CINEMACHI HD - [Channel 401]">CINEMACHI HD - [Channel 401]</channel>
    <channel site="[ENC]mncvision.id_0" site_id="9" xmltv_id="CINEMACHI KIDS - [Channel 9]">CINEMACHI KIDS - [Channel 9]</channel>
    <channel site="[ENC]mncvision.id_0" site_id="403" xmltv_id="CINEMACHI KIDS HD - [Channel 403]">CINEMACHI KIDS HD - [Channel 403]</channel>
    <channel site="[ENC]mncvision.id_0" site_id="10" xmltv_id="CINEMACHI MAX - [Channel 10]">CINEMACHI MAX - [Channel 10]</channel>
    <channel site="[ENC]mncvision.id_0" site_id="404" xmltv_id="CINEMACHI MAX HD - [Channel 404]">CINEMACHI MAX HD - [Channel 404]</channel>
    <channel site="[ENC]mncvision.id_0" site_id="6" xmltv_id="CINEMACHI XTRA - [Channel 6]">CINEMACHI XTRA - [Channel 6]</channel>
    <channel site="[ENC]mncvision.id_0" site_id="405" xmltv_id="CINEMACHI XTRA HD - [Channel 405]">CINEMACHI XTRA HD - [Channel 405]</channel>
    <channel site="[ENC]mncvision.id_0" site_id="337" xmltv_id="CNBC - [Channel 337]">CNBC - [Channel 337]</channel>
    <channel site="[ENC]mncvision.id_0" site_id="207" xmltv_id="Crime Investigation - [Channel 207]">Crime Investigation - [Channel 207]</channel>
    <channel site="[ENC]mncvision.id_0" site_id="47" xmltv_id="Dreamworks - [Channel 47]">Dreamworks - [Channel 47]</channel>
    <channel site="[ENC]mncvision.id_0" site_id="357" xmltv_id="DW English - [Channel 357]">DW English - [Channel 357]</channel>
    <channel site="[ENC]mncvision.id_0" site_id="86" xmltv_id="Entertainment - [Channel 86]">Entertainment - [Channel 86]</channel>
    <channel site="[ENC]mncvision.id_0" site_id="333" xmltv_id="EURONEWS - [Channel 333]">EURONEWS - [Channel 333]</channel>
    <channel site="[ENC]mncvision.id_0" site_id="304" xmltv_id="Fight Sports - [Channel 304]">Fight Sports - [Channel 304]</channel>
    <channel site="[ENC]mncvision.id_0" site_id="150" xmltv_id="FMN - [Channel 150]">FMN - [Channel 150]</channel>
    <channel site="[ENC]mncvision.id_0" site_id="335" xmltv_id="FOX News - [Channel 335]">FOX News - [Channel 335]</channel>
    <channel site="[ENC]mncvision.id_0" site_id="352" xmltv_id="France 24 English - [Channel 352]">France 24 English - [Channel 352]</channel>
    <channel site="[ENC]mncvision.id_0" site_id="13" xmltv_id="Galaxy - [Channel 13]">Galaxy - [Channel 13]</channel>
    <channel site="[ENC]mncvision.id_0" site_id="12" xmltv_id="Galaxy Premium - [Channel 12]">Galaxy Premium - [Channel 12]</channel>
    <channel site="[ENC]mncvision.id_0" site_id="201" xmltv_id="Global Trekker - [Channel 201]">Global Trekker - [Channel 201]</channel>
    <channel site="[ENC]mncvision.id_0" site_id="81" xmltv_id="GTV - [Channel 81]">GTV - [Channel 81]</channel>
    <channel site="[ENC]mncvision.id_0" site_id="431" xmltv_id="GTV HD - [Channel 431]">GTV HD - [Channel 431]</channel>
    <channel site="[ENC]mncvision.id_0" site_id="206" xmltv_id="History - [Channel 206]">History - [Channel 206]</channel>
    <channel site="[ENC]mncvision.id_0" site_id="160" xmltv_id="HITS - [Channel 160]">HITS - [Channel 160]</channel>
    <channel site="[ENC]mncvision.id_0" site_id="11" xmltv_id="HITS MOVIES - [Channel 11]">HITS MOVIES - [Channel 11]</channel>
    <channel site="[ENC]mncvision.id_0" site_id="409" xmltv_id="HITS MOVIES HD - [Channel 409]">HITS MOVIES HD - [Channel 409]</channel>
    <channel site="[ENC]mncvision.id_0" site_id="100" xmltv_id="IDX - [Channel 100]">IDX - [Channel 100]</channel>
    <channel site="[ENC]mncvision.id_0" site_id="436" xmltv_id="IDX HD - [Channel 436]">IDX HD - [Channel 436]</channel>
    <channel site="[ENC]mncvision.id_0" site_id="14" xmltv_id="IMC - [Channel 14]">IMC - [Channel 14]</channel>
    <channel site="[ENC]mncvision.id_0" site_id="78" xmltv_id="Indosiar - [Channel 78]">Indosiar - [Channel 78]</channel>
    <channel site="[ENC]mncvision.id_0" site_id="83" xmltv_id="iNews - [Channel 83]">iNews - [Channel 83]</channel>
    <channel site="[ENC]mncvision.id_0" site_id="433" xmltv_id="iNews HD - [Channel 433]">iNews HD - [Channel 433]</channel>
    <channel site="[ENC]mncvision.id_0" site_id="113" xmltv_id="JAKTV - [Channel 113]">JAKTV - [Channel 113]</channel>
    <channel site="[ENC]mncvision.id_0" site_id="46" xmltv_id="Kids TV - [Channel 46]">Kids TV - [Channel 46]</channel>
    <channel site="[ENC]mncvision.id_0" site_id="161" xmltv_id="KIX - [Channel 161]">KIX - [Channel 161]</channel>
    <channel site="[ENC]mncvision.id_0" site_id="106" xmltv_id="Kompas TV - [Channel 106]">Kompas TV - [Channel 106]</channel>
    <channel site="[ENC]mncvision.id_0" site_id="91" xmltv_id="LIFE - [Channel 91]">LIFE - [Channel 91]</channel>
    <channel site="[ENC]mncvision.id_0" site_id="167" xmltv_id="Lifetime - [Channel 167]">Lifetime - [Channel 167]</channel>
    <channel site="[ENC]mncvision.id_0" site_id="204" xmltv_id="Love Nature - [Channel 204]">Love Nature - [Channel 204]</channel>
    <channel site="[ENC]mncvision.id_0" site_id="463" xmltv_id="Love Nature HD - [Channel 463]">Love Nature HD - [Channel 463]</channel>
    <channel site="[ENC]mncvision.id_0" site_id="107" xmltv_id="Metro TV - [Channel 107]">Metro TV - [Channel 107]</channel>
    <channel site="[ENC]mncvision.id_0" site_id="82" xmltv_id="MNCTV - [Channel 82]">MNCTV - [Channel 82]</channel>
    <channel site="[ENC]mncvision.id_0" site_id="432" xmltv_id="MNCTV HD - [Channel 432]">MNCTV HD - [Channel 432]</channel>
    <channel site="[ENC]mncvision.id_0" site_id="149" xmltv_id="MTV 90's - [Channel 149]">MTV 90's - [Channel 149]</channel>
    <channel site="[ENC]mncvision.id_0" site_id="148" xmltv_id="MTV LIVE - [Channel 148]">MTV LIVE - [Channel 148]</channel>
    <channel site="[ENC]mncvision.id_0" site_id="111" xmltv_id="Music TV - [Channel 111]">Music TV - [Channel 111]</channel>
    <channel site="[ENC]mncvision.id_0" site_id="92" xmltv_id="Muslim TV - [Channel 92]">Muslim TV - [Channel 92]</channel>
    <channel site="[ENC]mncvision.id_0" site_id="16" xmltv_id="My Cinema - [Channel 16]">My Cinema - [Channel 16]</channel>
    <channel site="[ENC]mncvision.id_0" site_id="17" xmltv_id="My Cinema Asia - [Channel 17]">My Cinema Asia - [Channel 17]</channel>
    <channel site="[ENC]mncvision.id_0" site_id="15" xmltv_id="My Family - [Channel 15]">My Family - [Channel 15]</channel>
    <channel site="[ENC]mncvision.id_0" site_id="50" xmltv_id="My Kidz - [Channel 50]">My Kidz - [Channel 50]</channel>
    <channel site="[ENC]mncvision.id_0" site_id="116" xmltv_id="NET TV - [Channel 116]">NET TV - [Channel 116]</channel>
    <channel site="[ENC]mncvision.id_0" site_id="355" xmltv_id="NHK World - [Channel 355]">NHK World - [Channel 355]</channel>
    <channel site="[ENC]mncvision.id_0" site_id="354" xmltv_id="NHK World Premium - [Channel 354]">NHK World Premium - [Channel 354]</channel>
    <channel site="[ENC]mncvision.id_0" site_id="472" xmltv_id="Nick Jr. HD - [Channel 472]">Nick Jr. HD - [Channel 472]</channel>
    <channel site="[ENC]mncvision.id_0" site_id="49" xmltv_id="Nickelodeon - [Channel 49]">Nickelodeon - [Channel 49]</channel>
    <channel site="[ENC]mncvision.id_0" site_id="37" xmltv_id="Nickelodeon Jr - [Channel 37]">Nickelodeon Jr - [Channel 37]</channel>
    <channel site="[ENC]mncvision.id_0" site_id="95" xmltv_id="OK TV - [Channel 95]">OK TV - [Channel 95]</channel>
    <channel site="[ENC]mncvision.id_0" site_id="90" xmltv_id="Okezone TV - [Channel 90]">Okezone TV - [Channel 90]</channel>
    <channel site="[ENC]mncvision.id_0" site_id="164" xmltv_id="ONE - [Channel 164]">ONE - [Channel 164]</channel>
    <channel site="[ENC]mncvision.id_0" site_id="445" xmltv_id="ONE HD - [Channel 445]">ONE HD - [Channel 445]</channel>
    <channel site="[ENC]mncvision.id_0" site_id="202" xmltv_id="Outdoor Channel - [Channel 202]">Outdoor Channel - [Channel 202]</channel>
    <channel site="[ENC]mncvision.id_0" site_id="460" xmltv_id="Outdoor channel HD - [Channel 460]">Outdoor channel HD - [Channel 460]</channel>
    <channel site="[ENC]mncvision.id_0" site_id="163" xmltv_id="PARAMOUNT - [Channel 163]">PARAMOUNT - [Channel 163]</channel>
    <channel site="[ENC]mncvision.id_0" site_id="441" xmltv_id="PARAMOUNT HD - [Channel 441]">PARAMOUNT HD - [Channel 441]</channel>
    <channel site="[ENC]mncvision.id_0" site_id="80" xmltv_id="RCTI - [Channel 80]">RCTI - [Channel 80]</channel>
    <channel site="[ENC]mncvision.id_0" site_id="430" xmltv_id="RCTI HD - [Channel 430]">RCTI HD - [Channel 430]</channel>
    <channel site="[ENC]mncvision.id_0" site_id="248" xmltv_id="Rock Action - [Channel 248]">Rock Action - [Channel 248]</channel>
    <channel site="[ENC]mncvision.id_0" site_id="240" xmltv_id="Rock Entertainment - [Channel 240]">Rock Entertainment - [Channel 240]</channel>
    <channel site="[ENC]mncvision.id_0" site_id="89" xmltv_id="SCTV - [Channel 89]">SCTV - [Channel 89]</channel>
    <channel site="[ENC]mncvision.id_0" site_id="336" xmltv_id="SEA TODAY - [Channel 336]">SEA TODAY - [Channel 336]</channel>
    <channel site="[ENC]mncvision.id_0" site_id="84" xmltv_id="Sindo News TV - [Channel 84]">Sindo News TV - [Channel 84]</channel>
    <channel site="[ENC]mncvision.id_0" site_id="434" xmltv_id="Sindo News TV HD - [Channel 434]">Sindo News TV HD - [Channel 434]</channel>
    <channel site="[ENC]mncvision.id_0" site_id="101" xmltv_id="Soccer Channel - [Channel 101]">Soccer Channel - [Channel 101]</channel>
    <channel site="[ENC]mncvision.id_0" site_id="420" xmltv_id="Soccer Channel HD - [Channel 420]">Soccer Channel HD - [Channel 420]</channel>
    <channel site="[ENC]mncvision.id_0" site_id="102" xmltv_id="Sportstars - [Channel 102]">Sportstars - [Channel 102]</channel>
    <channel site="[ENC]mncvision.id_0" site_id="98" xmltv_id="Sportstars 2 - [Channel 98]">Sportstars 2 - [Channel 98]</channel>
    <channel site="[ENC]mncvision.id_0" site_id="422" xmltv_id="Sportstars 2 HD - [Channel 422]">Sportstars 2 HD - [Channel 422]</channel>
    <channel site="[ENC]mncvision.id_0" site_id="99" xmltv_id="Sportstars 3 - [Channel 99]">Sportstars 3 - [Channel 99]</channel>
    <channel site="[ENC]mncvision.id_0" site_id="88" xmltv_id="Sportstars 4 - [Channel 88]">Sportstars 4 - [Channel 88]</channel>
    <channel site="[ENC]mncvision.id_0" site_id="424" xmltv_id="Sportstars 4 HD - [Channel 424]">Sportstars 4 HD - [Channel 424]</channel>
    <channel site="[ENC]mncvision.id_0" site_id="421" xmltv_id="Sportstars HD - [Channel 421]">Sportstars HD - [Channel 421]</channel>
    <channel site="[ENC]mncvision.id_0" site_id="307" xmltv_id="SPOTV - [Channel 307]">SPOTV - [Channel 307]</channel>
    <channel site="[ENC]mncvision.id_0" site_id="308" xmltv_id="SPOTV 2 - [Channel 308]">SPOTV 2 - [Channel 308]</channel>
    <channel site="[ENC]mncvision.id_0" site_id="428" xmltv_id="SPOTV 2 HD - [Channel 428]">SPOTV 2 HD - [Channel 428]</channel>
    <channel site="[ENC]mncvision.id_0" site_id="427" xmltv_id="SPOTV HD - [Channel 427]">SPOTV HD - [Channel 427]</channel>
    <channel site="[ENC]mncvision.id_0" site_id="105" xmltv_id="Tawaf TV - [Channel 105]">Tawaf TV - [Channel 105]</channel>
    <channel site="[ENC]mncvision.id_0" site_id="19" xmltv_id="Thrill - [Channel 19]">Thrill - [Channel 19]</channel>
    <channel site="[ENC]mncvision.id_0" site_id="110" xmltv_id="Trans 7 - [Channel 110]">Trans 7 - [Channel 110]</channel>
    <channel site="[ENC]mncvision.id_0" site_id="87" xmltv_id="Trans TV - [Channel 87]">Trans TV - [Channel 87]</channel>
    <channel site="[ENC]mncvision.id_0" site_id="158" xmltv_id="tvN - [Channel 158]">tvN - [Channel 158]</channel>
    <channel site="[ENC]mncvision.id_0" site_id="446" xmltv_id="tvN HD - [Channel 446]">tvN HD - [Channel 446]</channel>
    <channel site="[ENC]mncvision.id_0" site_id="25" xmltv_id="tvN Movies - [Channel 25]">tvN Movies - [Channel 25]</channel>
    <channel site="[ENC]mncvision.id_0" site_id="415" xmltv_id="tvN Movies HD - [Channel 415]">tvN Movies HD - [Channel 415]</channel>
    <channel site="[ENC]mncvision.id_0" site_id="97" xmltv_id="tvOne - [Channel 97]">tvOne - [Channel 97]</channel>
    <channel site="[ENC]mncvision.id_0" site_id="118" xmltv_id="TVRI - [Channel 118]">TVRI - [Channel 118]</channel>
    <channel site="[ENC]mncvision.id_0" site_id="94" xmltv_id="Vision Prime - [Channel 94]">Vision Prime - [Channel 94]</channel>
    <channel site="[ENC]mncvision.id_0" site_id="1" xmltv_id="Vision Prime HD - [Channel 1]">Vision Prime HD - [Channel 1]</channel>
    <channel site="[ENC]mncvision.id_0" site_id="23" xmltv_id="Zee Bioskop - [Channel 23]">Zee Bioskop - [Channel 23]</channel>
    <channel site="[ENC]mncvision.id_0" site_id="39" xmltv_id="Zoomoo - [Channel 39]">Zoomoo - [Channel 39]</channel>
  </channels>
</site>