<?xml version="1.0" encoding="UTF-8"?>
<site generator-info-name="Tempest EPG Generator (made by Kvanc)" generator-info-url="https://github.com/K-vanc/Tempest-EPG-Generator.git" site="[ENC]mncvision.id_0">
  <channels>
    <channel site="[ENC]mncvision.id_0" site_id="350" xmltv_id=""></channel>
    <channel site="[ENC]mncvision.id_0" site_id="331" xmltv_id=""></channel>
    <channel site="[ENC]mncvision.id_0" site_id="93" xmltv_id=""></channel>
    <channel site="[ENC]mncvision.id_0" site_id="203" xmltv_id=""></channel>
    <channel site="[ENC]mncvision.id_0" site_id="157" xmltv_id=""></channel>
    <channel site="[ENC]mncvision.id_0" site_id="115" xmltv_id=""></channel>
    <channel site="[ENC]mncvision.id_0" site_id="351" xmltv_id=""></channel>
    <channel site="[ENC]mncvision.id_0" site_id="240" xmltv_id=""></channel>
    <channel site="[ENC]mncvision.id_0" site_id="450" xmltv_id=""></channel>
    <channel site="[ENC]mncvision.id_0" site_id="154" xmltv_id=""></channel>
    <channel site="[ENC]mncvision.id_0" site_id="438" xmltv_id=""></channel>
    <channel site="[ENC]mncvision.id_0" site_id="40" xmltv_id=""></channel>
    <channel site="[ENC]mncvision.id_0" site_id="200" xmltv_id=""></channel>
    <channel site="[ENC]mncvision.id_0" site_id="461" xmltv_id=""></channel>
    <channel site="[ENC]mncvision.id_0" site_id="332" xmltv_id=""></channel>
    <channel site="[ENC]mncvision.id_0" site_id="305" xmltv_id=""></channel>
    <channel site="[ENC]mncvision.id_0" site_id="425" xmltv_id=""></channel>
    <channel site="[ENC]mncvision.id_0" site_id="306" xmltv_id=""></channel>
    <channel site="[ENC]mncvision.id_0" site_id="426" xmltv_id=""></channel>
    <channel site="[ENC]mncvision.id_0" site_id="103" xmltv_id=""></channel>
    <channel site="[ENC]mncvision.id_0" site_id="112" xmltv_id=""></channel>
    <channel site="[ENC]mncvision.id_0" site_id="338" xmltv_id=""></channel>
    <channel site="[ENC]mncvision.id_0" site_id="39" xmltv_id=""></channel>
    <channel site="[ENC]mncvision.id_0" site_id="47" xmltv_id=""></channel>
    <channel site="[ENC]mncvision.id_0" site_id="473" xmltv_id=""></channel>
    <channel site="[ENC]mncvision.id_0" site_id="41" xmltv_id=""></channel>
    <channel site="[ENC]mncvision.id_0" site_id="22" xmltv_id=""></channel>
    <channel site="[ENC]mncvision.id_0" site_id="20" xmltv_id=""></channel>
    <channel site="[ENC]mncvision.id_0" site_id="353" xmltv_id=""></channel>
    <channel site="[ENC]mncvision.id_0" site_id="205" xmltv_id=""></channel>
    <channel site="[ENC]mncvision.id_0" site_id="330" xmltv_id=""></channel>
    <channel site="[ENC]mncvision.id_0" site_id="8" xmltv_id=""></channel>
    <channel site="[ENC]mncvision.id_0" site_id="402" xmltv_id=""></channel>
    <channel site="[ENC]mncvision.id_0" site_id="337" xmltv_id=""></channel>
    <channel site="[ENC]mncvision.id_0" site_id="333" xmltv_id=""></channel>
    <channel site="[ENC]mncvision.id_0" site_id="207" xmltv_id=""></channel>
    <channel site="[ENC]mncvision.id_0" site_id="201" xmltv_id=""></channel>
    <channel site="[ENC]mncvision.id_0" site_id="462" xmltv_id=""></channel>
    <channel site="[ENC]mncvision.id_0" site_id="357" xmltv_id=""></channel>
    <channel site="[ENC]mncvision.id_0" site_id="86" xmltv_id=""></channel>
    <channel site="[ENC]mncvision.id_0" site_id="304" xmltv_id=""></channel>
    <channel site="[ENC]mncvision.id_0" site_id="150" xmltv_id=""></channel>
    <channel site="[ENC]mncvision.id_0" site_id="335" xmltv_id=""></channel>
    <channel site="[ENC]mncvision.id_0" site_id="352" xmltv_id=""></channel>
    <channel site="[ENC]mncvision.id_0" site_id="13" xmltv_id=""></channel>
    <channel site="[ENC]mncvision.id_0" site_id="12" xmltv_id=""></channel>
    <channel site="[ENC]mncvision.id_0" site_id="81" xmltv_id=""></channel>
    <channel site="[ENC]mncvision.id_0" site_id="431" xmltv_id=""></channel>
    <channel site="[ENC]mncvision.id_0" site_id="7" xmltv_id=""></channel>
    <channel site="[ENC]mncvision.id_0" site_id="9" xmltv_id=""></channel>
    <channel site="[ENC]mncvision.id_0" site_id="403" xmltv_id=""></channel>
    <channel site="[ENC]mncvision.id_0" site_id="401" xmltv_id=""></channel>
    <channel site="[ENC]mncvision.id_0" site_id="10" xmltv_id=""></channel>
    <channel site="[ENC]mncvision.id_0" site_id="404" xmltv_id=""></channel>
    <channel site="[ENC]mncvision.id_0" site_id="6" xmltv_id=""></channel>
    <channel site="[ENC]mncvision.id_0" site_id="405" xmltv_id=""></channel>
    <channel site="[ENC]mncvision.id_0" site_id="245" xmltv_id=""></channel>
    <channel site="[ENC]mncvision.id_0" site_id="451" xmltv_id=""></channel>
    <channel site="[ENC]mncvision.id_0" site_id="206" xmltv_id=""></channel>
    <channel site="[ENC]mncvision.id_0" site_id="160" xmltv_id=""></channel>
    <channel site="[ENC]mncvision.id_0" site_id="11" xmltv_id=""></channel>
    <channel site="[ENC]mncvision.id_0" site_id="409" xmltv_id=""></channel>
    <channel site="[ENC]mncvision.id_0" site_id="100" xmltv_id=""></channel>
    <channel site="[ENC]mncvision.id_0" site_id="14" xmltv_id=""></channel>
    <channel site="[ENC]mncvision.id_0" site_id="78" xmltv_id=""></channel>
    <channel site="[ENC]mncvision.id_0" site_id="83" xmltv_id=""></channel>
    <channel site="[ENC]mncvision.id_0" site_id="433" xmltv_id=""></channel>
    <channel site="[ENC]mncvision.id_0" site_id="96" xmltv_id=""></channel>
    <channel site="[ENC]mncvision.id_0" site_id="113" xmltv_id=""></channel>
    <channel site="[ENC]mncvision.id_0" site_id="46" xmltv_id=""></channel>
    <channel site="[ENC]mncvision.id_0" site_id="161" xmltv_id=""></channel>
    <channel site="[ENC]mncvision.id_0" site_id="106" xmltv_id=""></channel>
    <channel site="[ENC]mncvision.id_0" site_id="91" xmltv_id=""></channel>
    <channel site="[ENC]mncvision.id_0" site_id="90" xmltv_id=""></channel>
    <channel site="[ENC]mncvision.id_0" site_id="167" xmltv_id=""></channel>
    <channel site="[ENC]mncvision.id_0" site_id="107" xmltv_id=""></channel>
    <channel site="[ENC]mncvision.id_0" site_id="38" xmltv_id=""></channel>
    <channel site="[ENC]mncvision.id_0" site_id="84" xmltv_id=""></channel>
    <channel site="[ENC]mncvision.id_0" site_id="102" xmltv_id=""></channel>
    <channel site="[ENC]mncvision.id_0" site_id="98" xmltv_id=""></channel>
    <channel site="[ENC]mncvision.id_0" site_id="422" xmltv_id=""></channel>
    <channel site="[ENC]mncvision.id_0" site_id="99" xmltv_id=""></channel>
    <channel site="[ENC]mncvision.id_0" site_id="82" xmltv_id=""></channel>
    <channel site="[ENC]mncvision.id_0" site_id="432" xmltv_id=""></channel>
    <channel site="[ENC]mncvision.id_0" site_id="88" xmltv_id=""></channel>
    <channel site="[ENC]mncvision.id_0" site_id="79" xmltv_id=""></channel>
    <channel site="[ENC]mncvision.id_0" site_id="111" xmltv_id=""></channel>
    <channel site="[ENC]mncvision.id_0" site_id="92" xmltv_id=""></channel>
    <channel site="[ENC]mncvision.id_0" site_id="463" xmltv_id=""></channel>
    <channel site="[ENC]mncvision.id_0" site_id="202" xmltv_id=""></channel>
    <channel site="[ENC]mncvision.id_0" site_id="460" xmltv_id=""></channel>
    <channel site="[ENC]mncvision.id_0" site_id="204" xmltv_id=""></channel>
    <channel site="[ENC]mncvision.id_0" site_id="116" xmltv_id=""></channel>
    <channel site="[ENC]mncvision.id_0" site_id="355" xmltv_id=""></channel>
    <channel site="[ENC]mncvision.id_0" site_id="354" xmltv_id=""></channel>
    <channel site="[ENC]mncvision.id_0" site_id="472" xmltv_id=""></channel>
    <channel site="[ENC]mncvision.id_0" site_id="49" xmltv_id=""></channel>
    <channel site="[ENC]mncvision.id_0" site_id="37" xmltv_id=""></channel>
    <channel site="[ENC]mncvision.id_0" site_id="95" xmltv_id=""></channel>
    <channel site="[ENC]mncvision.id_0" site_id="164" xmltv_id=""></channel>
    <channel site="[ENC]mncvision.id_0" site_id="445" xmltv_id=""></channel>
    <channel site="[ENC]mncvision.id_0" site_id="80" xmltv_id=""></channel>
    <channel site="[ENC]mncvision.id_0" site_id="430" xmltv_id=""></channel>
    <channel site="[ENC]mncvision.id_0" site_id="89" xmltv_id=""></channel>
    <channel site="[ENC]mncvision.id_0" site_id="336" xmltv_id=""></channel>
    <channel site="[ENC]mncvision.id_0" site_id="101" xmltv_id=""></channel>
    <channel site="[ENC]mncvision.id_0" site_id="420" xmltv_id=""></channel>
    <channel site="[ENC]mncvision.id_0" site_id="307" xmltv_id=""></channel>
    <channel site="[ENC]mncvision.id_0" site_id="308" xmltv_id=""></channel>
    <channel site="[ENC]mncvision.id_0" site_id="428" xmltv_id=""></channel>
    <channel site="[ENC]mncvision.id_0" site_id="427" xmltv_id=""></channel>
    <channel site="[ENC]mncvision.id_0" site_id="105" xmltv_id=""></channel>
    <channel site="[ENC]mncvision.id_0" site_id="19" xmltv_id=""></channel>
    <channel site="[ENC]mncvision.id_0" site_id="248" xmltv_id=""></channel>
    <channel site="[ENC]mncvision.id_0" site_id="110" xmltv_id=""></channel>
    <channel site="[ENC]mncvision.id_0" site_id="87" xmltv_id=""></channel>
    <channel site="[ENC]mncvision.id_0" site_id="158" xmltv_id=""></channel>
    <channel site="[ENC]mncvision.id_0" site_id="446" xmltv_id=""></channel>
    <channel site="[ENC]mncvision.id_0" site_id="25" xmltv_id=""></channel>
    <channel site="[ENC]mncvision.id_0" site_id="415" xmltv_id=""></channel>
    <channel site="[ENC]mncvision.id_0" site_id="97" xmltv_id=""></channel>
    <channel site="[ENC]mncvision.id_0" site_id="118" xmltv_id=""></channel>
    <channel site="[ENC]mncvision.id_0" site_id="94" xmltv_id=""></channel>
    <channel site="[ENC]mncvision.id_0" site_id="1" xmltv_id=""></channel>
    <channel site="[ENC]mncvision.id_0" site_id="163" xmltv_id=""></channel>
    <channel site="[ENC]mncvision.id_0" site_id="441" xmltv_id=""></channel>
    <channel site="[ENC]mncvision.id_0" site_id="23" xmltv_id=""></channel>
  </channels>
</site>