<?xml version="1.0" encoding="UTF-8"?>
<site generator-info-name="Tempest EPG Generator (made by Kvanc)" generator-info-url="https://github.com/K-vanc/Tempest-EPG-Generator.git" site="[ENC]transvision.co.id_0">
  <channels>
    <channel site="[ENC]transvision.co.id_0" site_id="TRIS" xmltv_id="!nsert">!nsert</channel>
    <channel site="[ENC]transvision.co.id_0" site_id="AUSK" xmltv_id="ABC Australia">ABC Australia</channel>
    <channel site="[ENC]transvision.co.id_0" site_id="AFCK" xmltv_id="AFN HD">AFN HD</channel>
    <channel site="[ENC]transvision.co.id_0" site_id="ALZA" xmltv_id="Al Jazeera">Al Jazeera</channel>
    <channel site="[ENC]transvision.co.id_0" site_id="AQAK" xmltv_id="Al Quran Al Kareem">Al Quran Al Kareem</channel>
    <channel site="[ENC]transvision.co.id_0" site_id="ANI" xmltv_id="Animax">Animax</channel>
    <channel site="[ENC]transvision.co.id_0" site_id="ANIP" xmltv_id="AniPlus">AniPlus</channel>
    <channel site="[ENC]transvision.co.id_0" site_id="ANTV" xmltv_id="ANTV">ANTV</channel>
    <channel site="[ENC]transvision.co.id_0" site_id="ARI" xmltv_id="Arirang">Arirang</channel>
    <channel site="[ENC]transvision.co.id_0" site_id="AXN" xmltv_id="AXN HD">AXN HD</channel>
    <channel site="[ENC]transvision.co.id_0" site_id="BBF" xmltv_id="Baby First">Baby First</channel>
    <channel site="[ENC]transvision.co.id_0" site_id="BST" xmltv_id="BeritaSatu">BeritaSatu</channel>
    <channel site="[ENC]transvision.co.id_0" site_id="TRBI" xmltv_id="Bioskop Indonesia">Bioskop Indonesia</channel>
    <channel site="[ENC]transvision.co.id_0" site_id="BLO" xmltv_id="Bloomberg TV">Bloomberg TV</channel>
    <channel site="[ENC]transvision.co.id_0" site_id="BOOM" xmltv_id="Boomerang HD">Boomerang HD</channel>
    <channel site="[ENC]transvision.co.id_0" site_id="CAR" xmltv_id="Cartoon Network HD">Cartoon Network HD</channel>
    <channel site="[ENC]transvision.co.id_0" site_id="CCTV" xmltv_id="CCTV 4">CCTV 4</channel>
    <channel site="[ENC]transvision.co.id_0" site_id="CELE" xmltv_id="Celestial Movies">Celestial Movies</channel>
    <channel site="[ENC]transvision.co.id_0" site_id="CCNE" xmltv_id="CGTN">CGTN</channel>
    <channel site="[ENC]transvision.co.id_0" site_id="CC9" xmltv_id="CGTN Documentary">CGTN Documentary</channel>
    <channel site="[ENC]transvision.co.id_0" site_id="NAC" xmltv_id="Channel NewsAsia">Channel NewsAsia</channel>
    <channel site="[ENC]transvision.co.id_0" site_id="CIWO" xmltv_id="Cinema World HD">Cinema World HD</channel>
    <channel site="[ENC]transvision.co.id_0" site_id="CMX" xmltv_id="CINEMAX HD">CINEMAX HD</channel>
    <channel site="[ENC]transvision.co.id_0" site_id="CNBC" xmltv_id="CNBC Asia">CNBC Asia</channel>
    <channel site="[ENC]transvision.co.id_0" site_id="CNI" xmltv_id="CNN Indonesia HD">CNN Indonesia HD</channel>
    <channel site="[ENC]transvision.co.id_0" site_id="CNN" xmltv_id="CNN International HD">CNN International HD</channel>
    <channel site="[ENC]transvision.co.id_0" site_id="CI" xmltv_id="Crime &amp; Investigation HD">Crime &amp; Investigation HD</channel>
    <channel site="[ENC]transvision.co.id_0" site_id="DVL" xmltv_id="Da Vinci">Da Vinci</channel>
    <channel site="[ENC]transvision.co.id_0" site_id="DAAI" xmltv_id="DAAI TV">DAAI TV</channel>
    <channel site="[ENC]transvision.co.id_0" site_id="DUCK" xmltv_id="Duck TV">Duck TV</channel>
    <channel site="[ENC]transvision.co.id_0" site_id="AND" xmltv_id="Dunia Anak">Dunia Anak</channel>
    <channel site="[ENC]transvision.co.id_0" site_id="TRDU" xmltv_id="Dunia Lain">Dunia Lain</channel>
    <channel site="[ENC]transvision.co.id_0" site_id="DWT" xmltv_id="DW">DW</channel>
    <channel site="[ENC]transvision.co.id_0" site_id="TREA" xmltv_id="Eat N Go">Eat N Go</channel>
    <channel site="[ENC]transvision.co.id_0" site_id="EURO" xmltv_id="Euronews">Euronews</channel>
    <channel site="[ENC]transvision.co.id_0" site_id="F1KU" xmltv_id="Fashion One HD">Fashion One HD</channel>
    <channel site="[ENC]transvision.co.id_0" site_id="FTV" xmltv_id="Fashion TV HD">Fashion TV HD</channel>
    <channel site="[ENC]transvision.co.id_0" site_id="FSP" xmltv_id="Fight Sports HD">Fight Sports HD</channel>
    <channel site="[ENC]transvision.co.id_0" site_id="FRC" xmltv_id="France 24">France 24</channel>
    <channel site="[ENC]transvision.co.id_0" site_id="GEM" xmltv_id="GEM HD">GEM HD</channel>
    <channel site="[ENC]transvision.co.id_0" site_id="GLO" xmltv_id="GLOBAL TV">GLOBAL TV</channel>
    <channel site="[ENC]transvision.co.id_0" site_id="HBF" xmltv_id="HBO Family HD">HBO Family HD</channel>
    <channel site="[ENC]transvision.co.id_0" site_id="HBO" xmltv_id="HBO HD">HBO HD</channel>
    <channel site="[ENC]transvision.co.id_0" site_id="HBH" xmltv_id="HBO Hits HD">HBO Hits HD</channel>
    <channel site="[ENC]transvision.co.id_0" site_id="HBOS" xmltv_id="HBO Signature HD">HBO Signature HD</channel>
    <channel site="[ENC]transvision.co.id_0" site_id="HIS" xmltv_id="History HD">History HD</channel>
    <channel site="[ENC]transvision.co.id_0" site_id="TORY" xmltv_id="HISTORY2 HD">HISTORY2 HD</channel>
    <channel site="[ENC]transvision.co.id_0" site_id="IDS" xmltv_id="Indosiar">Indosiar</channel>
    <channel site="[ENC]transvision.co.id_0" site_id="JAK" xmltv_id="JakTV">JakTV</channel>
    <channel site="[ENC]transvision.co.id_0" site_id="JDL" xmltv_id="Jendela">Jendela</channel>
    <channel site="[ENC]transvision.co.id_0" site_id="KBS" xmltv_id="KBS World HD">KBS World HD</channel>
    <channel site="[ENC]transvision.co.id_0" site_id="TRKH" xmltv_id="Khazanah">Khazanah</channel>
    <channel site="[ENC]transvision.co.id_0" site_id="KIX" xmltv_id="KIX HD">KIX HD</channel>
    <channel site="[ENC]transvision.co.id_0" site_id="KOM" xmltv_id="Kompas TV">Kompas TV</channel>
    <channel site="[ENC]transvision.co.id_0" site_id="LIFT" xmltv_id="Lifetime HD">Lifetime HD</channel>
    <channel site="[ENC]transvision.co.id_0" site_id="LIN" xmltv_id="Lingua Channel HD">Lingua Channel HD</channel>
    <channel site="[ENC]transvision.co.id_0" site_id="MET" xmltv_id="Metro TV">Metro TV</channel>
    <channel site="[ENC]transvision.co.id_0" site_id="MNC" xmltv_id="MNCTV">MNCTV</channel>
    <channel site="[ENC]transvision.co.id_0" site_id="MTLU" xmltv_id="MTV Live">MTV Live</channel>
    <channel site="[ENC]transvision.co.id_0" site_id="NHP" xmltv_id="NHK World Premium">NHK World Premium</channel>
    <channel site="[ENC]transvision.co.id_0" site_id="NCJ" xmltv_id="Nick Jr.">Nick Jr.</channel>
    <channel site="[ENC]transvision.co.id_0" site_id="NCK" xmltv_id="Nickelodeon">Nickelodeon</channel>
    <channel site="[ENC]transvision.co.id_0" site_id="ONE" xmltv_id="ONE HD">ONE HD</channel>
    <channel site="[ENC]transvision.co.id_0" site_id="RCTI" xmltv_id="RCTI">RCTI</channel>
    <channel site="[ENC]transvision.co.id_0" site_id="RTLK" xmltv_id="Rock Entertainment HD">Rock Entertainment HD</channel>
    <channel site="[ENC]transvision.co.id_0" site_id="BCH" xmltv_id="rtv">rtv</channel>
    <channel site="[ENC]transvision.co.id_0" site_id="RUSK" xmltv_id="Russia Today">Russia Today</channel>
    <channel site="[ENC]transvision.co.id_0" site_id="SCTV" xmltv_id="SCTV">SCTV</channel>
    <channel site="[ENC]transvision.co.id_0" site_id="ALG" xmltv_id="T-Music">T-Music</channel>
    <channel site="[ENC]transvision.co.id_0" site_id="THR" xmltv_id="Thrill">Thrill</channel>
    <channel site="[ENC]transvision.co.id_0" site_id="TR7" xmltv_id="Trans7 HD">Trans7 HD</channel>
    <channel site="[ENC]transvision.co.id_0" site_id="TRTV" xmltv_id="TransTV HD">TransTV HD</channel>
    <channel site="[ENC]transvision.co.id_0" site_id="TMO" xmltv_id="TV 5 Monde">TV 5 Monde</channel>
    <channel site="[ENC]transvision.co.id_0" site_id="TVN" xmltv_id="tvN HD">tvN HD</channel>
    <channel site="[ENC]transvision.co.id_0" site_id="TV1" xmltv_id="tvOne">tvOne</channel>
    <channel site="[ENC]transvision.co.id_0" site_id="TVRI" xmltv_id="TVRI">TVRI</channel>
    <channel site="[ENC]transvision.co.id_0" site_id="WAR" xmltv_id="Warner TV HD">Warner TV HD</channel>
    <channel site="[ENC]transvision.co.id_0" site_id="ZBIO" xmltv_id="Zee Bioskop">Zee Bioskop</channel>
  </channels>
</site>