<?xml version="1.0" encoding="UTF-8"?>
<site generator-info-name="Tempest EPG Generator (made by Kvanc)" generator-info-url="https://github.com/K-vanc/Tempest-EPG-Generator.git" site="[ENC]firstmedia.com_0">
  <channels>
    <channel site="[ENC]firstmedia.com_0" site_id="1" xmltv_id="Berita Satu">Berita Satu</channel>
    <channel site="[ENC]firstmedia.com_0" site_id="2" xmltv_id="Jakarta Globe News Channel">Jakarta Globe News Channel</channel>
    <channel site="[ENC]firstmedia.com_0" site_id="3" xmltv_id="FIRST LIFESTYLE">FIRST LIFESTYLE</channel>
    <channel site="[ENC]firstmedia.com_0" site_id="5" xmltv_id="NET.">NET.</channel>
    <channel site="[ENC]firstmedia.com_0" site_id="7" xmltv_id="Metro TV">Metro TV</channel>
    <channel site="[ENC]firstmedia.com_0" site_id="8" xmltv_id="TRANS 7">TRANS 7</channel>
    <channel site="[ENC]firstmedia.com_0" site_id="9" xmltv_id="TRANS TV">TRANS TV</channel>
    <channel site="[ENC]firstmedia.com_0" site_id="10" xmltv_id="SCTV">SCTV</channel>
    <channel site="[ENC]firstmedia.com_0" site_id="11" xmltv_id="Indosiar">Indosiar</channel>
    <channel site="[ENC]firstmedia.com_0" site_id="13" xmltv_id="ANTV">ANTV</channel>
    <channel site="[ENC]firstmedia.com_0" site_id="14" xmltv_id="TV One">TV One</channel>
    <channel site="[ENC]firstmedia.com_0" site_id="15" xmltv_id="Kompas TV">Kompas TV</channel>
    <channel site="[ENC]firstmedia.com_0" site_id="16" xmltv_id="TVRI Nasional">TVRI Nasional</channel>
    <channel site="[ENC]firstmedia.com_0" site_id="17" xmltv_id="Jawa Pos Media Televisi - JTV">Jawa Pos Media Televisi - JTV</channel>
    <channel site="[ENC]firstmedia.com_0" site_id="19" xmltv_id="Berita Satu World">Berita Satu World</channel>
    <channel site="[ENC]firstmedia.com_0" site_id="21" xmltv_id="Reformed 21">Reformed 21</channel>
    <channel site="[ENC]firstmedia.com_0" site_id="23" xmltv_id="Kairos">Kairos</channel>
    <channel site="[ENC]firstmedia.com_0" site_id="24" xmltv_id="Sekolah Pelita Harapan Channel - SPH">Sekolah Pelita Harapan Channel - SPH</channel>
    <channel site="[ENC]firstmedia.com_0" site_id="25" xmltv_id="Liga Mahasiswa">Liga Mahasiswa</channel>
    <channel site="[ENC]firstmedia.com_0" site_id="26" xmltv_id="O Channel">O Channel</channel>
    <channel site="[ENC]firstmedia.com_0" site_id="27" xmltv_id="DAAI TV">DAAI TV</channel>
    <channel site="[ENC]firstmedia.com_0" site_id="29" xmltv_id="Eternal Word Television Network (EWTN))">Eternal Word Television Network (EWTN))</channel>
    <channel site="[ENC]firstmedia.com_0" site_id="30" xmltv_id="Karaoke">Karaoke</channel>
    <channel site="[ENC]firstmedia.com_0" site_id="33" xmltv_id="Balai Kota Channel">Balai Kota Channel</channel>
    <channel site="[ENC]firstmedia.com_0" site_id="34" xmltv_id="Balai Kota Bandung">Balai Kota Bandung</channel>
    <channel site="[ENC]firstmedia.com_0" site_id="35" xmltv_id="Rajawali TV">Rajawali TV</channel>
    <channel site="[ENC]firstmedia.com_0" site_id="36" xmltv_id="Metro Globe Network - MGN">Metro Globe Network - MGN</channel>
    <channel site="[ENC]firstmedia.com_0" site_id="37" xmltv_id="MNC News">MNC News</channel>
    <channel site="[ENC]firstmedia.com_0" site_id="44" xmltv_id="TV9">TV9</channel>
    <channel site="[ENC]firstmedia.com_0" site_id="45" xmltv_id="Garuda TV">Garuda TV</channel>
    <channel site="[ENC]firstmedia.com_0" site_id="47" xmltv_id="Al Quran Al Kareem">Al Quran Al Kareem</channel>
    <channel site="[ENC]firstmedia.com_0" site_id="48" xmltv_id="Sunnah TV">Sunnah TV</channel>
    <channel site="[ENC]firstmedia.com_0" site_id="50" xmltv_id="West Java Network">West Java Network</channel>
    <channel site="[ENC]firstmedia.com_0" site_id="51" xmltv_id="AXN">AXN</channel>
    <channel site="[ENC]firstmedia.com_0" site_id="52" xmltv_id="Animax">Animax</channel>
    <channel site="[ENC]firstmedia.com_0" site_id="53" xmltv_id="GTV">GTV</channel>
    <channel site="[ENC]firstmedia.com_0" site_id="57" xmltv_id="Rock Extreme">Rock Extreme</channel>
    <channel site="[ENC]firstmedia.com_0" site_id="60" xmltv_id="Euronews">Euronews</channel>
    <channel site="[ENC]firstmedia.com_0" site_id="61" xmltv_id="TBN Asia">TBN Asia</channel>
    <channel site="[ENC]firstmedia.com_0" site_id="62" xmltv_id="Jakarta TV - Jak TV">Jakarta TV - Jak TV</channel>
    <channel site="[ENC]firstmedia.com_0" site_id="65" xmltv_id="iNews">iNews</channel>
    <channel site="[ENC]firstmedia.com_0" site_id="72" xmltv_id="The Learning Channel - TLC">The Learning Channel - TLC</channel>
    <channel site="[ENC]firstmedia.com_0" site_id="76" xmltv_id="Asian Food Network">Asian Food Network</channel>
    <channel site="[ENC]firstmedia.com_0" site_id="80" xmltv_id="IMC">IMC</channel>
    <channel site="[ENC]firstmedia.com_0" site_id="81" xmltv_id="Fashion TV">Fashion TV</channel>
    <channel site="[ENC]firstmedia.com_0" site_id="86" xmltv_id="GMS Channel">GMS Channel</channel>
    <channel site="[ENC]firstmedia.com_0" site_id="87" xmltv_id="Shine">Shine</channel>
    <channel site="[ENC]firstmedia.com_0" site_id="88" xmltv_id="Light">Light</channel>
    <channel site="[ENC]firstmedia.com_0" site_id="89" xmltv_id="Praise">Praise</channel>
    <channel site="[ENC]firstmedia.com_0" site_id="101" xmltv_id="Discovery Channel">Discovery Channel</channel>
    <channel site="[ENC]firstmedia.com_0" site_id="105" xmltv_id="Animal Planet">Animal Planet</channel>
    <channel site="[ENC]firstmedia.com_0" site_id="110" xmltv_id="National Geographic Channel">National Geographic Channel</channel>
    <channel site="[ENC]firstmedia.com_0" site_id="111" xmltv_id="National Geographic Wild">National Geographic Wild</channel>
    <channel site="[ENC]firstmedia.com_0" site_id="124" xmltv_id="Nick jr.">Nick jr.</channel>
    <channel site="[ENC]firstmedia.com_0" site_id="125" xmltv_id="Nickelodeon">Nickelodeon</channel>
    <channel site="[ENC]firstmedia.com_0" site_id="127" xmltv_id="Cartoon Network">Cartoon Network</channel>
    <channel site="[ENC]firstmedia.com_0" site_id="140" xmltv_id="SPOTV 2">SPOTV 2</channel>
    <channel site="[ENC]firstmedia.com_0" site_id="142" xmltv_id="Champions TV 2">Champions TV 2</channel>
    <channel site="[ENC]firstmedia.com_0" site_id="143" xmltv_id="Champions TV 3">Champions TV 3</channel>
    <channel site="[ENC]firstmedia.com_0" site_id="145" xmltv_id="First Football">First Football</channel>
    <channel site="[ENC]firstmedia.com_0" site_id="151" xmltv_id="Eurosport">Eurosport</channel>
    <channel site="[ENC]firstmedia.com_0" site_id="156" xmltv_id="Premier Sports">Premier Sports</channel>
    <channel site="[ENC]firstmedia.com_0" site_id="160" xmltv_id="Star Gold">Star Gold</channel>
    <channel site="[ENC]firstmedia.com_0" site_id="171" xmltv_id="Star Plus">Star Plus</channel>
    <channel site="[ENC]firstmedia.com_0" site_id="172" xmltv_id="ZEE TV">ZEE TV</channel>
    <channel site="[ENC]firstmedia.com_0" site_id="175" xmltv_id="Zee Cinema">Zee Cinema</channel>
    <channel site="[ENC]firstmedia.com_0" site_id="176" xmltv_id="Wion">Wion</channel>
    <channel site="[ENC]firstmedia.com_0" site_id="177" xmltv_id="Zee Bollywood">Zee Bollywood</channel>
    <channel site="[ENC]firstmedia.com_0" site_id="178" xmltv_id="Zee Action">Zee Action</channel>
    <channel site="[ENC]firstmedia.com_0" site_id="201" xmltv_id="TVB Xing He">TVB Xing He</channel>
    <channel site="[ENC]firstmedia.com_0" site_id="202" xmltv_id="Phoenix Info News">Phoenix Info News</channel>
    <channel site="[ENC]firstmedia.com_0" site_id="203" xmltv_id="Phoenix Chinese Channel">Phoenix Chinese Channel</channel>
    <channel site="[ENC]firstmedia.com_0" site_id="204" xmltv_id="Celestial Movie">Celestial Movie</channel>
    <channel site="[ENC]firstmedia.com_0" site_id="205" xmltv_id="ONE">ONE</channel>
    <channel site="[ENC]firstmedia.com_0" site_id="208" xmltv_id="Zhejiang TV">Zhejiang TV</channel>
    <channel site="[ENC]firstmedia.com_0" site_id="209" xmltv_id="CCTV 4">CCTV 4</channel>
    <channel site="[ENC]firstmedia.com_0" site_id="210" xmltv_id="CGTN">CGTN</channel>
    <channel site="[ENC]firstmedia.com_0" site_id="211" xmltv_id="TVBS Asia">TVBS Asia</channel>
    <channel site="[ENC]firstmedia.com_0" site_id="212" xmltv_id="TVBS News">TVBS News</channel>
    <channel site="[ENC]firstmedia.com_0" site_id="218" xmltv_id="Shenzen TV">Shenzen TV</channel>
    <channel site="[ENC]firstmedia.com_0" site_id="220" xmltv_id="MTV Asia">MTV Asia</channel>
    <channel site="[ENC]firstmedia.com_0" site_id="232" xmltv_id="DW Deutsch">DW Deutsch</channel>
    <channel site="[ENC]firstmedia.com_0" site_id="233" xmltv_id="DW English">DW English</channel>
    <channel site="[ENC]firstmedia.com_0" site_id="234" xmltv_id="Arirang">Arirang</channel>
    <channel site="[ENC]firstmedia.com_0" site_id="235" xmltv_id="BBC World News">BBC World News</channel>
    <channel site="[ENC]firstmedia.com_0" site_id="236" xmltv_id="CNN International">CNN International</channel>
    <channel site="[ENC]firstmedia.com_0" site_id="237" xmltv_id="Fox News">Fox News</channel>
    <channel site="[ENC]firstmedia.com_0" site_id="238" xmltv_id="Russia Today">Russia Today</channel>
    <channel site="[ENC]firstmedia.com_0" site_id="239" xmltv_id="Bloomberg">Bloomberg</channel>
    <channel site="[ENC]firstmedia.com_0" site_id="240" xmltv_id="TRT World">TRT World</channel>
    <channel site="[ENC]firstmedia.com_0" site_id="242" xmltv_id="Channel News Asia">Channel News Asia</channel>
    <channel site="[ENC]firstmedia.com_0" site_id="243" xmltv_id="Al Jazeera International">Al Jazeera International</channel>
    <channel site="[ENC]firstmedia.com_0" site_id="244" xmltv_id="KBS World">KBS World</channel>
    <channel site="[ENC]firstmedia.com_0" site_id="245" xmltv_id="Al Jazeera Arabic">Al Jazeera Arabic</channel>
    <channel site="[ENC]firstmedia.com_0" site_id="246" xmltv_id="France 24">France 24</channel>
    <channel site="[ENC]firstmedia.com_0" site_id="247" xmltv_id="NHK World Premium">NHK World Premium</channel>
    <channel site="[ENC]firstmedia.com_0" site_id="251" xmltv_id="ABC Australia">ABC Australia</channel>
    <channel site="[ENC]firstmedia.com_0" site_id="254" xmltv_id="GEM">GEM</channel>
    <channel site="[ENC]firstmedia.com_0" site_id="258" xmltv_id="Rai Italia">Rai Italia</channel>
    <channel site="[ENC]firstmedia.com_0" site_id="260" xmltv_id="TV5 Monde">TV5 Monde</channel>
    <channel site="[ENC]firstmedia.com_0" site_id="285" xmltv_id="HBO">HBO</channel>
    <channel site="[ENC]firstmedia.com_0" site_id="286" xmltv_id="HBO Signature">HBO Signature</channel>
    <channel site="[ENC]firstmedia.com_0" site_id="287" xmltv_id="HBO Hits">HBO Hits</channel>
    <channel site="[ENC]firstmedia.com_0" site_id="288" xmltv_id="HBO Family">HBO Family</channel>
    <channel site="[ENC]firstmedia.com_0" site_id="290" xmltv_id="Cinemax">Cinemax</channel>
    <channel site="[ENC]firstmedia.com_0" site_id="300" xmltv_id="First Atmos HD">First Atmos HD</channel>
    <channel site="[ENC]firstmedia.com_0" site_id="301" xmltv_id="Berita Satu HD">Berita Satu HD</channel>
    <channel site="[ENC]firstmedia.com_0" site_id="302" xmltv_id="Jakarta Globe News Channel HD">Jakarta Globe News Channel HD</channel>
    <channel site="[ENC]firstmedia.com_0" site_id="303" xmltv_id="First Lifestyle HD">First Lifestyle HD</channel>
    <channel site="[ENC]firstmedia.com_0" site_id="304" xmltv_id="Berita Satu World HD">Berita Satu World HD</channel>
    <channel site="[ENC]firstmedia.com_0" site_id="305" xmltv_id="HBO HD">HBO HD</channel>
    <channel site="[ENC]firstmedia.com_0" site_id="306" xmltv_id="HBO Hits HD">HBO Hits HD</channel>
    <channel site="[ENC]firstmedia.com_0" site_id="307" xmltv_id="HBO Family HD">HBO Family HD</channel>
    <channel site="[ENC]firstmedia.com_0" site_id="308" xmltv_id="HBO Signature HD">HBO Signature HD</channel>
    <channel site="[ENC]firstmedia.com_0" site_id="309" xmltv_id="Paramount Network HD">Paramount Network HD</channel>
    <channel site="[ENC]firstmedia.com_0" site_id="310" xmltv_id="Cinemax HD">Cinemax HD</channel>
    <channel site="[ENC]firstmedia.com_0" site_id="311" xmltv_id="Celestial Movie HD">Celestial Movie HD</channel>
    <channel site="[ENC]firstmedia.com_0" site_id="313" xmltv_id="Star Chinese Channel HD">Star Chinese Channel HD</channel>
    <channel site="[ENC]firstmedia.com_0" site_id="318" xmltv_id="Eurosport HD">Eurosport HD</channel>
    <channel site="[ENC]firstmedia.com_0" site_id="320" xmltv_id="Premier Sports HD">Premier Sports HD</channel>
    <channel site="[ENC]firstmedia.com_0" site_id="322" xmltv_id="Champions TV 2 HD">Champions TV 2 HD</channel>
    <channel site="[ENC]firstmedia.com_0" site_id="323" xmltv_id="Champions TV 3 HD">Champions TV 3 HD</channel>
    <channel site="[ENC]firstmedia.com_0" site_id="324" xmltv_id="HITS NOW HD">HITS NOW HD</channel>
    <channel site="[ENC]firstmedia.com_0" site_id="325" xmltv_id="HITS MOVIES HD">HITS MOVIES HD</channel>
    <channel site="[ENC]firstmedia.com_0" site_id="326" xmltv_id="HITS HD">HITS HD</channel>
  </channels>
</site>