<?xml version="1.0" encoding="UTF-8"?>
<site generator-info-name="Tempest EPG Generator (made by Kvanc)" generator-info-url="https://github.com/K-vanc/Tempest-EPG-Generator.git" site="[ENC]firstmediax.id_0">
  <channels>
    <channel site="[ENC]firstmediax.id_0" site_id="LYS000000027||FMX/EPG/babyfirs_m.png" xmltv_id="Baby First TV">Baby First TV</channel>
    <channel site="[ENC]firstmediax.id_0" site_id="LYS000000032||FMX/EPG/blbgr_m.png" xmltv_id="Balai Kota Bogor">Balai Kota Bogor</channel>
    <channel site="[ENC]firstmediax.id_0" site_id="LYS0000022||FMX/EPG/blmalang_m.png" xmltv_id="Balai Kota Malang">Balai Kota Malang</channel>
    <channel site="[ENC]firstmediax.id_0" site_id="LYS016398584||FMX/EPG/bkmedan_m.png" xmltv_id="Balai Kota Medan">Balai Kota Medan</channel>
    <channel site="[ENC]firstmediax.id_0" site_id="LYS00000310||FMX/EPG/cinmax_m.png" xmltv_id="Cinemax HD">Cinemax HD</channel>
    <channel site="[ENC]firstmediax.id_0" site_id="LYS000000265||EPG/colors.png" xmltv_id="Colors">Colors</channel>
    <channel site="[ENC]firstmediax.id_0" site_id="LYS00000392||FMX/EPG/colors_m.png" xmltv_id="Comedy Network Channel HD">Comedy Network Channel HD</channel>
    <channel site="[ENC]firstmediax.id_0" site_id="LYS000000361||EPG/comedynet.png" xmltv_id="Dangdutz">Dangdutz</channel>
    <channel site="[ENC]firstmediax.id_0" site_id="LYS000000214||FMX/EPG/comedynet_m.png" xmltv_id="Digdaya TV">Digdaya TV</channel>
    <channel site="[ENC]firstmediax.id_0" site_id="LYS000000108||EPG/dangdutz.png" xmltv_id="Disney HD">Disney HD</channel>
    <channel site="[ENC]firstmediax.id_0" site_id="LYS000000109||FMX/EPG/dangdutz_m.png" xmltv_id="Disney Jr HD">Disney Jr HD</channel>
    <channel site="[ENC]firstmediax.id_0" site_id="LYS00000348||News" xmltv_id="E! HD">E! HD</channel>
    <channel site="[ENC]firstmediax.id_0" site_id="LYS000000281||FMX/EPG/digdaya_m.png" xmltv_id="eGG Channel HD">eGG Channel HD</channel>
    <channel site="[ENC]firstmediax.id_0" site_id="LYS00000312||FMX/EPG/disneych_m.png" xmltv_id="FOX Action Movies HD">FOX Action Movies HD</channel>
    <channel site="[ENC]firstmediax.id_0" site_id="LYS000000331||FMX/EPG/disneyJ_m.png" xmltv_id="Fox Family Movies HD">Fox Family Movies HD</channel>
    <channel site="[ENC]firstmediax.id_0" site_id="LYS000000328||FMX/EPG/echannel_m.png" xmltv_id="FOX HD">FOX HD</channel>
    <channel site="[ENC]firstmediax.id_0" site_id="LYS000000327||FMX/EPG/egg_m.png" xmltv_id="FOX Life HD">FOX Life HD</channel>
    <channel site="[ENC]firstmediax.id_0" site_id="LYS000000158||FMX/EPG/foxaction_m.png" xmltv_id="FOX SPORTS 2 HD">FOX SPORTS 2 HD</channel>
    <channel site="[ENC]firstmediax.id_0" site_id="LYS00000316||FMX/EPG/foxfamily_m.png" xmltv_id="FOX SPORTS 3 HD">FOX SPORTS 3 HD</channel>
    <channel site="[ENC]firstmediax.id_0" site_id="LYS000000157||FMX/EPG/fox_m.png" xmltv_id="FOX Sports HD">FOX Sports HD</channel>
    <channel site="[ENC]firstmediax.id_0" site_id="LYS000000139||FMX/EPG/foxlife_m.png" xmltv_id="FYI HD">FYI HD</channel>
    <channel site="[ENC]firstmediax.id_0" site_id="LYS016638215||FMX/EPG/foxsports2_m.png" xmltv_id="First Atmos HD">First Atmos HD</channel>
    <channel site="[ENC]firstmediax.id_0" site_id="LYS000000368||FMX/EPG/foxsports3_m.png" xmltv_id="Foodie HD">Foodie HD</channel>
    <channel site="[ENC]firstmediax.id_0" site_id="LYS0000053||FMX/EPG/foxsports_m.png" xmltv_id="GTV">GTV</channel>
    <channel site="[ENC]firstmediax.id_0" site_id="LYS016398582||EPG/fyi.png" xmltv_id="Golf HD">Golf HD</channel>
    <channel site="[ENC]firstmediax.id_0" site_id="LYS00000307||FMX/EPG/fyi_m.png" xmltv_id="HBO Family HD">HBO Family HD</channel>
    <channel site="[ENC]firstmediax.id_0" site_id="LYS000000305||FMX/EPG/firstatmos_m.png" xmltv_id="HBO HD">HBO HD</channel>
    <channel site="[ENC]firstmediax.id_0" site_id="LYS000000306||EPG/foodie.png" xmltv_id="HBO Hits HD">HBO Hits HD</channel>
    <channel site="[ENC]firstmediax.id_0" site_id="LYS000000308||FMX/EPG/foodie_m.png" xmltv_id="HBO Signature HD">HBO Signature HD</channel>
    <channel site="[ENC]firstmediax.id_0" site_id="LYS000001246||FMX/EPG/gtv_m.png" xmltv_id="Hi! HD">Hi! HD</channel>
    <channel site="[ENC]firstmediax.id_0" site_id="LYS00000385||FMX/EPG/golf_m.png" xmltv_id="Holland Village Jakarta HD">Holland Village Jakarta HD</channel>
    <channel site="[ENC]firstmediax.id_0" site_id="LYS0000065||FMX/EPG/hbofam_m.png" xmltv_id="INews">INews</channel>
    <channel site="[ENC]firstmediax.id_0" site_id="LYS000000369||FMX/EPG/hbo_m.png" xmltv_id="J'Go HD">J'Go HD</channel>
    <channel site="[ENC]firstmediax.id_0" site_id="LYS000000213||FMX/EPG/hbohits_m.png" xmltv_id="KTV">KTV</channel>
    <channel site="[ENC]firstmediax.id_0" site_id="LYS017738141||FMX/EPG/hbosign_m.png" xmltv_id="Karaoke Channel">Karaoke Channel</channel>
    <channel site="[ENC]firstmediax.id_0" site_id="LYS000000004||EPG/hi.png" xmltv_id="Lejel Home Shopping">Lejel Home Shopping</channel>
    <channel site="[ENC]firstmediax.id_0" site_id="LYS0000063||FMX/EPG/hitv_m.png" xmltv_id="Lejel Home Shopping 2">Lejel Home Shopping 2</channel>
    <channel site="[ENC]firstmediax.id_0" site_id="LYS0000037||Free" xmltv_id="MNC News">MNC News</channel>
    <channel site="[ENC]firstmediax.id_0" site_id="LYS0000012||FMX/EPG/hollandvil_m.png" xmltv_id="MNC Shop">MNC Shop</channel>
    <channel site="[ENC]firstmediax.id_0" site_id="LYS000000266||FMX/EPG/inews_m.png" xmltv_id="MTV India">MTV India</channel>
    <channel site="[ENC]firstmediax.id_0" site_id="LYS0000388||EPG/jgo.png" xmltv_id="Meikarta District 1 HD">Meikarta District 1 HD</channel>
    <channel site="[ENC]firstmediax.id_0" site_id="LYS016398579||FMX/EPG/jgo_m.png" xmltv_id="Meikarta District 2 HD">Meikarta District 2 HD</channel>
    <channel site="[ENC]firstmediax.id_0" site_id="LYS000000359||EPG/ktv.png" xmltv_id="Mezzo Live HD">Mezzo Live HD</channel>
    <channel site="[ENC]firstmediax.id_0" site_id="LYS000000363||FMX/EPG/ktv_m.png" xmltv_id="MiX HD">MiX HD</channel>
    <channel site="[ENC]firstmediax.id_0" site_id="LYS017491235||FMX/EPG/karaoke_m.png" xmltv_id="Nat Geo People HD">Nat Geo People HD</channel>
    <channel site="[ENC]firstmediax.id_0" site_id="LYS000000701||Free" xmltv_id="Outdoor TV">Outdoor TV</channel>
    <channel site="[ENC]firstmediax.id_0" site_id="LYS004463752||FMX/EPG/lejel_m.png" xmltv_id="SPH Channel">SPH Channel</channel>
    <channel site="[ENC]firstmediax.id_0" site_id="LYS000001204||Free" xmltv_id="Setanta">Setanta</channel>
    <channel site="[ENC]firstmediax.id_0" site_id="LYS004463750||FMX/EPG/lejel2_m.png" xmltv_id="Siloam TV">Siloam TV</channel>
    <channel site="[ENC]firstmediax.id_0" site_id="LYS00000179||FMX/EPG/mncnews_m.png" xmltv_id="Sony Max">Sony Max</channel>
    <channel site="[ENC]firstmediax.id_0" site_id="LYS00000313||FMX/EPG/mncshop_m.png" xmltv_id="Star Chinese Channel HD">Star Chinese Channel HD</channel>
    <channel site="[ENC]firstmediax.id_0" site_id="LYS00000017||EPG/mtvindia.png" xmltv_id="TV Parlemen">TV Parlemen</channel>
    <channel site="[ENC]firstmediax.id_0" site_id="LYS008906275||FMX/EPG/mtvindia_m.png" xmltv_id="Tech Storm HD">Tech Storm HD</channel>
    <channel site="[ENC]firstmediax.id_0" site_id="LYS000000340||Free" xmltv_id="Waku Waku Japan HD">Waku Waku Japan HD</channel>
    <channel site="[ENC]firstmediax.id_0" site_id="LYS0000050||FMX/EPG/meikarta_m.png" xmltv_id="West Java Network">West Java Network</channel>
    <channel site="[ENC]firstmediax.id_0" site_id="LYS000000301||FMX/EPG/meikadist2_m.png" xmltv_id="BTV HD">BTV HD</channel>
    <channel site="[ENC]firstmediax.id_0" site_id="LYS000000304||EPG/mezzolive.png" xmltv_id="BeritaSatu World HD">BeritaSatu World HD</channel>
    <channel site="[ENC]firstmediax.id_0" site_id="LYS004463754||FMX/EPG/mezzolive_m.png" xmltv_id="First Lifestyle">First Lifestyle</channel>
    <channel site="[ENC]firstmediax.id_0" site_id="LYS015744292||EPG/mix.png" xmltv_id="First Warriors">First Warriors</channel>
    <channel site="[ENC]firstmediax.id_0" site_id="LYS000000367||FMX/EPG/mix_m.png" xmltv_id="Jakarta Globe News Channel HD">Jakarta Globe News Channel HD</channel>
    <channel site="[ENC]firstmediax.id_0" site_id="LYS017491246||FMX/EPG/natgeop_m.png" xmltv_id="GMS Channel HD">GMS Channel HD</channel>
    <channel site="[ENC]firstmediax.id_0" site_id="LYS016076124||EPG/outdoorch.png" xmltv_id="Light HD">Light HD</channel>
    <channel site="[ENC]firstmediax.id_0" site_id="LYS018588260||FMX/EPG/outdoorch_m.png" xmltv_id="Praise HD">Praise HD</channel>
    <channel site="[ENC]firstmediax.id_0" site_id="LYS016923154||EPG/sph.png" xmltv_id="Shine HD">Shine HD</channel>
    <channel site="[ENC]firstmediax.id_0" site_id="LYS000000365||FMX/EPG/sph_m.png" xmltv_id="Reformed 21 HD">Reformed 21 HD</channel>
    <channel site="[ENC]firstmediax.id_0" site_id="LYS000000335||EPG/setanta.png" xmltv_id="ABC Australia">ABC Australia</channel>
    <channel site="[ENC]firstmediax.id_0" site_id="LYS016923172||FMX/EPG/setanta_m.png" xmltv_id="Al Quran Al Kareem">Al Quran Al Kareem</channel>
    <channel site="[ENC]firstmediax.id_0" site_id="LYS0000059||EPG/siloam.png" xmltv_id="Al Jzr Arab">Al Jzr Arab</channel>
    <channel site="[ENC]firstmediax.id_0" site_id="LYS000939560||FMX/EPG/siloam_m.png" xmltv_id="AlJazeera Int">AlJazeera Int</channel>
    <channel site="[ENC]firstmediax.id_0" site_id="LYS007766264||FMX/EPG/sonymax_m.png" xmltv_id="Anhui TV">Anhui TV</channel>
    <channel site="[ENC]firstmediax.id_0" site_id="LYS000000135||FMX/EPG/scc_m.png" xmltv_id="Animal Planet HD">Animal Planet HD</channel>
    <channel site="[ENC]firstmediax.id_0" site_id="LYS004555247||FMX/EPG/tvparlemen_m.png" xmltv_id="Animax HD">Animax HD</channel>
    <channel site="[ENC]firstmediax.id_0" site_id="LYS000000371||FMX/EPG/techstorm_m.png" xmltv_id="ANTV">ANTV</channel>
    <channel site="[ENC]firstmediax.id_0" site_id="LYS000000253||FMX/EPG/wakujapan_m.png" xmltv_id="Arirang HD">Arirang HD</channel>
    <channel site="[ENC]firstmediax.id_0" site_id="LYS000000076||FMX/EPG/wjn_m.png" xmltv_id="Asian Food Network HD">Asian Food Network HD</channel>
    <channel site="[ENC]firstmediax.id_0" site_id="LYS000000332||News" xmltv_id="AXN HD">AXN HD</channel>
    <channel site="[ENC]firstmediax.id_0" site_id="LYS000000033||FMX/EPG/btv_m.png" xmltv_id="BalaiKota">BalaiKota</channel>
    <channel site="[ENC]firstmediax.id_0" site_id="LYS003157184||News" xmltv_id="Balai Kota Bandung">Balai Kota Bandung</channel>
    <channel site="[ENC]firstmediax.id_0" site_id="LYS000000310||EPG/BeritaSatuWorld.jpg" xmltv_id="BBC World News HD">BBC World News HD</channel>
    <channel site="[ENC]firstmediax.id_0" site_id="LYS000000315||FMX/EPG/BSworld_m.png" xmltv_id="Bloomberg HD">Bloomberg HD</channel>
    <channel site="[ENC]firstmediax.id_0" site_id="LYS000000313||News" xmltv_id="CNBC Asia">CNBC Asia</channel>
    <channel site="[ENC]firstmediax.id_0" site_id="LYS000000103||Free" xmltv_id="Cartoon NetW">Cartoon NetW</channel>
    <channel site="[ENC]firstmediax.id_0" site_id="LYS010726372||FMX/EPG/FL_m.png" xmltv_id="Cartoonito HD">Cartoonito HD</channel>
    <channel site="[ENC]firstmediax.id_0" site_id="LYS000001230||Lifestyle" xmltv_id="CCTV 4">CCTV 4</channel>
    <channel site="[ENC]firstmediax.id_0" site_id="LYS010726204||Sport" xmltv_id="Celestial Movies HD">Celestial Movies HD</channel>
    <channel site="[ENC]firstmediax.id_0" site_id="LYS000000337||FMX/EPG/firstwar_m.png" xmltv_id="CGTN">CGTN</channel>
    <channel site="[ENC]firstmediax.id_0" site_id="LYS017144318||Esport" xmltv_id="CGTN Documentary HD">CGTN Documentary HD</channel>
    <channel site="[ENC]firstmediax.id_0" site_id="LYS000000338||News" xmltv_id="Ch.NewsAsia">Ch.NewsAsia</channel>
    <channel site="[ENC]firstmediax.id_0" site_id="LYS015953157||FMX/EPG/BSeng1_m.png" xmltv_id="Citra Bioskop HD">Citra Bioskop HD</channel>
    <channel site="[ENC]firstmediax.id_0" site_id="LYS016047009||News" xmltv_id="Citra Dangdut HD">Citra Dangdut HD</channel>
    <channel site="[ENC]firstmediax.id_0" site_id="LYS015953159||Free" xmltv_id="Citra Drama HD">Citra Drama HD</channel>
    <channel site="[ENC]firstmediax.id_0" site_id="LYS016047011||FMX/EPG/gms1_m.png" xmltv_id="Citra Entertainment HD">Citra Entertainment HD</channel>
    <channel site="[ENC]firstmediax.id_0" site_id="LYS000000299||Religious" xmltv_id="Citra Muslim HD">Citra Muslim HD</channel>
    <channel site="[ENC]firstmediax.id_0" site_id="LYS000000312||Free" xmltv_id="CNN Int. HD">CNN Int. HD</channel>
    <channel site="[ENC]firstmediax.id_0" site_id="LYS000000138||FMX/EPG/light_m.png" xmltv_id="Crime Investigation HD">Crime Investigation HD</channel>
    <channel site="[ENC]firstmediax.id_0" site_id="LYS00000371||Religious" xmltv_id="Da Vinci HD">Da Vinci HD</channel>
    <channel site="[ENC]firstmediax.id_0" site_id="LYS00000027||FMX/EPG/praise_m.png" xmltv_id="DAAI TV">DAAI TV</channel>
    <channel site="[ENC]firstmediax.id_0" site_id="LYS000000133||Religious" xmltv_id="Discovery Asia">Discovery Asia</channel>
    <channel site="[ENC]firstmediax.id_0" site_id="LYS000000132||Religious" xmltv_id="Discovery HD">Discovery HD</channel>
  </channels>
</site>