<?xml version="1.0" encoding="UTF-8"?>
<site generator-info-name="Tempest EPG Generator (made by Kvanc)" generator-info-url="https://github.com/K-vanc/Tempest-EPG-Generator.git" site="indihometv.com_0">
  <channels>
    <channel site="indihometv.com_0" site_id="bwf2" xmltv_id="HSBC BWF World Tour - Court 2">HSBC BWF World Tour - Court 2</channel>
    <channel site="indihometv.com_0" site_id="bwf1" xmltv_id="HSBC BWF World Tour - Court 1">HSBC BWF World Tour - Court 1</channel>
    <channel site="indihometv.com_0" site_id="rcti" xmltv_id="RCTI">RCTI</channel>
    <channel site="indihometv.com_0" site_id="mnc" xmltv_id="MNC">MNC</channel>
    <channel site="indihometv.com_0" site_id="hitsnow" xmltv_id="HITS Now">HITS Now</channel>
    <channel site="indihometv.com_0" site_id="gtv" xmltv_id="GTV">GTV</channel>
    <channel site="indihometv.com_0" site_id="useeprime" xmltv_id="UseePrime">UseePrime</channel>
    <channel site="indihometv.com_0" site_id="indikids" xmltv_id="IndiKids">IndiKids</channel>
    <channel site="indihometv.com_0" site_id="seatoday" xmltv_id="SEA Today">SEA Today</channel>
    <channel site="indihometv.com_0" site_id="transtv" xmltv_id="TransTV">TransTV</channel>
    <channel site="indihometv.com_0" site_id="trans7" xmltv_id="Trans7">Trans7</channel>
    <channel site="indihometv.com_0" site_id="tvone" xmltv_id="TV One">TV One</channel>
    <channel site="indihometv.com_0" site_id="antv" xmltv_id="ANTV">ANTV</channel>
    <channel site="indihometv.com_0" site_id="metrotv" xmltv_id="Metro TV">Metro TV</channel>
    <channel site="indihometv.com_0" site_id="kompastv" xmltv_id="Kompas TV">Kompas TV</channel>
    <channel site="indihometv.com_0" site_id="net" xmltv_id="Net.">Net.</channel>
    <channel site="indihometv.com_0" site_id="inews" xmltv_id="iNews">iNews</channel>
    <channel site="indihometv.com_0" site_id="tvri" xmltv_id="TVRI">TVRI</channel>
    <channel site="indihometv.com_0" site_id="rtv" xmltv_id="Rajawali TV">Rajawali TV</channel>
    <channel site="indihometv.com_0" site_id="rodjatv" xmltv_id="Rodja TV">Rodja TV</channel>
    <channel site="indihometv.com_0" site_id="jtv" xmltv_id="JTV">JTV</channel>
    <channel site="indihometv.com_0" site_id="mncnews" xmltv_id="MNC News">MNC News</channel>
    <channel site="indihometv.com_0" site_id="beritasatu" xmltv_id="BTV">BTV</channel>
    <channel site="indihometv.com_0" site_id="rrinet" xmltv_id="RRI NET">RRI NET</channel>
    <channel site="indihometv.com_0" site_id="balitv" xmltv_id="Bali TV">Bali TV</channel>
    <channel site="indihometv.com_0" site_id="mqtv" xmltv_id="MQTV">MQTV</channel>
    <channel site="indihometv.com_0" site_id="mtatv" xmltv_id="MTATV">MTATV</channel>
    <channel site="indihometv.com_0" site_id="daaitv" xmltv_id="Daai TV">Daai TV</channel>
    <channel site="indihometv.com_0" site_id="alquran" xmltv_id="AlQuran Kareem">AlQuran Kareem</channel>
    <channel site="indihometv.com_0" site_id="jaktv" xmltv_id="JakTV">JakTV</channel>
    <channel site="indihometv.com_0" site_id="nusantaratv" xmltv_id="Nusantara TV">Nusantara TV</channel>
    <channel site="indihometv.com_0" site_id="antara" xmltv_id="Antara">Antara</channel>
    <channel site="indihometv.com_0" site_id="muhammadiyahtv" xmltv_id="Muhammadiyah TV">Muhammadiyah TV</channel>
    <channel site="indihometv.com_0" site_id="pramborstv" xmltv_id="Prambors">Prambors</channel>
    <channel site="indihometv.com_0" site_id="idx" xmltv_id="IDX">IDX</channel>
    <channel site="indihometv.com_0" site_id="arirang" xmltv_id="Arirang">Arirang</channel>
    <channel site="indihometv.com_0" site_id="muitv" xmltv_id="MUI TV">MUI TV</channel>
    <channel site="indihometv.com_0" site_id="tawaftv" xmltv_id="Tawaf TV">Tawaf TV</channel>
    <channel site="indihometv.com_0" site_id="tv9" xmltv_id="TV9 NU">TV9 NU</channel>
    <channel site="indihometv.com_0" site_id="musikindo" xmltv_id="Musik Indonesia">Musik Indonesia</channel>
    <channel site="indihometv.com_0" site_id="indonesiana" xmltv_id="Indonesiana TV">Indonesiana TV</channel>
    <channel site="indihometv.com_0" site_id="seru" xmltv_id="Seru!">Seru!</channel>
    <channel site="indihometv.com_0" site_id="uchannel" xmltv_id="UChannel">UChannel</channel>
    <channel site="indihometv.com_0" site_id="cctv4" xmltv_id="CCTV4">CCTV4</channel>
    <channel site="indihometv.com_0" site_id="dwtv" xmltv_id="DW (English)">DW (English)</channel>
    <channel site="indihometv.com_0" site_id="nhkworld" xmltv_id="nhk world Japan">nhk world Japan</channel>
    <channel site="indihometv.com_0" site_id="abcaustralia" xmltv_id="ABC Australia">ABC Australia</channel>
    <channel site="indihometv.com_0" site_id="chinesedrama" xmltv_id="Chinese Drama">Chinese Drama</channel>
    <channel site="indihometv.com_0" site_id="euronews" xmltv_id="Euronews">Euronews</channel>
    <channel site="indihometv.com_0" site_id="atv" xmltv_id="ATV">ATV</channel>
    <channel site="indihometv.com_0" site_id="trtworld" xmltv_id="TRT World">TRT World</channel>
    <channel site="indihometv.com_0" site_id="france24" xmltv_id="France 24">France 24</channel>
    <channel site="indihometv.com_0" site_id="cgtndocumentary" xmltv_id="CGTN Documentary">CGTN Documentary</channel>
    <channel site="indihometv.com_0" site_id="sctv" xmltv_id="SCTV">SCTV</channel>
    <channel site="indihometv.com_0" site_id="indosiar" xmltv_id="Indosiar">Indosiar</channel>
    <channel site="indihometv.com_0" site_id="useesport" xmltv_id="UseeSports">UseeSports</channel>
    <channel site="indihometv.com_0" site_id="useesports2" xmltv_id="UseeSports2">UseeSports2</channel>
    <channel site="indihometv.com_0" site_id="bein1" xmltv_id="beIN Sports 1">beIN Sports 1</channel>
    <channel site="indihometv.com_0" site_id="bein2" xmltv_id="beIN Sports 3">beIN Sports 3</channel>
    <channel site="indihometv.com_0" site_id="spotv" xmltv_id="SPOTV">SPOTV</channel>
    <channel site="indihometv.com_0" site_id="spotv2" xmltv_id="SPOTV2">SPOTV2</channel>
    <channel site="indihometv.com_0" site_id="nba" xmltv_id="NBA">NBA</channel>
    <channel site="indihometv.com_0" site_id="horizonsport" xmltv_id="Horizon Sports">Horizon Sports</channel>
    <channel site="indihometv.com_0" site_id="fightsport" xmltv_id="Fight Sport">Fight Sport</channel>
    <channel site="indihometv.com_0" site_id="tvnmovies" xmltv_id="TVN Movies">TVN Movies</channel>
    <channel site="indihometv.com_0" site_id="imc" xmltv_id="IMC">IMC</channel>
    <channel site="indihometv.com_0" site_id="galaxypremium" xmltv_id="Galaxy Premium">Galaxy Premium</channel>
    <channel site="indihometv.com_0" site_id="galaxy" xmltv_id="Galaxy">Galaxy</channel>
    <channel site="indihometv.com_0" site_id="hits" xmltv_id="Hits">Hits</channel>
    <channel site="indihometv.com_0" site_id="hitsmovie" xmltv_id="HIts Movie">HIts Movie</channel>
    <channel site="indihometv.com_0" site_id="flik" xmltv_id="Flik">Flik</channel>
    <channel site="indihometv.com_0" site_id="bioskopindonesia" xmltv_id="Bioskop Indonesia">Bioskop Indonesia</channel>
    <channel site="indihometv.com_0" site_id="celestialmovie" xmltv_id="Celestial Movie">Celestial Movie</channel>
    <channel site="indihometv.com_0" site_id="zbioskop" xmltv_id="ZBioskop">ZBioskop</channel>
    <channel site="indihometv.com_0" site_id="paramount" xmltv_id="Paramount">Paramount</channel>
    <channel site="indihometv.com_0" site_id="thrill" xmltv_id="Thrill">Thrill</channel>
    <channel site="indihometv.com_0" site_id="mycinemaasia" xmltv_id="My Cinema Asia">My Cinema Asia</channel>
    <channel site="indihometv.com_0" site_id="myfamily" xmltv_id="My Family">My Family</channel>
    <channel site="indihometv.com_0" site_id="mycinema" xmltv_id="My Cinema">My Cinema</channel>
    <channel site="indihometv.com_0" site_id="cinemaworld" xmltv_id="Cinema World">Cinema World</channel>
    <channel site="indihometv.com_0" site_id="cnnindonesia" xmltv_id="CNN Indonesia">CNN Indonesia</channel>
    <channel site="indihometv.com_0" site_id="cnbcindonesia" xmltv_id="CNBC Indonesia">CNBC Indonesia</channel>
    <channel site="indihometv.com_0" site_id="bloomberg" xmltv_id="Bloomberg">Bloomberg</channel>
    <channel site="indihometv.com_0" site_id="newsasia" xmltv_id="News Asia">News Asia</channel>
    <channel site="indihometv.com_0" site_id="cnninternational" xmltv_id="CNN International">CNN International</channel>
    <channel site="indihometv.com_0" site_id="aljazeera" xmltv_id="Aljazeera">Aljazeera</channel>
    <channel site="indihometv.com_0" site_id="cnbcasia" xmltv_id="CNBC Asia">CNBC Asia</channel>
    <channel site="indihometv.com_0" site_id="tvbs" xmltv_id="TVBS News">TVBS News</channel>
    <channel site="indihometv.com_0" site_id="tvn" xmltv_id="TVN">TVN</channel>
    <channel site="indihometv.com_0" site_id="axn" xmltv_id="AXN">AXN</channel>
    <channel site="indihometv.com_0" site_id="kplus" xmltv_id="Kplus">Kplus</channel>
    <channel site="indihometv.com_0" site_id="kbsworld" xmltv_id="KBS World">KBS World</channel>
    <channel site="indihometv.com_0" site_id="cdrama" xmltv_id="Citra Drama">Citra Drama</channel>
    <channel site="indihometv.com_0" site_id="warner" xmltv_id="Warner">Warner</channel>
    <channel site="indihometv.com_0" site_id="blueantextreme" xmltv_id="Rock Action">Rock Action</channel>
    <channel site="indihometv.com_0" site_id="tlc" xmltv_id="TLC">TLC</channel>
    <channel site="indihometv.com_0" site_id="history" xmltv_id="History">History</channel>
    <channel site="indihometv.com_0" site_id="dunialain" xmltv_id="Dunia Lain">Dunia Lain</channel>
    <channel site="indihometv.com_0" site_id="blueant" xmltv_id="Rock Entertainment">Rock Entertainment</channel>
    <channel site="indihometv.com_0" site_id="aniplus" xmltv_id="Aniplus">Aniplus</channel>
    <channel site="indihometv.com_0" site_id="animax" xmltv_id="Animax">Animax</channel>
    <channel site="indihometv.com_0" site_id="sone" xmltv_id="SONE">SONE</channel>
    <channel site="indihometv.com_0" site_id="kix" xmltv_id="Kix">Kix</channel>
    <channel site="indihometv.com_0" site_id="lifetime" xmltv_id="Lifetime">Lifetime</channel>
    <channel site="indihometv.com_0" site_id="tv5monde" xmltv_id="TV5Monde">TV5Monde</channel>
    <channel site="indihometv.com_0" site_id="formosa" xmltv_id="Formosa">Formosa</channel>
    <channel site="indihometv.com_0" site_id="kungfutv" xmltv_id="Kungfu TV">Kungfu TV</channel>
    <channel site="indihometv.com_0" site_id="sgem" xmltv_id="SGEM">SGEM</channel>
    <channel site="indihometv.com_0" site_id="zhejiang" xmltv_id="Zhejiang">Zhejiang</channel>
    <channel site="indihometv.com_0" site_id="shenzen" xmltv_id="Shenzen">Shenzen</channel>
    <channel site="indihometv.com_0" site_id="ettvasia" xmltv_id="EBC Asia">EBC Asia</channel>
    <channel site="indihometv.com_0" site_id="ctiasia" xmltv_id="CTI Asia">CTI Asia</channel>
    <channel site="indihometv.com_0" site_id="cartoonnetwork" xmltv_id="Cartoon Network">Cartoon Network</channel>
    <channel site="indihometv.com_0" site_id="horee" xmltv_id="Horee">Horee</channel>
    <channel site="indihometv.com_0" site_id="nickjr" xmltv_id="Nick Junior">Nick Junior</channel>
    <channel site="indihometv.com_0" site_id="dreamworks" xmltv_id="Dreamworks">Dreamworks</channel>
    <channel site="indihometv.com_0" site_id="nickelodeon" xmltv_id="Nickelodeon">Nickelodeon</channel>
    <channel site="indihometv.com_0" site_id="duniaanak" xmltv_id="Dunia anak">Dunia anak</channel>
    <channel site="indihometv.com_0" site_id="boomerang" xmltv_id="Boomerang">Boomerang</channel>
    <channel site="indihometv.com_0" site_id="mykids" xmltv_id="MyKidz">MyKidz</channel>
    <channel site="indihometv.com_0" site_id="mentaritv" xmltv_id="Mentari TV">Mentari TV</channel>
    <channel site="indihometv.com_0" site_id="davinci" xmltv_id="Da Vinci Learning">Da Vinci Learning</channel>
    <channel site="indihometv.com_0" site_id="natgeo" xmltv_id="Nat Geo">Nat Geo</channel>
    <channel site="indihometv.com_0" site_id="disco" xmltv_id="Discovery Channel">Discovery Channel</channel>
    <channel site="indihometv.com_0" site_id="natgeowild" xmltv_id="Nat Geo Wild">Nat Geo Wild</channel>
    <channel site="indihometv.com_0" site_id="techstorm" xmltv_id="Tech Storm">Tech Storm</channel>
    <channel site="indihometv.com_0" site_id="crimeinvestigation" xmltv_id="Crime Investigation">Crime Investigation</channel>
    <channel site="indihometv.com_0" site_id="lingua" xmltv_id="Lingua">Lingua</channel>
    <channel site="indihometv.com_0" site_id="pandatv" xmltv_id="Panda TV">Panda TV</channel>
    <channel site="indihometv.com_0" site_id="afc" xmltv_id="Asian Food Network">Asian Food Network</channel>
    <channel site="indihometv.com_0" site_id="hgtv" xmltv_id="HGTV">HGTV</channel>
    <channel site="indihometv.com_0" site_id="eatgo" xmltv_id="Eat &amp; Go">Eat &amp; Go</channel>
    <channel site="indihometv.com_0" site_id="fashiontv" xmltv_id="FashionTV">FashionTV</channel>
    <channel site="indihometv.com_0" site_id="mtvlive" xmltv_id="MTV Live">MTV Live</channel>
    <channel site="indihometv.com_0" site_id="citradangdut" xmltv_id="Citra Dangdut">Citra Dangdut</channel>
    <channel site="indihometv.com_0" site_id="ikonser" xmltv_id="I-Konser">I-Konser</channel>
    <channel site="indihometv.com_0" site_id="ochannel" xmltv_id="MOJI">MOJI</channel>
    <channel site="indihometv.com_0" site_id="insert" xmltv_id="Insert">Insert</channel>
    <channel site="indihometv.com_0" site_id="moonbug" xmltv_id="Moonbug Kids">Moonbug Kids</channel>
  </channels>
</site>