<?xml version="1.0" encoding="UTF-8"?>
<site generator-info-name="Tempest EPG Generator (made by Kvanc)" generator-info-url="https://github.com/K-vanc/Tempest-EPG-Generator.git" site="jadwaltv.net_0">
  <channels>
    <channel site="jadwaltv.net_0" site_id="0/abc-australia" xmltv_id="ABC Australia">ABC Australia</channel>
    <channel site="jadwaltv.net_0" site_id="1/al-jazeera-english" xmltv_id="Al Jazeera English">Al Jazeera English</channel>
    <channel site="jadwaltv.net_0" site_id="2/al-quran-al-kareem" xmltv_id="Al Quran Al Kareem">Al Quran Al Kareem</channel>
    <channel site="jadwaltv.net_0" site_id="3/animax" xmltv_id="Animax">Animax</channel>
    <channel site="jadwaltv.net_0" site_id="4/arirang" xmltv_id="Arirang">Arirang</channel>
    <channel site="jadwaltv.net_0" site_id="5/axn" xmltv_id="AXN">AXN</channel>
    <channel site="jadwaltv.net_0" site_id="6/babytv" xmltv_id="BabyTV">BabyTV</channel>
    <channel site="jadwaltv.net_0" site_id="7/bbc-earth" xmltv_id="BBC Earth">BBC Earth</channel>
    <channel site="jadwaltv.net_0" site_id="8/bbc-world-news" xmltv_id="BBC World News">BBC World News</channel>
    <channel site="jadwaltv.net_0" site_id="9/bein-1" xmltv_id="BeIN 1">BeIN 1</channel>
    <channel site="jadwaltv.net_0" site_id="10/bein-2" xmltv_id="BeIN 2">BeIN 2</channel>
    <channel site="jadwaltv.net_0" site_id="11/bein-3" xmltv_id="BeIN 3">BeIN 3</channel>
    <channel site="jadwaltv.net_0" site_id="12/bloomberg" xmltv_id="Bloomberg">Bloomberg</channel>
    <channel site="jadwaltv.net_0" site_id="13/btv" xmltv_id="BTV">BTV</channel>
    <channel site="jadwaltv.net_0" site_id="14/cbeebies" xmltv_id="CBeebies">CBeebies</channel>
    <channel site="jadwaltv.net_0" site_id="15/ccm" xmltv_id="CCM">CCM</channel>
    <channel site="jadwaltv.net_0" site_id="16/celebrities-tv" xmltv_id="Celebrities TV">Celebrities TV</channel>
    <channel site="jadwaltv.net_0" site_id="17/celestial-movies" xmltv_id="Celestial Movies">Celestial Movies</channel>
    <channel site="jadwaltv.net_0" site_id="18/cgtn" xmltv_id="CGTN">CGTN</channel>
    <channel site="jadwaltv.net_0" site_id="19/cgtn-documentary" xmltv_id="CGTN Documentary">CGTN Documentary</channel>
    <channel site="jadwaltv.net_0" site_id="20/champions-tv-1" xmltv_id="Champions TV 1">Champions TV 1</channel>
    <channel site="jadwaltv.net_0" site_id="21/champions-tv-2" xmltv_id="Champions TV 2">Champions TV 2</channel>
    <channel site="jadwaltv.net_0" site_id="22/champions-tv-3" xmltv_id="Champions TV 3">Champions TV 3</channel>
    <channel site="jadwaltv.net_0" site_id="23/champions-tv-5" xmltv_id="Champions TV 5">Champions TV 5</channel>
    <channel site="jadwaltv.net_0" site_id="24/champions-tv-6" xmltv_id="Champions TV 6">Champions TV 6</channel>
    <channel site="jadwaltv.net_0" site_id="25/channel-news-asia" xmltv_id="Channel News Asia">Channel News Asia</channel>
    <channel site="jadwaltv.net_0" site_id="26/cinemachi" xmltv_id="CINEMACHI">CINEMACHI</channel>
    <channel site="jadwaltv.net_0" site_id="27/cinemachi-action" xmltv_id="CINEMACHI ACTION">CINEMACHI ACTION</channel>
    <channel site="jadwaltv.net_0" site_id="28/cinemachi-kids" xmltv_id="CINEMACHI KIDS">CINEMACHI KIDS</channel>
    <channel site="jadwaltv.net_0" site_id="29/cinemachi-max" xmltv_id="CINEMACHI MAX">CINEMACHI MAX</channel>
    <channel site="jadwaltv.net_0" site_id="30/cinemachi-xtra" xmltv_id="CINEMACHI XTRA">CINEMACHI XTRA</channel>
    <channel site="jadwaltv.net_0" site_id="31/cinemax" xmltv_id="Cinemax">Cinemax</channel>
    <channel site="jadwaltv.net_0" site_id="32/cnbc" xmltv_id="CNBC">CNBC</channel>
    <channel site="jadwaltv.net_0" site_id="33/crime-investigation" xmltv_id="Crime Investigation">Crime Investigation</channel>
    <channel site="jadwaltv.net_0" site_id="34/dreamworks" xmltv_id="Dreamworks">Dreamworks</channel>
    <channel site="jadwaltv.net_0" site_id="35/dw-english" xmltv_id="DW English">DW English</channel>
    <channel site="jadwaltv.net_0" site_id="36/entertainment" xmltv_id="Entertainment">Entertainment</channel>
    <channel site="jadwaltv.net_0" site_id="37/euronews" xmltv_id="EURONEWS">EURONEWS</channel>
    <channel site="jadwaltv.net_0" site_id="38/fight-sports" xmltv_id="Fight Sports">Fight Sports</channel>
    <channel site="jadwaltv.net_0" site_id="39/fmn" xmltv_id="FMN">FMN</channel>
    <channel site="jadwaltv.net_0" site_id="40/fox-news" xmltv_id="FOX News">FOX News</channel>
    <channel site="jadwaltv.net_0" site_id="41/france-24-english" xmltv_id="France 24 English">France 24 English</channel>
    <channel site="jadwaltv.net_0" site_id="42/galaxy" xmltv_id="Galaxy">Galaxy</channel>
    <channel site="jadwaltv.net_0" site_id="43/galaxy-premium" xmltv_id="Galaxy Premium">Galaxy Premium</channel>
    <channel site="jadwaltv.net_0" site_id="44/global-trekker" xmltv_id="Global Trekker">Global Trekker</channel>
    <channel site="jadwaltv.net_0" site_id="45/hbo" xmltv_id="HBO">HBO</channel>
    <channel site="jadwaltv.net_0" site_id="46/hbo-family" xmltv_id="HBO Family">HBO Family</channel>
    <channel site="jadwaltv.net_0" site_id="47/hbo-hits" xmltv_id="HBO Hits">HBO Hits</channel>
    <channel site="jadwaltv.net_0" site_id="48/hbo-signature" xmltv_id="HBO Signature">HBO Signature</channel>
    <channel site="jadwaltv.net_0" site_id="49/history" xmltv_id="History">History</channel>
    <channel site="jadwaltv.net_0" site_id="50/hits" xmltv_id="HITS">HITS</channel>
    <channel site="jadwaltv.net_0" site_id="51/hits-movies" xmltv_id="HITS MOVIES">HITS MOVIES</channel>
    <channel site="jadwaltv.net_0" site_id="52/idx" xmltv_id="IDX">IDX</channel>
    <channel site="jadwaltv.net_0" site_id="53/imc" xmltv_id="IMC">IMC</channel>
    <channel site="jadwaltv.net_0" site_id="54/jak-tv" xmltv_id="Jak TV">Jak TV</channel>
    <channel site="jadwaltv.net_0" site_id="55/kids-tv" xmltv_id="Kids TV">Kids TV</channel>
    <channel site="jadwaltv.net_0" site_id="56/kix" xmltv_id="KIX">KIX</channel>
    <channel site="jadwaltv.net_0" site_id="57/life" xmltv_id="LIFE">LIFE</channel>
    <channel site="jadwaltv.net_0" site_id="58/lifetime" xmltv_id="Lifetime">Lifetime</channel>
    <channel site="jadwaltv.net_0" site_id="59/mentari-tv" xmltv_id="Mentari TV">Mentari TV</channel>
    <channel site="jadwaltv.net_0" site_id="60/mtv-90s" xmltv_id="MTV 90's">MTV 90's</channel>
    <channel site="jadwaltv.net_0" site_id="61/mtv-live" xmltv_id="MTV LIVE">MTV LIVE</channel>
    <channel site="jadwaltv.net_0" site_id="62/music-tv" xmltv_id="Music TV">Music TV</channel>
    <channel site="jadwaltv.net_0" site_id="63/muslim-tv" xmltv_id="Muslim TV">Muslim TV</channel>
    <channel site="jadwaltv.net_0" site_id="64/my-cinema" xmltv_id="My Cinema">My Cinema</channel>
    <channel site="jadwaltv.net_0" site_id="65/my-cinema-asia" xmltv_id="My Cinema Asia">My Cinema Asia</channel>
    <channel site="jadwaltv.net_0" site_id="66/my-family" xmltv_id="My Family">My Family</channel>
    <channel site="jadwaltv.net_0" site_id="67/my-kidz" xmltv_id="My Kidz">My Kidz</channel>
    <channel site="jadwaltv.net_0" site_id="68/national-geographic-channel" xmltv_id="National Geographic Channel">National Geographic Channel</channel>
    <channel site="jadwaltv.net_0" site_id="69/national-geographic-wild" xmltv_id="National Geographic Wild">National Geographic Wild</channel>
    <channel site="jadwaltv.net_0" site_id="70/nhk-world" xmltv_id="NHK World">NHK World</channel>
    <channel site="jadwaltv.net_0" site_id="71/nhk-world-premium" xmltv_id="NHK World Premium">NHK World Premium</channel>
    <channel site="jadwaltv.net_0" site_id="72/nickelodeon" xmltv_id="Nickelodeon">Nickelodeon</channel>
    <channel site="jadwaltv.net_0" site_id="73/nickelodeon-jr" xmltv_id="Nickelodeon Jr">Nickelodeon Jr</channel>
    <channel site="jadwaltv.net_0" site_id="74/nusantara-tv" xmltv_id="Nusantara TV">Nusantara TV</channel>
    <channel site="jadwaltv.net_0" site_id="75/okezone-tv" xmltv_id="Okezone TV">Okezone TV</channel>
    <channel site="jadwaltv.net_0" site_id="76/ok-tv" xmltv_id="OK TV">OK TV</channel>
    <channel site="jadwaltv.net_0" site_id="77/one" xmltv_id="ONE">ONE</channel>
    <channel site="jadwaltv.net_0" site_id="78/paramount" xmltv_id="PARAMOUNT">PARAMOUNT</channel>
    <channel site="jadwaltv.net_0" site_id="79/rock-action" xmltv_id="Rock Action">Rock Action</channel>
    <channel site="jadwaltv.net_0" site_id="80/rock-entertainment" xmltv_id="Rock Entertainment">Rock Entertainment</channel>
    <channel site="jadwaltv.net_0" site_id="81/sea-today" xmltv_id="SEA TODAY">SEA TODAY</channel>
    <channel site="jadwaltv.net_0" site_id="82/sindo-news-tv" xmltv_id="Sindo News TV">Sindo News TV</channel>
    <channel site="jadwaltv.net_0" site_id="83/soccer-channel" xmltv_id="Soccer Channel">Soccer Channel</channel>
    <channel site="jadwaltv.net_0" site_id="84/sportstars" xmltv_id="Sportstars">Sportstars</channel>
    <channel site="jadwaltv.net_0" site_id="85/sportstars-2" xmltv_id="Sportstars 2">Sportstars 2</channel>
    <channel site="jadwaltv.net_0" site_id="86/sportstars-3" xmltv_id="Sportstars 3">Sportstars 3</channel>
    <channel site="jadwaltv.net_0" site_id="87/sportstars-4" xmltv_id="Sportstars 4">Sportstars 4</channel>
    <channel site="jadwaltv.net_0" site_id="88/spotv" xmltv_id="SPOTV">SPOTV</channel>
    <channel site="jadwaltv.net_0" site_id="89/spotv-2" xmltv_id="SPOTV 2">SPOTV 2</channel>
    <channel site="jadwaltv.net_0" site_id="90/tawaf-tv" xmltv_id="Tawaf TV">Tawaf TV</channel>
    <channel site="jadwaltv.net_0" site_id="91/thrill" xmltv_id="Thrill">Thrill</channel>
    <channel site="jadwaltv.net_0" site_id="92/tvn" xmltv_id="tvN">tvN</channel>
    <channel site="jadwaltv.net_0" site_id="93/tvn-movies" xmltv_id="tvN Movies">tvN Movies</channel>
    <channel site="jadwaltv.net_0" site_id="94/vision-prime" xmltv_id="Vision Prime">Vision Prime</channel>
    <channel site="jadwaltv.net_0" site_id="95/zee-bioskop" xmltv_id="Zee Bioskop">Zee Bioskop</channel>
    <channel site="jadwaltv.net_0" site_id="96/zoomoo" xmltv_id="Zoomoo">Zoomoo</channel>
  </channels>
</site>