<?xml version="1.0" encoding="UTF-8"?>
<site generator-info-name="Tempest EPG Generator (made by Kvanc)" generator-info-url="https://github.com/K-vanc/Tempest-EPG-Generator.git" site="[ENC][EX]hr.eon.tv_0">
  <channels>
    <channel site="[ENC][EX]hr.eon.tv_0" site_id="1" xmltv_id="N1 HD (SR)">N1 HD (SR)</channel>
    <channel site="[ENC][EX]hr.eon.tv_0" site_id="678" xmltv_id="NOVA S HD">NOVA S HD</channel>
    <channel site="[ENC][EX]hr.eon.tv_0" site_id="665" xmltv_id="RTS 1 HD">RTS 1 HD</channel>
    <channel site="[ENC][EX]hr.eon.tv_0" site_id="726" xmltv_id="Pink HD">Pink HD</channel>
    <channel site="[ENC][EX]hr.eon.tv_0" site_id="738" xmltv_id="B92">B92</channel>
    <channel site="[ENC][EX]hr.eon.tv_0" site_id="5" xmltv_id="Happy">Happy</channel>
    <channel site="[ENC][EX]hr.eon.tv_0" site_id="737" xmltv_id="Prva HD (SR)">Prva HD (SR)</channel>
    <channel site="[ENC][EX]hr.eon.tv_0" site_id="1321" xmltv_id="Nova Max">Nova Max</channel>
    <channel site="[ENC][EX]hr.eon.tv_0" site_id="888" xmltv_id="Shoppster TV (RS)">Shoppster TV (RS)</channel>
    <channel site="[ENC][EX]hr.eon.tv_0" site_id="1322" xmltv_id="Nova Series">Nova Series</channel>
    <channel site="[ENC][EX]hr.eon.tv_0" site_id="563" xmltv_id="Epic Drama HD">Epic Drama HD</channel>
    <channel site="[ENC][EX]hr.eon.tv_0" site_id="8" xmltv_id="Cinemania HD">Cinemania HD</channel>
    <channel site="[ENC][EX]hr.eon.tv_0" site_id="9" xmltv_id="Grand (SR)">Grand (SR)</channel>
    <channel site="[ENC][EX]hr.eon.tv_0" site_id="10" xmltv_id="IDJTV HD">IDJTV HD</channel>
    <channel site="[ENC][EX]hr.eon.tv_0" site_id="667" xmltv_id="Brainz HD">Brainz HD</channel>
    <channel site="[ENC][EX]hr.eon.tv_0" site_id="7" xmltv_id="Prva plus">Prva plus</channel>
    <channel site="[ENC][EX]hr.eon.tv_0" site_id="560" xmltv_id="Prva World">Prva World</channel>
    <channel site="[ENC][EX]hr.eon.tv_0" site_id="559" xmltv_id="Prva Kick">Prva Kick</channel>
    <channel site="[ENC][EX]hr.eon.tv_0" site_id="1112" xmltv_id="Insajder TV">Insajder TV</channel>
    <channel site="[ENC][EX]hr.eon.tv_0" site_id="666" xmltv_id="RTS 2 HD">RTS 2 HD</channel>
    <channel site="[ENC][EX]hr.eon.tv_0" site_id="13" xmltv_id="RTS 3 HD">RTS 3 HD</channel>
    <channel site="[ENC][EX]hr.eon.tv_0" site_id="14" xmltv_id="RTV 1">RTV 1</channel>
    <channel site="[ENC][EX]hr.eon.tv_0" site_id="15" xmltv_id="RTV 2">RTV 2</channel>
    <channel site="[ENC][EX]hr.eon.tv_0" site_id="16" xmltv_id="RED TV (Pink 2 HD)">RED TV (Pink 2 HD)</channel>
    <channel site="[ENC][EX]hr.eon.tv_0" site_id="19" xmltv_id="Vesti HD (Pink 3 info)">Vesti HD (Pink 3 info)</channel>
    <channel site="[ENC][EX]hr.eon.tv_0" site_id="20" xmltv_id="Studio B">Studio B</channel>
    <channel site="[ENC][EX]hr.eon.tv_0" site_id="21" xmltv_id="Naša TV (Beograd)">Naša TV (Beograd)</channel>
    <channel site="[ENC][EX]hr.eon.tv_0" site_id="933" xmltv_id="Grand (SR)">Grand (SR)</channel>
    <channel site="[ENC][EX]hr.eon.tv_0" site_id="24" xmltv_id="K::CN 1">K::CN 1</channel>
    <channel site="[ENC][EX]hr.eon.tv_0" site_id="25" xmltv_id="Palma plus">Palma plus</channel>
    <channel site="[ENC][EX]hr.eon.tv_0" site_id="568" xmltv_id="Pink Comedy">Pink Comedy</channel>
    <channel site="[ENC][EX]hr.eon.tv_0" site_id="567" xmltv_id="Pink Thriller">Pink Thriller</channel>
    <channel site="[ENC][EX]hr.eon.tv_0" site_id="566" xmltv_id="Pink Romance">Pink Romance</channel>
    <channel site="[ENC][EX]hr.eon.tv_0" site_id="175" xmltv_id="Pink Action">Pink Action</channel>
    <channel site="[ENC][EX]hr.eon.tv_0" site_id="659" xmltv_id="Pink Crime &amp; Mystery">Pink Crime &amp; Mystery</channel>
    <channel site="[ENC][EX]hr.eon.tv_0" site_id="174" xmltv_id="Pink Film">Pink Film</channel>
    <channel site="[ENC][EX]hr.eon.tv_0" site_id="173" xmltv_id="Pink Movies">Pink Movies</channel>
    <channel site="[ENC][EX]hr.eon.tv_0" site_id="47" xmltv_id="Pink Family">Pink Family</channel>
    <channel site="[ENC][EX]hr.eon.tv_0" site_id="195" xmltv_id="RTS Svet">RTS Svet</channel>
    <channel site="[ENC][EX]hr.eon.tv_0" site_id="185" xmltv_id="SBB Info kanal">SBB Info kanal</channel>
    <channel site="[ENC][EX]hr.eon.tv_0" site_id="160" xmltv_id="Kanal 9">Kanal 9</channel>
    <channel site="[ENC][EX]hr.eon.tv_0" site_id="162" xmltv_id="KTV Zrenjanin">KTV Zrenjanin</channel>
    <channel site="[ENC][EX]hr.eon.tv_0" site_id="171" xmltv_id="TV Belle Amie">TV Belle Amie</channel>
    <channel site="[ENC][EX]hr.eon.tv_0" site_id="158" xmltv_id="TV Most">TV Most</channel>
    <channel site="[ENC][EX]hr.eon.tv_0" site_id="161" xmltv_id="RTV Delta">RTV Delta</channel>
    <channel site="[ENC][EX]hr.eon.tv_0" site_id="548" xmltv_id="RTV Duga">RTV Duga</channel>
    <channel site="[ENC][EX]hr.eon.tv_0" site_id="170" xmltv_id="Regionalna TV">Regionalna TV</channel>
    <channel site="[ENC][EX]hr.eon.tv_0" site_id="169" xmltv_id="Sat TV">Sat TV</channel>
    <channel site="[ENC][EX]hr.eon.tv_0" site_id="163" xmltv_id="Televizija K23">Televizija K23</channel>
    <channel site="[ENC][EX]hr.eon.tv_0" site_id="168" xmltv_id="Televizija V5">Televizija V5</channel>
    <channel site="[ENC][EX]hr.eon.tv_0" site_id="935" xmltv_id="TV Super Sat">TV Super Sat</channel>
    <channel site="[ENC][EX]hr.eon.tv_0" site_id="166" xmltv_id="TV Yu Eco">TV Yu Eco</channel>
    <channel site="[ENC][EX]hr.eon.tv_0" site_id="159" xmltv_id="Novosadska TV">Novosadska TV</channel>
    <channel site="[ENC][EX]hr.eon.tv_0" site_id="164" xmltv_id="Pannon RTV">Pannon RTV</channel>
    <channel site="[ENC][EX]hr.eon.tv_0" site_id="878" xmltv_id="TV Melos (RS)">TV Melos (RS)</channel>
    <channel site="[ENC][EX]hr.eon.tv_0" site_id="676" xmltv_id="TV Subotica SD">TV Subotica SD</channel>
    <channel site="[ENC][EX]hr.eon.tv_0" site_id="673" xmltv_id="TV Santos">TV Santos</channel>
    <channel site="[ENC][EX]hr.eon.tv_0" site_id="178" xmltv_id="Pink Plus">Pink Plus</channel>
    <channel site="[ENC][EX]hr.eon.tv_0" site_id="176" xmltv_id="Pink Extra">Pink Extra</channel>
    <channel site="[ENC][EX]hr.eon.tv_0" site_id="363" xmltv_id="Pink World">Pink World</channel>
    <channel site="[ENC][EX]hr.eon.tv_0" site_id="721" xmltv_id="TV Zona Plus">TV Zona Plus</channel>
    <channel site="[ENC][EX]hr.eon.tv_0" site_id="720" xmltv_id="TV K-1">TV K-1</channel>
    <channel site="[ENC][EX]hr.eon.tv_0" site_id="725" xmltv_id="TV Leskovac">TV Leskovac</channel>
    <channel site="[ENC][EX]hr.eon.tv_0" site_id="719" xmltv_id="TV 5 Užice">TV 5 Užice</channel>
    <channel site="[ENC][EX]hr.eon.tv_0" site_id="718" xmltv_id="TV Kragujevac">TV Kragujevac</channel>
    <channel site="[ENC][EX]hr.eon.tv_0" site_id="722" xmltv_id="RTV Pančevo">RTV Pančevo</channel>
    <channel site="[ENC][EX]hr.eon.tv_0" site_id="448" xmltv_id="N1 HD (HR)">N1 HD (HR)</channel>
    <channel site="[ENC][EX]hr.eon.tv_0" site_id="743" xmltv_id="HRT 1 HD">HRT 1 HD</channel>
    <channel site="[ENC][EX]hr.eon.tv_0" site_id="744" xmltv_id="HRT 2 HD">HRT 2 HD</channel>
    <channel site="[ENC][EX]hr.eon.tv_0" site_id="393" xmltv_id="HRT 3">HRT 3</channel>
    <channel site="[ENC][EX]hr.eon.tv_0" site_id="394" xmltv_id="HRT 4">HRT 4</channel>
    <channel site="[ENC][EX]hr.eon.tv_0" site_id="746" xmltv_id="Nova HR HD">Nova HR HD</channel>
    <channel site="[ENC][EX]hr.eon.tv_0" site_id="398" xmltv_id="RTL (HR)">RTL (HR)</channel>
    <channel site="[ENC][EX]hr.eon.tv_0" site_id="400" xmltv_id="RTL 2 (HR)">RTL 2 (HR)</channel>
    <channel site="[ENC][EX]hr.eon.tv_0" site_id="29" xmltv_id="RTL Croatia World">RTL Croatia World</channel>
    <channel site="[ENC][EX]hr.eon.tv_0" site_id="399" xmltv_id="RTL Living">RTL Living</channel>
    <channel site="[ENC][EX]hr.eon.tv_0" site_id="492" xmltv_id="Z1">Z1</channel>
    <channel site="[ENC][EX]hr.eon.tv_0" site_id="541" xmltv_id="Posavina TV">Posavina TV</channel>
    <channel site="[ENC][EX]hr.eon.tv_0" site_id="877" xmltv_id="NET TV HD">NET TV HD</channel>
    <channel site="[ENC][EX]hr.eon.tv_0" site_id="395" xmltv_id="OTV">OTV</channel>
    <channel site="[ENC][EX]hr.eon.tv_0" site_id="489" xmltv_id="Laudato TV">Laudato TV</channel>
    <channel site="[ENC][EX]hr.eon.tv_0" site_id="28" xmltv_id="Nova HR">Nova HR</channel>
    <channel site="[ENC][EX]hr.eon.tv_0" site_id="199" xmltv_id="N1 HD (BH)">N1 HD (BH)</channel>
    <channel site="[ENC][EX]hr.eon.tv_0" site_id="640" xmltv_id="Nova BH HD">Nova BH HD</channel>
    <channel site="[ENC][EX]hr.eon.tv_0" site_id="30" xmltv_id="OBN">OBN</channel>
    <channel site="[ENC][EX]hr.eon.tv_0" site_id="31" xmltv_id="RTRS">RTRS</channel>
    <channel site="[ENC][EX]hr.eon.tv_0" site_id="32" xmltv_id="Alternativna TV">Alternativna TV</channel>
    <channel site="[ENC][EX]hr.eon.tv_0" site_id="33" xmltv_id="Federalna TV">Federalna TV</channel>
    <channel site="[ENC][EX]hr.eon.tv_0" site_id="449" xmltv_id="BN HD">BN HD</channel>
    <channel site="[ENC][EX]hr.eon.tv_0" site_id="34" xmltv_id="BN Sat HD">BN Sat HD</channel>
    <channel site="[ENC][EX]hr.eon.tv_0" site_id="587" xmltv_id="Pink BH">Pink BH</channel>
    <channel site="[ENC][EX]hr.eon.tv_0" site_id="35" xmltv_id="O Kanal">O Kanal</channel>
    <channel site="[ENC][EX]hr.eon.tv_0" site_id="197" xmltv_id="Alfa (Sarajevo)">Alfa (Sarajevo)</channel>
    <channel site="[ENC][EX]hr.eon.tv_0" site_id="465" xmltv_id="BHT 1 HD">BHT 1 HD</channel>
    <channel site="[ENC][EX]hr.eon.tv_0" site_id="483" xmltv_id="City TV HD">City TV HD</channel>
    <channel site="[ENC][EX]hr.eon.tv_0" site_id="471" xmltv_id="Face HD">Face HD</channel>
    <channel site="[ENC][EX]hr.eon.tv_0" site_id="853" xmltv_id="RTV BIR HD">RTV BIR HD</channel>
    <channel site="[ENC][EX]hr.eon.tv_0" site_id="474" xmltv_id="HTV Oscar C">HTV Oscar C</channel>
    <channel site="[ENC][EX]hr.eon.tv_0" site_id="475" xmltv_id="Kanal 6">Kanal 6</channel>
    <channel site="[ENC][EX]hr.eon.tv_0" site_id="476" xmltv_id="NTV IC Kakanj">NTV IC Kakanj</channel>
    <channel site="[ENC][EX]hr.eon.tv_0" site_id="470" xmltv_id="RTV IS (OSM)">RTV IS (OSM)</channel>
    <channel site="[ENC][EX]hr.eon.tv_0" site_id="402" xmltv_id="OTV Valentino">OTV Valentino</channel>
    <channel site="[ENC][EX]hr.eon.tv_0" site_id="482" xmltv_id="RTV HIT">RTV HIT</channel>
    <channel site="[ENC][EX]hr.eon.tv_0" site_id="484" xmltv_id="RTV Jablanica HD">RTV Jablanica HD</channel>
    <channel site="[ENC][EX]hr.eon.tv_0" site_id="850" xmltv_id="RTV7">RTV7</channel>
    <channel site="[ENC][EX]hr.eon.tv_0" site_id="481" xmltv_id="RTV TK">RTV TK</channel>
    <channel site="[ENC][EX]hr.eon.tv_0" site_id="479" xmltv_id="RTV Visoko">RTV Visoko</channel>
    <channel site="[ENC][EX]hr.eon.tv_0" site_id="200" xmltv_id="Televizija Hema">Televizija Hema</channel>
    <channel site="[ENC][EX]hr.eon.tv_0" site_id="480" xmltv_id="TV Bugojno">TV Bugojno</channel>
    <channel site="[ENC][EX]hr.eon.tv_0" site_id="675" xmltv_id="Izvorna TV">Izvorna TV</channel>
    <channel site="[ENC][EX]hr.eon.tv_0" site_id="478" xmltv_id="Prva BH">Prva BH</channel>
    <channel site="[ENC][EX]hr.eon.tv_0" site_id="469" xmltv_id="RTVHB HD">RTVHB HD</channel>
    <channel site="[ENC][EX]hr.eon.tv_0" site_id="485" xmltv_id="TV Lukavac">TV Lukavac</channel>
    <channel site="[ENC][EX]hr.eon.tv_0" site_id="655" xmltv_id="TV Sarajevo HD (BH)">TV Sarajevo HD (BH)</channel>
    <channel site="[ENC][EX]hr.eon.tv_0" site_id="468" xmltv_id="TV Vogošća HD">TV Vogošća HD</channel>
    <channel site="[ENC][EX]hr.eon.tv_0" site_id="656" xmltv_id="RTV Zenica HD">RTV Zenica HD</channel>
    <channel site="[ENC][EX]hr.eon.tv_0" site_id="552" xmltv_id="TV5 HD (BH)">TV5 HD (BH)</channel>
    <channel site="[ENC][EX]hr.eon.tv_0" site_id="486" xmltv_id="MTV Igman HD">MTV Igman HD</channel>
    <channel site="[ENC][EX]hr.eon.tv_0" site_id="504" xmltv_id="Telemach Info kanal (BH)">Telemach Info kanal (BH)</channel>
    <channel site="[ENC][EX]hr.eon.tv_0" site_id="979" xmltv_id="Parlamentarni kanal">Parlamentarni kanal</channel>
    <channel site="[ENC][EX]hr.eon.tv_0" site_id="575" xmltv_id="RTCG 1 HD">RTCG 1 HD</channel>
    <channel site="[ENC][EX]hr.eon.tv_0" site_id="717" xmltv_id="RTCG 2 HD">RTCG 2 HD</channel>
    <channel site="[ENC][EX]hr.eon.tv_0" site_id="37" xmltv_id="RTCG Sat">RTCG Sat</channel>
    <channel site="[ENC][EX]hr.eon.tv_0" site_id="36" xmltv_id="TV Adria">TV Adria</channel>
    <channel site="[ENC][EX]hr.eon.tv_0" site_id="639" xmltv_id="Nova M HD">Nova M HD</channel>
    <channel site="[ENC][EX]hr.eon.tv_0" site_id="505" xmltv_id="TV Pljevlja">TV Pljevlja</channel>
    <channel site="[ENC][EX]hr.eon.tv_0" site_id="546" xmltv_id="TB1">TB1</channel>
    <channel site="[ENC][EX]hr.eon.tv_0" site_id="452" xmltv_id="Prva (CG)">Prva (CG)</channel>
    <channel site="[ENC][EX]hr.eon.tv_0" site_id="454" xmltv_id="TV 7">TV 7</channel>
    <channel site="[ENC][EX]hr.eon.tv_0" site_id="543" xmltv_id="TV Budva">TV Budva</channel>
    <channel site="[ENC][EX]hr.eon.tv_0" site_id="542" xmltv_id="TV Nikšić">TV Nikšić</channel>
    <channel site="[ENC][EX]hr.eon.tv_0" site_id="547" xmltv_id="TV SUN">TV SUN</channel>
    <channel site="[ENC][EX]hr.eon.tv_0" site_id="453" xmltv_id="TV Vijesti">TV Vijesti</channel>
    <channel site="[ENC][EX]hr.eon.tv_0" site_id="506" xmltv_id="Telemach Info kanal (CG)">Telemach Info kanal (CG)</channel>
    <channel site="[ENC][EX]hr.eon.tv_0" site_id="586" xmltv_id="Pink M">Pink M</channel>
    <channel site="[ENC][EX]hr.eon.tv_0" site_id="544" xmltv_id="Jadran TV ME">Jadran TV ME</channel>
    <channel site="[ENC][EX]hr.eon.tv_0" site_id="772" xmltv_id="RTV Herceg Novi">RTV Herceg Novi</channel>
    <channel site="[ENC][EX]hr.eon.tv_0" site_id="404" xmltv_id="MRT 1">MRT 1</channel>
    <channel site="[ENC][EX]hr.eon.tv_0" site_id="405" xmltv_id="MRT 2">MRT 2</channel>
    <channel site="[ENC][EX]hr.eon.tv_0" site_id="406" xmltv_id="MRT Sobraniski">MRT Sobraniski</channel>
    <channel site="[ENC][EX]hr.eon.tv_0" site_id="565" xmltv_id="Телевизија 24">Телевизија 24</channel>
    <channel site="[ENC][EX]hr.eon.tv_0" site_id="407" xmltv_id="Alsat Macedonia">Alsat Macedonia</channel>
    <channel site="[ENC][EX]hr.eon.tv_0" site_id="403" xmltv_id="Alfa (Skoplje)">Alfa (Skoplje)</channel>
    <channel site="[ENC][EX]hr.eon.tv_0" site_id="408" xmltv_id="Vizion +">Vizion +</channel>
    <channel site="[ENC][EX]hr.eon.tv_0" site_id="564" xmltv_id="Kanal 5">Kanal 5</channel>
    <channel site="[ENC][EX]hr.eon.tv_0" site_id="874" xmltv_id="Srpska TV (CG)">Srpska TV (CG)</channel>
    <channel site="[ENC][EX]hr.eon.tv_0" site_id="338" xmltv_id="SLO 1 HD">SLO 1 HD</channel>
    <channel site="[ENC][EX]hr.eon.tv_0" site_id="339" xmltv_id="SLO 2 HD">SLO 2 HD</channel>
    <channel site="[ENC][EX]hr.eon.tv_0" site_id="873" xmltv_id="SLO 3 HD">SLO 3 HD</channel>
    <channel site="[ENC][EX]hr.eon.tv_0" site_id="340" xmltv_id="POP TV HD">POP TV HD</channel>
    <channel site="[ENC][EX]hr.eon.tv_0" site_id="341" xmltv_id="Kanal A HD">Kanal A HD</channel>
    <channel site="[ENC][EX]hr.eon.tv_0" site_id="342" xmltv_id="Brio HD">Brio HD</channel>
    <channel site="[ENC][EX]hr.eon.tv_0" site_id="628" xmltv_id="TV3 HD">TV3 HD</channel>
    <channel site="[ENC][EX]hr.eon.tv_0" site_id="343" xmltv_id="Planet TV HD">Planet TV HD</channel>
    <channel site="[ENC][EX]hr.eon.tv_0" site_id="348" xmltv_id="Planet 2 HD">Planet 2 HD</channel>
    <channel site="[ENC][EX]hr.eon.tv_0" site_id="271" xmltv_id="Nova24 TV HD">Nova24 TV HD</channel>
    <channel site="[ENC][EX]hr.eon.tv_0" site_id="327" xmltv_id="VTV HD">VTV HD</channel>
    <channel site="[ENC][EX]hr.eon.tv_0" site_id="886" xmltv_id="Arena TV HD">Arena TV HD</channel>
    <channel site="[ENC][EX]hr.eon.tv_0" site_id="349" xmltv_id="Gold TV HD">Gold TV HD</channel>
    <channel site="[ENC][EX]hr.eon.tv_0" site_id="391" xmltv_id="GTV">GTV</channel>
    <channel site="[ENC][EX]hr.eon.tv_0" site_id="333" xmltv_id="RTS Maribor">RTS Maribor</channel>
    <channel site="[ENC][EX]hr.eon.tv_0" site_id="332" xmltv_id="SIP TV">SIP TV</channel>
    <channel site="[ENC][EX]hr.eon.tv_0" site_id="334" xmltv_id="TV Koper HD">TV Koper HD</channel>
    <channel site="[ENC][EX]hr.eon.tv_0" site_id="331" xmltv_id="TV Maribor HD">TV Maribor HD</channel>
    <channel site="[ENC][EX]hr.eon.tv_0" site_id="323" xmltv_id="Aktual TV HD">Aktual TV HD</channel>
    <channel site="[ENC][EX]hr.eon.tv_0" site_id="328" xmltv_id="Exodus TV">Exodus TV</channel>
    <channel site="[ENC][EX]hr.eon.tv_0" site_id="330" xmltv_id="Telemach Info kanal (SI)">Telemach Info kanal (SI)</channel>
    <channel site="[ENC][EX]hr.eon.tv_0" site_id="1323" xmltv_id="Grand Nostalgija">Grand Nostalgija</channel>
    <channel site="[ENC][EX]hr.eon.tv_0" site_id="56" xmltv_id="FOX HD (INT)">FOX HD (INT)</channel>
    <channel site="[ENC][EX]hr.eon.tv_0" site_id="58" xmltv_id="FOX Crime HD (INT)">FOX Crime HD (INT)</channel>
    <channel site="[ENC][EX]hr.eon.tv_0" site_id="57" xmltv_id="FOX Life HD (INT)">FOX Life HD (INT)</channel>
    <channel site="[ENC][EX]hr.eon.tv_0" site_id="59" xmltv_id="FOX Movies HD (INT)">FOX Movies HD (INT)</channel>
    <channel site="[ENC][EX]hr.eon.tv_0" site_id="42" xmltv_id="AXN">AXN</channel>
    <channel site="[ENC][EX]hr.eon.tv_0" site_id="43" xmltv_id="Diva">Diva</channel>
    <channel site="[ENC][EX]hr.eon.tv_0" site_id="44" xmltv_id="TV1000">TV1000</channel>
    <channel site="[ENC][EX]hr.eon.tv_0" site_id="580" xmltv_id="CineStar TV Comedy &amp; Family HD">CineStar TV Comedy &amp; Family HD</channel>
    <channel site="[ENC][EX]hr.eon.tv_0" site_id="46" xmltv_id="Nicktoons (SR)">Nicktoons (SR)</channel>
    <channel site="[ENC][EX]hr.eon.tv_0" site_id="45" xmltv_id="AMC HD (INT)">AMC HD (INT)</channel>
    <channel site="[ENC][EX]hr.eon.tv_0" site_id="581" xmltv_id="Pink Western">Pink Western</channel>
    <channel site="[ENC][EX]hr.eon.tv_0" site_id="582" xmltv_id="Pink Horror">Pink Horror</channel>
    <channel site="[ENC][EX]hr.eon.tv_0" site_id="583" xmltv_id="Pink Soap">Pink Soap</channel>
    <channel site="[ENC][EX]hr.eon.tv_0" site_id="584" xmltv_id="Pink Sci-Fi &amp; Fantasy">Pink Sci-Fi &amp; Fantasy</channel>
    <channel site="[ENC][EX]hr.eon.tv_0" site_id="690" xmltv_id="Pink World Cinema">Pink World Cinema</channel>
    <channel site="[ENC][EX]hr.eon.tv_0" site_id="704" xmltv_id="Pink Classic">Pink Classic</channel>
    <channel site="[ENC][EX]hr.eon.tv_0" site_id="694" xmltv_id="Pink Serije">Pink Serije</channel>
    <channel site="[ENC][EX]hr.eon.tv_0" site_id="48" xmltv_id="CineStar TV 1 HD (SR)">CineStar TV 1 HD (SR)</channel>
    <channel site="[ENC][EX]hr.eon.tv_0" site_id="50" xmltv_id="CineStar TV Action HD (RS)">CineStar TV Action HD (RS)</channel>
    <channel site="[ENC][EX]hr.eon.tv_0" site_id="49" xmltv_id="CineStar TV Fantasy HD">CineStar TV Fantasy HD</channel>
    <channel site="[ENC][EX]hr.eon.tv_0" site_id="51" xmltv_id="CineStar TV Premiere 1 HD">CineStar TV Premiere 1 HD</channel>
    <channel site="[ENC][EX]hr.eon.tv_0" site_id="52" xmltv_id="CineStar TV Premiere 2 HD">CineStar TV Premiere 2 HD</channel>
    <channel site="[ENC][EX]hr.eon.tv_0" site_id="773" xmltv_id="CineStar TV 2 HD">CineStar TV 2 HD</channel>
    <channel site="[ENC][EX]hr.eon.tv_0" site_id="576" xmltv_id="SCI FI HD">SCI FI HD</channel>
    <channel site="[ENC][EX]hr.eon.tv_0" site_id="55" xmltv_id="AXN Spin">AXN Spin</channel>
    <channel site="[ENC][EX]hr.eon.tv_0" site_id="577" xmltv_id="Russian Kino">Russian Kino</channel>
    <channel site="[ENC][EX]hr.eon.tv_0" site_id="60" xmltv_id="HBO HD">HBO HD</channel>
    <channel site="[ENC][EX]hr.eon.tv_0" site_id="62" xmltv_id="HBO 3 HD">HBO 3 HD</channel>
    <channel site="[ENC][EX]hr.eon.tv_0" site_id="61" xmltv_id="HBO 2 HD">HBO 2 HD</channel>
    <channel site="[ENC][EX]hr.eon.tv_0" site_id="63" xmltv_id="Cinemax HD">Cinemax HD</channel>
    <channel site="[ENC][EX]hr.eon.tv_0" site_id="64" xmltv_id="Cinemax 2 HD">Cinemax 2 HD</channel>
    <channel site="[ENC][EX]hr.eon.tv_0" site_id="283" xmltv_id="CineStar TV 1 HD (HR)">CineStar TV 1 HD (HR)</channel>
    <channel site="[ENC][EX]hr.eon.tv_0" site_id="462" xmltv_id="CineStar TV Action HD (HR)">CineStar TV Action HD (HR)</channel>
    <channel site="[ENC][EX]hr.eon.tv_0" site_id="493" xmltv_id="Cinema TV">Cinema TV</channel>
    <channel site="[ENC][EX]hr.eon.tv_0" site_id="355" xmltv_id="FOX HD (SI)">FOX HD (SI)</channel>
    <channel site="[ENC][EX]hr.eon.tv_0" site_id="357" xmltv_id="FOX Crime HD (SI)">FOX Crime HD (SI)</channel>
    <channel site="[ENC][EX]hr.eon.tv_0" site_id="356" xmltv_id="FOX Life HD (SI)">FOX Life HD (SI)</channel>
    <channel site="[ENC][EX]hr.eon.tv_0" site_id="358" xmltv_id="FOX Movies HD (SI)">FOX Movies HD (SI)</channel>
    <channel site="[ENC][EX]hr.eon.tv_0" site_id="344" xmltv_id="Kino HD">Kino HD</channel>
    <channel site="[ENC][EX]hr.eon.tv_0" site_id="65" xmltv_id="SHORTSTV HD">SHORTSTV HD</channel>
    <channel site="[ENC][EX]hr.eon.tv_0" site_id="728" xmltv_id="Nova Sport HD">Nova Sport HD</channel>
    <channel site="[ENC][EX]hr.eon.tv_0" site_id="18" xmltv_id="SK HD">SK HD</channel>
    <channel site="[ENC][EX]hr.eon.tv_0" site_id="66" xmltv_id="SK 1 HD (SR)">SK 1 HD (SR)</channel>
    <channel site="[ENC][EX]hr.eon.tv_0" site_id="67" xmltv_id="SK 2 HD (SR)">SK 2 HD (SR)</channel>
    <channel site="[ENC][EX]hr.eon.tv_0" site_id="68" xmltv_id="SK 3 HD (SR)">SK 3 HD (SR)</channel>
    <channel site="[ENC][EX]hr.eon.tv_0" site_id="69" xmltv_id="SK 4 HD (SR)">SK 4 HD (SR)</channel>
    <channel site="[ENC][EX]hr.eon.tv_0" site_id="70" xmltv_id="SK 5 HD (SR)">SK 5 HD (SR)</channel>
    <channel site="[ENC][EX]hr.eon.tv_0" site_id="74" xmltv_id="SK 7 HD (SR)">SK 7 HD (SR)</channel>
    <channel site="[ENC][EX]hr.eon.tv_0" site_id="75" xmltv_id="SK 8 HD (SR)">SK 8 HD (SR)</channel>
    <channel site="[ENC][EX]hr.eon.tv_0" site_id="76" xmltv_id="SK 9 HD (SR)">SK 9 HD (SR)</channel>
    <channel site="[ENC][EX]hr.eon.tv_0" site_id="77" xmltv_id="SK 10 HD (SR)">SK 10 HD (SR)</channel>
    <channel site="[ENC][EX]hr.eon.tv_0" site_id="644" xmltv_id="SK 4K">SK 4K</channel>
    <channel site="[ENC][EX]hr.eon.tv_0" site_id="941" xmltv_id="SK 4K IPTV">SK 4K IPTV</channel>
    <channel site="[ENC][EX]hr.eon.tv_0" site_id="72" xmltv_id="SK Fight">SK Fight</channel>
    <channel site="[ENC][EX]hr.eon.tv_0" site_id="73" xmltv_id="SK Golf HD">SK Golf HD</channel>
    <channel site="[ENC][EX]hr.eon.tv_0" site_id="84" xmltv_id="Eurosport 1 HD">Eurosport 1 HD</channel>
    <channel site="[ENC][EX]hr.eon.tv_0" site_id="85" xmltv_id="Eurosport 2 HD">Eurosport 2 HD</channel>
    <channel site="[ENC][EX]hr.eon.tv_0" site_id="687" xmltv_id="SK Esports">SK Esports</channel>
    <channel site="[ENC][EX]hr.eon.tv_0" site_id="81" xmltv_id="Extreme Sports">Extreme Sports</channel>
    <channel site="[ENC][EX]hr.eon.tv_0" site_id="82" xmltv_id="Motorvision TV HD">Motorvision TV HD</channel>
    <channel site="[ENC][EX]hr.eon.tv_0" site_id="456" xmltv_id="SK 1 (HR)">SK 1 (HR)</channel>
    <channel site="[ENC][EX]hr.eon.tv_0" site_id="557" xmltv_id="SK 1 HD (BIH)">SK 1 HD (BIH)</channel>
    <channel site="[ENC][EX]hr.eon.tv_0" site_id="455" xmltv_id="SK 1 HD (CG)">SK 1 HD (CG)</channel>
    <channel site="[ENC][EX]hr.eon.tv_0" site_id="345" xmltv_id="SK 1 HD (SI)">SK 1 HD (SI)</channel>
    <channel site="[ENC][EX]hr.eon.tv_0" site_id="346" xmltv_id="SK 2 HD (SI)">SK 2 HD (SI)</channel>
    <channel site="[ENC][EX]hr.eon.tv_0" site_id="347" xmltv_id="SK 3 HD (SI)">SK 3 HD (SI)</channel>
    <channel site="[ENC][EX]hr.eon.tv_0" site_id="885" xmltv_id="SK 4 HD (SI)">SK 4 HD (SI)</channel>
    <channel site="[ENC][EX]hr.eon.tv_0" site_id="292" xmltv_id="SK 5 HD (SI)">SK 5 HD (SI)</channel>
    <channel site="[ENC][EX]hr.eon.tv_0" site_id="293" xmltv_id="SK 6 HD (SI)">SK 6 HD (SI)</channel>
    <channel site="[ENC][EX]hr.eon.tv_0" site_id="350" xmltv_id="Šport TV 1 HD">Šport TV 1 HD</channel>
    <channel site="[ENC][EX]hr.eon.tv_0" site_id="351" xmltv_id="Šport TV 2 HD">Šport TV 2 HD</channel>
    <channel site="[ENC][EX]hr.eon.tv_0" site_id="352" xmltv_id="Šport TV 3 HD">Šport TV 3 HD</channel>
    <channel site="[ENC][EX]hr.eon.tv_0" site_id="297" xmltv_id="Nautical Channel HD">Nautical Channel HD</channel>
    <channel site="[ENC][EX]hr.eon.tv_0" site_id="337" xmltv_id="Sport 1">Sport 1</channel>
    <channel site="[ENC][EX]hr.eon.tv_0" site_id="172" xmltv_id="SOS Kanal Plus">SOS Kanal Plus</channel>
    <channel site="[ENC][EX]hr.eon.tv_0" site_id="561" xmltv_id="Pikaboo HD">Pikaboo HD</channel>
    <channel site="[ENC][EX]hr.eon.tv_0" site_id="87" xmltv_id="Minimax">Minimax</channel>
    <channel site="[ENC][EX]hr.eon.tv_0" site_id="88" xmltv_id="Nickelodeon">Nickelodeon</channel>
    <channel site="[ENC][EX]hr.eon.tv_0" site_id="572" xmltv_id="Vavoom HD">Vavoom HD</channel>
    <channel site="[ENC][EX]hr.eon.tv_0" site_id="90" xmltv_id="Disney Channel">Disney Channel</channel>
    <channel site="[ENC][EX]hr.eon.tv_0" site_id="91" xmltv_id="Cartoon Network">Cartoon Network</channel>
    <channel site="[ENC][EX]hr.eon.tv_0" site_id="92" xmltv_id="Pink Kids">Pink Kids</channel>
    <channel site="[ENC][EX]hr.eon.tv_0" site_id="93" xmltv_id="Cartoonito /Boomerang">Cartoonito /Boomerang</channel>
    <channel site="[ENC][EX]hr.eon.tv_0" site_id="94" xmltv_id="Nick Jr.">Nick Jr.</channel>
    <channel site="[ENC][EX]hr.eon.tv_0" site_id="95" xmltv_id="Nickelodeon HD">Nickelodeon HD</channel>
    <channel site="[ENC][EX]hr.eon.tv_0" site_id="289" xmltv_id="Jim Jam">Jim Jam</channel>
    <channel site="[ENC][EX]hr.eon.tv_0" site_id="96" xmltv_id="BabyTV">BabyTV</channel>
    <channel site="[ENC][EX]hr.eon.tv_0" site_id="691" xmltv_id="Pink super kids">Pink super kids</channel>
    <channel site="[ENC][EX]hr.eon.tv_0" site_id="491" xmltv_id="RTL Kockica">RTL Kockica</channel>
    <channel site="[ENC][EX]hr.eon.tv_0" site_id="354" xmltv_id="OTO HD">OTO HD</channel>
    <channel site="[ENC][EX]hr.eon.tv_0" site_id="741" xmltv_id="Disney Junior">Disney Junior</channel>
    <channel site="[ENC][EX]hr.eon.tv_0" site_id="306" xmltv_id="Super RTL">Super RTL</channel>
    <channel site="[ENC][EX]hr.eon.tv_0" site_id="107" xmltv_id="National Geographic HD">National Geographic HD</channel>
    <channel site="[ENC][EX]hr.eon.tv_0" site_id="99" xmltv_id="History HD">History HD</channel>
    <channel site="[ENC][EX]hr.eon.tv_0" site_id="730" xmltv_id="Viasat Explore HD">Viasat Explore HD</channel>
    <channel site="[ENC][EX]hr.eon.tv_0" site_id="101" xmltv_id="Lov i Ribolov">Lov i Ribolov</channel>
    <channel site="[ENC][EX]hr.eon.tv_0" site_id="17" xmltv_id="Animal Planet HD">Animal Planet HD</channel>
    <channel site="[ENC][EX]hr.eon.tv_0" site_id="103" xmltv_id="Viasat Nature">Viasat Nature</channel>
    <channel site="[ENC][EX]hr.eon.tv_0" site_id="117" xmltv_id="ID Xtra HD">ID Xtra HD</channel>
    <channel site="[ENC][EX]hr.eon.tv_0" site_id="106" xmltv_id="CBS Reality">CBS Reality</channel>
    <channel site="[ENC][EX]hr.eon.tv_0" site_id="111" xmltv_id="Nat Geo Wild HD">Nat Geo Wild HD</channel>
    <channel site="[ENC][EX]hr.eon.tv_0" site_id="112" xmltv_id="BBC Earth HD">BBC Earth HD</channel>
    <channel site="[ENC][EX]hr.eon.tv_0" site_id="731" xmltv_id="Viasat History HD">Viasat History HD</channel>
    <channel site="[ENC][EX]hr.eon.tv_0" site_id="115" xmltv_id="History 2 HD">History 2 HD</channel>
    <channel site="[ENC][EX]hr.eon.tv_0" site_id="116" xmltv_id="Crime &amp; Investigation">Crime &amp; Investigation</channel>
    <channel site="[ENC][EX]hr.eon.tv_0" site_id="695" xmltv_id="Pink Pedia">Pink Pedia</channel>
    <channel site="[ENC][EX]hr.eon.tv_0" site_id="733" xmltv_id="Zadruga Live 1">Zadruga Live 1</channel>
    <channel site="[ENC][EX]hr.eon.tv_0" site_id="734" xmltv_id="Zadruga Live 2">Zadruga Live 2</channel>
    <channel site="[ENC][EX]hr.eon.tv_0" site_id="735" xmltv_id="Zadruga Live 3">Zadruga Live 3</channel>
    <channel site="[ENC][EX]hr.eon.tv_0" site_id="736" xmltv_id="Zadruga Live 4">Zadruga Live 4</channel>
    <channel site="[ENC][EX]hr.eon.tv_0" site_id="118" xmltv_id="24Kitchen HD (INT)">24Kitchen HD (INT)</channel>
    <channel site="[ENC][EX]hr.eon.tv_0" site_id="940" xmltv_id="TLC HD (RS)">TLC HD (RS)</channel>
    <channel site="[ENC][EX]hr.eon.tv_0" site_id="120" xmltv_id="E! Entertainment">E! Entertainment</channel>
    <channel site="[ENC][EX]hr.eon.tv_0" site_id="121" xmltv_id="FTV TV HD">FTV TV HD</channel>
    <channel site="[ENC][EX]hr.eon.tv_0" site_id="774" xmltv_id="Home and Garden TV">Home and Garden TV</channel>
    <channel site="[ENC][EX]hr.eon.tv_0" site_id="123" xmltv_id="Woman HD">Woman HD</channel>
    <channel site="[ENC][EX]hr.eon.tv_0" site_id="124" xmltv_id="Dr.Fit HD">Dr.Fit HD</channel>
    <channel site="[ENC][EX]hr.eon.tv_0" site_id="125" xmltv_id="Travel Channel HD">Travel Channel HD</channel>
    <channel site="[ENC][EX]hr.eon.tv_0" site_id="706" xmltv_id="Ha ha">Ha ha</channel>
    <channel site="[ENC][EX]hr.eon.tv_0" site_id="705" xmltv_id="Lol">Lol</channel>
    <channel site="[ENC][EX]hr.eon.tv_0" site_id="127" xmltv_id="Trace Sport Stars HD">Trace Sport Stars HD</channel>
    <channel site="[ENC][EX]hr.eon.tv_0" site_id="693" xmltv_id="Pink Show">Pink Show</channel>
    <channel site="[ENC][EX]hr.eon.tv_0" site_id="692" xmltv_id="Pink Style">Pink Style</channel>
    <channel site="[ENC][EX]hr.eon.tv_0" site_id="703" xmltv_id="Pink Fashion">Pink Fashion</channel>
    <channel site="[ENC][EX]hr.eon.tv_0" site_id="698" xmltv_id="Pink Kuvar">Pink Kuvar</channel>
    <channel site="[ENC][EX]hr.eon.tv_0" site_id="359" xmltv_id="Planet Earth HD">Planet Earth HD</channel>
    <channel site="[ENC][EX]hr.eon.tv_0" site_id="364" xmltv_id="Pink Reality">Pink Reality</channel>
    <channel site="[ENC][EX]hr.eon.tv_0" site_id="362" xmltv_id="Pink Zabava">Pink Zabava</channel>
    <channel site="[ENC][EX]hr.eon.tv_0" site_id="663" xmltv_id="National Geographic HD (SI)">National Geographic HD (SI)</channel>
    <channel site="[ENC][EX]hr.eon.tv_0" site_id="353" xmltv_id="24Kitchen HD (SI)">24Kitchen HD (SI)</channel>
    <channel site="[ENC][EX]hr.eon.tv_0" site_id="278" xmltv_id="Grand International">Grand International</channel>
    <channel site="[ENC][EX]hr.eon.tv_0" site_id="129" xmltv_id="Grand narodna televizija 2">Grand narodna televizija 2</channel>
    <channel site="[ENC][EX]hr.eon.tv_0" site_id="130" xmltv_id="Pink Music">Pink Music</channel>
    <channel site="[ENC][EX]hr.eon.tv_0" site_id="131" xmltv_id="CMC">CMC</channel>
    <channel site="[ENC][EX]hr.eon.tv_0" site_id="132" xmltv_id="DM Sat">DM Sat</channel>
    <channel site="[ENC][EX]hr.eon.tv_0" site_id="133" xmltv_id="MTV">MTV</channel>
    <channel site="[ENC][EX]hr.eon.tv_0" site_id="134" xmltv_id="MTV 00s (VH1 Europe)">MTV 00s (VH1 Europe)</channel>
    <channel site="[ENC][EX]hr.eon.tv_0" site_id="135" xmltv_id="Trace Urban HD">Trace Urban HD</channel>
    <channel site="[ENC][EX]hr.eon.tv_0" site_id="136" xmltv_id="MTV 90s (MTV Rocks)">MTV 90s (MTV Rocks)</channel>
    <channel site="[ENC][EX]hr.eon.tv_0" site_id="137" xmltv_id="MTV Hits">MTV Hits</channel>
    <channel site="[ENC][EX]hr.eon.tv_0" site_id="138" xmltv_id="Club MTV">Club MTV</channel>
    <channel site="[ENC][EX]hr.eon.tv_0" site_id="139" xmltv_id="MTV 80s (VH1 Classic)">MTV 80s (VH1 Classic)</channel>
    <channel site="[ENC][EX]hr.eon.tv_0" site_id="141" xmltv_id="MTV Live HD">MTV Live HD</channel>
    <channel site="[ENC][EX]hr.eon.tv_0" site_id="142" xmltv_id="iConcerts HD">iConcerts HD</channel>
    <channel site="[ENC][EX]hr.eon.tv_0" site_id="365" xmltv_id="Bravo Music">Bravo Music</channel>
    <channel site="[ENC][EX]hr.eon.tv_0" site_id="361" xmltv_id="Pink Folk">Pink Folk</channel>
    <channel site="[ENC][EX]hr.eon.tv_0" site_id="324" xmltv_id="K::CN Music 2">K::CN Music 2</channel>
    <channel site="[ENC][EX]hr.eon.tv_0" site_id="397" xmltv_id="Jugoton TV">Jugoton TV</channel>
    <channel site="[ENC][EX]hr.eon.tv_0" site_id="201" xmltv_id="BN Music HD">BN Music HD</channel>
    <channel site="[ENC][EX]hr.eon.tv_0" site_id="401" xmltv_id="Bujrum TV">Bujrum TV</channel>
    <channel site="[ENC][EX]hr.eon.tv_0" site_id="444" xmltv_id="K::CN Svet +3 (W2)">K::CN Svet +3 (W2)</channel>
    <channel site="[ENC][EX]hr.eon.tv_0" site_id="322" xmltv_id="TV Veseljak Golica HD">TV Veseljak Golica HD</channel>
    <channel site="[ENC][EX]hr.eon.tv_0" site_id="202" xmltv_id="Golica TV HD">Golica TV HD</channel>
    <channel site="[ENC][EX]hr.eon.tv_0" site_id="321" xmltv_id="Veseljak TV">Veseljak TV</channel>
    <channel site="[ENC][EX]hr.eon.tv_0" site_id="664" xmltv_id="MTV (SI)">MTV (SI)</channel>
    <channel site="[ENC][EX]hr.eon.tv_0" site_id="409" xmltv_id="Balkanika">Balkanika</channel>
    <channel site="[ENC][EX]hr.eon.tv_0" site_id="143" xmltv_id="CNN">CNN</channel>
    <channel site="[ENC][EX]hr.eon.tv_0" site_id="144" xmltv_id="BBC World News">BBC World News</channel>
    <channel site="[ENC][EX]hr.eon.tv_0" site_id="145" xmltv_id="Russia Today HD">Russia Today HD</channel>
    <channel site="[ENC][EX]hr.eon.tv_0" site_id="146" xmltv_id="Euronews HD">Euronews HD</channel>
    <channel site="[ENC][EX]hr.eon.tv_0" site_id="147" xmltv_id="Bloomberg">Bloomberg</channel>
    <channel site="[ENC][EX]hr.eon.tv_0" site_id="657" xmltv_id="Al Jazeera Balkans HD">Al Jazeera Balkans HD</channel>
    <channel site="[ENC][EX]hr.eon.tv_0" site_id="149" xmltv_id="CCTV 4">CCTV 4</channel>
    <channel site="[ENC][EX]hr.eon.tv_0" site_id="150" xmltv_id="Rai Uno">Rai Uno</channel>
    <channel site="[ENC][EX]hr.eon.tv_0" site_id="151" xmltv_id="Rai Due">Rai Due</channel>
    <channel site="[ENC][EX]hr.eon.tv_0" site_id="781" xmltv_id="Mediaset Italia">Mediaset Italia</channel>
    <channel site="[ENC][EX]hr.eon.tv_0" site_id="152" xmltv_id="Channel One Russia">Channel One Russia</channel>
    <channel site="[ENC][EX]hr.eon.tv_0" site_id="153" xmltv_id="RTL (DE)">RTL (DE)</channel>
    <channel site="[ENC][EX]hr.eon.tv_0" site_id="305" xmltv_id="RTL 2 (DE)">RTL 2 (DE)</channel>
    <channel site="[ENC][EX]hr.eon.tv_0" site_id="154" xmltv_id="Deutsche Welle">Deutsche Welle</channel>
    <channel site="[ENC][EX]hr.eon.tv_0" site_id="155" xmltv_id="TVE">TVE</channel>
    <channel site="[ENC][EX]hr.eon.tv_0" site_id="156" xmltv_id="TV5 Monde">TV5 Monde</channel>
    <channel site="[ENC][EX]hr.eon.tv_0" site_id="157" xmltv_id="Duna World HD (RS)">Duna World HD (RS)</channel>
    <channel site="[ENC][EX]hr.eon.tv_0" site_id="203" xmltv_id="M1">M1</channel>
    <channel site="[ENC][EX]hr.eon.tv_0" site_id="204" xmltv_id="M2">M2</channel>
    <channel site="[ENC][EX]hr.eon.tv_0" site_id="205" xmltv_id="M5">M5</channel>
    <channel site="[ENC][EX]hr.eon.tv_0" site_id="301" xmltv_id="CNBC Europe">CNBC Europe</channel>
    <channel site="[ENC][EX]hr.eon.tv_0" site_id="336" xmltv_id="Sky News">Sky News</channel>
    <channel site="[ENC][EX]hr.eon.tv_0" site_id="315" xmltv_id="France 2 HD">France 2 HD</channel>
    <channel site="[ENC][EX]hr.eon.tv_0" site_id="316" xmltv_id="France 24 HD">France 24 HD</channel>
    <channel site="[ENC][EX]hr.eon.tv_0" site_id="314" xmltv_id="CGTN">CGTN</channel>
    <channel site="[ENC][EX]hr.eon.tv_0" site_id="312" xmltv_id="3SAT HD">3SAT HD</channel>
    <channel site="[ENC][EX]hr.eon.tv_0" site_id="309" xmltv_id="ARD HD">ARD HD</channel>
    <channel site="[ENC][EX]hr.eon.tv_0" site_id="310" xmltv_id="Arte HD">Arte HD</channel>
    <channel site="[ENC][EX]hr.eon.tv_0" site_id="311" xmltv_id="Kabel 1">Kabel 1</channel>
    <channel site="[ENC][EX]hr.eon.tv_0" site_id="304" xmltv_id="Pro7">Pro7</channel>
    <channel site="[ENC][EX]hr.eon.tv_0" site_id="307" xmltv_id="SAT 1">SAT 1</channel>
    <channel site="[ENC][EX]hr.eon.tv_0" site_id="360" xmltv_id="Servus TV HD">Servus TV HD</channel>
    <channel site="[ENC][EX]hr.eon.tv_0" site_id="313" xmltv_id="VOX">VOX</channel>
    <channel site="[ENC][EX]hr.eon.tv_0" site_id="308" xmltv_id="ZDF HD">ZDF HD</channel>
    <channel site="[ENC][EX]hr.eon.tv_0" site_id="460" xmltv_id="RTR Planeta">RTR Planeta</channel>
    <channel site="[ENC][EX]hr.eon.tv_0" site_id="461" xmltv_id="TRT Avaz">TRT Avaz</channel>
    <channel site="[ENC][EX]hr.eon.tv_0" site_id="300" xmltv_id="RT Kosovo">RT Kosovo</channel>
    <channel site="[ENC][EX]hr.eon.tv_0" site_id="302" xmltv_id="ORF 1 HD">ORF 1 HD</channel>
    <channel site="[ENC][EX]hr.eon.tv_0" site_id="303" xmltv_id="ORF 2 HD">ORF 2 HD</channel>
    <channel site="[ENC][EX]hr.eon.tv_0" site_id="674" xmltv_id="Romania International">Romania International</channel>
    <channel site="[ENC][EX]hr.eon.tv_0" site_id="857" xmltv_id="Dorcel XXX">Dorcel XXX</channel>
    <channel site="[ENC][EX]hr.eon.tv_0" site_id="179" xmltv_id="Private TV">Private TV</channel>
    <channel site="[ENC][EX]hr.eon.tv_0" site_id="181" xmltv_id="Dusk!">Dusk!</channel>
    <channel site="[ENC][EX]hr.eon.tv_0" site_id="182" xmltv_id="Hustler">Hustler</channel>
    <channel site="[ENC][EX]hr.eon.tv_0" site_id="183" xmltv_id="Dorcel HD">Dorcel HD</channel>
    <channel site="[ENC][EX]hr.eon.tv_0" site_id="369" xmltv_id="Balkan Erotic HD">Balkan Erotic HD</channel>
    <channel site="[ENC][EX]hr.eon.tv_0" site_id="375" xmltv_id="Bangerz HD">Bangerz HD</channel>
    <channel site="[ENC][EX]hr.eon.tv_0" site_id="377" xmltv_id="Fastboyz HD">Fastboyz HD</channel>
    <channel site="[ENC][EX]hr.eon.tv_0" site_id="373" xmltv_id="Hot Pleasure HD">Hot Pleasure HD</channel>
    <channel site="[ENC][EX]hr.eon.tv_0" site_id="184" xmltv_id="Hustler HD">Hustler HD</channel>
    <channel site="[ENC][EX]hr.eon.tv_0" site_id="368" xmltv_id="NET XXL">NET XXL</channel>
    <channel site="[ENC][EX]hr.eon.tv_0" site_id="376" xmltv_id="Old Timer HD">Old Timer HD</channel>
    <channel site="[ENC][EX]hr.eon.tv_0" site_id="366" xmltv_id="Pink Erotika 1">Pink Erotika 1</channel>
    <channel site="[ENC][EX]hr.eon.tv_0" site_id="367" xmltv_id="Pink Erotika 2">Pink Erotika 2</channel>
    <channel site="[ENC][EX]hr.eon.tv_0" site_id="856" xmltv_id="Playboy TV HD">Playboy TV HD</channel>
    <channel site="[ENC][EX]hr.eon.tv_0" site_id="876" xmltv_id="Playhouse HD">Playhouse HD</channel>
    <channel site="[ENC][EX]hr.eon.tv_0" site_id="875" xmltv_id="RED XXX HD">RED XXX HD</channel>
    <channel site="[ENC][EX]hr.eon.tv_0" site_id="374" xmltv_id="Sexation HD">Sexation HD</channel>
    <channel site="[ENC][EX]hr.eon.tv_0" site_id="378" xmltv_id="Taboo HD">Taboo HD</channel>
    <channel site="[ENC][EX]hr.eon.tv_0" site_id="1024" xmltv_id="HRT 3 HD (HR)">HRT 3 HD (HR)</channel>
    <channel site="[ENC][EX]hr.eon.tv_0" site_id="984" xmltv_id="VA Plus (TV Valjevo Plus)">VA Plus (TV Valjevo Plus)</channel>
    <channel site="[ENC][EX]hr.eon.tv_0" site_id="987" xmltv_id="IDJKids HD (RS)">IDJKids HD (RS)</channel>
    <channel site="[ENC][EX]hr.eon.tv_0" site_id="988" xmltv_id="Pickbox HD (RS)">Pickbox HD (RS)</channel>
    <channel site="[ENC][EX]hr.eon.tv_0" site_id="985" xmltv_id="TV Marš">TV Marš</channel>
    <channel site="[ENC][EX]hr.eon.tv_0" site_id="986" xmltv_id="GP1 (Kreator TV)">GP1 (Kreator TV)</channel>
    <channel site="[ENC][EX]hr.eon.tv_0" site_id="981" xmltv_id="Mezzo Live HD">Mezzo Live HD</channel>
    <channel site="[ENC][EX]hr.eon.tv_0" site_id="982" xmltv_id="M4 Sport HD">M4 Sport HD</channel>
    <channel site="[ENC][EX]hr.eon.tv_0" site_id="983" xmltv_id="TV Sombor (TV Sreca)">TV Sombor (TV Sreca)</channel>
    <channel site="[ENC][EX]hr.eon.tv_0" site_id="1027" xmltv_id="SPTV">SPTV</channel>
    <channel site="[ENC][EX]hr.eon.tv_0" site_id="1078" xmltv_id="bravo! TV">bravo! TV</channel>
    <channel site="[ENC][EX]hr.eon.tv_0" site_id="1077" xmltv_id="Extra TV">Extra TV</channel>
    <channel site="[ENC][EX]hr.eon.tv_0" site_id="1076" xmltv_id="RTL Adria HD (HR)">RTL Adria HD (HR)</channel>
    <channel site="[ENC][EX]hr.eon.tv_0" site_id="1075" xmltv_id="SK 10 HD (HR)">SK 10 HD (HR)</channel>
    <channel site="[ENC][EX]hr.eon.tv_0" site_id="1074" xmltv_id="SK 9 HD (HR)">SK 9 HD (HR)</channel>
    <channel site="[ENC][EX]hr.eon.tv_0" site_id="1073" xmltv_id="SK 8 HD (HR)">SK 8 HD (HR)</channel>
    <channel site="[ENC][EX]hr.eon.tv_0" site_id="1072" xmltv_id="SK 7 HD (HR)">SK 7 HD (HR)</channel>
    <channel site="[ENC][EX]hr.eon.tv_0" site_id="1071" xmltv_id="Galeja TV">Galeja TV</channel>
    <channel site="[ENC][EX]hr.eon.tv_0" site_id="1069" xmltv_id="Nova Family HD (HR)">Nova Family HD (HR)</channel>
    <channel site="[ENC][EX]hr.eon.tv_0" site_id="1068" xmltv_id="Nova Cinema HD (HR)">Nova Cinema HD (HR)</channel>
    <channel site="[ENC][EX]hr.eon.tv_0" site_id="1067" xmltv_id="Nick Music (RS)">Nick Music (RS)</channel>
    <channel site="[ENC][EX]hr.eon.tv_0" site_id="1066" xmltv_id="Doma TV HD (HR)">Doma TV HD (HR)</channel>
    <channel site="[ENC][EX]hr.eon.tv_0" site_id="1057" xmltv_id="Mini HD">Mini HD</channel>
    <channel site="[ENC][EX]hr.eon.tv_0" site_id="1056" xmltv_id="RTL Passion HD (HR)">RTL Passion HD (HR)</channel>
    <channel site="[ENC][EX]hr.eon.tv_0" site_id="1055" xmltv_id="RTL Crime HD (HR)">RTL Crime HD (HR)</channel>
    <channel site="[ENC][EX]hr.eon.tv_0" site_id="1053" xmltv_id="Fox Movies HD (HR)">Fox Movies HD (HR)</channel>
    <channel site="[ENC][EX]hr.eon.tv_0" site_id="1052" xmltv_id="Fox HD (HR)">Fox HD (HR)</channel>
    <channel site="[ENC][EX]hr.eon.tv_0" site_id="1051" xmltv_id="National Geographic HD (HR)">National Geographic HD (HR)</channel>
    <channel site="[ENC][EX]hr.eon.tv_0" site_id="1050" xmltv_id="Fox Crime HD (HR)">Fox Crime HD (HR)</channel>
    <channel site="[ENC][EX]hr.eon.tv_0" site_id="1049" xmltv_id="Fox Life HD (HR)">Fox Life HD (HR)</channel>
    <channel site="[ENC][EX]hr.eon.tv_0" site_id="1047" xmltv_id="Libertas TV">Libertas TV</channel>
    <channel site="[ENC][EX]hr.eon.tv_0" site_id="1046" xmltv_id="Dubrovačka TV">Dubrovačka TV</channel>
    <channel site="[ENC][EX]hr.eon.tv_0" site_id="1045" xmltv_id="TV Jadran HD">TV Jadran HD</channel>
    <channel site="[ENC][EX]hr.eon.tv_0" site_id="1044" xmltv_id="Televizija Dalmacija">Televizija Dalmacija</channel>
    <channel site="[ENC][EX]hr.eon.tv_0" site_id="1043" xmltv_id="Diadora TV">Diadora TV</channel>
    <channel site="[ENC][EX]hr.eon.tv_0" site_id="1042" xmltv_id="TV Nova (Pula)">TV Nova (Pula)</channel>
    <channel site="[ENC][EX]hr.eon.tv_0" site_id="1041" xmltv_id="Plava TV">Plava TV</channel>
    <channel site="[ENC][EX]hr.eon.tv_0" site_id="1040" xmltv_id="Plava vinkovačka">Plava vinkovačka</channel>
    <channel site="[ENC][EX]hr.eon.tv_0" site_id="1039" xmltv_id="SBTV">SBTV</channel>
    <channel site="[ENC][EX]hr.eon.tv_0" site_id="1038" xmltv_id="Osječka TV">Osječka TV</channel>
    <channel site="[ENC][EX]hr.eon.tv_0" site_id="1037" xmltv_id="STV">STV</channel>
    <channel site="[ENC][EX]hr.eon.tv_0" site_id="1035" xmltv_id="Varaždinska televizija">Varaždinska televizija</channel>
    <channel site="[ENC][EX]hr.eon.tv_0" site_id="1034" xmltv_id="Televizija Zapad">Televizija Zapad</channel>
    <channel site="[ENC][EX]hr.eon.tv_0" site_id="1033" xmltv_id="Zdrava TV">Zdrava TV</channel>
    <channel site="[ENC][EX]hr.eon.tv_0" site_id="1031" xmltv_id="Mreža TV Zagreb (Nezavisna TV – Ex Net TV)">Mreža TV Zagreb (Nezavisna TV – Ex Net TV)</channel>
    <channel site="[ENC][EX]hr.eon.tv_0" site_id="1030" xmltv_id="OTV HD">OTV HD</channel>
    <channel site="[ENC][EX]hr.eon.tv_0" site_id="1029" xmltv_id="Z1 (HR)">Z1 (HR)</channel>
    <channel site="[ENC][EX]hr.eon.tv_0" site_id="1028" xmltv_id="CMC HD">CMC HD</channel>
    <channel site="[ENC][EX]hr.eon.tv_0" site_id="709" xmltv_id="Test 1">Test 1</channel>
    <channel site="[ENC][EX]hr.eon.tv_0" site_id="990" xmltv_id="Pickbox HD (HR)">Pickbox HD (HR)</channel>
    <channel site="[ENC][EX]hr.eon.tv_0" site_id="810" xmltv_id="Pink Premium HD">Pink Premium HD</channel>
    <channel site="[ENC][EX]hr.eon.tv_0" site_id="689" xmltv_id="Eurosport 4K">Eurosport 4K</channel>
    <channel site="[ENC][EX]hr.eon.tv_0" site_id="1082" xmltv_id="Eurosport 4K IPTV">Eurosport 4K IPTV</channel>
    <channel site="[ENC][EX]hr.eon.tv_0" site_id="299" xmltv_id="Hayat Plus">Hayat Plus</channel>
    <channel site="[ENC][EX]hr.eon.tv_0" site_id="495" xmltv_id="Hayat Folk">Hayat Folk</channel>
    <channel site="[ENC][EX]hr.eon.tv_0" site_id="496" xmltv_id="Hayat Music">Hayat Music</channel>
    <channel site="[ENC][EX]hr.eon.tv_0" site_id="534" xmltv_id="Hayat (not in use)">Hayat (not in use)</channel>
    <channel site="[ENC][EX]hr.eon.tv_0" site_id="494" xmltv_id="Hayatovci">Hayatovci</channel>
    <channel site="[ENC][EX]hr.eon.tv_0" site_id="466" xmltv_id="Hayat HD">Hayat HD</channel>
    <channel site="[ENC][EX]hr.eon.tv_0" site_id="653" xmltv_id="RTRS Plus">RTRS Plus</channel>
    <channel site="[ENC][EX]hr.eon.tv_0" site_id="1100" xmltv_id="TV Jefimija">TV Jefimija</channel>
    <channel site="[ENC][EX]hr.eon.tv_0" site_id="776" xmltv_id="Discovery Channel HD">Discovery Channel HD</channel>
    <channel site="[ENC][EX]hr.eon.tv_0" site_id="938" xmltv_id="Niška televizija">Niška televizija</channel>
    <channel site="[ENC][EX]hr.eon.tv_0" site_id="1101" xmltv_id="Televizija Plus">Televizija Plus</channel>
    <channel site="[ENC][EX]hr.eon.tv_0" site_id="1099" xmltv_id="TV Kruševac">TV Kruševac</channel>
    <channel site="[ENC][EX]hr.eon.tv_0" site_id="389" xmltv_id="TV AS HD">TV AS HD</channel>
    <channel site="[ENC][EX]hr.eon.tv_0" site_id="707" xmltv_id="City Play">City Play</channel>
    <channel site="[ENC][EX]hr.eon.tv_0" site_id="697" xmltv_id="Pink Music 2">Pink Music 2</channel>
    <channel site="[ENC][EX]hr.eon.tv_0" site_id="702" xmltv_id="Pink Folk 2">Pink Folk 2</channel>
    <channel site="[ENC][EX]hr.eon.tv_0" site_id="700" xmltv_id="Pink Hits 2">Pink Hits 2</channel>
    <channel site="[ENC][EX]hr.eon.tv_0" site_id="701" xmltv_id="Pink Hits">Pink Hits</channel>
    <channel site="[ENC][EX]hr.eon.tv_0" site_id="696" xmltv_id="Pink n roll">Pink n roll</channel>
    <channel site="[ENC][EX]hr.eon.tv_0" site_id="699" xmltv_id="Pink Koncert">Pink Koncert</channel>
    <channel site="[ENC][EX]hr.eon.tv_0" site_id="747" xmltv_id="RTL HR HD">RTL HR HD</channel>
    <channel site="[ENC][EX]hr.eon.tv_0" site_id="745" xmltv_id="RTL 2 HR HD">RTL 2 HR HD</channel>
    <channel site="[ENC][EX]hr.eon.tv_0" site_id="556" xmltv_id="SK 1 HD (HR)">SK 1 HD (HR)</channel>
    <channel site="[ENC][EX]hr.eon.tv_0" site_id="1025" xmltv_id="HRT 4 HD (HR)">HRT 4 HD (HR)</channel>
    <channel site="[ENC][EX]hr.eon.tv_0" site_id="930" xmltv_id="RTL Kockica HD">RTL Kockica HD</channel>
    <channel site="[ENC][EX]hr.eon.tv_0" site_id="574" xmltv_id="Nickelodeon (HR)">Nickelodeon (HR)</channel>
    <channel site="[ENC][EX]hr.eon.tv_0" site_id="198" xmltv_id="BHT 1">BHT 1</channel>
    <channel site="[ENC][EX]hr.eon.tv_0" site_id="654" xmltv_id="Sevdah TV">Sevdah TV</channel>
    <channel site="[ENC][EX]hr.eon.tv_0" site_id="651" xmltv_id="RTV Sana">RTV Sana</channel>
    <channel site="[ENC][EX]hr.eon.tv_0" site_id="1088" xmltv_id="Gradska TV">Gradska TV</channel>
    <channel site="[ENC][EX]hr.eon.tv_0" site_id="545" xmltv_id="A plus TV">A plus TV</channel>
    <channel site="[ENC][EX]hr.eon.tv_0" site_id="629" xmltv_id="Planet Eva HD">Planet Eva HD</channel>
    <channel site="[ENC][EX]hr.eon.tv_0" site_id="672" xmltv_id="2.Nova24 TV HD">2.Nova24 TV HD</channel>
    <channel site="[ENC][EX]hr.eon.tv_0" site_id="638" xmltv_id="Stingray Festival 4K">Stingray Festival 4K</channel>
    <channel site="[ENC][EX]hr.eon.tv_0" site_id="441" xmltv_id="MRT Sat">MRT Sat</channel>
    <channel site="[ENC][EX]hr.eon.tv_0" site_id="329" xmltv_id="Vaš Kanal">Vaš Kanal</channel>
    <channel site="[ENC][EX]hr.eon.tv_0" site_id="335" xmltv_id="BK TV HD">BK TV HD</channel>
    <channel site="[ENC][EX]hr.eon.tv_0" site_id="632" xmltv_id="TV Ljubljana HD">TV Ljubljana HD</channel>
    <channel site="[ENC][EX]hr.eon.tv_0" site_id="383" xmltv_id="ETV">ETV</channel>
    <channel site="[ENC][EX]hr.eon.tv_0" site_id="379" xmltv_id="V živo">V živo</channel>
    <channel site="[ENC][EX]hr.eon.tv_0" site_id="380" xmltv_id="TV Celje">TV Celje</channel>
    <channel site="[ENC][EX]hr.eon.tv_0" site_id="382" xmltv_id="TV Slovenj Gradec">TV Slovenj Gradec</channel>
    <channel site="[ENC][EX]hr.eon.tv_0" site_id="384" xmltv_id="Savinjska TV">Savinjska TV</channel>
    <channel site="[ENC][EX]hr.eon.tv_0" site_id="385" xmltv_id="TV Slovenska Bistrica">TV Slovenska Bistrica</channel>
    <channel site="[ENC][EX]hr.eon.tv_0" site_id="386" xmltv_id="Koroška TV">Koroška TV</channel>
    <channel site="[ENC][EX]hr.eon.tv_0" site_id="858" xmltv_id="Miklavž TV">Miklavž TV</channel>
    <channel site="[ENC][EX]hr.eon.tv_0" site_id="388" xmltv_id="Uršlja TV">Uršlja TV</channel>
    <channel site="[ENC][EX]hr.eon.tv_0" site_id="635" xmltv_id="ATM Kranjska Gora">ATM Kranjska Gora</channel>
    <channel site="[ENC][EX]hr.eon.tv_0" site_id="636" xmltv_id="TV Bled">TV Bled</channel>
    <channel site="[ENC][EX]hr.eon.tv_0" site_id="681" xmltv_id="TV Beltinci">TV Beltinci</channel>
    <channel site="[ENC][EX]hr.eon.tv_0" site_id="686" xmltv_id="PeTV">PeTV</channel>
    <channel site="[ENC][EX]hr.eon.tv_0" site_id="684" xmltv_id="Maxi TV">Maxi TV</channel>
    <channel site="[ENC][EX]hr.eon.tv_0" site_id="884" xmltv_id="Idea TV HD">Idea TV HD</channel>
    <channel site="[ENC][EX]hr.eon.tv_0" site_id="682" xmltv_id="TV Ormož">TV Ormož</channel>
    <channel site="[ENC][EX]hr.eon.tv_0" site_id="868" xmltv_id="Primorska 4">Primorska 4</channel>
    <channel site="[ENC][EX]hr.eon.tv_0" site_id="866" xmltv_id="Primorska 2">Primorska 2</channel>
    <channel site="[ENC][EX]hr.eon.tv_0" site_id="865" xmltv_id="Primorska 1">Primorska 1</channel>
    <channel site="[ENC][EX]hr.eon.tv_0" site_id="859" xmltv_id="Primorska 6">Primorska 6</channel>
    <channel site="[ENC][EX]hr.eon.tv_0" site_id="815" xmltv_id="Duna HD">Duna HD</channel>
    <channel site="[ENC][EX]hr.eon.tv_0" site_id="934" xmltv_id="Shoppster TV (SI)">Shoppster TV (SI)</channel>
    <channel site="[ENC][EX]hr.eon.tv_0" site_id="939" xmltv_id="TV Šabac">TV Šabac</channel>
    <channel site="[ENC][EX]hr.eon.tv_0" site_id="1091" xmltv_id="Folx Slovenija (SI)">Folx Slovenija (SI)</channel>
    <channel site="[ENC][EX]hr.eon.tv_0" site_id="964" xmltv_id="SMILE TV (GR)">SMILE TV (GR)</channel>
    <channel site="[ENC][EX]hr.eon.tv_0" site_id="1093" xmltv_id="One Adria (SI)">One Adria (SI)</channel>
    <channel site="[ENC][EX]hr.eon.tv_0" site_id="1103" xmltv_id="Kristal TV HD">Kristal TV HD</channel>
    <channel site="[ENC][EX]hr.eon.tv_0" site_id="780" xmltv_id="Medvode TV">Medvode TV</channel>
    <channel site="[ENC][EX]hr.eon.tv_0" site_id="1090" xmltv_id="TV Nakupi (SI)">TV Nakupi (SI)</channel>
    <channel site="[ENC][EX]hr.eon.tv_0" site_id="1089" xmltv_id="Vascom (SI)">Vascom (SI)</channel>
    <channel site="[ENC][EX]hr.eon.tv_0" site_id="1094" xmltv_id="RTL Living HD">RTL Living HD</channel>
    <channel site="[ENC][EX]hr.eon.tv_0" site_id="748" xmltv_id="O Kanal HD">O Kanal HD</channel>
    <channel site="[ENC][EX]hr.eon.tv_0" site_id="1097" xmltv_id="O Kanal Music HD">O Kanal Music HD</channel>
    <channel site="[ENC][EX]hr.eon.tv_0" site_id="1096" xmltv_id="O Kanal Plus HD">O Kanal Plus HD</channel>
    <channel site="[ENC][EX]hr.eon.tv_0" site_id="782" xmltv_id="Tržič TV HD">Tržič TV HD</channel>
    <channel site="[ENC][EX]hr.eon.tv_0" site_id="683" xmltv_id="Skledar TV">Skledar TV</channel>
    <channel site="[ENC][EX]hr.eon.tv_0" site_id="883" xmltv_id="Posavje Lokalni 3">Posavje Lokalni 3</channel>
    <channel site="[ENC][EX]hr.eon.tv_0" site_id="880" xmltv_id="Posavje Lokalni 4">Posavje Lokalni 4</channel>
    <channel site="[ENC][EX]hr.eon.tv_0" site_id="881" xmltv_id="ePosavje TV HD">ePosavje TV HD</channel>
    <channel site="[ENC][EX]hr.eon.tv_0" site_id="882" xmltv_id="Posavje Lokalni 1">Posavje Lokalni 1</channel>
    <channel site="[ENC][EX]hr.eon.tv_0" site_id="879" xmltv_id="Posavje Lokalni 2">Posavje Lokalni 2</channel>
    <channel site="[ENC][EX]hr.eon.tv_0" site_id="867" xmltv_id="Primorska 3">Primorska 3</channel>
    <channel site="[ENC][EX]hr.eon.tv_0" site_id="869" xmltv_id="Primorska 5">Primorska 5</channel>
    <channel site="[ENC][EX]hr.eon.tv_0" site_id="860" xmltv_id="Primorska 7">Primorska 7</channel>
    <channel site="[ENC][EX]hr.eon.tv_0" site_id="861" xmltv_id="Primorska 8">Primorska 8</channel>
    <channel site="[ENC][EX]hr.eon.tv_0" site_id="862" xmltv_id="Primorska 9">Primorska 9</channel>
    <channel site="[ENC][EX]hr.eon.tv_0" site_id="863" xmltv_id="Primorska 11">Primorska 11</channel>
    <channel site="[ENC][EX]hr.eon.tv_0" site_id="864" xmltv_id="Primorska 10">Primorska 10</channel>
    <channel site="[ENC][EX]hr.eon.tv_0" site_id="1104" xmltv_id="Grand International HD">Grand International HD</channel>
    <channel site="[ENC][EX]hr.eon.tv_0" site_id="732" xmltv_id="Viasat Nature HD">Viasat Nature HD</channel>
    <channel site="[ENC][EX]hr.eon.tv_0" site_id="1341" xmltv_id="Al Jazeera Arabic">Al Jazeera Arabic</channel>
    <channel site="[ENC][EX]hr.eon.tv_0" site_id="642" xmltv_id="BBC Earth HD (SI)">BBC Earth HD (SI)</channel>
    <channel site="[ENC][EX]hr.eon.tv_0" site_id="1070" xmltv_id="Televizija R Kanal +">Televizija R Kanal +</channel>
    <channel site="[ENC][EX]hr.eon.tv_0" site_id="870" xmltv_id="Nicktoons (HR)">Nicktoons (HR)</channel>
    <channel site="[ENC][EX]hr.eon.tv_0" site_id="1105" xmltv_id="Cartoon Network (HR)">Cartoon Network (HR)</channel>
    <channel site="[ENC][EX]hr.eon.tv_0" site_id="1102" xmltv_id="IDJKids HD (BIH)">IDJKids HD (BIH)</channel>
    <channel site="[ENC][EX]hr.eon.tv_0" site_id="922" xmltv_id="Nick Jr. (HR)">Nick Jr. (HR)</channel>
    <channel site="[ENC][EX]hr.eon.tv_0" site_id="1085" xmltv_id="Planet Earth HD (HR)">Planet Earth HD (HR)</channel>
    <channel site="[ENC][EX]hr.eon.tv_0" site_id="1084" xmltv_id="Planet Earth HD (RS)">Planet Earth HD (RS)</channel>
    <channel site="[ENC][EX]hr.eon.tv_0" site_id="282" xmltv_id="AMC HD (SI)">AMC HD (SI)</channel>
    <channel site="[ENC][EX]hr.eon.tv_0" site_id="989" xmltv_id="Pickbox HD (SI)">Pickbox HD (SI)</channel>
    <channel site="[ENC][EX]hr.eon.tv_0" site_id="793" xmltv_id="Cinestar TV 1 HD (SI)">Cinestar TV 1 HD (SI)</channel>
    <channel site="[ENC][EX]hr.eon.tv_0" site_id="795" xmltv_id="Cinestar Action and Thriller HD (SI)">Cinestar Action and Thriller HD (SI)</channel>
    <channel site="[ENC][EX]hr.eon.tv_0" site_id="729" xmltv_id="Eurosport 1 HD (SI)">Eurosport 1 HD (SI)</channel>
    <channel site="[ENC][EX]hr.eon.tv_0" site_id="637" xmltv_id="Nick Jr. (SI)">Nick Jr. (SI)</channel>
    <channel site="[ENC][EX]hr.eon.tv_0" site_id="670" xmltv_id="Minimax (SI)">Minimax (SI)</channel>
    <channel site="[ENC][EX]hr.eon.tv_0" site_id="871" xmltv_id="Nicktoons (SI)">Nicktoons (SI)</channel>
    <channel site="[ENC][EX]hr.eon.tv_0" site_id="669" xmltv_id="FTV 4K">FTV 4K</channel>
    <channel site="[ENC][EX]hr.eon.tv_0" site_id="319" xmltv_id="FTV TV">FTV TV</channel>
    <channel site="[ENC][EX]hr.eon.tv_0" site_id="658" xmltv_id="NTV">NTV</channel>
    <channel site="[ENC][EX]hr.eon.tv_0" site_id="1092" xmltv_id="Adria (SI)">Adria (SI)</channel>
    <channel site="[ENC][EX]hr.eon.tv_0" site_id="1114" xmltv_id="Nova Television HD (BG)">Nova Television HD (BG)</channel>
    <channel site="[ENC][EX]hr.eon.tv_0" site_id="1113" xmltv_id="B1 HD">B1 HD</channel>
    <channel site="[ENC][EX]hr.eon.tv_0" site_id="1083" xmltv_id="Mediaset Italia (RS)">Mediaset Italia (RS)</channel>
    <channel site="[ENC][EX]hr.eon.tv_0" site_id="921" xmltv_id="Pikaboo HD HR">Pikaboo HD HR</channel>
    <channel site="[ENC][EX]hr.eon.tv_0" site_id="105" xmltv_id="ID">ID</channel>
    <channel site="[ENC][EX]hr.eon.tv_0" site_id="39" xmltv_id="FOX Life (INT)">FOX Life (INT)</channel>
    <channel site="[ENC][EX]hr.eon.tv_0" site_id="40" xmltv_id="FOX Crime (INT)">FOX Crime (INT)</channel>
    <channel site="[ENC][EX]hr.eon.tv_0" site_id="285" xmltv_id="Travel Channel">Travel Channel</channel>
    <channel site="[ENC][EX]hr.eon.tv_0" site_id="1117" xmltv_id="Kino TV HD">Kino TV HD</channel>
    <channel site="[ENC][EX]hr.eon.tv_0" site_id="1118" xmltv_id="Doku TV HD">Doku TV HD</channel>
    <channel site="[ENC][EX]hr.eon.tv_0" site_id="668" xmltv_id="Pikaboo HD SI">Pikaboo HD SI</channel>
    <channel site="[ENC][EX]hr.eon.tv_0" site_id="488" xmltv_id="Naša TV (BH)">Naša TV (BH)</channel>
    <channel site="[ENC][EX]hr.eon.tv_0" site_id="1120" xmltv_id="Da Vinci HD (HR)">Da Vinci HD (HR)</channel>
    <channel site="[ENC][EX]hr.eon.tv_0" site_id="1119" xmltv_id="Da Vinci HD (RS)">Da Vinci HD (RS)</channel>
    <channel site="[ENC][EX]hr.eon.tv_0" site_id="1121" xmltv_id="Da Vinci HD (SI)">Da Vinci HD (SI)</channel>
    <channel site="[ENC][EX]hr.eon.tv_0" site_id="1122" xmltv_id="TV5 Monde HD (SI)">TV5 Monde HD (SI)</channel>
    <channel site="[ENC][EX]hr.eon.tv_0" site_id="1133" xmltv_id="1+1 International">1+1 International</channel>
    <channel site="[ENC][EX]hr.eon.tv_0" site_id="1132" xmltv_id="FREEДOM">FREEДOM</channel>
    <channel site="[ENC][EX]hr.eon.tv_0" site_id="1141" xmltv_id="TV Krpan HD">TV Krpan HD</channel>
    <channel site="[ENC][EX]hr.eon.tv_0" site_id="1135" xmltv_id="MNE 1">MNE 1</channel>
    <channel site="[ENC][EX]hr.eon.tv_0" site_id="1136" xmltv_id="MNE 2">MNE 2</channel>
    <channel site="[ENC][EX]hr.eon.tv_0" site_id="1137" xmltv_id="MNE 3">MNE 3</channel>
    <channel site="[ENC][EX]hr.eon.tv_0" site_id="1140" xmltv_id="SK Fight HD">SK Fight HD</channel>
    <channel site="[ENC][EX]hr.eon.tv_0" site_id="71" xmltv_id="SK 6 HD (SR)">SK 6 HD (SR)</channel>
    <channel site="[ENC][EX]hr.eon.tv_0" site_id="1142" xmltv_id="SK 5 HD (HR)">SK 5 HD (HR)</channel>
    <channel site="[ENC][EX]hr.eon.tv_0" site_id="1143" xmltv_id="SK 6 HD (HR)">SK 6 HD (HR)</channel>
    <channel site="[ENC][EX]hr.eon.tv_0" site_id="1153" xmltv_id="TV Trstenik">TV Trstenik</channel>
    <channel site="[ENC][EX]hr.eon.tv_0" site_id="1152" xmltv_id="Sandzak TV">Sandzak TV</channel>
    <channel site="[ENC][EX]hr.eon.tv_0" site_id="119" xmltv_id="TLC HD (HR)">TLC HD (HR)</channel>
    <channel site="[ENC][EX]hr.eon.tv_0" site_id="1157" xmltv_id="Astra TV HD">Astra TV HD</channel>
    <channel site="[ENC][EX]hr.eon.tv_0" site_id="1156" xmltv_id="IDJKids HD (HR)">IDJKids HD (HR)</channel>
    <channel site="[ENC][EX]hr.eon.tv_0" site_id="1158" xmltv_id="TV e (CG)">TV e (CG)</channel>
    <channel site="[ENC][EX]hr.eon.tv_0" site_id="272" xmltv_id="Kino (NOT IN USE)">Kino (NOT IN USE)</channel>
    <channel site="[ENC][EX]hr.eon.tv_0" site_id="1023" xmltv_id="Lov i Ribolov (RS) test">Lov i Ribolov (RS) test</channel>
    <channel site="[ENC][EX]hr.eon.tv_0" site_id="715" xmltv_id="HBO HD DRM">HBO HD DRM</channel>
    <channel site="[ENC][EX]hr.eon.tv_0" site_id="714" xmltv_id="Test 6">Test 6</channel>
    <channel site="[ENC][EX]hr.eon.tv_0" site_id="711" xmltv_id="Test 3">Test 3</channel>
    <channel site="[ENC][EX]hr.eon.tv_0" site_id="712" xmltv_id="Test 4">Test 4</channel>
    <channel site="[ENC][EX]hr.eon.tv_0" site_id="710" xmltv_id="Test 2">Test 2</channel>
    <channel site="[ENC][EX]hr.eon.tv_0" site_id="1344" xmltv_id="TEST WCAS 1">TEST WCAS 1</channel>
    <channel site="[ENC][EX]hr.eon.tv_0" site_id="1345" xmltv_id="TEST WCAS 2">TEST WCAS 2</channel>
    <channel site="[ENC][EX]hr.eon.tv_0" site_id="713" xmltv_id="Test WCAS HD">Test WCAS HD</channel>
    <channel site="[ENC][EX]hr.eon.tv_0" site_id="716" xmltv_id="PINK MOVIES DRM">PINK MOVIES DRM</channel>
    <channel site="[ENC][EX]hr.eon.tv_0" site_id="1290" xmltv_id="Megafon TV HD">Megafon TV HD</channel>
    <channel site="[ENC][EX]hr.eon.tv_0" site_id="1331" xmltv_id="Insta TV">Insta TV</channel>
    <channel site="[ENC][EX]hr.eon.tv_0" site_id="1337" xmltv_id="Maria Vision TV">Maria Vision TV</channel>
    <channel site="[ENC][EX]hr.eon.tv_0" site_id="1311" xmltv_id="Shift TV (NOT IN USE)">Shift TV (NOT IN USE)</channel>
    <channel site="[ENC][EX]hr.eon.tv_0" site_id="1309" xmltv_id="DMC TV">DMC TV</channel>
    <channel site="[ENC][EX]hr.eon.tv_0" site_id="1305" xmltv_id="TV Banovina">TV Banovina</channel>
    <channel site="[ENC][EX]hr.eon.tv_0" site_id="1310" xmltv_id="ICTbusiness TV">ICTbusiness TV</channel>
    <channel site="[ENC][EX]hr.eon.tv_0" site_id="1307" xmltv_id="Aurora TV">Aurora TV</channel>
    <channel site="[ENC][EX]hr.eon.tv_0" site_id="1308" xmltv_id="Saborska TV">Saborska TV</channel>
    <channel site="[ENC][EX]hr.eon.tv_0" site_id="1312" xmltv_id="Trend TV">Trend TV</channel>
    <channel site="[ENC][EX]hr.eon.tv_0" site_id="1306" xmltv_id="Poljoprivredna TV">Poljoprivredna TV</channel>
    <channel site="[ENC][EX]hr.eon.tv_0" site_id="1338" xmltv_id="Shift TV HD">Shift TV HD</channel>
    <channel site="[ENC][EX]hr.eon.tv_0" site_id="1340" xmltv_id="TV Info 24">TV Info 24</channel>
    <channel site="[ENC][EX]hr.eon.tv_0" site_id="1339" xmltv_id="Moja TV">Moja TV</channel>
    <channel site="[ENC][EX]hr.eon.tv_0" site_id="1144" xmltv_id="RTS 1 HD DVB-T2">RTS 1 HD DVB-T2</channel>
    <channel site="[ENC][EX]hr.eon.tv_0" site_id="1150" xmltv_id="RTS 2 HD DVB-T2">RTS 2 HD DVB-T2</channel>
    <channel site="[ENC][EX]hr.eon.tv_0" site_id="1146" xmltv_id="PINK HD DVB-T2">PINK HD DVB-T2</channel>
    <channel site="[ENC][EX]hr.eon.tv_0" site_id="1145" xmltv_id="PRVA HD DVB-T2">PRVA HD DVB-T2</channel>
    <channel site="[ENC][EX]hr.eon.tv_0" site_id="1147" xmltv_id="B92 HD DVB-T2">B92 HD DVB-T2</channel>
    <channel site="[ENC][EX]hr.eon.tv_0" site_id="1148" xmltv_id="HAPPY HD DVB-T2">HAPPY HD DVB-T2</channel>
    <channel site="[ENC][EX]hr.eon.tv_0" site_id="1330" xmltv_id="Klape i tambure">Klape i tambure</channel>
    <channel site="[ENC][EX]hr.eon.tv_0" site_id="1329" xmltv_id="CRO TV">CRO TV</channel>
    <channel site="[ENC][EX]hr.eon.tv_0" site_id="1343" xmltv_id="English Club">English Club</channel>
    <channel site="[ENC][EX]hr.eon.tv_0" site_id="1349" xmltv_id="LH TV HD">LH TV HD</channel>
    <channel site="[ENC][EX]hr.eon.tv_0" site_id="1342" xmltv_id="TRT World">TRT World</channel>
    <channel site="[ENC][EX]hr.eon.tv_0" site_id="1350" xmltv_id="Test 1 - SM">Test 1 - SM</channel>
  </channels>
</site>