<?xml version="1.0" encoding="UTF-8"?>
<site generator-info-name="Tempest EPG Generator (made by Kvanc)" generator-info-url="https://github.com/K-vanc/Tempest-EPG-Generator.git" site="[ENC][EX]a1.hr_0">
  <channels>
    <channel site="[ENC][EX]a1.hr_0" site_id="2||HRT1.png" xmltv_id="HTV1 HD">HTV1 HD</channel>
    <channel site="[ENC][EX]a1.hr_0" site_id="3||HRT2.png" xmltv_id="HTV2 HD">HTV2 HD</channel>
    <channel site="[ENC][EX]a1.hr_0" site_id="4||rtl_200x100.png" xmltv_id="RTL HD">RTL HD</channel>
    <channel site="[ENC][EX]a1.hr_0" site_id="5||Nova%20HD.png" xmltv_id="Nova TV HD">Nova TV HD</channel>
    <channel site="[ENC][EX]a1.hr_0" site_id="7||rtl_2_200x100.png" xmltv_id="RTL 2 HD">RTL 2 HD</channel>
    <channel site="[ENC][EX]a1.hr_0" site_id="8||DOMA%20HD.png" xmltv_id="Doma TV HD">Doma TV HD</channel>
    <channel site="[ENC][EX]a1.hr_0" site_id="9||HRT3.png" xmltv_id="HTV3 HD">HTV3 HD</channel>
    <channel site="[ENC][EX]a1.hr_0" site_id="10||HRT4.png" xmltv_id="HTV4 HD">HTV4 HD</channel>
    <channel site="[ENC][EX]a1.hr_0" site_id="11||kockica1.png" xmltv_id="RTL Kockica HD">RTL Kockica HD</channel>
    <channel site="[ENC][EX]a1.hr_0" site_id="12||Mini%20TV.png" xmltv_id="MiniTV">MiniTV</channel>
    <channel site="[ENC][EX]a1.hr_0" site_id="598||Woman.png" xmltv_id="Woman">Woman</channel>
    <channel site="[ENC][EX]a1.hr_0" site_id="603||PickboxTV_LOGOTYPE_2020_720x264.png" xmltv_id="Pickbox TV">Pickbox TV</channel>
    <channel site="[ENC][EX]a1.hr_0" site_id="152||CMC%20TV.png" xmltv_id="CMC">CMC</channel>
    <channel site="[ENC][EX]a1.hr_0" site_id="86||sptv.png" xmltv_id="Sportska TV">Sportska TV</channel>
    <channel site="[ENC][EX]a1.hr_0" site_id="657||bloomberg%20adria.png" xmltv_id="Bloomberg Adria">Bloomberg Adria</channel>
    <channel site="[ENC][EX]a1.hr_0" site_id="42||Al%20Jazeera%20Balkans.png" xmltv_id="Al Jazeera Balkans HD">Al Jazeera Balkans HD</channel>
    <channel site="[ENC][EX]a1.hr_0" site_id="678||Discovery%20black.png" xmltv_id="Discovery Channel">Discovery Channel</channel>
    <channel site="[ENC][EX]a1.hr_0" site_id="632||bbc_earth.png" xmltv_id="BBC Earth">BBC Earth</channel>
    <channel site="[ENC][EX]a1.hr_0" site_id="639||kitchen_tv.png" xmltv_id="Kitchen TV">Kitchen TV</channel>
    <channel site="[ENC][EX]a1.hr_0" site_id="272" xmltv_id="Kanal mjeseca">Kanal mjeseca</channel>
    <channel site="[ENC][EX]a1.hr_0" site_id="50||CineStar1.png" xmltv_id="CineStar TV 1">CineStar TV 1</channel>
    <channel site="[ENC][EX]a1.hr_0" site_id="51||CineStar_Action.png" xmltv_id="CineStar TV Action and Thriller">CineStar TV Action and Thriller</channel>
    <channel site="[ENC][EX]a1.hr_0" site_id="53||Fox%20HD.png" xmltv_id="STAR Channel">STAR Channel</channel>
    <channel site="[ENC][EX]a1.hr_0" site_id="54||Foxlife%20HD.png" xmltv_id="STAR Life">STAR Life</channel>
    <channel site="[ENC][EX]a1.hr_0" site_id="63||fox_crime.png" xmltv_id="STAR Crime">STAR Crime</channel>
    <channel site="[ENC][EX]a1.hr_0" site_id="455||disney_fox_logo_140x67_20230915_movies_crno.png" xmltv_id="STAR Movies">STAR Movies</channel>
    <channel site="[ENC][EX]a1.hr_0" site_id="52||DIVA.png" xmltv_id="DIVA">DIVA</channel>
    <channel site="[ENC][EX]a1.hr_0" site_id="55||Viasat%20TV1000.png" xmltv_id="TV1000">TV1000</channel>
    <channel site="[ENC][EX]a1.hr_0" site_id="79||BBC%20First.png" xmltv_id="BBC First">BBC First</channel>
    <channel site="[ENC][EX]a1.hr_0" site_id="116||Epic%20Drama.png" xmltv_id="Epic Drama">Epic Drama</channel>
    <channel site="[ENC][EX]a1.hr_0" site_id="19||amc%20HD.png" xmltv_id="AMC HD">AMC HD</channel>
    <channel site="[ENC][EX]a1.hr_0" site_id="16||CineStar_Premiere1.png" xmltv_id="CineStar TV Premiere 1 HD">CineStar TV Premiere 1 HD</channel>
    <channel site="[ENC][EX]a1.hr_0" site_id="17||CineStar_Premiere2.png" xmltv_id="CineStar TV Premiere 2 HD">CineStar TV Premiere 2 HD</channel>
    <channel site="[ENC][EX]a1.hr_0" site_id="667||CineStar2.png" xmltv_id="CineStar TV 2">CineStar TV 2</channel>
    <channel site="[ENC][EX]a1.hr_0" site_id="669||CineStar_Fantasy.png" xmltv_id="CineStar TV Fantasy">CineStar TV Fantasy</channel>
    <channel site="[ENC][EX]a1.hr_0" site_id="670||CineStar_Comedy.png" xmltv_id="CineStar TV Comedy and Family">CineStar TV Comedy and Family</channel>
    <channel site="[ENC][EX]a1.hr_0" site_id="671||GoodTimes.png" xmltv_id="Good Times">Good Times</channel>
    <channel site="[ENC][EX]a1.hr_0" site_id="672||filmbox_premium.jpg" xmltv_id="FilmBox Premium">FilmBox Premium</channel>
    <channel site="[ENC][EX]a1.hr_0" site_id="622||rtl_adria.png" xmltv_id="RTL Adria">RTL Adria</channel>
    <channel site="[ENC][EX]a1.hr_0" site_id="18||Kino%20TV.png" xmltv_id="Kino TV HD">Kino TV HD</channel>
    <channel site="[ENC][EX]a1.hr_0" site_id="67||klasik_tv.png" xmltv_id="Klasik TV">Klasik TV</channel>
    <channel site="[ENC][EX]a1.hr_0" site_id="68||rtl_crime_720x264.png" xmltv_id="RTL Crime">RTL Crime</channel>
    <channel site="[ENC][EX]a1.hr_0" site_id="69||rtl_passion_720x264.png" xmltv_id="RTL Passion">RTL Passion</channel>
    <channel site="[ENC][EX]a1.hr_0" site_id="71||Nova%20Cinema.png" xmltv_id="Nova Cinema">Nova Cinema</channel>
    <channel site="[ENC][EX]a1.hr_0" site_id="72||Nova%20Family.png" xmltv_id="Nova Family">Nova Family</channel>
    <channel site="[ENC][EX]a1.hr_0" site_id="20||Eurochannel.png" xmltv_id="Eurochannel HD">Eurochannel HD</channel>
    <channel site="[ENC][EX]a1.hr_0" site_id="70||Timeless%20Dizi%20Channel%20Logo.png" xmltv_id="Dizi">Dizi</channel>
    <channel site="[ENC][EX]a1.hr_0" site_id="58||AXN.png" xmltv_id="AXN">AXN</channel>
    <channel site="[ENC][EX]a1.hr_0" site_id="59||AXN%20Spin.png" xmltv_id="AXN Spin">AXN Spin</channel>
    <channel site="[ENC][EX]a1.hr_0" site_id="21||Film%20Box%20Extra%20HD.png" xmltv_id="Filmbox Extra HD">Filmbox Extra HD</channel>
    <channel site="[ENC][EX]a1.hr_0" site_id="61||Film%20Box%20Plus.png" xmltv_id="Film Box Stars">Film Box Stars</channel>
    <channel site="[ENC][EX]a1.hr_0" site_id="73||SCIFI_Poland_Logo_HORIZONTAL_BW.png" xmltv_id="SciFi">SciFi</channel>
    <channel site="[ENC][EX]a1.hr_0" site_id="22||HBO%20HD.png" xmltv_id="HBO HD">HBO HD</channel>
    <channel site="[ENC][EX]a1.hr_0" site_id="23||HBO2%20HD.png" xmltv_id="HBO 2 HD">HBO 2 HD</channel>
    <channel site="[ENC][EX]a1.hr_0" site_id="24||HBO3%20HD.png" xmltv_id="HBO 3 HD">HBO 3 HD</channel>
    <channel site="[ENC][EX]a1.hr_0" site_id="25||Cinemax_HD.png" xmltv_id="Cinemax HD">Cinemax HD</channel>
    <channel site="[ENC][EX]a1.hr_0" site_id="26||Cinemax-2-HD.png" xmltv_id="Cinemax 2 HD">Cinemax 2 HD</channel>
    <channel site="[ENC][EX]a1.hr_0" site_id="630||arena_sport_m.png" xmltv_id="Arena Sport Mozaik">Arena Sport Mozaik</channel>
    <channel site="[ENC][EX]a1.hr_0" site_id="614||arena_sport_1.png" xmltv_id="Arena Sport 1 HD">Arena Sport 1 HD</channel>
    <channel site="[ENC][EX]a1.hr_0" site_id="615||arena_sport_2.png" xmltv_id="Arena Sport 2 HD">Arena Sport 2 HD</channel>
    <channel site="[ENC][EX]a1.hr_0" site_id="616||arena_sport_3.png" xmltv_id="Arena Sport 3 HD">Arena Sport 3 HD</channel>
    <channel site="[ENC][EX]a1.hr_0" site_id="617||arena_sport_4.png" xmltv_id="Arena Sport 4 HD">Arena Sport 4 HD</channel>
    <channel site="[ENC][EX]a1.hr_0" site_id="618||arena_sport_5.png" xmltv_id="Arena Sport 5 HD">Arena Sport 5 HD</channel>
    <channel site="[ENC][EX]a1.hr_0" site_id="619||arena_sport_6.png" xmltv_id="Arena Sport 6 HD">Arena Sport 6 HD</channel>
    <channel site="[ENC][EX]a1.hr_0" site_id="626||arena_sport_7.png" xmltv_id="Arena Sport 7 HD">Arena Sport 7 HD</channel>
    <channel site="[ENC][EX]a1.hr_0" site_id="627||arena_sport_8.png" xmltv_id="Arena Sport 8 HD">Arena Sport 8 HD</channel>
    <channel site="[ENC][EX]a1.hr_0" site_id="628||arena_sport_9.png" xmltv_id="Arena Sport 9 HD">Arena Sport 9 HD</channel>
    <channel site="[ENC][EX]a1.hr_0" site_id="629||arena_sport_10.png" xmltv_id="Arena Sport 10 HD">Arena Sport 10 HD</channel>
    <channel site="[ENC][EX]a1.hr_0" site_id="679||Eurosport1.png" xmltv_id="Eurosport 1">Eurosport 1</channel>
    <channel site="[ENC][EX]a1.hr_0" site_id="680||Eurosport2.png" xmltv_id="Eurosport 2">Eurosport 2</channel>
    <channel site="[ENC][EX]a1.hr_0" site_id="95||arena_fight.png" xmltv_id="Arena Fight">Arena Fight</channel>
    <channel site="[ENC][EX]a1.hr_0" site_id="32||GP1.png" xmltv_id="GP1 HD">GP1 HD</channel>
    <channel site="[ENC][EX]a1.hr_0" site_id="100||Extreme%20Sports.png" xmltv_id="Extreme Sports">Extreme Sports</channel>
    <channel site="[ENC][EX]a1.hr_0" site_id="101||Nautical.png" xmltv_id="Nautical Channel">Nautical Channel</channel>
    <channel site="[ENC][EX]a1.hr_0" site_id="34||Game%20Toon.png" xmltv_id="Gametoon HD">Gametoon HD</channel>
    <channel site="[ENC][EX]a1.hr_0" site_id="631||arena_esport.png" xmltv_id="Arena Esport">Arena Esport</channel>
    <channel site="[ENC][EX]a1.hr_0" site_id="605||game_hub.jpg" xmltv_id="GameHub">GameHub</channel>
    <channel site="[ENC][EX]a1.hr_0" site_id="112||National_Geographic.png" xmltv_id="National Geographic">National Geographic</channel>
    <channel site="[ENC][EX]a1.hr_0" site_id="117||National_Geographic_Wild.png" xmltv_id="National Geographic Wild">National Geographic Wild</channel>
    <channel site="[ENC][EX]a1.hr_0" site_id="38||Doku%20TV.png" xmltv_id="Doku TV HD">Doku TV HD</channel>
    <channel site="[ENC][EX]a1.hr_0" site_id="114||Viasat%20Explorer.png" xmltv_id="Viasat History">Viasat History</channel>
    <channel site="[ENC][EX]a1.hr_0" site_id="115||viasat_explore.png" xmltv_id="Viasat Explore">Viasat Explore</channel>
    <channel site="[ENC][EX]a1.hr_0" site_id="638||DOX%20TV%20200x100.png" xmltv_id="DOX TV">DOX TV</channel>
    <channel site="[ENC][EX]a1.hr_0" site_id="39||History%20HD.png" xmltv_id="History HD">History HD</channel>
    <channel site="[ENC][EX]a1.hr_0" site_id="118||Docu%20Box.png" xmltv_id="DocuBox">DocuBox</channel>
    <channel site="[ENC][EX]a1.hr_0" site_id="120||Viasat%20History.png" xmltv_id="Viasat Nature">Viasat Nature</channel>
    <channel site="[ENC][EX]a1.hr_0" site_id="125||Laudato%20TV.png" xmltv_id="Laudato TV">Laudato TV</channel>
    <channel site="[ENC][EX]a1.hr_0" site_id="682||hgtv.png" xmltv_id="HGTV">HGTV</channel>
    <channel site="[ENC][EX]a1.hr_0" site_id="122||rtl_living_720x264.png" xmltv_id="RTL Living">RTL Living</channel>
    <channel site="[ENC][EX]a1.hr_0" site_id="133||24Kitchen_logo_color.png" xmltv_id="24Kitchen">24Kitchen</channel>
    <channel site="[ENC][EX]a1.hr_0" site_id="681||tlc.png" xmltv_id="TLC">TLC</channel>
    <channel site="[ENC][EX]a1.hr_0" site_id="134||E!.png" xmltv_id="E!">E!</channel>
    <channel site="[ENC][EX]a1.hr_0" site_id="40||My%20Zen%20Tv.png" xmltv_id="myZen.tv HD">myZen.tv HD</channel>
    <channel site="[ENC][EX]a1.hr_0" site_id="131||wness%20TV.png" xmltv_id="WNESS TV">WNESS TV</channel>
    <channel site="[ENC][EX]a1.hr_0" site_id="130||travelxp_hd.png" xmltv_id="Travel XP">Travel XP</channel>
    <channel site="[ENC][EX]a1.hr_0" site_id="633||balkan_trip.png" xmltv_id="Balkan Trip">Balkan Trip</channel>
    <channel site="[ENC][EX]a1.hr_0" site_id="41||Luxe%20TV%20HD.png" xmltv_id="Luxe.tv HD">Luxe.tv HD</channel>
    <channel site="[ENC][EX]a1.hr_0" site_id="600||Dr%20Fit.png" xmltv_id="Dr Fit">Dr Fit</channel>
    <channel site="[ENC][EX]a1.hr_0" site_id="136||Nickelodeon.png" xmltv_id="Nickelodeon">Nickelodeon</channel>
    <channel site="[ENC][EX]a1.hr_0" site_id="137||nick_jr.png" xmltv_id="Nick Jr HR">Nick Jr HR</channel>
    <channel site="[ENC][EX]a1.hr_0" site_id="147||Nick%20Jr.png" xmltv_id="Nick Jr">Nick Jr</channel>
    <channel site="[ENC][EX]a1.hr_0" site_id="143||Baby%20TV.png" xmltv_id="Baby TV">Baby TV</channel>
    <channel site="[ENC][EX]a1.hr_0" site_id="144||jim_jam.png" xmltv_id="Jim Jam">Jim Jam</channel>
    <channel site="[ENC][EX]a1.hr_0" site_id="141||ric.png" xmltv_id="RiC">RiC</channel>
    <channel site="[ENC][EX]a1.hr_0" site_id="148||Duck%20TV.png" xmltv_id="Duck TV">Duck TV</channel>
    <channel site="[ENC][EX]a1.hr_0" site_id="145||TiJi.png" xmltv_id="TIJI">TIJI</channel>
    <channel site="[ENC][EX]a1.hr_0" site_id="139||Da%20Vinci.png" xmltv_id="Da Vinci">Da Vinci</channel>
    <channel site="[ENC][EX]a1.hr_0" site_id="602||nicktoons.png" xmltv_id="Nicktoons">Nicktoons</channel>
    <channel site="[ENC][EX]a1.hr_0" site_id="142||Toon_kids.png" xmltv_id="Toon Kids">Toon Kids</channel>
    <channel site="[ENC][EX]a1.hr_0" site_id="673||Disney_channel.png" xmltv_id="Disney Channel">Disney Channel</channel>
    <channel site="[ENC][EX]a1.hr_0" site_id="674||Disney_Junior.png" xmltv_id="Disney Junior">Disney Junior</channel>
    <channel site="[ENC][EX]a1.hr_0" site_id="140||Boomerang.png" xmltv_id="Cartoonito">Cartoonito</channel>
    <channel site="[ENC][EX]a1.hr_0" site_id="138||Cartoon%20Network.png" xmltv_id="Cartoon Network">Cartoon Network</channel>
    <channel site="[ENC][EX]a1.hr_0" site_id="150||MTV.png" xmltv_id="MTV">MTV</channel>
    <channel site="[ENC][EX]a1.hr_0" site_id="151||mtv_00s.png" xmltv_id="MTV 00s">MTV 00s</channel>
    <channel site="[ENC][EX]a1.hr_0" site_id="641||Muzzik.png" xmltv_id="Muzzik TV">Muzzik TV</channel>
    <channel site="[ENC][EX]a1.hr_0" site_id="153||nonstop.png" xmltv_id="NONSTOP">NONSTOP</channel>
    <channel site="[ENC][EX]a1.hr_0" site_id="155||Jugoton.png" xmltv_id="Jugoton">Jugoton</channel>
    <channel site="[ENC][EX]a1.hr_0" site_id="159||DMC.png" xmltv_id="DMC">DMC</channel>
    <channel site="[ENC][EX]a1.hr_0" site_id="160||rtv-banovina%202.png" xmltv_id="RTV Banovina">RTV Banovina</channel>
    <channel site="[ENC][EX]a1.hr_0" site_id="161||klape_i_tambure_tv.png" xmltv_id="Klape i Tambure">Klape i Tambure</channel>
    <channel site="[ENC][EX]a1.hr_0" site_id="169||Extra%20TV.png" xmltv_id="Extra TV">Extra TV</channel>
    <channel site="[ENC][EX]a1.hr_0" site_id="170||toxic_folk.png" xmltv_id="Toxic Folk">Toxic Folk</channel>
    <channel site="[ENC][EX]a1.hr_0" site_id="171||toxic_tv.png" xmltv_id="Toxic TV">Toxic TV</channel>
    <channel site="[ENC][EX]a1.hr_0" site_id="634||toxic_tv_rap.png" xmltv_id="Toxic Rap">Toxic Rap</channel>
    <channel site="[ENC][EX]a1.hr_0" site_id="177||DM%20Sat.png" xmltv_id="DM SAT">DM SAT</channel>
    <channel site="[ENC][EX]a1.hr_0" site_id="46||Balkanika%20Music%20Television.png" xmltv_id="Balkanika TV HD">Balkanika TV HD</channel>
    <channel site="[ENC][EX]a1.hr_0" site_id="47||Narodni%20TV.png" xmltv_id="bravo! TV HD">bravo! TV HD</channel>
    <channel site="[ENC][EX]a1.hr_0" site_id="166||VH1%20Classic.png" xmltv_id="MTV 80s">MTV 80s</channel>
    <channel site="[ENC][EX]a1.hr_0" site_id="162||MTV%20Hits.png" xmltv_id="MTV Hits International">MTV Hits International</channel>
    <channel site="[ENC][EX]a1.hr_0" site_id="163||dorcel_tv.png" xmltv_id="Club MTV">Club MTV</channel>
    <channel site="[ENC][EX]a1.hr_0" site_id="164||NickMusic-720x264px.png" xmltv_id="NickMusic">NickMusic</channel>
    <channel site="[ENC][EX]a1.hr_0" site_id="165||MTV%20Rocks.png" xmltv_id="MTV 90s">MTV 90s</channel>
    <channel site="[ENC][EX]a1.hr_0" site_id="167||Mezzo.png" xmltv_id="Mezzo">Mezzo</channel>
    <channel site="[ENC][EX]a1.hr_0" site_id="168||trace_urban.png" xmltv_id="Trace Urban">Trace Urban</channel>
    <channel site="[ENC][EX]a1.hr_0" site_id="643||Rock.png" xmltv_id="Rock and Roll">Rock and Roll</channel>
    <channel site="[ENC][EX]a1.hr_0" site_id="642||Pop%20star.png" xmltv_id="Pop Star">Pop Star</channel>
    <channel site="[ENC][EX]a1.hr_0" site_id="644||Jeka.png" xmltv_id="Jeka">Jeka</channel>
    <channel site="[ENC][EX]a1.hr_0" site_id="645||ZZtv.png" xmltv_id="ZZ TV">ZZ TV</channel>
    <channel site="[ENC][EX]a1.hr_0" site_id="646||Flashback.png" xmltv_id="Flashback">Flashback</channel>
    <channel site="[ENC][EX]a1.hr_0" site_id="647||wwm.png" xmltv_id="World Wide Muzzik">World Wide Muzzik</channel>
    <channel site="[ENC][EX]a1.hr_0" site_id="252||KCN%20Music%202.png" xmltv_id="KCN Music 2">KCN Music 2</channel>
    <channel site="[ENC][EX]a1.hr_0" site_id="182||sky_news.png" xmltv_id="Sky News">Sky News</channel>
    <channel site="[ENC][EX]a1.hr_0" site_id="180||CNN.png" xmltv_id="CNN">CNN</channel>
    <channel site="[ENC][EX]a1.hr_0" site_id="181||Fox%20News.png" xmltv_id="FOX News">FOX News</channel>
    <channel site="[ENC][EX]a1.hr_0" site_id="183||Al%20Jazeera.png" xmltv_id="Al Jazeera English">Al Jazeera English</channel>
    <channel site="[ENC][EX]a1.hr_0" site_id="184||BBC%20World%20News.png" xmltv_id="BBC News">BBC News</channel>
    <channel site="[ENC][EX]a1.hr_0" site_id="185||CGTN.png" xmltv_id="CGTN">CGTN</channel>
    <channel site="[ENC][EX]a1.hr_0" site_id="192||Euronews.png" xmltv_id="Euronews">Euronews</channel>
    <channel site="[ENC][EX]a1.hr_0" site_id="187||Deutsche%20Welle.png" xmltv_id="Deutsche Welle">Deutsche Welle</channel>
    <channel site="[ENC][EX]a1.hr_0" site_id="186||CNBC.png" xmltv_id="CNBC">CNBC</channel>
    <channel site="[ENC][EX]a1.hr_0" site_id="48||France24%20English.png" xmltv_id="France 24 HD (eng)">France 24 HD (eng)</channel>
    <channel site="[ENC][EX]a1.hr_0" site_id="49||France24%20Francais.png" xmltv_id="France 24 HD (fra)">France 24 HD (fra)</channel>
    <channel site="[ENC][EX]a1.hr_0" site_id="190||welt.png" xmltv_id="WELT">WELT</channel>
    <channel site="[ENC][EX]a1.hr_0" site_id="191||russia_today_tv2.png" xmltv_id="Russia Today TV">Russia Today TV</channel>
    <channel site="[ENC][EX]a1.hr_0" site_id="658||ICTbussinessTV.png" xmltv_id="ICTbusiness TV">ICTbusiness TV</channel>
    <channel site="[ENC][EX]a1.hr_0" site_id="43||arte%20HD.png" xmltv_id="arte HD">arte HD</channel>
    <channel site="[ENC][EX]a1.hr_0" site_id="44||Das%20Erste%20HD.png" xmltv_id="Das Erste HD">Das Erste HD</channel>
    <channel site="[ENC][EX]a1.hr_0" site_id="45||zdf.png" xmltv_id="ZDF HD">ZDF HD</channel>
    <channel site="[ENC][EX]a1.hr_0" site_id="197||rtl_television%20140x67.png" xmltv_id="RTL Television">RTL Television</channel>
    <channel site="[ENC][EX]a1.hr_0" site_id="198||rtl_2_720x264.png" xmltv_id="RTL2">RTL2</channel>
    <channel site="[ENC][EX]a1.hr_0" site_id="194||VOX.png" xmltv_id="VOX">VOX</channel>
    <channel site="[ENC][EX]a1.hr_0" site_id="199||pro_7.png" xmltv_id="Pro7">Pro7</channel>
    <channel site="[ENC][EX]a1.hr_0" site_id="200||3_sat.png" xmltv_id="3sat">3sat</channel>
    <channel site="[ENC][EX]a1.hr_0" site_id="195||Rai%201.png" xmltv_id="RAI Uno">RAI Uno</channel>
    <channel site="[ENC][EX]a1.hr_0" site_id="196||rai_due1.png" xmltv_id="RAI Due">RAI Due</channel>
    <channel site="[ENC][EX]a1.hr_0" site_id="204||Rai%203.png" xmltv_id="RAI Tre">RAI Tre</channel>
    <channel site="[ENC][EX]a1.hr_0" site_id="205||Rai%20Scuola.png" xmltv_id="RAI Scuola">RAI Scuola</channel>
    <channel site="[ENC][EX]a1.hr_0" site_id="207||Rai%20News%2024.png" xmltv_id="RAI News 24">RAI News 24</channel>
    <channel site="[ENC][EX]a1.hr_0" site_id="206||Rai%20Storia.png" xmltv_id="RAI Storia">RAI Storia</channel>
    <channel site="[ENC][EX]a1.hr_0" site_id="201||Mediaset.png" xmltv_id="Mediaset Italia">Mediaset Italia</channel>
    <channel site="[ENC][EX]a1.hr_0" site_id="202||TV5%20Monde%20Europe.png" xmltv_id="TV5 Monde">TV5 Monde</channel>
    <channel site="[ENC][EX]a1.hr_0" site_id="635||bnt4.png" xmltv_id="BNT4">BNT4</channel>
    <channel site="[ENC][EX]a1.hr_0" site_id="208||otv.png" xmltv_id="OTV">OTV</channel>
    <channel site="[ENC][EX]a1.hr_0" site_id="209||Z1.png" xmltv_id="Z1">Z1</channel>
    <channel site="[ENC][EX]a1.hr_0" site_id="210||Mreza%20Zagreb.png" xmltv_id="MrezaZG">MrezaZG</channel>
    <channel site="[ENC][EX]a1.hr_0" site_id="211||TV%20Zapad.png" xmltv_id="TV Zapad">TV Zapad</channel>
    <channel site="[ENC][EX]a1.hr_0" site_id="228||trend_tv.png" xmltv_id="Trend TV">Trend TV</channel>
    <channel site="[ENC][EX]a1.hr_0" site_id="212||TV%20Jadran.png" xmltv_id="TV Jadran">TV Jadran</channel>
    <channel site="[ENC][EX]a1.hr_0" site_id="214||TVD-LOGO-140.png" xmltv_id="Televizija Dalmacija">Televizija Dalmacija</channel>
    <channel site="[ENC][EX]a1.hr_0" site_id="233||Diadora.png" xmltv_id="Diadora TV">Diadora TV</channel>
    <channel site="[ENC][EX]a1.hr_0" site_id="232||Libertas%20TV.png" xmltv_id="Libertas TV">Libertas TV</channel>
    <channel site="[ENC][EX]a1.hr_0" site_id="217||TV%20Nova%20Pula.png" xmltv_id="TV Nova">TV Nova</channel>
    <channel site="[ENC][EX]a1.hr_0" site_id="215||Kanal%20Ri.png" xmltv_id="KanalRi">KanalRi</channel>
    <channel site="[ENC][EX]a1.hr_0" site_id="220||slavonska_tv.png" xmltv_id="Slavonska TV">Slavonska TV</channel>
    <channel site="[ENC][EX]a1.hr_0" site_id="218||Osjecka%20TV.png" xmltv_id="Osjeèka TV">Osjeèka TV</channel>
    <channel site="[ENC][EX]a1.hr_0" site_id="219||plava_vinkovacka.png" xmltv_id="Plava Vinkovacka">Plava Vinkovacka</channel>
    <channel site="[ENC][EX]a1.hr_0" site_id="221||sbtv.png" xmltv_id="SBTV">SBTV</channel>
    <channel site="[ENC][EX]a1.hr_0" site_id="225||VTV.png" xmltv_id="VTV Varazdin">VTV Varazdin</channel>
    <channel site="[ENC][EX]a1.hr_0" site_id="229||Poljoprivredna%20TV.png" xmltv_id="Poljoprivredna TV">Poljoprivredna TV</channel>
    <channel site="[ENC][EX]a1.hr_0" site_id="231||Zdrava%20TV%207.png" xmltv_id="Zdrava TV-7">Zdrava TV-7</channel>
    <channel site="[ENC][EX]a1.hr_0" site_id="623||aurora_tv.png" xmltv_id="Aurora TV">Aurora TV</channel>
    <channel site="[ENC][EX]a1.hr_0" site_id="235||Federalna%20TV.png" xmltv_id="Federalna TV">Federalna TV</channel>
    <channel site="[ENC][EX]a1.hr_0" site_id="256||MKTV%20Sat.png" xmltv_id="MKTV Sat">MKTV Sat</channel>
    <channel site="[ENC][EX]a1.hr_0" site_id="247||OTV%20Valentino.png" xmltv_id="OTV Valentino">OTV Valentino</channel>
    <channel site="[ENC][EX]a1.hr_0" site_id="246||Hayat%20Plus.png" xmltv_id="Hayat PLUS">Hayat PLUS</channel>
    <channel site="[ENC][EX]a1.hr_0" site_id="236||rts_1.png" xmltv_id="RTS 1">RTS 1</channel>
    <channel site="[ENC][EX]a1.hr_0" site_id="237||rts_2.png" xmltv_id="RTS 2">RTS 2</channel>
    <channel site="[ENC][EX]a1.hr_0" site_id="637||rts_3.png" xmltv_id="RTS 3">RTS 3</channel>
    <channel site="[ENC][EX]a1.hr_0" site_id="238||RTS%20Svet.png" xmltv_id="RTS Svet">RTS Svet</channel>
    <channel site="[ENC][EX]a1.hr_0" site_id="248||TV%20BN%20Sat.png" xmltv_id="TV BN Sat">TV BN Sat</channel>
    <channel site="[ENC][EX]a1.hr_0" site_id="242||rtv1.png" xmltv_id="RTV1">RTV1</channel>
    <channel site="[ENC][EX]a1.hr_0" site_id="243||rtv2.png" xmltv_id="RTV2">RTV2</channel>
    <channel site="[ENC][EX]a1.hr_0" site_id="245||rtcg.png" xmltv_id="RTCG">RTCG</channel>
    <channel site="[ENC][EX]a1.hr_0" site_id="239||tv_slo_1.png" xmltv_id="SLO1">SLO1</channel>
    <channel site="[ENC][EX]a1.hr_0" site_id="240||tv_slo_2.png" xmltv_id="SLO2">SLO2</channel>
    <channel site="[ENC][EX]a1.hr_0" site_id="253||TV%20Svlet%20Plus.png" xmltv_id="KCN Svet +3">KCN Svet +3</channel>
    <channel site="[ENC][EX]a1.hr_0" site_id="254||Happy.png" xmltv_id="Happy TV">Happy TV</channel>
    <channel site="[ENC][EX]a1.hr_0" site_id="257||Hustler%20TV.png" xmltv_id="Hustler TV">Hustler TV</channel>
    <channel site="[ENC][EX]a1.hr_0" site_id="258||Brazzers%20TV%20Europe.png" xmltv_id="Brazzers TV Europe">Brazzers TV Europe</channel>
    <channel site="[ENC][EX]a1.hr_0" site_id="259||Adult%20Channel.png" xmltv_id="Adult Channel">Adult Channel</channel>
    <channel site="[ENC][EX]a1.hr_0" site_id="260||Playboy%20TV.png" xmltv_id="Vixen">Vixen</channel>
    <channel site="[ENC][EX]a1.hr_0" site_id="261||Dorcel%20TV.png" xmltv_id="Dorcel TV">Dorcel TV</channel>
    <channel site="[ENC][EX]a1.hr_0" site_id="262||Dusk.png" xmltv_id="Dusk! TV">Dusk! TV</channel>
    <channel site="[ENC][EX]a1.hr_0" site_id="263||pure_babes.png" xmltv_id="Pure Babes">Pure Babes</channel>
    <channel site="[ENC][EX]a1.hr_0" site_id="264||babes_tv.png" xmltv_id="Babes TV">Babes TV</channel>
    <channel site="[ENC][EX]a1.hr_0" site_id="265||Hustler%20HD.png" xmltv_id="Hustler HD">Hustler HD</channel>
    <channel site="[ENC][EX]a1.hr_0" site_id="266||dorcel_tv.png" xmltv_id="Dorcel HD">Dorcel HD</channel>
    <channel site="[ENC][EX]a1.hr_0" site_id="267||Private%20TV.png" xmltv_id="Private TV">Private TV</channel>
    <channel site="[ENC][EX]a1.hr_0" site_id="528||bang_u.png" xmltv_id="Bang U">Bang U</channel>
    <channel site="[ENC][EX]a1.hr_0" site_id="531||rktv.png" xmltv_id="Reality Kings">Reality Kings</channel>
  </channels>
</site>