<?xml version="1.0" encoding="UTF-8"?>
<site generator-info-name="Tempest EPG Generator (made by Kvanc)" generator-info-url="https://github.com/K-vanc/Tempest-EPG-Generator.git" site="[ENC][EX]a1.hr_0">
  <channels>
    <channel site="[ENC][EX]a1.hr_0" site_id="7413||/htv1/72850-1-cro-HR/htv1.png" xmltv_id="HTV1">HTV1</channel>
    <channel site="[ENC][EX]a1.hr_0" site_id="7414||/htv2/72873-1-cro-HR/htv2.png" xmltv_id="HTV2">HTV2</channel>
    <channel site="[ENC][EX]a1.hr_0" site_id="7406||/rtl3/72689-5-cro-HR/rtl.png" xmltv_id="RTL">RTL</channel>
    <channel site="[ENC][EX]a1.hr_0" site_id="7415||/nova_tv2/72896-1-cro-HR/nova_tv.png" xmltv_id="NOVA TV">NOVA TV</channel>
    <channel site="[ENC][EX]a1.hr_0" site_id="7407||/rtl22/72712-4-cro-HR/rtl2.png" xmltv_id="RTL2">RTL2</channel>
    <channel site="[ENC][EX]a1.hr_0" site_id="7416||/doma_tv2/72919-1-cro-HR/doma_tv.png" xmltv_id="DOMA TV">DOMA TV</channel>
    <channel site="[ENC][EX]a1.hr_0" site_id="7417||/htv3/72942-1-cro-HR/htv3.png" xmltv_id="HTV3">HTV3</channel>
    <channel site="[ENC][EX]a1.hr_0" site_id="7418||/htv4/72965-1-cro-HR/htv4.png" xmltv_id="HTV4">HTV4</channel>
    <channel site="[ENC][EX]a1.hr_0" site_id="7408||/rtl_kockica/72735-1-cro-HR/rtl_kockica.png" xmltv_id="RTL Kockica">RTL Kockica</channel>
    <channel site="[ENC][EX]a1.hr_0" site_id="65||/mini_tv/283-4-cro-HR/mini_tv.png" xmltv_id="MINI TV">MINI TV</channel>
    <channel site="[ENC][EX]a1.hr_0" site_id="7402||/bbc_first/72597-1-cro-HR/bbc_first.png" xmltv_id="BBC First">BBC First</channel>
    <channel site="[ENC][EX]a1.hr_0" site_id="173||/rtl_living/1419-12-cro-HR/rtl_living.png" xmltv_id="RTL LIVING">RTL LIVING</channel>
    <channel site="[ENC][EX]a1.hr_0" site_id="7429||/pickbox_tv/73120-3-cro-HR/pickbox_tv.png" xmltv_id="Pickbox TV">Pickbox TV</channel>
    <channel site="[ENC][EX]a1.hr_0" site_id="156||/cinestar_tv_1/1174-29-cro-HR/cinestar_tv_1.png" xmltv_id="CINESTAR TV 1">CINESTAR TV 1</channel>
    <channel site="[ENC][EX]a1.hr_0" site_id="926||/cinestar_action_thriller/9108-22-cro-HR/cinestar_action_thriller.png" xmltv_id="CINESTAR ACTION &amp; THRILLER">CINESTAR ACTION &amp; THRILLER</channel>
    <channel site="[ENC][EX]a1.hr_0" site_id="925||/tv1000/9091-7-cro-HR/tv1000.png" xmltv_id="TV1000">TV1000</channel>
    <channel site="[ENC][EX]a1.hr_0" site_id="3711||/fox/33813-10-cro-HR/fox.png" xmltv_id="FOX">FOX</channel>
    <channel site="[ENC][EX]a1.hr_0" site_id="929||/fox_life/9159-12-cro-HR/fox_life.png" xmltv_id="FOX LIFE">FOX LIFE</channel>
    <channel site="[ENC][EX]a1.hr_0" site_id="7404||/fox_movies/72643-1-cro-HR/fox_movies.png" xmltv_id="FOX Movies">FOX Movies</channel>
    <channel site="[ENC][EX]a1.hr_0" site_id="928||/fox_crime/9142-10-cro-HR/fox_crime.png" xmltv_id="FOX CRIME">FOX CRIME</channel>
    <channel site="[ENC][EX]a1.hr_0" site_id="931||/diva/9193-13-cro-HR/diva.png" xmltv_id="DIVA">DIVA</channel>
    <channel site="[ENC][EX]a1.hr_0" site_id="7403||/timeless_dizi_channel/72620-5-cro-HR/timeless_dizi_channel.png" xmltv_id="Timeless Dizi Channel">Timeless Dizi Channel</channel>
    <channel site="[ENC][EX]a1.hr_0" site_id="927||/klasik_tv/9125-6-cro-HR/klasik_tv.png" xmltv_id="KLASIK TV">KLASIK TV</channel>
    <channel site="[ENC][EX]a1.hr_0" site_id="6638||/amc/62479-1-cro-HR/amc.png" xmltv_id="AMC">AMC</channel>
    <channel site="[ENC][EX]a1.hr_0" site_id="6774||/axn/63680-1-cro-HR/axn.png" xmltv_id="AXN">AXN</channel>
    <channel site="[ENC][EX]a1.hr_0" site_id="3712||/kinotv/33833-1-cro-HR/kinotv.png" xmltv_id="KINOTV">KINOTV</channel>
    <channel site="[ENC][EX]a1.hr_0" site_id="7430||/arena_sport_1_hd/73143-1-cro-HR/arena_sport_1_hd.png" xmltv_id="Arena Sport 1 HD">Arena Sport 1 HD</channel>
    <channel site="[ENC][EX]a1.hr_0" site_id="7431||/arena_sport_3_hd/73166-1-cro-HR/arena_sport_3_hd.png" xmltv_id="Arena Sport 3 HD">Arena Sport 3 HD</channel>
    <channel site="[ENC][EX]a1.hr_0" site_id="937||/sportska_tv/9280-13-cro-HR/sportska_tv.png" xmltv_id="SPORTSKA TV">SPORTSKA TV</channel>
    <channel site="[ENC][EX]a1.hr_0" site_id="908||/national_geographic/8852-9-cro-HR/national_geographic.png" xmltv_id="NATIONAL GEOGRAPHIC">NATIONAL GEOGRAPHIC</channel>
    <channel site="[ENC][EX]a1.hr_0" site_id="77||/nat_geo_wild/372-10-cro-HR/nat_geo_wild.png" xmltv_id="NAT GEO WILD">NAT GEO WILD</channel>
    <channel site="[ENC][EX]a1.hr_0" site_id="913||/viasat_history/8937-12-cro-HR/viasat_history.png" xmltv_id="VIASAT HISTORY">VIASAT HISTORY</channel>
    <channel site="[ENC][EX]a1.hr_0" site_id="912||/viasat_explore/8920-10-cro-HR/viasat_explore.png" xmltv_id="VIASAT EXPLORE">VIASAT EXPLORE</channel>
    <channel site="[ENC][EX]a1.hr_0" site_id="7138||/epic_drama/68547-6-cro-HR/epic_drama.png" xmltv_id="EPIC DRAMA">EPIC DRAMA</channel>
    <channel site="[ENC][EX]a1.hr_0" site_id="7137||/dokutv/68524-1-cro-HR/dokutv.png" xmltv_id="DOKUTV">DOKUTV</channel>
    <channel site="[ENC][EX]a1.hr_0" site_id="6314||/woman/59161-1-cro-HR/woman.png" xmltv_id="WOMAN">WOMAN</channel>
    <channel site="[ENC][EX]a1.hr_0" site_id="7141||/wness_tv/68616-1-cro-HR/wness_tv.png" xmltv_id="WNESS TV">WNESS TV</channel>
    <channel site="[ENC][EX]a1.hr_0" site_id="7142||/travelxp/68639-1-cro-HR/travelxp.png" xmltv_id="TravelXP">TravelXP</channel>
    <channel site="[ENC][EX]a1.hr_0" site_id="140||/mtv_80s/1000-11-cro-HR/mtv_80s.png" xmltv_id="MTV 80s'">MTV 80s'</channel>
    <channel site="[ENC][EX]a1.hr_0" site_id="4409||/cinestar_tv_premiere_1/40670-28-cro-HR/cinestar_tv_premiere_1.png" xmltv_id="CINESTAR TV PREMIERE 1">CINESTAR TV PREMIERE 1</channel>
    <channel site="[ENC][EX]a1.hr_0" site_id="4410||/cinestar_tv_premiere_2/40691-22-cro-HR/cinestar_tv_premiere_2.png" xmltv_id="CINESTAR TV PREMIERE 2">CINESTAR TV PREMIERE 2</channel>
    <channel site="[ENC][EX]a1.hr_0" site_id="4413||/cinestar_tv_premiere_1_hd/40754-21-cro-HR/cinestar_tv_premiere_1_hd.png" xmltv_id="CINESTAR TV PREMIERE 1 HD">CINESTAR TV PREMIERE 1 HD</channel>
    <channel site="[ENC][EX]a1.hr_0" site_id="4414||/cinestar_tv_premiere_2_hd/40775-19-cro-HR/cinestar_tv_premiere_2_hd.png" xmltv_id="CINESTAR TV PREMIERE 2 HD">CINESTAR TV PREMIERE 2 HD</channel>
    <channel site="[ENC][EX]a1.hr_0" site_id="169||/sci_fi/1351-12-cro-HR/sci_fi.png" xmltv_id="SCI FI">SCI FI</channel>
    <channel site="[ENC][EX]a1.hr_0" site_id="3713||/kreator_tv/33853-5-cro-HR/kreator_tv.png" xmltv_id="KREATOR TV">KREATOR TV</channel>
    <channel site="[ENC][EX]a1.hr_0" site_id="905||/history_hd/8801-8-cro-HR/history_hd.png" xmltv_id="HISTORY HD">HISTORY HD</channel>
    <channel site="[ENC][EX]a1.hr_0" site_id="7139||/docubox/68570-2-cro-HR/docubox.png" xmltv_id="DOCUBOX">DOCUBOX</channel>
    <channel site="[ENC][EX]a1.hr_0" site_id="903||/24kitchen/8767-9-cro-HR/24kitchen.png" xmltv_id="24KITCHEN">24KITCHEN</channel>
    <channel site="[ENC][EX]a1.hr_0" site_id="176||/e/1470-8-cro-HR/e.png" xmltv_id="E!">E!</channel>
    <channel site="[ENC][EX]a1.hr_0" site_id="914||/cbs_reality/8954-5-cro-HR/cbs_reality.png" xmltv_id="CBS REALITY">CBS REALITY</channel>
    <channel site="[ENC][EX]a1.hr_0" site_id="921||/boomerang/9058-7-cro-HR/boomerang.png" xmltv_id="BOOMERANG">BOOMERANG</channel>
    <channel site="[ENC][EX]a1.hr_0" site_id="97||/duck_tv/514-4-cro-HR/duck_tv.png" xmltv_id="DUCK TV">DUCK TV</channel>
    <channel site="[ENC][EX]a1.hr_0" site_id="7450||/bbc_earth/73603-5-cro-HR/bbc_earth.png" xmltv_id="BBC Earth">BBC Earth</channel>
    <channel site="[ENC][EX]a1.hr_0" site_id="7451||/toxic_rap/73626-4-cro-HR/toxic_rap.png" xmltv_id="Toxic Rap">Toxic Rap</channel>
    <channel site="[ENC][EX]a1.hr_0" site_id="7452||/balkan_trip/73649-4-cro-HR/balkan_trip.png" xmltv_id="Balkan Trip">Balkan Trip</channel>
    <channel site="[ENC][EX]a1.hr_0" site_id="7453||/arena_esport/73672-4-cro-HR/arena_esport.png" xmltv_id="Arena Esport">Arena Esport</channel>
    <channel site="[ENC][EX]a1.hr_0" site_id="7454||/bnt4/73695-1-cro-HR/bnt4.png" xmltv_id="BNT4">BNT4</channel>
    <channel site="[ENC][EX]a1.hr_0" site_id="7178||/dokutv_hd/69451-1-cro-HR/dokutv_hd.png" xmltv_id="DOKUTV HD">DOKUTV HD</channel>
    <channel site="[ENC][EX]a1.hr_0" site_id="7190||/docubox_hd/69727-1-cro-HR/docubox_hd.png" xmltv_id="DOCUBOX HD">DOCUBOX HD</channel>
    <channel site="[ENC][EX]a1.hr_0" site_id="3803||/nickelodeon/34930-1-cro-HR/nickelodeon.png" xmltv_id="NICKELODEON">NICKELODEON</channel>
    <channel site="[ENC][EX]a1.hr_0" site_id="7427||/nicktoons/73074-1-cro-HR/nicktoons.png" xmltv_id="Nicktoons">Nicktoons</channel>
    <channel site="[ENC][EX]a1.hr_0" site_id="918||/cartoon_network/9007-3-cro-HR/cartoon_network.png" xmltv_id="CARTOON NETWORK">CARTOON NETWORK</channel>
    <channel site="[ENC][EX]a1.hr_0" site_id="100||/nick_jr/565-8-cro-HR/nick_jr.png" xmltv_id="NICK JR.">NICK JR.</channel>
    <channel site="[ENC][EX]a1.hr_0" site_id="2469||/da_vinci/22628-7-cro-HR/da_vinci.png" xmltv_id="DA VINCI">DA VINCI</channel>
    <channel site="[ENC][EX]a1.hr_0" site_id="7168||/gametoon/69221-1-cro-HR/gametoon.png" xmltv_id="Gametoon">Gametoon</channel>
    <channel site="[ENC][EX]a1.hr_0" site_id="7177||/gametoon_hd/69428-1-cro-HR/gametoon_hd.png" xmltv_id="Gametoon HD">Gametoon HD</channel>
    <channel site="[ENC][EX]a1.hr_0" site_id="1028||/mtv/10707-4-cro-HR/mtv.png" xmltv_id="MTV">MTV</channel>
    <channel site="[ENC][EX]a1.hr_0" site_id="1029||/mtv_00s/10724-12-cro-HR/mtv_00s.png" xmltv_id="MTV 00s">MTV 00s</channel>
    <channel site="[ENC][EX]a1.hr_0" site_id="954||/croatian_music_channel/9524-8-cro-HR/croatian_music_channel.png" xmltv_id="CROATIAN MUSIC CHANNEL">CROATIAN MUSIC CHANNEL</channel>
    <channel site="[ENC][EX]a1.hr_0" site_id="920||/hbo/9041-4-cro-HR/hbo.png" xmltv_id="HBO">HBO</channel>
    <channel site="[ENC][EX]a1.hr_0" site_id="930||/hbo_2/9176-8-cro-HR/hbo_2.png" xmltv_id="HBO 2">HBO 2</channel>
    <channel site="[ENC][EX]a1.hr_0" site_id="6364||/hbo_3/59622-1-cro-HR/hbo_3.png" xmltv_id="HBO 3">HBO 3</channel>
    <channel site="[ENC][EX]a1.hr_0" site_id="154||/cinemax/1151-10-cro-HR/cinemax.png" xmltv_id="CINEMAX">CINEMAX</channel>
    <channel site="[ENC][EX]a1.hr_0" site_id="161||/cinemax_2/1215-10-cro-HR/cinemax_2.png" xmltv_id="CINEMAX 2">CINEMAX 2</channel>
    <channel site="[ENC][EX]a1.hr_0" site_id="3667||/hbo_hd/33380-7-cro-HR/hbo_hd.png" xmltv_id="HBO HD">HBO HD</channel>
    <channel site="[ENC][EX]a1.hr_0" site_id="3670||/hbo_2_hd/33440-9-cro-HR/hbo_2_hd.png" xmltv_id="HBO 2 HD">HBO 2 HD</channel>
    <channel site="[ENC][EX]a1.hr_0" site_id="6365||/hbo_3_hd/59645-1-cro-HR/hbo_3_hd.png" xmltv_id="HBO 3 HD">HBO 3 HD</channel>
    <channel site="[ENC][EX]a1.hr_0" site_id="3668||/cinemax_hd/33400-8-cro-HR/cinemax_hd.png" xmltv_id="CINEMAX HD">CINEMAX HD</channel>
    <channel site="[ENC][EX]a1.hr_0" site_id="3669||/cinemax_2_hd/33420-9-cro-HR/cinemax_2_hd.png" xmltv_id="CINEMAX 2 HD">CINEMAX 2 HD</channel>
    <channel site="[ENC][EX]a1.hr_0" site_id="7166||/eurochannel/69175-1-cro-HR/eurochannel.png" xmltv_id="Eurochannel">Eurochannel</channel>
    <channel site="[ENC][EX]a1.hr_0" site_id="7175||/eurochannel_hd/69382-1-cro-HR/eurochannel_hd.png" xmltv_id="Eurochannel HD">Eurochannel HD</channel>
    <channel site="[ENC][EX]a1.hr_0" site_id="7167||/film_box_stars/69198-5-cro-HR/film_box_stars.png" xmltv_id="Film Box Stars">Film Box Stars</channel>
    <channel site="[ENC][EX]a1.hr_0" site_id="7164||/filmbox_extra_hd/69129-1-cro-HR/filmbox_extra_hd.png" xmltv_id="FilmBox Extra HD">FilmBox Extra HD</channel>
    <channel site="[ENC][EX]a1.hr_0" site_id="7187||/filmbox_arthouse/69658-1-cro-HR/filmbox_arthouse.png" xmltv_id="FilmBox Arthouse">FilmBox Arthouse</channel>
    <channel site="[ENC][EX]a1.hr_0" site_id="7174||/amc_hd/69359-1-cro-HR/amc_hd.png" xmltv_id="AMC HD">AMC HD</channel>
    <channel site="[ENC][EX]a1.hr_0" site_id="993||/pink_plus/10142-7-cro-HR/pink_plus.png" xmltv_id="PINK PLUS">PINK PLUS</channel>
    <channel site="[ENC][EX]a1.hr_0" site_id="5594||/viasat_nature/52616-7-cro-HR/viasat_nature.png" xmltv_id="VIASAT NATURE">VIASAT NATURE</channel>
    <channel site="[ENC][EX]a1.hr_0" site_id="7459||/dox_tv/73810-1-cro-HR/dox_tv.png" xmltv_id="DOX TV">DOX TV</channel>
    <channel site="[ENC][EX]a1.hr_0" site_id="7460||/kitchen_tv/73833-1-cro-HR/kitchen_tv.png" xmltv_id="KITCHEN TV">KITCHEN TV</channel>
    <channel site="[ENC][EX]a1.hr_0" site_id="6315||/dr_fit/59184-1-cro-HR/dr_fit.png" xmltv_id="Dr.Fit">Dr.Fit</channel>
    <channel site="[ENC][EX]a1.hr_0" site_id="4412||/food_network/40733-6-cro-HR/food_network.png" xmltv_id="FOOD NETWORK">FOOD NETWORK</channel>
    <channel site="[ENC][EX]a1.hr_0" site_id="175||/history/1453-15-cro-HR/history.png" xmltv_id="HISTORY">HISTORY</channel>
    <channel site="[ENC][EX]a1.hr_0" site_id="5494||/rtl_crime/51780-5-cro-HR/rtl_crime.png" xmltv_id="RTL CRIME">RTL CRIME</channel>
    <channel site="[ENC][EX]a1.hr_0" site_id="5495||/rtl_passion/51803-5-cro-HR/rtl_passion.png" xmltv_id="RTL PASSION">RTL PASSION</channel>
    <channel site="[ENC][EX]a1.hr_0" site_id="7432||/arena_sport_2_hd/73189-1-cro-HR/arena_sport_2_hd.png" xmltv_id="Arena Sport 2 HD">Arena Sport 2 HD</channel>
    <channel site="[ENC][EX]a1.hr_0" site_id="7433||/arena_sport_4_hd/73212-1-cro-HR/arena_sport_4_hd.png" xmltv_id="Arena Sport 4 HD">Arena Sport 4 HD</channel>
    <channel site="[ENC][EX]a1.hr_0" site_id="7434||/arena_sport_5_hd/73235-1-cro-HR/arena_sport_5_hd.png" xmltv_id="Arena Sport 5 HD">Arena Sport 5 HD</channel>
    <channel site="[ENC][EX]a1.hr_0" site_id="7435||/arena_sport_6_hd/73258-1-cro-HR/arena_sport_6_hd.png" xmltv_id="Arena Sport 6 HD">Arena Sport 6 HD</channel>
    <channel site="[ENC][EX]a1.hr_0" site_id="7446||/arena_sport_7_hd/73511-1-cro-HR/arena_sport_7_hd.png" xmltv_id="Arena Sport 7 HD">Arena Sport 7 HD</channel>
    <channel site="[ENC][EX]a1.hr_0" site_id="7447||/arena_sport_8_hd/73534-1-cro-HR/arena_sport_8_hd.png" xmltv_id="Arena Sport 8 HD">Arena Sport 8 HD</channel>
    <channel site="[ENC][EX]a1.hr_0" site_id="7448||/arena_sport_9_hd/73557-1-cro-HR/arena_sport_9_hd.png" xmltv_id="Arena Sport 9 HD">Arena Sport 9 HD</channel>
    <channel site="[ENC][EX]a1.hr_0" site_id="7449||/arena_sport_10_hd/73580-1-cro-HR/arena_sport_10_hd.png" xmltv_id="Arena Sport 10 HD">Arena Sport 10 HD</channel>
    <channel site="[ENC][EX]a1.hr_0" site_id="7165||/axn_spin/69152-1-cro-HR/axn_spin.png" xmltv_id="AXN Spin">AXN Spin</channel>
    <channel site="[ENC][EX]a1.hr_0" site_id="6557||/hntv/61349-1-cro-HR/hntv.png" xmltv_id="HNTV">HNTV</channel>
    <channel site="[ENC][EX]a1.hr_0" site_id="3508||/jugoton/31853-2-cro-HR/jugoton.png" xmltv_id="JUGOTON">JUGOTON</channel>
    <channel site="[ENC][EX]a1.hr_0" site_id="1027||/narodni/10690-6-cro-HR/narodni.png" xmltv_id="Narodni">Narodni</channel>
    <channel site="[ENC][EX]a1.hr_0" site_id="1009||/balkanika_music_tv/10399-4-cro-HR/balkanika_music_tv.png" xmltv_id="BALKANIKA MUSIC TV">BALKANIKA MUSIC TV</channel>
    <channel site="[ENC][EX]a1.hr_0" site_id="7458||/muzzik_tv/73787-1-cro-HR/muzzik_tv.png" xmltv_id="Muzzik TV">Muzzik TV</channel>
    <channel site="[ENC][EX]a1.hr_0" site_id="7461||/rock_roll/73856-1-cro-HR/rock_roll.png" xmltv_id="Rock&amp;Roll">Rock&amp;Roll</channel>
    <channel site="[ENC][EX]a1.hr_0" site_id="7462||/pop_star/73879-1-cro-HR/pop_star.png" xmltv_id="Pop Star">Pop Star</channel>
    <channel site="[ENC][EX]a1.hr_0" site_id="7463||/jeka/73902-1-cro-HR/jeka.png" xmltv_id="Jeka">Jeka</channel>
    <channel site="[ENC][EX]a1.hr_0" site_id="7464||/glazzba/73925-1-cro-HR/glazzba.png" xmltv_id="Glazzba">Glazzba</channel>
    <channel site="[ENC][EX]a1.hr_0" site_id="7465||/flashback/73948-1-cro-HR/flashback.png" xmltv_id="Flashback">Flashback</channel>
    <channel site="[ENC][EX]a1.hr_0" site_id="7466||/world_wide_muzzik/73971-1-cro-HR/world_wide_muzzik.png" xmltv_id="World Wide Muzzik">World Wide Muzzik</channel>
    <channel site="[ENC][EX]a1.hr_0" site_id="1024||/slo_1/10654-6-cro-HR/slo_1.png" xmltv_id="SLO 1">SLO 1</channel>
    <channel site="[ENC][EX]a1.hr_0" site_id="1012||/slo_2/10450-6-cro-HR/slo_2.png" xmltv_id="SLO 2">SLO 2</channel>
    <channel site="[ENC][EX]a1.hr_0" site_id="1010||/federalna_tv/10416-4-cro-HR/federalna_tv.png" xmltv_id="FEDERALNA TV">FEDERALNA TV</channel>
    <channel site="[ENC][EX]a1.hr_0" site_id="1020||/rts_svet/10586-7-cro-HR/rts_svet.png" xmltv_id="RTS SVET">RTS SVET</channel>
    <channel site="[ENC][EX]a1.hr_0" site_id="7457||/rts3/73764-1-cro-HR/rts3.png" xmltv_id="RTS3">RTS3</channel>
    <channel site="[ENC][EX]a1.hr_0" site_id="1011||/rtcg/10433-4-cro-HR/rtcg.png" xmltv_id="RTCG">RTCG</channel>
    <channel site="[ENC][EX]a1.hr_0" site_id="1006||/rtl_television/10363-13-cro-HR/rtl_television.png" xmltv_id="RTL TELEVISION">RTL TELEVISION</channel>
    <channel site="[ENC][EX]a1.hr_0" site_id="1004||/pro_7/10329-4-cro-HR/pro_7.png" xmltv_id="PRO 7">PRO 7</channel>
    <channel site="[ENC][EX]a1.hr_0" site_id="1005||/3_sat/10346-5-cro-HR/3_sat.png" xmltv_id="3 SAT">3 SAT</channel>
    <channel site="[ENC][EX]a1.hr_0" site_id="3285||/mediaset_italia/29991-2-cro-HR/mediaset_italia.png" xmltv_id="MEDIASET ITALIA">MEDIASET ITALIA</channel>
    <channel site="[ENC][EX]a1.hr_0" site_id="1001||/rai_uno/10278-4-cro-HR/rai_uno.png" xmltv_id="RAI UNO">RAI UNO</channel>
    <channel site="[ENC][EX]a1.hr_0" site_id="998||/tv5monde/10227-9-cro-HR/tv5monde.png" xmltv_id="TV5MONDE">TV5MONDE</channel>
    <channel site="[ENC][EX]a1.hr_0" site_id="163||/arte/1249-4-cro-HR/arte.png" xmltv_id="ARTE">ARTE</channel>
    <channel site="[ENC][EX]a1.hr_0" site_id="2475||/al_jazeera_balkans/22724-2-cro-HR/al_jazeera_balkans.png" xmltv_id="AL JAZEERA BALKANS">AL JAZEERA BALKANS</channel>
    <channel site="[ENC][EX]a1.hr_0" site_id="2468||/cnn/22610-5-cro-HR/cnn.png" xmltv_id="CNN">CNN</channel>
    <channel site="[ENC][EX]a1.hr_0" site_id="6278||/laudato_tv/58825-1-cro-HR/laudato_tv.jpg" xmltv_id="Laudato TV">Laudato TV</channel>
    <channel site="[ENC][EX]a1.hr_0" site_id="979||/tv_jadran/9919-4-cro-HR/tv_jadran.png" xmltv_id="TV JADRAN">TV JADRAN</channel>
    <channel site="[ENC][EX]a1.hr_0" site_id="987||/otv/10055-10-cro-HR/otv.png" xmltv_id="OTV">OTV</channel>
    <channel site="[ENC][EX]a1.hr_0" site_id="970||/mrezazg/9766-6-cro-HR/mrezazg.png" xmltv_id="MREŽAZG">MREŽAZG</channel>
    <channel site="[ENC][EX]a1.hr_0" site_id="986||/z1/10038-4-cro-HR/z1.png" xmltv_id="Z1">Z1</channel>
    <channel site="[ENC][EX]a1.hr_0" site_id="982||/televizija_dalmacija/9970-10-cro-HR/televizija_dalmacija.png" xmltv_id="Televizija Dalmacija">Televizija Dalmacija</channel>
    <channel site="[ENC][EX]a1.hr_0" site_id="983||/kanal_ri/9987-4-cro-HR/kanal_ri.png" xmltv_id="KANAL RI">KANAL RI</channel>
    <channel site="[ENC][EX]a1.hr_0" site_id="178||/tv_nova_pula/1504-4-cro-HR/tv_nova_pula.png" xmltv_id="TV NOVA PULA">TV NOVA PULA</channel>
    <channel site="[ENC][EX]a1.hr_0" site_id="977||/osjecka_tv/9885-4-cro-HR/osjecka_tv.png" xmltv_id="OSJEČKA TV">OSJEČKA TV</channel>
    <channel site="[ENC][EX]a1.hr_0" site_id="984||/vinkovacka_tv/10004-4-cro-HR/vinkovacka_tv.png" xmltv_id="VINKOVAČKA TV">VINKOVAČKA TV</channel>
    <channel site="[ENC][EX]a1.hr_0" site_id="985||/slavonska_tv/10021-4-cro-HR/slavonska_tv.png" xmltv_id="SLAVONSKA TV">SLAVONSKA TV</channel>
    <channel site="[ENC][EX]a1.hr_0" site_id="976||/varazdinska_televizija/9868-4-cro-HR/varazdinska_televizija.png" xmltv_id="VARAŽDINSKA TELEVIZIJA">VARAŽDINSKA TELEVIZIJA</channel>
    <channel site="[ENC][EX]a1.hr_0" site_id="2487||/sbtv/22940-1-cro-HR/sbtv.jpg" xmltv_id="SBTV">SBTV</channel>
    <channel site="[ENC][EX]a1.hr_0" site_id="3507||/rtv_banovina/31833-6-cro-HR/rtv_banovina.png" xmltv_id="RTV Banovina">RTV Banovina</channel>
    <channel site="[ENC][EX]a1.hr_0" site_id="2488||/dutv/22958-5-cro-HR/dutv.png" xmltv_id="DUTV">DUTV</channel>
    <channel site="[ENC][EX]a1.hr_0" site_id="7173||/tv_zapad/69336-1-cro-HR/tv_zapad.png" xmltv_id="TV ZAPAD">TV ZAPAD</channel>
    <channel site="[ENC][EX]a1.hr_0" site_id="6925||/libertas_tv/66323-1-cro-HR/libertas_tv.png" xmltv_id="Libertas TV">Libertas TV</channel>
    <channel site="[ENC][EX]a1.hr_0" site_id="3662||/dmc/33307-1-cro-HR/dmc.png" xmltv_id="DMC">DMC</channel>
    <channel site="[ENC][EX]a1.hr_0" site_id="5758||/poljoprivredna_tv/54266-1-cro-HR/poljoprivredna_tv.png" xmltv_id="POLJOPRIVREDNA TV">POLJOPRIVREDNA TV</channel>
    <channel site="[ENC][EX]a1.hr_0" site_id="133" xmltv_id="SABORSKA TV">SABORSKA TV</channel>
    <channel site="[ENC][EX]a1.hr_0" site_id="7445||/aurora_tv/73488-3-cro-HR/aurora_tv.png" xmltv_id="Aurora TV">Aurora TV</channel>
    <channel site="[ENC][EX]a1.hr_0" site_id="974||/zdrava_tv_7/9834-4-cro-HR/zdrava_tv_7.png" xmltv_id="ZDRAVA TV-7">ZDRAVA TV-7</channel>
    <channel site="[ENC][EX]a1.hr_0" site_id="3797||/nova_cinema/34810-4-cro-HR/nova_cinema.png" xmltv_id="NOVA CINEMA">NOVA CINEMA</channel>
    <channel site="[ENC][EX]a1.hr_0" site_id="3798||/nova_family/34830-3-cro-HR/nova_family.png" xmltv_id="NOVA FAMILY">NOVA FAMILY</channel>
    <channel site="[ENC][EX]a1.hr_0" site_id="2480||/sky_news/22814-2-cro-HR/sky_news.png" xmltv_id="SKY NEWS">SKY NEWS</channel>
    <channel site="[ENC][EX]a1.hr_0" site_id="2479||/fox_news/22796-2-cro-HR/fox_news.png" xmltv_id="FOX NEWS">FOX NEWS</channel>
    <channel site="[ENC][EX]a1.hr_0" site_id="7172||/china_global_television_network/69313-1-cro-HR/china_global_television_network.png" xmltv_id="China Global Television Network">China Global Television Network</channel>
    <channel site="[ENC][EX]a1.hr_0" site_id="2477||/al_jazeera_english/22760-2-cro-HR/al_jazeera_english.png" xmltv_id="AL JAZEERA ENGLISH">AL JAZEERA ENGLISH</channel>
    <channel site="[ENC][EX]a1.hr_0" site_id="7179||/al_jazeera_balkans_hd/69474-1-cro-HR/al_jazeera_balkans_hd.png" xmltv_id="AL JAZEERA BALKANS HD">AL JAZEERA BALKANS HD</channel>
    <channel site="[ENC][EX]a1.hr_0" site_id="966||/cnbc/9713-4-cro-HR/cnbc.png" xmltv_id="CNBC">CNBC</channel>
    <channel site="[ENC][EX]a1.hr_0" site_id="968||/deutsche_welle/9747-5-cro-HR/deutsche_welle.png" xmltv_id="DEUTSCHE WELLE">DEUTSCHE WELLE</channel>
    <channel site="[ENC][EX]a1.hr_0" site_id="2483||/bbc_world_news/22868-4-cro-HR/bbc_world_news.png" xmltv_id="BBC WORLD NEWS">BBC WORLD NEWS</channel>
    <channel site="[ENC][EX]a1.hr_0" site_id="2470||/france_24/22646-8-cro-HR/france_24.png" xmltv_id="FRANCE 24">FRANCE 24</channel>
    <channel site="[ENC][EX]a1.hr_0" site_id="2484||/france_24_hd/22886-5-cro-HR/france_24_hd.png" xmltv_id="FRANCE 24 HD">FRANCE 24 HD</channel>
    <channel site="[ENC][EX]a1.hr_0" site_id="7182||/france_24_hd_eng/69543-1-cro-HR/france_24_hd_eng.png" xmltv_id="FRANCE 24 HD ENG">FRANCE 24 HD ENG</channel>
    <channel site="[ENC][EX]a1.hr_0" site_id="7183||/france_24_hd_fra/69566-1-cro-HR/france_24_hd_fra.png" xmltv_id="FRANCE 24 HD FRA">FRANCE 24 HD FRA</channel>
    <channel site="[ENC][EX]a1.hr_0" site_id="2485||/welt/22904-5-cro-HR/welt.png" xmltv_id="WELT">WELT</channel>
    <channel site="[ENC][EX]a1.hr_0" site_id="2478||/russia_today_tv/22778-2-cro-HR/russia_today_tv.png" xmltv_id="RUSSIA TODAY TV">RUSSIA TODAY TV</channel>
    <channel site="[ENC][EX]a1.hr_0" site_id="967||/euronews/9730-4-cro-HR/euronews.png" xmltv_id="EURONEWS">EURONEWS</channel>
    <channel site="[ENC][EX]a1.hr_0" site_id="1007||/tv_espana/10380-3-cro-HR/tv_espana.png" xmltv_id="TV ESPANA">TV ESPANA</channel>
    <channel site="[ENC][EX]a1.hr_0" site_id="944||/extreme_sports_channel/9399-4-cro-HR/extreme_sports_channel.png" xmltv_id="EXTREME SPORTS CHANNEL">EXTREME SPORTS CHANNEL</channel>
    <channel site="[ENC][EX]a1.hr_0" site_id="102||/nautical_channel/599-4-cro-HR/nautical_channel.png" xmltv_id="NAUTICAL CHANNEL">NAUTICAL CHANNEL</channel>
    <channel site="[ENC][EX]a1.hr_0" site_id="146||/body_in_balance/1080-4-cro-HR/body_in_balance.png" xmltv_id="BODY IN BALANCE">BODY IN BALANCE</channel>
    <channel site="[ENC][EX]a1.hr_0" site_id="95||/baby_tv/491-4-cro-HR/baby_tv.png" xmltv_id="BABY TV">BABY TV</channel>
    <channel site="[ENC][EX]a1.hr_0" site_id="172||/jim_jam/1402-4-cro-HR/jim_jam.png" xmltv_id="JIM JAM">JIM JAM</channel>
    <channel site="[ENC][EX]a1.hr_0" site_id="919||/tiji/9024-4-cro-HR/tiji.png" xmltv_id="TIJI">TIJI</channel>
    <channel site="[ENC][EX]a1.hr_0" site_id="177||/ki_ka/1487-5-cro-HR/ki_ka.png" xmltv_id="KI.KA">KI.KA</channel>
    <channel site="[ENC][EX]a1.hr_0" site_id="137||/mtv_90s/949-10-cro-HR/mtv_90s.png" xmltv_id="MTV 90s'">MTV 90s'</channel>
    <channel site="[ENC][EX]a1.hr_0" site_id="138||/mtv_hits_international/966-6-cro-HR/mtv_hits_international.png" xmltv_id="MTV HITS INTERNATIONAL">MTV HITS INTERNATIONAL</channel>
    <channel site="[ENC][EX]a1.hr_0" site_id="139||/club_mtv/983-11-cro-HR/club_mtv.png" xmltv_id="Club MTV">Club MTV</channel>
    <channel site="[ENC][EX]a1.hr_0" site_id="135||/nickmusic/915-15-cro-HR/nickmusic.png" xmltv_id="NickMusic">NickMusic</channel>
    <channel site="[ENC][EX]a1.hr_0" site_id="141||/trace_urban/1017-4-cro-HR/trace_urban.png" xmltv_id="TRACE URBAN">TRACE URBAN</channel>
    <channel site="[ENC][EX]a1.hr_0" site_id="1026||/mezzo/10673-4-cro-HR/mezzo.png" xmltv_id="MEZZO">MEZZO</channel>
    <channel site="[ENC][EX]a1.hr_0" site_id="143||/stignray_cmusic/1040-7-cro-HR/stignray_cmusic.png" xmltv_id="Stignray CMusic">Stignray CMusic</channel>
    <channel site="[ENC][EX]a1.hr_0" site_id="5753||/box_hits/54151-3-cro-HR/box_hits.png" xmltv_id="BOX HITS">BOX HITS</channel>
    <channel site="[ENC][EX]a1.hr_0" site_id="134||/dm_sat/898-4-cro-HR/dm_sat.png" xmltv_id="DM SAT">DM SAT</channel>
    <channel site="[ENC][EX]a1.hr_0" site_id="7181||/narodni_hd/69520-2-cro-HR/narodni_hd.png" xmltv_id="Narodni HD">Narodni HD</channel>
    <channel site="[ENC][EX]a1.hr_0" site_id="7180||/balkanika_music_tv_hd/69497-1-cro-HR/balkanika_music_tv_hd.png" xmltv_id="BALKANIKA MUSIC TV HD">BALKANIKA MUSIC TV HD</channel>
    <channel site="[ENC][EX]a1.hr_0" site_id="7171||/klape_i_tambure_tv/69290-1-cro-HR/klape_i_tambure_tv.png" xmltv_id="Klape i tambure TV">Klape i tambure TV</channel>
    <channel site="[ENC][EX]a1.hr_0" site_id="7170||/nonstop/69267-5-cro-HR/nonstop.png" xmltv_id="NONSTOP">NONSTOP</channel>
    <channel site="[ENC][EX]a1.hr_0" site_id="184||/tv_bn_sat/1606-3-cro-HR/tv_bn_sat.png" xmltv_id="TV BN SAT">TV BN SAT</channel>
    <channel site="[ENC][EX]a1.hr_0" site_id="2490||/golica_tv/22994-2-cro-HR/golica_tv.png" xmltv_id="GOLICA TV">GOLICA TV</channel>
    <channel site="[ENC][EX]a1.hr_0" site_id="2489||/kcn_music_2/22976-6-cro-HR/kcn_music_2.png" xmltv_id="KCN MUSIC 2">KCN MUSIC 2</channel>
    <channel site="[ENC][EX]a1.hr_0" site_id="179||/kcn_3/1521-4-cro-HR/kcn_3.jpg" xmltv_id="KCN 3">KCN 3</channel>
    <channel site="[ENC][EX]a1.hr_0" site_id="995||/happy_tv/10176-3-cro-HR/happy_tv.png" xmltv_id="HAPPY TV">HAPPY TV</channel>
    <channel site="[ENC][EX]a1.hr_0" site_id="181||/mktv_sat/1555-6-cro-HR/mktv_sat.png" xmltv_id="MKTV SAT">MKTV SAT</channel>
    <channel site="[ENC][EX]a1.hr_0" site_id="5750||/dusk_tv/54082-3-cro-HR/dusk_tv.png" xmltv_id="DUSK! TV">DUSK! TV</channel>
    <channel site="[ENC][EX]a1.hr_0" site_id="125||/nova_hd/801-8-cro-HR/nova_hd.png" xmltv_id="NOVA HD">NOVA HD</channel>
    <channel site="[ENC][EX]a1.hr_0" site_id="4980||/doma_tv_hd/44698-3-cro-HR/doma_tv_hd.png" xmltv_id="DOMA TV HD">DOMA TV HD</channel>
    <channel site="[ENC][EX]a1.hr_0" site_id="115||/national_geographic_hd/718-8-cro-HR/national_geographic_hd.png" xmltv_id="NATIONAL GEOGRAPHIC HD">NATIONAL GEOGRAPHIC HD</channel>
    <channel site="[ENC][EX]a1.hr_0" site_id="904||/nat_geo_wild_hd/8784-9-cro-HR/nat_geo_wild_hd.png" xmltv_id="NAT GEO WILD HD">NAT GEO WILD HD</channel>
    <channel site="[ENC][EX]a1.hr_0" site_id="4981||/kinotv_hd/44719-1-cro-HR/kinotv_hd.png" xmltv_id="KINOTV HD">KINOTV HD</channel>
    <channel site="[ENC][EX]a1.hr_0" site_id="118||/myzen_tv_hd/758-7-cro-HR/myzen_tv_hd.png" xmltv_id="MYZEN.TV HD">MYZEN.TV HD</channel>
    <channel site="[ENC][EX]a1.hr_0" site_id="116||/luxe_tv_hd/735-3-cro-HR/luxe_tv_hd.png" xmltv_id="LUXE.TV HD">LUXE.TV HD</channel>
    <channel site="[ENC][EX]a1.hr_0" site_id="167||/arte_hd/1317-4-cro-HR/arte_hd.png" xmltv_id="ARTE HD">ARTE HD</channel>
    <channel site="[ENC][EX]a1.hr_0" site_id="170||/das_erste_hd/1368-4-cro-HR/das_erste_hd.png" xmltv_id="DAS ERSTE HD">DAS ERSTE HD</channel>
    <channel site="[ENC][EX]a1.hr_0" site_id="171||/zdf_hd/1385-4-cro-HR/zdf_hd.png" xmltv_id="ZDF HD">ZDF HD</channel>
    <channel site="[ENC][EX]a1.hr_0" site_id="4982||/kreator_tv_hd/44740-1-cro-HR/kreator_tv_hd.png" xmltv_id="KREATOR TV HD">KREATOR TV HD</channel>
    <channel site="[ENC][EX]a1.hr_0" site_id="973||/vox_tv/9817-4-cro-HR/vox_tv.png" xmltv_id="VOX TV">VOX TV</channel>
    <channel site="[ENC][EX]a1.hr_0" site_id="4733||/tv_sibenik/43082-2-cro-HR/tv_sibenik.png" xmltv_id="TV ŠIBENIK">TV ŠIBENIK</channel>
    <channel site="[ENC][EX]a1.hr_0" site_id="971||/ri_tv/9783-4-cro-HR/ri_tv.png" xmltv_id="RI TV">RI TV</channel>
    <channel site="[ENC][EX]a1.hr_0" site_id="75||/rai_scuola/338-5-cro-HR/rai_scuola.png" xmltv_id="RAI SCUOLA">RAI SCUOLA</channel>
    <channel site="[ENC][EX]a1.hr_0" site_id="991||/rtl_ii/10108-3-cro-HR/rtl_ii.png" xmltv_id="RTL II">RTL II</channel>
    <channel site="[ENC][EX]a1.hr_0" site_id="999||/vox/10244-5-cro-HR/vox.png" xmltv_id="VOX">VOX</channel>
    <channel site="[ENC][EX]a1.hr_0" site_id="1002||/rai_due/10295-4-cro-HR/rai_due.png" xmltv_id="RAI DUE">RAI DUE</channel>
    <channel site="[ENC][EX]a1.hr_0" site_id="1003||/rai_tre/10312-3-cro-HR/rai_tre.png" xmltv_id="RAI TRE">RAI TRE</channel>
    <channel site="[ENC][EX]a1.hr_0" site_id="6923||/rai_storia/66277-9-cro-HR/rai_storia.png" xmltv_id="Rai Storia">Rai Storia</channel>
    <channel site="[ENC][EX]a1.hr_0" site_id="6924||/rai_news_24/66300-7-cro-HR/rai_news_24.png" xmltv_id="Rai News 24">Rai News 24</channel>
    <channel site="[ENC][EX]a1.hr_0" site_id="1013||/rtv2/10467-5-cro-HR/rtv2.png" xmltv_id="RTV2">RTV2</channel>
    <channel site="[ENC][EX]a1.hr_0" site_id="1015||/rtv1/10501-5-cro-HR/rtv1.png" xmltv_id="RTV1">RTV1</channel>
    <channel site="[ENC][EX]a1.hr_0" site_id="1016||/rts_1/10518-4-cro-HR/rts_1.png" xmltv_id="RTS 1">RTS 1</channel>
    <channel site="[ENC][EX]a1.hr_0" site_id="1021||/rts_2/10603-4-cro-HR/rts_2.png" xmltv_id="RTS 2">RTS 2</channel>
    <channel site="[ENC][EX]a1.hr_0" site_id="2474||/dorcel_tv/22706-3-cro-HR/dorcel_tv.png" xmltv_id="DORCEL TV">DORCEL TV</channel>
    <channel site="[ENC][EX]a1.hr_0" site_id="112||/brazzers_tv_europe/667-5-cro-HR/brazzers_tv_europe.png" xmltv_id="BRAZZERS TV EUROPE">BRAZZERS TV EUROPE</channel>
    <channel site="[ENC][EX]a1.hr_0" site_id="7186" xmltv_id="Private TV">Private TV</channel>
    <channel site="[ENC][EX]a1.hr_0" site_id="114||/adult_channel/701-4-cro-HR/adult_channel.png" xmltv_id="ADULT CHANNEL">ADULT CHANNEL</channel>
    <channel site="[ENC][EX]a1.hr_0" site_id="3792||/hustler_hd/34710-1-cro-HR/hustler_hd.png" xmltv_id="HUSTLER HD">HUSTLER HD</channel>
    <channel site="[ENC][EX]a1.hr_0" site_id="7419||/hustler_tv/72988-1-cro-HR/hustler_tv.png" xmltv_id="HUSTLER TV">HUSTLER TV</channel>
    <channel site="[ENC][EX]a1.hr_0" site_id="3791||/dorcel_hd/34690-2-cro-HR/dorcel_hd.png" xmltv_id="DORCEL HD">DORCEL HD</channel>
    <channel site="[ENC][EX]a1.hr_0" site_id="113||/playboy_tv/684-4-cro-HR/playboy_tv.png" xmltv_id="PLAYBOY TV">PLAYBOY TV</channel>
    <channel site="[ENC][EX]a1.hr_0" site_id="5761||/fashion_one_hd/54335-4-cro-HR/fashion_one_hd.png" xmltv_id="Fashion One HD">Fashion One HD</channel>
    <channel site="[ENC][EX]a1.hr_0" site_id="3945||/duna_world/37151-2-cro-HR/duna_world.png" xmltv_id="DUNA WORLD">DUNA WORLD</channel>
    <channel site="[ENC][EX]a1.hr_0" site_id="7410||/pure_babes/72781-1-cro-HR/pure_babes.png" xmltv_id="Pure Babes">Pure Babes</channel>
    <channel site="[ENC][EX]a1.hr_0" site_id="7412||/babes_tv/72827-1-cro-HR/babes_tv.png" xmltv_id="BABES TV">BABES TV</channel>
    <channel site="[ENC][EX]a1.hr_0" site_id="7411||/reality_kings/72804-1-cro-HR/reality_kings.png" xmltv_id="Reality Kings">Reality Kings</channel>
    <channel site="[ENC][EX]a1.hr_0" site_id="1014||/duna_tv/10484-3-cro-HR/duna_tv.png" xmltv_id="DUNA TV">DUNA TV</channel>
    <channel site="[ENC][EX]a1.hr_0" site_id="956||/rtl2/9558-15-cro-HR/rtl2.png" xmltv_id="RTL2">RTL2</channel>
    <channel site="[ENC][EX]a1.hr_0" site_id="7428||/gamehub/73097-3-cro-HR/gamehub.png" xmltv_id="GameHub">GameHub</channel>
    <channel site="[ENC][EX]a1.hr_0" site_id="7391||/kino_tv_hd/72427-1-cro-HR/kino_tv_hd.png" xmltv_id="Kino TV HD">Kino TV HD</channel>
    <channel site="[ENC][EX]a1.hr_0" site_id="7390||/cgtn/72404-1-cro-HR/cgtn.png" xmltv_id="CGTN">CGTN</channel>
    <channel site="[ENC][EX]a1.hr_0" site_id="7389||/hayat_plus/72381-1-cro-HR/hayat_plus.png" xmltv_id="Hayat Plus">Hayat Plus</channel>
    <channel site="[ENC][EX]a1.hr_0" site_id="7388||/extra_tv/72358-1-cro-HR/extra_tv.png" xmltv_id="Extra TV">Extra TV</channel>
    <channel site="[ENC][EX]a1.hr_0" site_id="4033||/music_channel/37897-1-cro-HR/music_channel.png" xmltv_id="MUSIC CHANNEL">MUSIC CHANNEL</channel>
    <channel site="[ENC][EX]a1.hr_0" site_id="962||/info_kanal/9645-9-cro-HR/info_kanal.png" xmltv_id="INFO KANAL">INFO KANAL</channel>
    <channel site="[ENC][EX]a1.hr_0" site_id="963||/b_net_mozaik/9662-8-cro-HR/b_net_mozaik.png" xmltv_id="B.NET MOZAIK">B.NET MOZAIK</channel>
  </channels>
</site>