<?xml version="1.0" encoding="UTF-8"?>
<site generator-info-name="Tempest EPG Generator (made by Kvanc)" generator-info-url="https://github.com/K-vanc/Tempest-EPG-Generator.git" site="[ENC]tv.moustique.be_0">
  <channels>
    <channel site="[ENC]tv.moustique.be_0" site_id="2/13eme-rue" xmltv_id="13eme RUE">13eme RUE</channel>
    <channel site="[ENC]tv.moustique.be_0" site_id="254/ab-3" xmltv_id="AB 3">AB 3</channel>
    <channel site="[ENC]tv.moustique.be_0" site_id="303/abxplore" xmltv_id="ABXPLORE">ABXPLORE</channel>
    <channel site="[ENC]tv.moustique.be_0" site_id="10/action" xmltv_id="Action">Action</channel>
    <channel site="[ENC]tv.moustique.be_0" site_id="388/actv" xmltv_id="ACTV">ACTV</channel>
    <channel site="[ENC]tv.moustique.be_0" site_id="12/animaux" xmltv_id="Animaux">Animaux</channel>
    <channel site="[ENC]tv.moustique.be_0" site_id="2544/arte-belgique" xmltv_id="Arte Belgique">Arte Belgique</channel>
    <channel site="[ENC]tv.moustique.be_0" site_id="16/bbc-1" xmltv_id="BBC 1">BBC 1</channel>
    <channel site="[ENC]tv.moustique.be_0" site_id="17/bbc-2" xmltv_id="BBC 2">BBC 2</channel>
    <channel site="[ENC]tv.moustique.be_0" site_id="29/be-1" xmltv_id="BE 1">BE 1</channel>
    <channel site="[ENC]tv.moustique.be_0" site_id="417/be-cine" xmltv_id="Be Ciné">Be Ciné</channel>
    <channel site="[ENC]tv.moustique.be_0" site_id="418/be-series" xmltv_id="Be Séries">Be Séries</channel>
    <channel site="[ENC]tv.moustique.be_0" site_id="382/bx1" xmltv_id="BX1">BX1</channel>
    <channel site="[ENC]tv.moustique.be_0" site_id="389/canal-c" xmltv_id="Canal C">Canal C</channel>
    <channel site="[ENC]tv.moustique.be_0" site_id="386/canal-zoom" xmltv_id="Canal Zoom">Canal Zoom</channel>
    <channel site="[ENC]tv.moustique.be_0" site_id="24/canvas" xmltv_id="Canvas">Canvas</channel>
    <channel site="[ENC]tv.moustique.be_0" site_id="36/cartoon-network" xmltv_id="Cartoon Network">Cartoon Network</channel>
    <channel site="[ENC]tv.moustique.be_0" site_id="38/chasse-et-peche" xmltv_id="Chasse et pêche">Chasse et pêche</channel>
    <channel site="[ENC]tv.moustique.be_0" site_id="437/cine-classic-belgique" xmltv_id="Ciné+ Classic Belgique">Ciné+ Classic Belgique</channel>
    <channel site="[ENC]tv.moustique.be_0" site_id="317/cine-frisson-belgique" xmltv_id="Ciné+ Frisson Belgique">Ciné+ Frisson Belgique</channel>
    <channel site="[ENC]tv.moustique.be_0" site_id="294/cine-premier-belgique" xmltv_id="Ciné+ Premier Belgique">Ciné+ Premier Belgique</channel>
    <channel site="[ENC]tv.moustique.be_0" site_id="54/comedie" xmltv_id="Comédie+">Comédie+</channel>
    <channel site="[ENC]tv.moustique.be_0" site_id="13/das-erste" xmltv_id="Das Erste">Das Erste</channel>
    <channel site="[ENC]tv.moustique.be_0" site_id="400/discovery-channel" xmltv_id="Discovery Channel">Discovery Channel</channel>
    <channel site="[ENC]tv.moustique.be_0" site_id="1967/disney-channel-wallonia" xmltv_id="Disney Channel Wallonia">Disney Channel Wallonia</channel>
    <channel site="[ENC]tv.moustique.be_0" site_id="405/e" xmltv_id="E !">E !</channel>
    <channel site="[ENC]tv.moustique.be_0" site_id="23/een" xmltv_id="één">één</channel>
    <channel site="[ENC]tv.moustique.be_0" site_id="76/eurosport-1" xmltv_id="Eurosport 1">Eurosport 1</channel>
    <channel site="[ENC]tv.moustique.be_0" site_id="439/eurosport-2" xmltv_id="Eurosport 2">Eurosport 2</channel>
    <channel site="[ENC]tv.moustique.be_0" site_id="4/france-2" xmltv_id="France 2">France 2</channel>
    <channel site="[ENC]tv.moustique.be_0" site_id="80/france-3" xmltv_id="France 3">France 3</channel>
    <channel site="[ENC]tv.moustique.be_0" site_id="78/france-4" xmltv_id="France 4">France 4</channel>
    <channel site="[ENC]tv.moustique.be_0" site_id="47/france-5" xmltv_id="France 5">France 5</channel>
    <channel site="[ENC]tv.moustique.be_0" site_id="482/gulli" xmltv_id="Gulli">Gulli</channel>
    <channel site="[ENC]tv.moustique.be_0" site_id="88/histoire-tv" xmltv_id="Histoire TV">Histoire TV</channel>
    <channel site="[ENC]tv.moustique.be_0" site_id="939/kanaal-z" xmltv_id="Kanaal Z">Kanaal Z</channel>
    <channel site="[ENC]tv.moustique.be_0" site_id="1280/ketnet" xmltv_id="Ketnet">Ketnet</channel>
    <channel site="[ENC]tv.moustique.be_0" site_id="892/la-trois" xmltv_id="La Trois">La Trois</channel>
    <channel site="[ENC]tv.moustique.be_0" site_id="164/la-une" xmltv_id="La Une">La Une</channel>
    <channel site="[ENC]tv.moustique.be_0" site_id="2903/ln24" xmltv_id="LN24">LN24</channel>
    <channel site="[ENC]tv.moustique.be_0" site_id="118/m6" xmltv_id="M6">M6</channel>
    <channel site="[ENC]tv.moustique.be_0" site_id="393/matele" xmltv_id="MAtélé">MAtélé</channel>
    <channel site="[ENC]tv.moustique.be_0" site_id="125/mezzo" xmltv_id="Mezzo">Mezzo</channel>
    <channel site="[ENC]tv.moustique.be_0" site_id="128/mtv" xmltv_id="MTV">MTV</channel>
    <channel site="[ENC]tv.moustique.be_0" site_id="243/national-geographic" xmltv_id="National Geographic">National Geographic</channel>
    <channel site="[ENC]tv.moustique.be_0" site_id="1968/nickelodeon-wallonia" xmltv_id="Nickelodéon Wallonia">Nickelodéon Wallonia</channel>
    <channel site="[ENC]tv.moustique.be_0" site_id="1833/notele" xmltv_id="NoTélé">NoTélé</channel>
    <channel site="[ENC]tv.moustique.be_0" site_id="910/npo1" xmltv_id="NPO1">NPO1</channel>
    <channel site="[ENC]tv.moustique.be_0" site_id="911/npo2" xmltv_id="NPO2">NPO2</channel>
    <channel site="[ENC]tv.moustique.be_0" site_id="912/npo3" xmltv_id="NPO3">NPO3</channel>
    <channel site="[ENC]tv.moustique.be_0" site_id="147/planete" xmltv_id="Planète+">Planète+</channel>
    <channel site="[ENC]tv.moustique.be_0" site_id="156/rai-uno" xmltv_id="Rai Uno">Rai Uno</channel>
    <channel site="[ENC]tv.moustique.be_0" site_id="390/rtc-tele-liege" xmltv_id="RTC Télé Liège">RTC Télé Liège</channel>
    <channel site="[ENC]tv.moustique.be_0" site_id="50/rtl-club" xmltv_id="RTL Club">RTL Club</channel>
    <channel site="[ENC]tv.moustique.be_0" site_id="377/rtl-plug" xmltv_id="RTL Plug">RTL Plug</channel>
    <channel site="[ENC]tv.moustique.be_0" site_id="166/rtl-television" xmltv_id="RTL Télévision">RTL Télévision</channel>
    <channel site="[ENC]tv.moustique.be_0" site_id="168/rtl-tvi" xmltv_id="RTL TVI">RTL TVI</channel>
    <channel site="[ENC]tv.moustique.be_0" site_id="169/rtpi" xmltv_id="RTPI">RTPI</channel>
    <channel site="[ENC]tv.moustique.be_0" site_id="182/swr" xmltv_id="SWR">SWR</channel>
    <channel site="[ENC]tv.moustique.be_0" site_id="479/syfy" xmltv_id="Syfy">Syfy</channel>
    <channel site="[ENC]tv.moustique.be_0" site_id="185/tcm-cinema" xmltv_id="TCM Cinéma">TCM Cinéma</channel>
    <channel site="[ENC]tv.moustique.be_0" site_id="387/tele-mb" xmltv_id="Télé MB">Télé MB</channel>
    <channel site="[ENC]tv.moustique.be_0" site_id="383/tele-sambre" xmltv_id="Télé Sambre">Télé Sambre</channel>
    <channel site="[ENC]tv.moustique.be_0" site_id="192/tf1" xmltv_id="TF1">TF1</channel>
    <channel site="[ENC]tv.moustique.be_0" site_id="187/tipik" xmltv_id="Tipik">Tipik</channel>
    <channel site="[ENC]tv.moustique.be_0" site_id="7/toute-l-histoire" xmltv_id="Toute l'histoire">Toute l'histoire</channel>
    <channel site="[ENC]tv.moustique.be_0" site_id="385/tv-com" xmltv_id="TV COM">TV COM</channel>
    <channel site="[ENC]tv.moustique.be_0" site_id="392/tv-lux" xmltv_id="TV Lux">TV Lux</channel>
    <channel site="[ENC]tv.moustique.be_0" site_id="205/tv5monde" xmltv_id="TV5MONDE">TV5MONDE</channel>
    <channel site="[ENC]tv.moustique.be_0" site_id="232/tv5monde-europe" xmltv_id="TV5MONDE Europe">TV5MONDE Europe</channel>
    <channel site="[ENC]tv.moustique.be_0" site_id="225/tvbreizh" xmltv_id="TvBreizh">TvBreizh</channel>
    <channel site="[ENC]tv.moustique.be_0" site_id="208/tve" xmltv_id="TVE">TVE</channel>
    <channel site="[ENC]tv.moustique.be_0" site_id="451/ushuaia-tv" xmltv_id="Ushuaïa TV">Ushuaïa TV</channel>
    <channel site="[ENC]tv.moustique.be_0" site_id="391/vedia" xmltv_id="VEDIA">VEDIA</channel>
    <channel site="[ENC]tv.moustique.be_0" site_id="214/vier" xmltv_id="Vier">Vier</channel>
    <channel site="[ENC]tv.moustique.be_0" site_id="691/vijf" xmltv_id="Vijf">Vijf</channel>
    <channel site="[ENC]tv.moustique.be_0" site_id="413/voosport-world-1" xmltv_id="VOOsport World 1">VOOsport World 1</channel>
    <channel site="[ENC]tv.moustique.be_0" site_id="414/voosport-world-2" xmltv_id="VOOsport World 2">VOOsport World 2</channel>
    <channel site="[ENC]tv.moustique.be_0" site_id="215/vtm" xmltv_id="VTM">VTM</channel>
    <channel site="[ENC]tv.moustique.be_0" site_id="108/vtm-2" xmltv_id="VTM 2">VTM 2</channel>
    <channel site="[ENC]tv.moustique.be_0" site_id="914/vtm-3" xmltv_id="VTM 3">VTM 3</channel>
    <channel site="[ENC]tv.moustique.be_0" site_id="897/vtm-4" xmltv_id="VTM 4">VTM 4</channel>
    <channel site="[ENC]tv.moustique.be_0" site_id="1292/vtm-non-stop-dokters" xmltv_id="VTM NON-STOP DOKTERS">VTM NON-STOP DOKTERS</channel>
    <channel site="[ENC]tv.moustique.be_0" site_id="217/wdr" xmltv_id="WDR">WDR</channel>
    <channel site="[ENC]tv.moustique.be_0" site_id="219/zdf" xmltv_id="ZDF">ZDF</channel>
  </channels>
</site>