<?xml version="1.0" encoding="UTF-8"?>
<site generator-info-name="Tempest EPG Generator (made by Kvanc)" generator-info-url="https://github.com/K-vanc/Tempest-EPG-Generator.git" site="[ENC]proximus.be[fr]_0">
  <channels>
    <channel site="[ENC]proximus.be[fr]_0" site_id="UID50323||t_0046_000.png" xmltv_id="La Une HD">La Une HD</channel>
    <channel site="[ENC]proximus.be[fr]_0" site_id="UID0047||t_0047_001.png" xmltv_id="TIPIK HD">TIPIK HD</channel>
    <channel site="[ENC]proximus.be[fr]_0" site_id="UID0102||t_0102_001.png" xmltv_id="RTL tvi HD">RTL tvi HD</channel>
    <channel site="[ENC]proximus.be[fr]_0" site_id="UID50209||t_0103_001.png" xmltv_id="RTL club HD">RTL club HD</channel>
    <channel site="[ENC]proximus.be[fr]_0" site_id="UID0106||t_0106_002.png" xmltv_id="RTL plug HD">RTL plug HD</channel>
    <channel site="[ENC]proximus.be[fr]_0" site_id="UID50190||t_2124_000.png" xmltv_id="TF1 HD">TF1 HD</channel>
    <channel site="[ENC]proximus.be[fr]_0" site_id="UID50211||t_0016_001.png" xmltv_id="France 2 HD">France 2 HD</channel>
    <channel site="[ENC]proximus.be[fr]_0" site_id="UID0308||t_0017_001.png" xmltv_id="France 3 HD">France 3 HD</channel>
    <channel site="[ENC]proximus.be[fr]_0" site_id="UID50334||t_0051_000.png" xmltv_id="La Trois HD">La Trois HD</channel>
    <channel site="[ENC]proximus.be[fr]_0" site_id="UID50303||t_info_000.png" xmltv_id="RegInfo F">RegInfo F</channel>
    <channel site="[ENC]proximus.be[fr]_0" site_id="UID50113||t_live_000.png" xmltv_id="PickxLive F">PickxLive F</channel>
    <channel site="[ENC]proximus.be[fr]_0" site_id="UID2065||t_0020_000.png" xmltv_id="TV5 Monde HD">TV5 Monde HD</channel>
    <channel site="[ENC]proximus.be[fr]_0" site_id="UID0081||t_ppls_000.png" xmltv_id="Pickx+ F HD">Pickx+ F HD</channel>
    <channel site="[ENC]proximus.be[fr]_0" site_id="UID2216||t_S01F_001.png" xmltv_id="Pickx+ Sports 1 F HD">Pickx+ Sports 1 F HD</channel>
    <channel site="[ENC]proximus.be[fr]_0" site_id="UID2050||t_0185_002.png" xmltv_id="Canal Z HD">Canal Z HD</channel>
    <channel site="[ENC]proximus.be[fr]_0" site_id="UID0311||t_0311_000.png" xmltv_id="LN24">LN24</channel>
    <channel site="[ENC]proximus.be[fr]_0" site_id="UID0084||t_0084_001.png" xmltv_id="AB3 HD">AB3 HD</channel>
    <channel site="[ENC]proximus.be[fr]_0" site_id="UID0231||t_0222_001.png" xmltv_id="ABXPLO HD">ABXPLO HD</channel>
    <channel site="[ENC]proximus.be[fr]_0" site_id="UID0309||t_0208_001.png" xmltv_id="France 4 HD">France 4 HD</channel>
    <channel site="[ENC]proximus.be[fr]_0" site_id="UID0310||t_0209_001.png" xmltv_id="France 5 HD">France 5 HD</channel>
    <channel site="[ENC]proximus.be[fr]_0" site_id="UID0239||t_0212_001.png" xmltv_id="arte HD">arte HD</channel>
    <channel site="[ENC]proximus.be[fr]_0" site_id="UID0312||t_0312_000.png" xmltv_id="C8">C8</channel>
    <channel site="[ENC]proximus.be[fr]_0" site_id="UID50208||t_0007_004.png" xmltv_id="VRT 1 HD">VRT 1 HD</channel>
    <channel site="[ENC]proximus.be[fr]_0" site_id="UID50306||t_0009_004.png" xmltv_id="VRT Canvas HD">VRT Canvas HD</channel>
    <channel site="[ENC]proximus.be[fr]_0" site_id="UID50297||t_2115_000.png" xmltv_id="VTM HD">VTM HD</channel>
    <channel site="[ENC]proximus.be[fr]_0" site_id="UID2120||t_2120_005.png" xmltv_id="Play4 HD">Play4 HD</channel>
    <channel site="[ENC]proximus.be[fr]_0" site_id="UID2121||t_2121_003.png" xmltv_id="Play5 HD">Play5 HD</channel>
    <channel site="[ENC]proximus.be[fr]_0" site_id="UID0039||t_0039_004.png" xmltv_id="VTM 2 HD">VTM 2 HD</channel>
    <channel site="[ENC]proximus.be[fr]_0" site_id="UID0155||t_0155_001.png" xmltv_id="VTM 3 HD">VTM 3 HD</channel>
    <channel site="[ENC]proximus.be[fr]_0" site_id="UID2073||t_2073_001.png" xmltv_id="VTM 4 HD">VTM 4 HD</channel>
    <channel site="[ENC]proximus.be[fr]_0" site_id="UID2033||t_0109_000.png" xmltv_id="ST100TV HD N">ST100TV HD N</channel>
    <channel site="[ENC]proximus.be[fr]_0" site_id="UID50309||t_info_000.png" xmltv_id="RegInfo N">RegInfo N</channel>
    <channel site="[ENC]proximus.be[fr]_0" site_id="UID50112||t_live_000.png" xmltv_id="PickxLive N">PickxLive N</channel>
    <channel site="[ENC]proximus.be[fr]_0" site_id="UID0248||t_0247_003.png" xmltv_id="Ketnet HD">Ketnet HD</channel>
    <channel site="[ENC]proximus.be[fr]_0" site_id="UID0082||t_ppls_000.png" xmltv_id="Pickx+ N HD">Pickx+ N HD</channel>
    <channel site="[ENC]proximus.be[fr]_0" site_id="UID2217||t_S01N_001.png" xmltv_id="Pickx+ Sports 1 N HD">Pickx+ Sports 1 N HD</channel>
    <channel site="[ENC]proximus.be[fr]_0" site_id="UID0147||t_0146_001.png" xmltv_id="Play6 HD">Play6 HD</channel>
    <channel site="[ENC]proximus.be[fr]_0" site_id="UID2293||t_2293_000.png" xmltv_id="Play7 HD">Play7 HD</channel>
    <channel site="[ENC]proximus.be[fr]_0" site_id="UID2049||t_0186_002.png" xmltv_id="Kanaal Z HD">Kanaal Z HD</channel>
    <channel site="[ENC]proximus.be[fr]_0" site_id="UID0313||t_0313_001.png" xmltv_id="VTM Gold">VTM Gold</channel>
    <channel site="[ENC]proximus.be[fr]_0" site_id="UID0256||t_0216_001.png" xmltv_id="NPO 1 HD">NPO 1 HD</channel>
    <channel site="[ENC]proximus.be[fr]_0" site_id="UID0257||t_0217_001.png" xmltv_id="NPO 2 HD">NPO 2 HD</channel>
    <channel site="[ENC]proximus.be[fr]_0" site_id="UID0258||t_0218_001.png" xmltv_id="NPO 3 HD">NPO 3 HD</channel>
    <channel site="[ENC]proximus.be[fr]_0" site_id="UID2218||t_ppls_000.png" xmltv_id="Pickx+ F HD">Pickx+ F HD</channel>
    <channel site="[ENC]proximus.be[fr]_0" site_id="UID0300||t_0300_000.png" xmltv_id="Be1">Be1</channel>
    <channel site="[ENC]proximus.be[fr]_0" site_id="UID0302||t_0302_000.png" xmltv_id="Be Séries">Be Séries</channel>
    <channel site="[ENC]proximus.be[fr]_0" site_id="UID0301||t_0301_000.png" xmltv_id="Be Ciné">Be Ciné</channel>
    <channel site="[ENC]proximus.be[fr]_0" site_id="UID0303||t_0303_000.png" xmltv_id="Ciné+Premier">Ciné+Premier</channel>
    <channel site="[ENC]proximus.be[fr]_0" site_id="UID0304||t_0304_000.png" xmltv_id="Ciné+Frisson">Ciné+Frisson</channel>
    <channel site="[ENC]proximus.be[fr]_0" site_id="UID0305||t_0305_000.png" xmltv_id="Ciné+Classic">Ciné+Classic</channel>
    <channel site="[ENC]proximus.be[fr]_0" site_id="NETFLIX||t_0012_012.png" xmltv_id="Netflix">Netflix</channel>
    <channel site="[ENC]proximus.be[fr]_0" site_id="UID0131||t_0131_001.png" xmltv_id="Disney+">Disney+</channel>
    <channel site="[ENC]proximus.be[fr]_0" site_id="UID2055||t_0044_000.png" xmltv_id="Action HD">Action HD</channel>
    <channel site="[ENC]proximus.be[fr]_0" site_id="UID2051||t_0099_003.png" xmltv_id="TV Breizh HD">TV Breizh HD</channel>
    <channel site="[ENC]proximus.be[fr]_0" site_id="UID2054||t_0003_001.png" xmltv_id="13è Rue HD">13è Rue HD</channel>
    <channel site="[ENC]proximus.be[fr]_0" site_id="UID2053||t_0143_003.png" xmltv_id="SyFy HD F">SyFy HD F</channel>
    <channel site="[ENC]proximus.be[fr]_0" site_id="UID2052||t_0056_002.png" xmltv_id="TCM Cinéma HD">TCM Cinéma HD</channel>
    <channel site="[ENC]proximus.be[fr]_0" site_id="UID2068||t_0110_003.png" xmltv_id="Comedy Central F">Comedy Central F</channel>
    <channel site="[ENC]proximus.be[fr]_0" site_id="UID2276||t_2276_002.png" xmltv_id="TMC HD">TMC HD</channel>
    <channel site="[ENC]proximus.be[fr]_0" site_id="UID2069||t_2069_000.png" xmltv_id="Paramount Channel">Paramount Channel</channel>
    <channel site="[ENC]proximus.be[fr]_0" site_id="UID2351||t_2351_000.png" xmltv_id="TF1 Séries Films">TF1 Séries Films</channel>
    <channel site="[ENC]proximus.be[fr]_0" site_id="UID0091||t_0091_001.png" xmltv_id="Disc HD F">Disc HD F</channel>
    <channel site="[ENC]proximus.be[fr]_0" site_id="UID50203||t_2129_001.png" xmltv_id="NGC HD F">NGC HD F</channel>
    <channel site="[ENC]proximus.be[fr]_0" site_id="UID2179||t_1063_001.png" xmltv_id="TREK HD">TREK HD</channel>
    <channel site="[ENC]proximus.be[fr]_0" site_id="UID2320||t_2320_000.png" xmltv_id="Museum TV">Museum TV</channel>
    <channel site="[ENC]proximus.be[fr]_0" site_id="UID0022||t_0022_001.png" xmltv_id="NGC Wild F">NGC Wild F</channel>
    <channel site="[ENC]proximus.be[fr]_0" site_id="UID50102||t_0104_002.png" xmltv_id="Sc et Vie TV">Sc et Vie TV</channel>
    <channel site="[ENC]proximus.be[fr]_0" site_id="UID50013||t_0089_001.png" xmltv_id="Histoire">Histoire</channel>
    <channel site="[ENC]proximus.be[fr]_0" site_id="UID50197||t_0085_003.png" xmltv_id="Ushuaïa HD">Ushuaïa HD</channel>
    <channel site="[ENC]proximus.be[fr]_0" site_id="UID50053||t_0087_001.png" xmltv_id="Animaux">Animaux</channel>
    <channel site="[ENC]proximus.be[fr]_0" site_id="UID0189||t_0189_000.png" xmltv_id="Crime District">Crime District</channel>
    <channel site="[ENC]proximus.be[fr]_0" site_id="UID2040||t_0070_001.png" xmltv_id="E! HD F">E! HD F</channel>
    <channel site="[ENC]proximus.be[fr]_0" site_id="UID0043||t_0043_000.png" xmltv_id="Dobbit TV F">Dobbit TV F</channel>
    <channel site="[ENC]proximus.be[fr]_0" site_id="UID2066||t_2066_000.png" xmltv_id="Game One">Game One</channel>
    <channel site="[ENC]proximus.be[fr]_0" site_id="UID50142||t_0140_002.png" xmltv_id="MTV F">MTV F</channel>
    <channel site="[ENC]proximus.be[fr]_0" site_id="UID2317||t_2317_000.png" xmltv_id="MyZen.tv">MyZen.tv</channel>
    <channel site="[ENC]proximus.be[fr]_0" site_id="UID2318||t_ppls_000.png" xmltv_id="Pickx+ F HD">Pickx+ F HD</channel>
    <channel site="[ENC]proximus.be[fr]_0" site_id="UID0679||t_live_000.png" xmltv_id="PickxLive F HD">PickxLive F HD</channel>
    <channel site="[ENC]proximus.be[fr]_0" site_id="UID0680||t_S01F_001.png" xmltv_id="Pickx+ Sports 1 F HD">Pickx+ Sports 1 F HD</channel>
    <channel site="[ENC]proximus.be[fr]_0" site_id="UID0681||t_S02F_001.png" xmltv_id="Pickx+ Sports 2 F HD">Pickx+ Sports 2 F HD</channel>
    <channel site="[ENC]proximus.be[fr]_0" site_id="UID0682||t_S03F_001.png" xmltv_id="Pickx+ Sports 3 F HD">Pickx+ Sports 3 F HD</channel>
    <channel site="[ENC]proximus.be[fr]_0" site_id="UID0683||t_S04F_001.png" xmltv_id="Pickx+ Sports 4 F HD">Pickx+ Sports 4 F HD</channel>
    <channel site="[ENC]proximus.be[fr]_0" site_id="UID0684||t_S05F_001.png" xmltv_id="Pickx+ Sports 5 F HD">Pickx+ Sports 5 F HD</channel>
    <channel site="[ENC]proximus.be[fr]_0" site_id="UID0685||t_S06F_001.png" xmltv_id="Pickx+ Sports 6 F HD">Pickx+ Sports 6 F HD</channel>
    <channel site="[ENC]proximus.be[fr]_0" site_id="UID50289||t_S07F_001.png" xmltv_id="Pickx+ Sports 7 F HD">Pickx+ Sports 7 F HD</channel>
    <channel site="[ENC]proximus.be[fr]_0" site_id="UID0671||t_S08F_001.png" xmltv_id="Pickx+ Sports 8 F HD">Pickx+ Sports 8 F HD</channel>
    <channel site="[ENC]proximus.be[fr]_0" site_id="UID0672||t_S09F_001.png" xmltv_id="Pickx+ Sports 9 F HD">Pickx+ Sports 9 F HD</channel>
    <channel site="[ENC]proximus.be[fr]_0" site_id="UID0674||t_S10F_001.png" xmltv_id="Pickx+ Sports 10 F HD">Pickx+ Sports 10 F HD</channel>
    <channel site="[ENC]proximus.be[fr]_0" site_id="UID2130||t_JPL1_001.png" xmltv_id="Eleven Pro League 1 (FR) [HD]">Eleven Pro League 1 (FR) [HD]</channel>
    <channel site="[ENC]proximus.be[fr]_0" site_id="UID2182||t_JPL2_001.png" xmltv_id="Eleven Pro League 2 (FR) [HD]">Eleven Pro League 2 (FR) [HD]</channel>
    <channel site="[ENC]proximus.be[fr]_0" site_id="UID2186||t_JPL3_001.png" xmltv_id="Eleven Pro League 3 (FR) [HD]">Eleven Pro League 3 (FR) [HD]</channel>
    <channel site="[ENC]proximus.be[fr]_0" site_id="UID0644||t_esn1_005.png" xmltv_id="ES1 F HD">ES1 F HD</channel>
    <channel site="[ENC]proximus.be[fr]_0" site_id="UID0646||t_esn2_005.png" xmltv_id="ES2 F HD">ES2 F HD</channel>
    <channel site="[ENC]proximus.be[fr]_0" site_id="UID0697||t_esn3_005.png" xmltv_id="ES3 F HD">ES3 F HD</channel>
    <channel site="[ENC]proximus.be[fr]_0" site_id="UID50212||t_2117_002.png" xmltv_id="Eurosp HD F">Eurosp HD F</channel>
    <channel site="[ENC]proximus.be[fr]_0" site_id="UID50090||t_0095_002.png" xmltv_id="Eurosp2 F">Eurosp2 F</channel>
    <channel site="[ENC]proximus.be[fr]_0" site_id="UID2067||t_2067_000.png" xmltv_id="MVTV HD">MVTV HD</channel>
    <channel site="[ENC]proximus.be[fr]_0" site_id="UID50111||t_0093_002.png" xmltv_id="AUTOMOTO">AUTOMOTO</channel>
    <channel site="[ENC]proximus.be[fr]_0" site_id="UID2366||t_2366_000.png" xmltv_id="W Sports">W Sports</channel>
    <channel site="[ENC]proximus.be[fr]_0" site_id="UID0194||r_0860_002.png" xmltv_id="bel RTL HD">bel RTL HD</channel>
    <channel site="[ENC]proximus.be[fr]_0" site_id="UID0025||t_0025_001.png" xmltv_id="TIPIK vision">TIPIK vision</channel>
    <channel site="[ENC]proximus.be[fr]_0" site_id="UID50014||t_2170_000.png" xmltv_id="ContactV">ContactV</channel>
    <channel site="[ENC]proximus.be[fr]_0" site_id="UID50043||t_0059_003.png" xmltv_id="RFM TV">RFM TV</channel>
    <channel site="[ENC]proximus.be[fr]_0" site_id="UID50028||t_0210_002.png" xmltv_id="TraceUrban">TraceUrban</channel>
    <channel site="[ENC]proximus.be[fr]_0" site_id="UID50198||t_2127_006.png" xmltv_id="Classica">Classica</channel>
    <channel site="[ENC]proximus.be[fr]_0" site_id="UID0092||t_0092_001.png" xmltv_id="MezzoLive">MezzoLive</channel>
    <channel site="[ENC]proximus.be[fr]_0" site_id="UID50168||t_0153_003.png" xmltv_id="MTV 80s">MTV 80s</channel>
    <channel site="[ENC]proximus.be[fr]_0" site_id="UID50315||t_2112_002.png" xmltv_id="MTV Live HD">MTV Live HD</channel>
    <channel site="[ENC]proximus.be[fr]_0" site_id="UID50331||t_0079_002.png" xmltv_id="MTV Hits">MTV Hits</channel>
    <channel site="[ENC]proximus.be[fr]_0" site_id="UID50157||t_1104_002.png" xmltv_id="Melody.tv">Melody.tv</channel>
    <channel site="[ENC]proximus.be[fr]_0" site_id="UID50075||t_0010_001.png" xmltv_id="bx1">bx1</channel>
    <channel site="[ENC]proximus.be[fr]_0" site_id="UID50147||t_0122_000.png" xmltv_id="Antenne C">Antenne C</channel>
    <channel site="[ENC]proximus.be[fr]_0" site_id="UID50145||t_0123_001.png" xmltv_id="Bouké">Bouké</channel>
    <channel site="[ENC]proximus.be[fr]_0" site_id="UID50146||t_0124_002.png" xmltv_id="Canal Zoom">Canal Zoom</channel>
    <channel site="[ENC]proximus.be[fr]_0" site_id="UID0121||t_0121_001.png" xmltv_id="MaTélé">MaTélé</channel>
    <channel site="[ENC]proximus.be[fr]_0" site_id="UID50136||t_0125_000.png" xmltv_id="No Télé">No Télé</channel>
    <channel site="[ENC]proximus.be[fr]_0" site_id="UID29769866||t_0115_000.png" xmltv_id="RTC Liège">RTC Liège</channel>
    <channel site="[ENC]proximus.be[fr]_0" site_id="UID50140||t_0116_002.png" xmltv_id="Télé MB">Télé MB</channel>
    <channel site="[ENC]proximus.be[fr]_0" site_id="UID0117||t_0117_000.png" xmltv_id="Télé Sambre">Télé Sambre</channel>
    <channel site="[ENC]proximus.be[fr]_0" site_id="UID0119||t_0119_000.png" xmltv_id="TV Com">TV Com</channel>
    <channel site="[ENC]proximus.be[fr]_0" site_id="UID0120||t_0120_001.png" xmltv_id="TV Lux">TV Lux</channel>
    <channel site="[ENC]proximus.be[fr]_0" site_id="UID0118||t_0118_001.png" xmltv_id="Vedia">Vedia</channel>
    <channel site="[ENC]proximus.be[fr]_0" site_id="UID1102||t_1102_001.png" xmltv_id="Vlaamsparlement.tv">Vlaamsparlement.tv</channel>
    <channel site="[ENC]proximus.be[fr]_0" site_id="UID50130||t_0033_001.png" xmltv_id="BRUZZ">BRUZZ</channel>
    <channel site="[ENC]proximus.be[fr]_0" site_id="UID50116||t_0067_002.png" xmltv_id="ATV">ATV</channel>
    <channel site="[ENC]proximus.be[fr]_0" site_id="UID50117||t_0126_000.png" xmltv_id="AVS Gent">AVS Gent</channel>
    <channel site="[ENC]proximus.be[fr]_0" site_id="UID50115||t_0114_001.png" xmltv_id="Focus TV">Focus TV</channel>
    <channel site="[ENC]proximus.be[fr]_0" site_id="UID50135||t_0111_001.png" xmltv_id="Ring TV">Ring TV</channel>
    <channel site="[ENC]proximus.be[fr]_0" site_id="UID50121||t_0113_004.png" xmltv_id="ROB TV">ROB TV</channel>
    <channel site="[ENC]proximus.be[fr]_0" site_id="UID50132||t_0129_001.png" xmltv_id="RTV Kempen O">RTV Kempen O</channel>
    <channel site="[ENC]proximus.be[fr]_0" site_id="UID50133||t_0071_001.png" xmltv_id="RTV Mech">RTV Mech</channel>
    <channel site="[ENC]proximus.be[fr]_0" site_id="UID50120||t_0068_001.png" xmltv_id="TVLimbC">TVLimbC</channel>
    <channel site="[ENC]proximus.be[fr]_0" site_id="UID50129||t_0069_001.png" xmltv_id="TV Oost">TV Oost</channel>
    <channel site="[ENC]proximus.be[fr]_0" site_id="UID50114||t_0064_001.png" xmltv_id="WTV">WTV</channel>
    <channel site="[ENC]proximus.be[fr]_0" site_id="UID2056||t_0032_000.png" xmltv_id="CNN HD">CNN HD</channel>
    <channel site="[ENC]proximus.be[fr]_0" site_id="UID50085||t_0015_001.png" xmltv_id="Euronews E">Euronews E</channel>
    <channel site="[ENC]proximus.be[fr]_0" site_id="UID50067||t_0045_000.png" xmltv_id="LCI">LCI</channel>
    <channel site="[ENC]proximus.be[fr]_0" site_id="UID0154||t_0015_001.png" xmltv_id="Euronews F">Euronews F</channel>
    <channel site="[ENC]proximus.be[fr]_0" site_id="UID0149||t_0149_000.png" xmltv_id="France 24 HD">France 24 HD</channel>
    <channel site="[ENC]proximus.be[fr]_0" site_id="UID0024||t_0024_000.png" xmltv_id="Das Erste">Das Erste</channel>
    <channel site="[ENC]proximus.be[fr]_0" site_id="UID0030||t_0030_000.png" xmltv_id="ZDF">ZDF</channel>
    <channel site="[ENC]proximus.be[fr]_0" site_id="UID2210||t_2210_002.png" xmltv_id="RTL">RTL</channel>
    <channel site="[ENC]proximus.be[fr]_0" site_id="UID58335||t_0148_001.png" xmltv_id="BRF TV">BRF TV</channel>
    <channel site="[ENC]proximus.be[fr]_0" site_id="UID50027||t_0034_000.png" xmltv_id="TVE Int">TVE Int</channel>
    <channel site="[ENC]proximus.be[fr]_0" site_id="UID50164||t_0048_000.png" xmltv_id="KTO">KTO</channel>
    <channel site="[ENC]proximus.be[fr]_0" site_id="UID50048||t_0027_001.png" xmltv_id="RAI Uno">RAI Uno</channel>
    <channel site="[ENC]proximus.be[fr]_0" site_id="UID50015||t_0028_001.png" xmltv_id="RAI Due">RAI Due</channel>
    <channel site="[ENC]proximus.be[fr]_0" site_id="UID50020||t_0029_001.png" xmltv_id="RAI Tre">RAI Tre</channel>
    <channel site="[ENC]proximus.be[fr]_0" site_id="UID0133||t_0133_000.png" xmltv_id="Mediaset">Mediaset</channel>
    <channel site="[ENC]proximus.be[fr]_0" site_id="UID2045||t_2045_000.png" xmltv_id="2M Monde">2M Monde</channel>
    <channel site="[ENC]proximus.be[fr]_0" site_id="UID50141||t_0112_000.png" xmltv_id="Al Aoula">Al Aoula</channel>
    <channel site="[ENC]proximus.be[fr]_0" site_id="UID50162||t_2171_000.png" xmltv_id="Al Jazeera">Al Jazeera</channel>
    <channel site="[ENC]proximus.be[fr]_0" site_id="DTV29670499||t_0107_001.png" xmltv_id="Maghreb TV">Maghreb TV</channel>
    <channel site="[ENC]proximus.be[fr]_0" site_id="UID50071||t_2037_000.png" xmltv_id="BBC One">BBC One</channel>
    <channel site="[ENC]proximus.be[fr]_0" site_id="UID50295||t_2038_000.png" xmltv_id="BBC Two">BBC Two</channel>
    <channel site="[ENC]proximus.be[fr]_0" site_id="UID50069||t_0004_001.png" xmltv_id="BBC News">BBC News</channel>
    <channel site="[ENC]proximus.be[fr]_0" site_id="UID0132||t_0132_000.png" xmltv_id="BBC First">BBC First</channel>
    <channel site="[ENC]proximus.be[fr]_0" site_id="UID50316||t_0005_000.png" xmltv_id="BBC Ent">BBC Ent</channel>
    <channel site="[ENC]proximus.be[fr]_0" site_id="UID50314||t_0136_000.png" xmltv_id="nick F">nick F</channel>
    <channel site="[ENC]proximus.be[fr]_0" site_id="UID2042||t_0074_002.png" xmltv_id="Disn Ch HD F">Disn Ch HD F</channel>
    <channel site="[ENC]proximus.be[fr]_0" site_id="UID50137||t_0073_001.png" xmltv_id="Disn Jr F">Disn Jr F</channel>
    <channel site="[ENC]proximus.be[fr]_0" site_id="UID50021||t_0026_001.png" xmltv_id="Cartoon F">Cartoon F</channel>
    <channel site="[ENC]proximus.be[fr]_0" site_id="UID50011||t_0057_000.png" xmltv_id="Baby TV F">Baby TV F</channel>
    <channel site="[ENC]proximus.be[fr]_0" site_id="UID50103||t_0075_001.png" xmltv_id="Boomerang F">Boomerang F</channel>
    <channel site="[ENC]proximus.be[fr]_0" site_id="UID2070||t_2070_000.png" xmltv_id="nick jr F">nick jr F</channel>
    <channel site="[ENC]proximus.be[fr]_0" site_id="UID50095||t_0076_001.png" xmltv_id="Tiji">Tiji</channel>
    <channel site="[ENC]proximus.be[fr]_0" site_id="UID50057||t_0187_000.png" xmltv_id="Canal J">Canal J</channel>
    <channel site="[ENC]proximus.be[fr]_0" site_id="UID50045||t_0078_002.png" xmltv_id="Mangas">Mangas</channel>
    <channel site="[ENC]proximus.be[fr]_0" site_id="UID2060||t_2060_000.png" xmltv_id="Gulli HD">Gulli HD</channel>
    <channel site="[ENC]proximus.be[fr]_0" site_id="UID2160||t_2160_001.png" xmltv_id="ST100 GO">ST100 GO</channel>
    <channel site="[ENC]proximus.be[fr]_0" site_id="UID2034||t_0108_000.png" xmltv_id="ST100TV N">ST100TV N</channel>
    <channel site="[ENC]proximus.be[fr]_0" site_id="UID50310||t_0247_003.png" xmltv_id="Ketnet">Ketnet</channel>
    <channel site="[ENC]proximus.be[fr]_0" site_id="UID0135||t_0136_000.png" xmltv_id="nick N HD">nick N HD</channel>
    <channel site="[ENC]proximus.be[fr]_0" site_id="UID2043||t_0101_002.png" xmltv_id="Disn Ch HD N">Disn Ch HD N</channel>
    <channel site="[ENC]proximus.be[fr]_0" site_id="UID0080||t_0080_001.png" xmltv_id="DisnJr N">DisnJr N</channel>
    <channel site="[ENC]proximus.be[fr]_0" site_id="UID50052||t_0058_000.png" xmltv_id="Baby TV N">Baby TV N</channel>
    <channel site="[ENC]proximus.be[fr]_0" site_id="UID50022||t_0055_001.png" xmltv_id="Cartoon N">Cartoon N</channel>
    <channel site="[ENC]proximus.be[fr]_0" site_id="UID50153||t_0236_001.png" xmltv_id="nick jr N">nick jr N</channel>
    <channel site="[ENC]proximus.be[fr]_0" site_id="UID50165||t_0238_001.png" xmltv_id="nick Toons">nick Toons</channel>
    <channel site="[ENC]proximus.be[fr]_0" site_id="UID50305||t_0011_002.png" xmltv_id="Cartoonito">Cartoonito</channel>
    <channel site="[ENC]proximus.be[fr]_0" site_id="UID2219||t_ppls_000.png" xmltv_id="Pickx+ N HD">Pickx+ N HD</channel>
    <channel site="[ENC]proximus.be[fr]_0" site_id="UID50144||t_0110_003.png" xmltv_id="Comedy Central N">Comedy Central N</channel>
    <channel site="[ENC]proximus.be[fr]_0" site_id="UID2047||t_2047_004.png" xmltv_id="VTM NON-STOP DOKTERS HD">VTM NON-STOP DOKTERS HD</channel>
    <channel site="[ENC]proximus.be[fr]_0" site_id="UID0142||t_0142_000.png" xmltv_id="FOX">FOX</channel>
    <channel site="[ENC]proximus.be[fr]_0" site_id="UID50199||t_0091_001.png" xmltv_id="Disc HD N">Disc HD N</channel>
    <channel site="[ENC]proximus.be[fr]_0" site_id="UID2061||t_0050_000.png" xmltv_id="NGC HD N">NGC HD N</channel>
    <channel site="[ENC]proximus.be[fr]_0" site_id="UID0246||t_0223_001.png" xmltv_id="Animal Pl HD">Animal Pl HD</channel>
    <channel site="[ENC]proximus.be[fr]_0" site_id="UID50223||t_0226_002.png" xmltv_id="Inv Disc">Inv Disc</channel>
    <channel site="[ENC]proximus.be[fr]_0" site_id="UID50154||t_0241_001.png" xmltv_id="History">History</channel>
    <channel site="[ENC]proximus.be[fr]_0" site_id="UID0023||t_0023_001.png" xmltv_id="NGC Wild N">NGC Wild N</channel>
    <channel site="[ENC]proximus.be[fr]_0" site_id="UID50029||t_0225_002.png" xmltv_id="Disc Science">Disc Science</channel>
    <channel site="[ENC]proximus.be[fr]_0" site_id="UID2350||t_2350_001.png" xmltv_id="INPLUS">INPLUS</channel>
    <channel site="[ENC]proximus.be[fr]_0" site_id="UID2173||t_2173_000.png" xmltv_id="TLC">TLC</channel>
    <channel site="[ENC]proximus.be[fr]_0" site_id="UID0232||t_0232_000.png" xmltv_id="Njam! HD">Njam! HD</channel>
    <channel site="[ENC]proximus.be[fr]_0" site_id="UID0037||t_0037_000.png" xmltv_id="Dobbit TV N">Dobbit TV N</channel>
    <channel site="[ENC]proximus.be[fr]_0" site_id="UID0211||t_0211_000.png" xmltv_id="Eclips">Eclips</channel>
    <channel site="[ENC]proximus.be[fr]_0" site_id="UID2041||t_0002_001.png" xmltv_id="E! HD N">E! HD N</channel>
    <channel site="[ENC]proximus.be[fr]_0" site_id="UID50031||t_0021_000.png" xmltv_id="FashionTV">FashionTV</channel>
    <channel site="[ENC]proximus.be[fr]_0" site_id="UID50143||t_0141_002.png" xmltv_id="MTV N">MTV N</channel>
    <channel site="[ENC]proximus.be[fr]_0" site_id="UID0307||t_0307_000.png" xmltv_id="OUT tv">OUT tv</channel>
    <channel site="[ENC]proximus.be[fr]_0" site_id="UID0062||t_0062_002.png" xmltv_id="Plattelands">Plattelands</channel>
    <channel site="[ENC]proximus.be[fr]_0" site_id="UID2319||t_ppls_000.png" xmltv_id="Pickx+ N HD">Pickx+ N HD</channel>
    <channel site="[ENC]proximus.be[fr]_0" site_id="UID0629||t_live_000.png" xmltv_id="PickxLive N HD">PickxLive N HD</channel>
    <channel site="[ENC]proximus.be[fr]_0" site_id="UID0630||t_S01N_001.png" xmltv_id="Pickx+ Sports 1 N HD">Pickx+ Sports 1 N HD</channel>
    <channel site="[ENC]proximus.be[fr]_0" site_id="UID0631||t_S02N_001.png" xmltv_id="Pickx+ Sports 2 N HD">Pickx+ Sports 2 N HD</channel>
    <channel site="[ENC]proximus.be[fr]_0" site_id="UID0632||t_S03N_001.png" xmltv_id="Pickx+ Sports 3 N HD">Pickx+ Sports 3 N HD</channel>
    <channel site="[ENC]proximus.be[fr]_0" site_id="UID0633||t_S04N_001.png" xmltv_id="Pickx+ Sports 4 N HD">Pickx+ Sports 4 N HD</channel>
    <channel site="[ENC]proximus.be[fr]_0" site_id="UID0634||t_S05N_001.png" xmltv_id="Pickx+ Sports 5 N HD">Pickx+ Sports 5 N HD</channel>
    <channel site="[ENC]proximus.be[fr]_0" site_id="UID0635||t_S06N_001.png" xmltv_id="Pickx+ Sports 6 N HD">Pickx+ Sports 6 N HD</channel>
    <channel site="[ENC]proximus.be[fr]_0" site_id="UID50290||t_S07N_001.png" xmltv_id="Pickx+ Sports 7 N HD">Pickx+ Sports 7 N HD</channel>
    <channel site="[ENC]proximus.be[fr]_0" site_id="UID0625||t_S08N_001.png" xmltv_id="Pickx+ Sports 8 N HD">Pickx+ Sports 8 N HD</channel>
    <channel site="[ENC]proximus.be[fr]_0" site_id="UID0626||t_S09N_001.png" xmltv_id="Pickx+ Sports 9 N HD">Pickx+ Sports 9 N HD</channel>
    <channel site="[ENC]proximus.be[fr]_0" site_id="UID0694||t_S10N_001.png" xmltv_id="Pickx+ Sports 10 N HD">Pickx+ Sports 10 N HD</channel>
    <channel site="[ENC]proximus.be[fr]_0" site_id="UID2180||t_JPL1_001.png" xmltv_id="Eleven Pro League 1 (NL) [HD]">Eleven Pro League 1 (NL) [HD]</channel>
    <channel site="[ENC]proximus.be[fr]_0" site_id="UID2184||t_JPL2_001.png" xmltv_id="Eleven Pro League 2 (NL) [HD]">Eleven Pro League 2 (NL) [HD]</channel>
    <channel site="[ENC]proximus.be[fr]_0" site_id="UID2188||t_JPL3_001.png" xmltv_id="Eleven Pro League 3 (NL) [HD]">Eleven Pro League 3 (NL) [HD]</channel>
    <channel site="[ENC]proximus.be[fr]_0" site_id="UID0645||t_esn1_005.png" xmltv_id="ES1 N HD">ES1 N HD</channel>
    <channel site="[ENC]proximus.be[fr]_0" site_id="UID0647||t_esn2_005.png" xmltv_id="ES2 N HD">ES2 N HD</channel>
    <channel site="[ENC]proximus.be[fr]_0" site_id="UID0698||t_esn3_005.png" xmltv_id="ES3 N HD">ES3 N HD</channel>
    <channel site="[ENC]proximus.be[fr]_0" site_id="UID50210||t_2119_002.png" xmltv_id="Eurosp HD N">Eurosp HD N</channel>
    <channel site="[ENC]proximus.be[fr]_0" site_id="UID50269||t_0094_002.png" xmltv_id="Eurosp2 N">Eurosp2 N</channel>
    <channel site="[ENC]proximus.be[fr]_0" site_id="UID50201||t_2126_002.png" xmltv_id="Sport 10 HD">Sport 10 HD</channel>
    <channel site="[ENC]proximus.be[fr]_0" site_id="UID2353||r_0820_003.png" xmltv_id="Q-Music Kijk Live">Q-Music Kijk Live</channel>
    <channel site="[ENC]proximus.be[fr]_0" site_id="UID50319||t_2172_002.png" xmltv_id="Ment TV">Ment TV</channel>
    <channel site="[ENC]proximus.be[fr]_0" site_id="UID50060||t_0052_001.png" xmltv_id="La Une">La Une</channel>
    <channel site="[ENC]proximus.be[fr]_0" site_id="UID50059||t_0047_001.png" xmltv_id="TIPIK">TIPIK</channel>
    <channel site="[ENC]proximus.be[fr]_0" site_id="UID50072||t_0102_001.png" xmltv_id="RTL tvi">RTL tvi</channel>
    <channel site="[ENC]proximus.be[fr]_0" site_id="UID50070||t_0103_001.png" xmltv_id="RTL club">RTL club</channel>
    <channel site="[ENC]proximus.be[fr]_0" site_id="UID50026||t_0106_002.png" xmltv_id="RTL plug">RTL plug</channel>
    <channel site="[ENC]proximus.be[fr]_0" site_id="UID50068||t_0031_000.png" xmltv_id="TF1">TF1</channel>
    <channel site="[ENC]proximus.be[fr]_0" site_id="UID50088||t_0016_001.png" xmltv_id="France 2">France 2</channel>
    <channel site="[ENC]proximus.be[fr]_0" site_id="UID50089||t_0017_001.png" xmltv_id="France 3">France 3</channel>
    <channel site="[ENC]proximus.be[fr]_0" site_id="UID50302||t_0253_000.png" xmltv_id="La Trois">La Trois</channel>
    <channel site="[ENC]proximus.be[fr]_0" site_id="UID2071||t_live_000.png" xmltv_id="PickxLive F HD">PickxLive F HD</channel>
    <channel site="[ENC]proximus.be[fr]_0" site_id="UID50035||t_0185_002.png" xmltv_id="Canal Z">Canal Z</channel>
    <channel site="[ENC]proximus.be[fr]_0" site_id="UID50058||t_0000_001.png" xmltv_id="AB3">AB3</channel>
    <channel site="[ENC]proximus.be[fr]_0" site_id="UID50041||t_0222_001.png" xmltv_id="ABXPLORE">ABXPLORE</channel>
    <channel site="[ENC]proximus.be[fr]_0" site_id="UID50081||t_0208_001.png" xmltv_id="France 4">France 4</channel>
    <channel site="[ENC]proximus.be[fr]_0" site_id="UID50038||t_0209_001.png" xmltv_id="France 5">France 5</channel>
    <channel site="[ENC]proximus.be[fr]_0" site_id="UID50018||t_0212_001.png" xmltv_id="Arte">Arte</channel>
    <channel site="[ENC]proximus.be[fr]_0" site_id="UID50030||t_0020_000.png" xmltv_id="TV5 Monde">TV5 Monde</channel>
    <channel site="[ENC]proximus.be[fr]_0" site_id="UID50037||t_0007_004.png" xmltv_id="VRT 1">VRT 1</channel>
    <channel site="[ENC]proximus.be[fr]_0" site_id="UID50084||t_0009_004.png" xmltv_id="VRT Canvas">VRT Canvas</channel>
    <channel site="[ENC]proximus.be[fr]_0" site_id="UID50040||t_0054_001.png" xmltv_id="VTM">VTM</channel>
    <channel site="[ENC]proximus.be[fr]_0" site_id="UID50083||t_2120_005.png" xmltv_id="Play4">Play4</channel>
    <channel site="[ENC]proximus.be[fr]_0" site_id="UID50066||t_2121_003.png" xmltv_id="Play5">Play5</channel>
    <channel site="[ENC]proximus.be[fr]_0" site_id="UID50044||t_0039_004.png" xmltv_id="VTM 2">VTM 2</channel>
    <channel site="[ENC]proximus.be[fr]_0" site_id="UID50082||t_0155_001.png" xmltv_id="VTM 3">VTM 3</channel>
    <channel site="[ENC]proximus.be[fr]_0" site_id="UID50301||t_2073_001.png" xmltv_id="VTM 4">VTM 4</channel>
    <channel site="[ENC]proximus.be[fr]_0" site_id="UID0146||t_0146_001.png" xmltv_id="Play6">Play6</channel>
    <channel site="[ENC]proximus.be[fr]_0" site_id="UID50034||t_0186_002.png" xmltv_id="Kanaal Z">Kanaal Z</channel>
    <channel site="[ENC]proximus.be[fr]_0" site_id="UID50047||t_0216_001.png" xmltv_id="NPO 1">NPO 1</channel>
    <channel site="[ENC]proximus.be[fr]_0" site_id="UID50080||t_0217_001.png" xmltv_id="NPO 2">NPO 2</channel>
    <channel site="[ENC]proximus.be[fr]_0" site_id="UID50079||t_0218_001.png" xmltv_id="NPO 3">NPO 3</channel>
    <channel site="[ENC]proximus.be[fr]_0" site_id="UID2355||t_2037_000.png" xmltv_id="BBC One HD">BBC One HD</channel>
    <channel site="[ENC]proximus.be[fr]_0" site_id="UID2356||t_2038_000.png" xmltv_id="BBC Two HD">BBC Two HD</channel>
    <channel site="[ENC]proximus.be[fr]_0" site_id="UID50019||t_0044_000.png" xmltv_id="Action">Action</channel>
    <channel site="[ENC]proximus.be[fr]_0" site_id="UID50012||t_0099_003.png" xmltv_id="TV Breizh">TV Breizh</channel>
    <channel site="[ENC]proximus.be[fr]_0" site_id="UID50110||t_0003_001.png" xmltv_id="13è Rue">13è Rue</channel>
    <channel site="[ENC]proximus.be[fr]_0" site_id="UID50064||t_0143_003.png" xmltv_id="SyFy F">SyFy F</channel>
    <channel site="[ENC]proximus.be[fr]_0" site_id="UID50097||t_0056_002.png" xmltv_id="TCM cinéma">TCM cinéma</channel>
    <channel site="[ENC]proximus.be[fr]_0" site_id="UID0041||t_ppls_000.png" xmltv_id="Pickx+ F">Pickx+ F</channel>
    <channel site="[ENC]proximus.be[fr]_0" site_id="UID0090||t_0090_001.png" xmltv_id="Discovery F">Discovery F</channel>
    <channel site="[ENC]proximus.be[fr]_0" site_id="UID50065||t_0086_000.png" xmltv_id="NGC F">NGC F</channel>
    <channel site="[ENC]proximus.be[fr]_0" site_id="UID50023||t_1063_001.png" xmltv_id="TREK">TREK</channel>
    <channel site="[ENC]proximus.be[fr]_0" site_id="UID2487||t_0087_001.png" xmltv_id="Animaux HD">Animaux HD</channel>
    <channel site="[ENC]proximus.be[fr]_0" site_id="UID2368||t_0104_002.png" xmltv_id="Sc et Vie TV HD">Sc et Vie TV HD</channel>
    <channel site="[ENC]proximus.be[fr]_0" site_id="UID2369||t_0089_001.png" xmltv_id="Histoire HD">Histoire HD</channel>
    <channel site="[ENC]proximus.be[fr]_0" site_id="UID50025||t_0085_003.png" xmltv_id="Ushuaïa">Ushuaïa</channel>
    <channel site="[ENC]proximus.be[fr]_0" site_id="UID50109||t_0070_001.png" xmltv_id="E! F">E! F</channel>
    <channel site="[ENC]proximus.be[fr]_0" site_id="UID2478||t_0059_003.png" xmltv_id="RFM TV HD">RFM TV HD</channel>
    <channel site="[ENC]proximus.be[fr]_0" site_id="UID2468||t_0210_002.png" xmltv_id="Trace HD">Trace HD</channel>
    <channel site="[ENC]proximus.be[fr]_0" site_id="UID2473||t_0079_002.png" xmltv_id="MTV Hits HD">MTV Hits HD</channel>
    <channel site="[ENC]proximus.be[fr]_0" site_id="UID2471||t_1104_002.png" xmltv_id="Melody.tv HD">Melody.tv HD</channel>
    <channel site="[ENC]proximus.be[fr]_0" site_id="UID50251||t_live_000.png" xmltv_id="PickxLive F">PickxLive F</channel>
    <channel site="[ENC]proximus.be[fr]_0" site_id="UID0651||t_S01F_001.png" xmltv_id="Pickx+ Sports 1 F">Pickx+ Sports 1 F</channel>
    <channel site="[ENC]proximus.be[fr]_0" site_id="UID0652||t_S02F_001.png" xmltv_id="Pickx+ Sports 2 F">Pickx+ Sports 2 F</channel>
    <channel site="[ENC]proximus.be[fr]_0" site_id="UID0653||t_S03F_001.png" xmltv_id="Pickx+ Sports 3 F">Pickx+ Sports 3 F</channel>
    <channel site="[ENC]proximus.be[fr]_0" site_id="UID0654||t_S04F_001.png" xmltv_id="Pickx+ Sports 4 F">Pickx+ Sports 4 F</channel>
    <channel site="[ENC]proximus.be[fr]_0" site_id="UID0655||t_S05F_001.png" xmltv_id="Pickx+ Sports 5 F">Pickx+ Sports 5 F</channel>
    <channel site="[ENC]proximus.be[fr]_0" site_id="UID0656||t_S06F_001.png" xmltv_id="Pickx+ Sports 6 F">Pickx+ Sports 6 F</channel>
    <channel site="[ENC]proximus.be[fr]_0" site_id="UID50257||t_S07F_001.png" xmltv_id="Pickx+ Sports 7 F">Pickx+ Sports 7 F</channel>
    <channel site="[ENC]proximus.be[fr]_0" site_id="UID50258||t_S08F_001.png" xmltv_id="Pickx+ Sports 8 F">Pickx+ Sports 8 F</channel>
    <channel site="[ENC]proximus.be[fr]_0" site_id="UID50259||t_S09F_001.png" xmltv_id="Pickx+ Sports 9 F">Pickx+ Sports 9 F</channel>
    <channel site="[ENC]proximus.be[fr]_0" site_id="UID50231||t_S10F_001.png" xmltv_id="Pickx+ Sports 10 F">Pickx+ Sports 10 F</channel>
    <channel site="[ENC]proximus.be[fr]_0" site_id="UID2131||t_JPL1_001.png" xmltv_id="Eleven Pro League 1 (FR)">Eleven Pro League 1 (FR)</channel>
    <channel site="[ENC]proximus.be[fr]_0" site_id="UID2183||t_JPL2_001.png" xmltv_id="Eleven Pro League 2 (FR)">Eleven Pro League 2 (FR)</channel>
    <channel site="[ENC]proximus.be[fr]_0" site_id="UID2187||t_JPL3_001.png" xmltv_id="Eleven Pro League 3 (FR)">Eleven Pro League 3 (FR)</channel>
    <channel site="[ENC]proximus.be[fr]_0" site_id="UID0640||t_esn1_005.png" xmltv_id="ES1 F">ES1 F</channel>
    <channel site="[ENC]proximus.be[fr]_0" site_id="UID0642||t_esn2_005.png" xmltv_id="ES2 F">ES2 F</channel>
    <channel site="[ENC]proximus.be[fr]_0" site_id="UID0648||t_esn3_005.png" xmltv_id="ES3 F">ES3 F</channel>
    <channel site="[ENC]proximus.be[fr]_0" site_id="UID50077||t_0060_002.png" xmltv_id="Eurosp F">Eurosp F</channel>
    <channel site="[ENC]proximus.be[fr]_0" site_id="UID2357||t_0095_002.png" xmltv_id="Eurosp2 HD F">Eurosp2 HD F</channel>
    <channel site="[ENC]proximus.be[fr]_0" site_id="UID2476||t_0093_002.png" xmltv_id="AUTOMOTO HD">AUTOMOTO HD</channel>
    <channel site="[ENC]proximus.be[fr]_0" site_id="UID50024||t_0074_002.png" xmltv_id="Disn Ch F">Disn Ch F</channel>
    <channel site="[ENC]proximus.be[fr]_0" site_id="UID2367||t_0073_001.png" xmltv_id="Disn Jr F HD">Disn Jr F HD</channel>
    <channel site="[ENC]proximus.be[fr]_0" site_id="UID2361||t_0026_001.png" xmltv_id="Cartoon F HD">Cartoon F HD</channel>
    <channel site="[ENC]proximus.be[fr]_0" site_id="UID2479||t_0057_000.png" xmltv_id="Baby TV F HD">Baby TV F HD</channel>
    <channel site="[ENC]proximus.be[fr]_0" site_id="UID2359||t_0075_001.png" xmltv_id="Boom F HD">Boom F HD</channel>
    <channel site="[ENC]proximus.be[fr]_0" site_id="UID2467||t_0076_001.png" xmltv_id="Tiji HD">Tiji HD</channel>
    <channel site="[ENC]proximus.be[fr]_0" site_id="UID2074||t_live_000.png" xmltv_id="PickxLive N HD">PickxLive N HD</channel>
    <channel site="[ENC]proximus.be[fr]_0" site_id="UID2469||t_0187_000.png" xmltv_id="Canal J HD">Canal J HD</channel>
    <channel site="[ENC]proximus.be[fr]_0" site_id="UID2378||t_0078_002.png" xmltv_id="Mangas HD">Mangas HD</channel>
    <channel site="[ENC]proximus.be[fr]_0" site_id="UID2481||t_0004_001.png" xmltv_id="BBC News HD">BBC News HD</channel>
    <channel site="[ENC]proximus.be[fr]_0" site_id="UID50039||t_0136_000.png" xmltv_id="nick N">nick N</channel>
    <channel site="[ENC]proximus.be[fr]_0" site_id="UID50329||t_0101_002.png" xmltv_id="Disn Ch N">Disn Ch N</channel>
    <channel site="[ENC]proximus.be[fr]_0" site_id="UID2480||t_0057_000.png" xmltv_id="Baby TV N HD">Baby TV N HD</channel>
    <channel site="[ENC]proximus.be[fr]_0" site_id="UID2360||t_0011_002.png" xmltv_id="Cartoonito HD">Cartoonito HD</channel>
    <channel site="[ENC]proximus.be[fr]_0" site_id="UID2349||t_2172_002.png" xmltv_id="Ment TV HD">Ment TV HD</channel>
    <channel site="[ENC]proximus.be[fr]_0" site_id="UID2362||t_0055_001.png" xmltv_id="Cartoon N HD">Cartoon N HD</channel>
    <channel site="[ENC]proximus.be[fr]_0" site_id="UID0042||t_ppls_000.png" xmltv_id="Pickx+ N">Pickx+ N</channel>
    <channel site="[ENC]proximus.be[fr]_0" site_id="UID2375||t_0024_000.png" xmltv_id="Das Erste HD">Das Erste HD</channel>
    <channel site="[ENC]proximus.be[fr]_0" site_id="UID2379||t_0030_000.png" xmltv_id="ZDF HD">ZDF HD</channel>
    <channel site="[ENC]proximus.be[fr]_0" site_id="UID2482||t_2210_002.png" xmltv_id="RTL Deutschland HD">RTL Deutschland HD</channel>
    <channel site="[ENC]proximus.be[fr]_0" site_id="UID2348||t_0148_001.png" xmltv_id="BRF TV HD">BRF TV HD</channel>
    <channel site="[ENC]proximus.be[fr]_0" site_id="UID2371||t_0027_001.png" xmltv_id="RAI Uno HD">RAI Uno HD</channel>
    <channel site="[ENC]proximus.be[fr]_0" site_id="UID2372||t_0028_001.png" xmltv_id="RAI Due HD">RAI Due HD</channel>
    <channel site="[ENC]proximus.be[fr]_0" site_id="UID2373||t_0029_001.png" xmltv_id="RAI Tre HD">RAI Tre HD</channel>
    <channel site="[ENC]proximus.be[fr]_0" site_id="UID2376||t_0110_003.png" xmltv_id="Comedy Central N HD">Comedy Central N HD</channel>
    <channel site="[ENC]proximus.be[fr]_0" site_id="UID2175||t_2047_004.png" xmltv_id="VTM NON-STOP DOKTERS">VTM NON-STOP DOKTERS</channel>
    <channel site="[ENC]proximus.be[fr]_0" site_id="UID50017||t_0090_001.png" xmltv_id="Discovery N">Discovery N</channel>
    <channel site="[ENC]proximus.be[fr]_0" site_id="UID50087||t_0050_000.png" xmltv_id="NGC N">NGC N</channel>
    <channel site="[ENC]proximus.be[fr]_0" site_id="UID50092||t_0223_001.png" xmltv_id="Animal Pl">Animal Pl</channel>
    <channel site="[ENC]proximus.be[fr]_0" site_id="UID2364||t_0226_002.png" xmltv_id="Inv Disc HD">Inv Disc HD</channel>
    <channel site="[ENC]proximus.be[fr]_0" site_id="UID2370||t_0241_001.png" xmltv_id="History HD">History HD</channel>
    <channel site="[ENC]proximus.be[fr]_0" site_id="UID2363||t_0225_002.png" xmltv_id="Disc Sc HD">Disc Sc HD</channel>
    <channel site="[ENC]proximus.be[fr]_0" site_id="UID0234||t_0234_000.png" xmltv_id="Njam!">Njam!</channel>
    <channel site="[ENC]proximus.be[fr]_0" site_id="UID50128||t_0002_001.png" xmltv_id="E! N">E! N</channel>
    <channel site="[ENC]proximus.be[fr]_0" site_id="UID2374||t_0037_000.png" xmltv_id="Dobbit N HD">Dobbit N HD</channel>
    <channel site="[ENC]proximus.be[fr]_0" site_id="UID2483||t_0034_000.png" xmltv_id="TVE International HD">TVE International HD</channel>
    <channel site="[ENC]proximus.be[fr]_0" site_id="UID2472||t_0141_002.png" xmltv_id="MTV N HD">MTV N HD</channel>
    <channel site="[ENC]proximus.be[fr]_0" site_id="UID2474||t_0112_000.png" xmltv_id="Al Aoula HD">Al Aoula HD</channel>
    <channel site="[ENC]proximus.be[fr]_0" site_id="UID2475||t_2171_000.png" xmltv_id="Al Jazeera HD">Al Jazeera HD</channel>
    <channel site="[ENC]proximus.be[fr]_0" site_id="UID2477||t_0107_001.png" xmltv_id="AMTV HD">AMTV HD</channel>
    <channel site="[ENC]proximus.be[fr]_0" site_id="UID50213||t_live_000.png" xmltv_id="PickxLive N">PickxLive N</channel>
    <channel site="[ENC]proximus.be[fr]_0" site_id="UID0601||t_S01N_001.png" xmltv_id="Pickx+ Sports 1 N">Pickx+ Sports 1 N</channel>
    <channel site="[ENC]proximus.be[fr]_0" site_id="UID0602||t_S02N_001.png" xmltv_id="Pickx+ Sports 2 N">Pickx+ Sports 2 N</channel>
    <channel site="[ENC]proximus.be[fr]_0" site_id="UID0603||t_S03N_001.png" xmltv_id="Pickx+ Sports 3 N">Pickx+ Sports 3 N</channel>
    <channel site="[ENC]proximus.be[fr]_0" site_id="UID0604||t_S04N_001.png" xmltv_id="Pickx+ Sports 4 N">Pickx+ Sports 4 N</channel>
    <channel site="[ENC]proximus.be[fr]_0" site_id="UID0605||t_S05N_001.png" xmltv_id="Pickx+ Sports 5 N">Pickx+ Sports 5 N</channel>
    <channel site="[ENC]proximus.be[fr]_0" site_id="UID0606||t_S06N_001.png" xmltv_id="Pickx+ Sports 6 N">Pickx+ Sports 6 N</channel>
    <channel site="[ENC]proximus.be[fr]_0" site_id="UID50219||t_S07N_001.png" xmltv_id="Pickx+ Sports 7 N">Pickx+ Sports 7 N</channel>
    <channel site="[ENC]proximus.be[fr]_0" site_id="UID50230||t_S08N_001.png" xmltv_id="Pickx+ Sports 8 N">Pickx+ Sports 8 N</channel>
    <channel site="[ENC]proximus.be[fr]_0" site_id="UID50224||t_S09N_001.png" xmltv_id="Pickx+ Sports 9 N">Pickx+ Sports 9 N</channel>
    <channel site="[ENC]proximus.be[fr]_0" site_id="UID50225||t_S10N_001.png" xmltv_id="Pickx+ Sports 10 N">Pickx+ Sports 10 N</channel>
    <channel site="[ENC]proximus.be[fr]_0" site_id="UID2181||t_JPL1_001.png" xmltv_id="Eleven Pro League 1 (NL)">Eleven Pro League 1 (NL)</channel>
    <channel site="[ENC]proximus.be[fr]_0" site_id="UID2185||t_JPL2_001.png" xmltv_id="Eleven Pro League 2 (NL)">Eleven Pro League 2 (NL)</channel>
    <channel site="[ENC]proximus.be[fr]_0" site_id="UID2189||t_JPL3_001.png" xmltv_id="Eleven Pro League 3 (NL)">Eleven Pro League 3 (NL)</channel>
    <channel site="[ENC]proximus.be[fr]_0" site_id="UID0641||t_esn1_005.png" xmltv_id="ES1 N">ES1 N</channel>
    <channel site="[ENC]proximus.be[fr]_0" site_id="UID0643||t_esn2_005.png" xmltv_id="ES2 N">ES2 N</channel>
    <channel site="[ENC]proximus.be[fr]_0" site_id="UID0649||t_esn3_005.png" xmltv_id="ES3 N">ES3 N</channel>
    <channel site="[ENC]proximus.be[fr]_0" site_id="UID50094||t_1054_002.png" xmltv_id="Eurosp N">Eurosp N</channel>
    <channel site="[ENC]proximus.be[fr]_0" site_id="UID2358||t_0095_002.png" xmltv_id="Eurosp2 HD N">Eurosp2 HD N</channel>
    <channel site="[ENC]proximus.be[fr]_0" site_id="UID2059||t_2059_002.png" xmltv_id="Sport 10">Sport 10</channel>
    <channel site="[ENC]proximus.be[fr]_0" site_id="UID2063||t_2067_000.png" xmltv_id="MVTV">MVTV</channel>
    <channel site="[ENC]proximus.be[fr]_0" site_id="UID2470||t_0021_000.png" xmltv_id="Fashion TV HD">Fashion TV HD</channel>
    <channel site="[ENC]proximus.be[fr]_0" site_id="UID50032||t_0032_000.png" xmltv_id="CNN">CNN</channel>
    <channel site="[ENC]proximus.be[fr]_0" site_id="UID2488||t_0015_001.png" xmltv_id="Euronews E HD">Euronews E HD</channel>
    <channel site="[ENC]proximus.be[fr]_0" site_id="UID2377||t_0045_000.png" xmltv_id="LCI HD">LCI HD</channel>
    <channel site="[ENC]proximus.be[fr]_0" site_id="UID2489||t_0015_001.png" xmltv_id="Euronews F HD">Euronews F HD</channel>
    <channel site="[ENC]proximus.be[fr]_0" site_id="UID50073||t_0006_000.png" xmltv_id="France 24 F">France 24 F</channel>
    <channel site="[ENC]proximus.be[fr]_0" site_id="UID2327||t_0010_001.png" xmltv_id="bx1 HD">bx1 HD</channel>
    <channel site="[ENC]proximus.be[fr]_0" site_id="UID2321||t_0122_000.png" xmltv_id="Antenne Centre HD">Antenne Centre HD</channel>
    <channel site="[ENC]proximus.be[fr]_0" site_id="UID2328||t_0123_001.png" xmltv_id="Bouké HD">Bouké HD</channel>
    <channel site="[ENC]proximus.be[fr]_0" site_id="UID2329||t_0124_002.png" xmltv_id="Canal Zoom HD">Canal Zoom HD</channel>
    <channel site="[ENC]proximus.be[fr]_0" site_id="UID2331||t_0121_001.png" xmltv_id="MaTélé HD">MaTélé HD</channel>
    <channel site="[ENC]proximus.be[fr]_0" site_id="UID2332||t_0125_000.png" xmltv_id="No Télé HD">No Télé HD</channel>
    <channel site="[ENC]proximus.be[fr]_0" site_id="UID2335||t_0115_000.png" xmltv_id="RTC Liège HD">RTC Liège HD</channel>
    <channel site="[ENC]proximus.be[fr]_0" site_id="UID2340||t_0116_002.png" xmltv_id="Télé MB HD">Télé MB HD</channel>
    <channel site="[ENC]proximus.be[fr]_0" site_id="UID2341||t_0117_000.png" xmltv_id="Télé Sambre HD">Télé Sambre HD</channel>
    <channel site="[ENC]proximus.be[fr]_0" site_id="UID2342||t_0119_000.png" xmltv_id="TV Com HD">TV Com HD</channel>
    <channel site="[ENC]proximus.be[fr]_0" site_id="UID2344||t_0120_001.png" xmltv_id="TV Lux HD">TV Lux HD</channel>
    <channel site="[ENC]proximus.be[fr]_0" site_id="UID2346||t_0118_001.png" xmltv_id="Védia HD">Védia HD</channel>
    <channel site="[ENC]proximus.be[fr]_0" site_id="UID2326||t_0033_001.png" xmltv_id="BRUZZ HD">BRUZZ HD</channel>
    <channel site="[ENC]proximus.be[fr]_0" site_id="UID2322||t_0067_002.png" xmltv_id="ATV HD">ATV HD</channel>
    <channel site="[ENC]proximus.be[fr]_0" site_id="UID2323||t_0126_000.png" xmltv_id="AVS HD">AVS HD</channel>
    <channel site="[ENC]proximus.be[fr]_0" site_id="UID2330||t_0114_001.png" xmltv_id="Focus TV HD">Focus TV HD</channel>
    <channel site="[ENC]proximus.be[fr]_0" site_id="UID2333||t_0111_001.png" xmltv_id="Ring TV HD">Ring TV HD</channel>
    <channel site="[ENC]proximus.be[fr]_0" site_id="UID2334||t_0113_004.png" xmltv_id="ROBTV HD">ROBTV HD</channel>
    <channel site="[ENC]proximus.be[fr]_0" site_id="UID2336||t_0129_001.png" xmltv_id="RTV Kempen HD">RTV Kempen HD</channel>
    <channel site="[ENC]proximus.be[fr]_0" site_id="UID2339||t_0071_001.png" xmltv_id="RTV Mech HD">RTV Mech HD</channel>
    <channel site="[ENC]proximus.be[fr]_0" site_id="UID2343||t_0068_001.png" xmltv_id="TV Limburg HD">TV Limburg HD</channel>
    <channel site="[ENC]proximus.be[fr]_0" site_id="UID2345||t_0069_001.png" xmltv_id="TV Oost HD">TV Oost HD</channel>
    <channel site="[ENC]proximus.be[fr]_0" site_id="UID2347||t_0064_001.png" xmltv_id="WTV HD">WTV HD</channel>
    <channel site="[ENC]proximus.be[fr]_0" site_id="UID50151||t_0191_000.png" xmltv_id="Passie XXX">Passie XXX</channel>
    <channel site="[ENC]proximus.be[fr]_0" site_id="UID50099||t_0192_001.png" xmltv_id="Dorcel XXX">Dorcel XXX</channel>
    <channel site="[ENC]proximus.be[fr]_0" site_id="UID0461||t_0461_001.png" xmltv_id="Penthouse Gold">Penthouse Gold</channel>
    <channel site="[ENC]proximus.be[fr]_0" site_id="UID0628||t_0628_000.png" xmltv_id="Dusk">Dusk</channel>
    <channel site="[ENC]proximus.be[fr]_0" site_id="UID50192||t_0193_000.png" xmltv_id="Pink">Pink</channel>
    <channel site="[ENC]proximus.be[fr]_0" site_id="UID2465||t_0191_000.png" xmltv_id="Passie XXX HD">Passie XXX HD</channel>
    <channel site="[ENC]proximus.be[fr]_0" site_id="UID2464||t_0192_001.png" xmltv_id="Dorcel XXX HD">Dorcel XXX HD</channel>
    <channel site="[ENC]proximus.be[fr]_0" site_id="UID2466||t_0193_000.png" xmltv_id="Pink HD">Pink HD</channel>
    <channel site="[ENC]proximus.be[fr]_0" site_id="UID50170||r_0800_001.png" xmltv_id="Radio1">Radio1</channel>
    <channel site="[ENC]proximus.be[fr]_0" site_id="UID50175||r_0801_003.png" xmltv_id="R2A">R2A</channel>
    <channel site="[ENC]proximus.be[fr]_0" site_id="UID50174||r_0802_003.png" xmltv_id="R2L">R2L</channel>
    <channel site="[ENC]proximus.be[fr]_0" site_id="UID50171||r_0803_003.png" xmltv_id="R2OV">R2OV</channel>
    <channel site="[ENC]proximus.be[fr]_0" site_id="UID50173||r_0804_003.png" xmltv_id="R2VB">R2VB</channel>
    <channel site="[ENC]proximus.be[fr]_0" site_id="UID50172||r_0805_003.png" xmltv_id="R2WV">R2WV</channel>
    <channel site="[ENC]proximus.be[fr]_0" site_id="UID50176||r_0806_001.png" xmltv_id="StuBru">StuBru</channel>
    <channel site="[ENC]proximus.be[fr]_0" site_id="UID50177||r_0807_004.png" xmltv_id="MNM">MNM</channel>
    <channel site="[ENC]proximus.be[fr]_0" site_id="UID50178||r_0808_004.png" xmltv_id="MNMH">MNMH</channel>
    <channel site="[ENC]proximus.be[fr]_0" site_id="UID50179||r_0809_000.png" xmltv_id="Klara">Klara</channel>
    <channel site="[ENC]proximus.be[fr]_0" site_id="UID50180||r_0810_000.png" xmltv_id="KlaraC">KlaraC</channel>
    <channel site="[ENC]proximus.be[fr]_0" site_id="UID50182||r_0811_001.png" xmltv_id="VRTNWS">VRTNWS</channel>
    <channel site="[ENC]proximus.be[fr]_0" site_id="UID50181||r_0813_002.png" xmltv_id="De Tijdloze">De Tijdloze</channel>
    <channel site="[ENC]proximus.be[fr]_0" site_id="UID0813||r_0806_001.png" xmltv_id="StuBru">StuBru</channel>
    <channel site="[ENC]proximus.be[fr]_0" site_id="UID50185||r_0820_003.png" xmltv_id="Qmusic">Qmusic</channel>
    <channel site="[ENC]proximus.be[fr]_0" site_id="UID50148||r_0821_004.png" xmltv_id="JOE">JOE</channel>
    <channel site="[ENC]proximus.be[fr]_0" site_id="UID50186||r_0840_001.png" xmltv_id="BRF 1">BRF 1</channel>
    <channel site="[ENC]proximus.be[fr]_0" site_id="UID50104||r_0850_002.png" xmltv_id="LaPrem1ère">LaPrem1ère</channel>
    <channel site="[ENC]proximus.be[fr]_0" site_id="UID50105||r_0851_001.png" xmltv_id="VivaCité">VivaCité</channel>
    <channel site="[ENC]proximus.be[fr]_0" site_id="UID50106||r_0852_002.png" xmltv_id="Musiq'3">Musiq'3</channel>
    <channel site="[ENC]proximus.be[fr]_0" site_id="UID50107||r_0853_002.png" xmltv_id="Classic21">Classic21</channel>
    <channel site="[ENC]proximus.be[fr]_0" site_id="UID50108||r_0854_003.png" xmltv_id="TIPIK radio">TIPIK radio</channel>
    <channel site="[ENC]proximus.be[fr]_0" site_id="UID50183||r_0860_002.png" xmltv_id="bel RTL">bel RTL</channel>
    <channel site="[ENC]proximus.be[fr]_0" site_id="UID50184||r_0861_002.png" xmltv_id="MINT">MINT</channel>
    <channel site="[ENC]proximus.be[fr]_0" site_id="UID50194||r_0862_001.png" xmltv_id="Contct">Contct</channel>
    <channel site="[ENC]proximus.be[fr]_0" site_id="UID50206||r_0865_000.png" xmltv_id="RNostF">RNostF</channel>
    <channel site="[ENC]proximus.be[fr]_0" site_id="UIDR641||r_0866_002.png" xmltv_id="LN">LN</channel>
    <channel site="[ENC]proximus.be[fr]_0" site_id="UID0096||t_test_drs.png" xmltv_id="DRS Test">DRS Test</channel>
    <channel site="[ENC]proximus.be[fr]_0" site_id="UID0639||t_info_000.png" xmltv_id="Studio PXS F">Studio PXS F</channel>
    <channel site="[ENC]proximus.be[fr]_0" site_id="UID2531||t_info_000.png" xmltv_id="Studio PXS N">Studio PXS N</channel>
    <channel site="[ENC]proximus.be[fr]_0" site_id="UID2036||t_test_000.png" xmltv_id="eng-Titan-VRT">eng-Titan-VRT</channel>
    <channel site="[ENC]proximus.be[fr]_0" site_id="UID2039||t_test_000.png" xmltv_id="Test 976">Test 976</channel>
    <channel site="[ENC]proximus.be[fr]_0" site_id="UID2044||t_test_000.png" xmltv_id="Test 80">Test 80</channel>
    <channel site="[ENC]proximus.be[fr]_0" site_id="UID0145||t_test_000.png" xmltv_id="Test 86">Test 86</channel>
    <channel site="[ENC]proximus.be[fr]_0" site_id="UID2046||t_test_000.png" xmltv_id="Test 89">Test 89</channel>
    <channel site="[ENC]proximus.be[fr]_0" site_id="UID0999||t_info_000.png" xmltv_id="InfoChannel">InfoChannel</channel>
  </channels>
</site>