<?xml version="1.0" encoding="UTF-8"?>
<site generator-info-name="Tempest EPG Generator (made by Kvanc)" generator-info-url="https://github.com/K-vanc/Tempest-EPG-Generator.git" site="[ENC][EX]telenettv.be_0">
  <channels>
    <channel site="[ENC][EX]telenettv.be_0" site_id="vtmhd||MM0BE.png" xmltv_id="vtm HD">vtm HD</channel>
    <channel site="[ENC][EX]telenettv.be_0" site_id="eenhd||MM24E.png" xmltv_id="VRT 1">VRT 1</channel>
    <channel site="[ENC][EX]telenettv.be_0" site_id="vierhd||MM1C8.png" xmltv_id="Play4">Play4</channel>
    <channel site="[ENC][EX]telenettv.be_0" site_id="ketnetcanvashd||MM24F.png" xmltv_id="VRT CANVAS">VRT CANVAS</channel>
    <channel site="[ENC][EX]telenettv.be_0" site_id="2behd||MM238.png" xmltv_id="VTM 2">VTM 2</channel>
    <channel site="[ENC][EX]telenettv.be_0" site_id="vijfhd||MM100.png" xmltv_id="Play5">Play5</channel>
    <channel site="[ENC][EX]telenettv.be_0" site_id="vitaya||MM06B.png" xmltv_id="VTM 3">VTM 3</channel>
    <channel site="[ENC][EX]telenettv.be_0" site_id="rtvmechelen||MM19E.png" xmltv_id="RTV Mechelen">RTV Mechelen</channel>
    <channel site="[ENC][EX]telenettv.be_0" site_id="acht||MM086.png" xmltv_id="VTM 4">VTM 4</channel>
    <channel site="[ENC][EX]telenettv.be_0" site_id="kanaalz||MM06C.png" xmltv_id="KanaalZ">KanaalZ</channel>
    <channel site="[ENC][EX]telenettv.be_0" site_id="rexrioinfo||MM187.png" xmltv_id="Play Sports Open">Play Sports Open</channel>
    <channel site="[ENC][EX]telenettv.be_0" site_id="ketnet||MM0C7.png" xmltv_id="Ketnet">Ketnet</channel>
    <channel site="[ENC][EX]telenettv.be_0" site_id="foxbelgium||MM3D6.png" xmltv_id="STAR Channel">STAR Channel</channel>
    <channel site="[ENC][EX]telenettv.be_0" site_id="zes||MM3C1.png" xmltv_id="Play6">Play6</channel>
    <channel site="[ENC][EX]telenettv.be_0" site_id="dicoveryhd||MM2B0.png" xmltv_id="Discovery Vl HD">Discovery Vl HD</channel>
    <channel site="[ENC][EX]telenettv.be_0" site_id="natgeohd||MM118.png" xmltv_id="Nat Geo HD">Nat Geo HD</channel>
    <channel site="[ENC][EX]telenettv.be_0" site_id="tlcvlaanderen||MM349.png" xmltv_id="TLC">TLC</channel>
    <channel site="[ENC][EX]telenettv.be_0" site_id="tmf||MM06D.png" xmltv_id="Comedy Central">Comedy Central</channel>
    <channel site="[ENC][EX]telenettv.be_0" site_id="mtv||MM270.png" xmltv_id="MTV VL">MTV VL</channel>
    <channel site="[ENC][EX]telenettv.be_0" site_id="njam||MM169.png" xmltv_id="njam!">njam!</channel>
    <channel site="[ENC][EX]telenettv.be_0" site_id="zeven||MM402.png" xmltv_id="Play7">Play7</channel>
    <channel site="[ENC][EX]telenettv.be_0" site_id="plattelandstv||MM345.png" xmltv_id="PlattelandsTv">PlattelandsTv</channel>
    <channel site="[ENC][EX]telenettv.be_0" site_id="caz2||MM3E8.png" xmltv_id="VTM GOLD">VTM GOLD</channel>
    <channel site="[ENC][EX]telenettv.be_0" site_id="history||MM3CA.png" xmltv_id="History.TV">History.TV</channel>
    <channel site="[ENC][EX]telenettv.be_0" site_id="bbcfirst||MM3D8.png" xmltv_id="BBC First">BBC First</channel>
    <channel site="[ENC][EX]telenettv.be_0" site_id="bbcprime||MM06F.png" xmltv_id="BBC Entertainment">BBC Entertainment</channel>
    <channel site="[ENC][EX]telenettv.be_0" site_id="vtmkzoom||MM0A0.png" xmltv_id="VTM NON-STOP DOKTERS">VTM NON-STOP DOKTERS</channel>
    <channel site="[ENC][EX]telenettv.be_0" site_id="disneyvl||MM2AF.png" xmltv_id="Disney VL">Disney VL</channel>
    <channel site="[ENC][EX]telenettv.be_0" site_id="studio100tv||MM412.png" xmltv_id="Studio 100 TV">Studio 100 TV</channel>
    <channel site="[ENC][EX]telenettv.be_0" site_id="nickelodeon||MM144.png" xmltv_id="Nickelodeon">Nickelodeon</channel>
    <channel site="[ENC][EX]telenettv.be_0" site_id="nickjr||MM154.png" xmltv_id="Nick Jr.">Nick Jr.</channel>
    <channel site="[ENC][EX]telenettv.be_0" site_id="babytv||MM2C4.png" xmltv_id="Baby TV">Baby TV</channel>
    <channel site="[ENC][EX]telenettv.be_0" site_id="nickukraine||MM406.png" xmltv_id="Nickelodeon Ukraine">Nickelodeon Ukraine</channel>
    <channel site="[ENC][EX]telenettv.be_0" site_id="menttv||MM1CD.png" xmltv_id="MENT TV">MENT TV</channel>
    <channel site="[ENC][EX]telenettv.be_0" site_id="playhousedisney||MM2B8.png" xmltv_id="Disney JR">Disney JR</channel>
    <channel site="[ENC][EX]telenettv.be_0" site_id="qmusic||MM2DC.png" xmltv_id="Q-music">Q-music</channel>
    <channel site="[ENC][EX]telenettv.be_0" site_id="actuatv||MM094.png" xmltv_id="Vlaams Parlement TV">Vlaams Parlement TV</channel>
    <channel site="[ENC][EX]telenettv.be_0" site_id="cartoonnetwork||MM1C3.png" xmltv_id="Cartoon.Network">Cartoon.Network</channel>
    <channel site="[ENC][EX]telenettv.be_0" site_id="xite||MM274.png" xmltv_id="Xite">Xite</channel>
    <channel site="[ENC][EX]telenettv.be_0" site_id="dobbittv||MM343.png" xmltv_id="DOBBIT TV">DOBBIT TV</channel>
    <channel site="[ENC][EX]telenettv.be_0" site_id="brava||MM177.png" xmltv_id="Stingray Classica">Stingray Classica</channel>
    <channel site="[ENC][EX]telenettv.be_0" site_id="evenaar||MM3C0.png" xmltv_id="Eclips TV">Eclips TV</channel>
    <channel site="[ENC][EX]telenettv.be_0" site_id="outtv||MM21A.png" xmltv_id="OUT TV">OUT TV</channel>
    <channel site="[ENC][EX]telenettv.be_0" site_id="stories||MM08A.png" xmltv_id="TV.Plus">TV.Plus</channel>
    <channel site="[ENC][EX]telenettv.be_0" site_id="ned1||MM072.png" xmltv_id="NPO 1">NPO 1</channel>
    <channel site="[ENC][EX]telenettv.be_0" site_id="ned2||MM073.png" xmltv_id="NPO 2">NPO 2</channel>
    <channel site="[ENC][EX]telenettv.be_0" site_id="ned3||MM074.png" xmltv_id="NPO 3">NPO 3</channel>
    <channel site="[ENC][EX]telenettv.be_0" site_id="bbc1||MM076.png" xmltv_id="BBC 1">BBC 1</channel>
    <channel site="[ENC][EX]telenettv.be_0" site_id="bbc2||MM077.png" xmltv_id="BBC 2">BBC 2</channel>
    <channel site="[ENC][EX]telenettv.be_0" site_id="launehd||MM08C.png" xmltv_id="La Une HD">La Une HD</channel>
    <channel site="[ENC][EX]telenettv.be_0" site_id="ladeuxhd||MM08E.png" xmltv_id="Tipik">Tipik</channel>
    <channel site="[ENC][EX]telenettv.be_0" site_id="rtltvihd||MM11F.png" xmltv_id="RTL tvi">RTL tvi</channel>
    <channel site="[ENC][EX]telenettv.be_0" site_id="clubrtlhd||MM11E.png" xmltv_id="RTL club">RTL club</channel>
    <channel site="[ENC][EX]telenettv.be_0" site_id="plugrtl||MM07A.png" xmltv_id="RTL plug">RTL plug</channel>
    <channel site="[ENC][EX]telenettv.be_0" site_id="ab3||MM0D2.png" xmltv_id="AB3">AB3</channel>
    <channel site="[ENC][EX]telenettv.be_0" site_id="rcontactvision||MM2A6.png" xmltv_id="R. Contact Vision">R. Contact Vision</channel>
    <channel site="[ENC][EX]telenettv.be_0" site_id="latrois||MM281.png" xmltv_id="La Trois">La Trois</channel>
    <channel site="[ENC][EX]telenettv.be_0" site_id="ln24||MM374.png" xmltv_id="LN24">LN24</channel>
    <channel site="[ENC][EX]telenettv.be_0" site_id="c8||MM040.png" xmltv_id="C8">C8</channel>
    <channel site="[ENC][EX]telenettv.be_0" site_id="tmc||MM317.png" xmltv_id="TMC">TMC</channel>
    <channel site="[ENC][EX]telenettv.be_0" site_id="tfx||MM041.png" xmltv_id="TFX">TFX</channel>
    <channel site="[ENC][EX]telenettv.be_0" site_id="tf1hd||MM0AC.png" xmltv_id="TF1 HD">TF1 HD</channel>
    <channel site="[ENC][EX]telenettv.be_0" site_id="france2||MM07D.png" xmltv_id="France 2">France 2</channel>
    <channel site="[ENC][EX]telenettv.be_0" site_id="france3||MM07E.png" xmltv_id="France 3">France 3</channel>
    <channel site="[ENC][EX]telenettv.be_0" site_id="france4||MM148.png" xmltv_id="France 4">France 4</channel>
    <channel site="[ENC][EX]telenettv.be_0" site_id="france5||MM149.png" xmltv_id="France 5">France 5</channel>
    <channel site="[ENC][EX]telenettv.be_0" site_id="artebelgique||MM306.png" xmltv_id="Arte Belgique">Arte Belgique</channel>
    <channel site="[ENC][EX]telenettv.be_0" site_id="tvbreizh||MM308.png" xmltv_id="TV Breizh">TV Breizh</channel>
    <channel site="[ENC][EX]telenettv.be_0" site_id="tv5monde||MM091.png" xmltv_id="TV5Monde">TV5Monde</channel>
    <channel site="[ENC][EX]telenettv.be_0" site_id="ard||MM080.png" xmltv_id="ARD">ARD</channel>
    <channel site="[ENC][EX]telenettv.be_0" site_id="zdf||MM081.png" xmltv_id="ZDF">ZDF</channel>
    <channel site="[ENC][EX]telenettv.be_0" site_id="rtltele||MM282.png" xmltv_id="RTL Tele">RTL Tele</channel>
    <channel site="[ENC][EX]telenettv.be_0" site_id="vox||MM294.png" xmltv_id="VOX">VOX</channel>
    <channel site="[ENC][EX]telenettv.be_0" site_id="ntv||MM1CC.png" xmltv_id="n-tv">n-tv</channel>
    <channel site="[ENC][EX]telenettv.be_0" site_id="raiuno||MM08D.png" xmltv_id="Rai Uno">Rai Uno</channel>
    <channel site="[ENC][EX]telenettv.be_0" site_id="tve||MM28B.png" xmltv_id="TVE">TVE</channel>
    <channel site="[ENC][EX]telenettv.be_0" site_id="trt||MM090.png" xmltv_id="TRT">TRT</channel>
    <channel site="[ENC][EX]telenettv.be_0" site_id="mediasetint||MM0A4.png" xmltv_id="Mediaset Italia">Mediaset Italia</channel>
    <channel site="[ENC][EX]telenettv.be_0" site_id="theisraelinetwork||MM3BD.png" xmltv_id="The Israëli Network">The Israëli Network</channel>
    <channel site="[ENC][EX]telenettv.be_0" site_id="2mmonde||MM304.png" xmltv_id="2M Monde">2M Monde</channel>
    <channel site="[ENC][EX]telenettv.be_0" site_id="almaghrebtv||MM185.png" xmltv_id="Al Maghreb TV">Al Maghreb TV</channel>
    <channel site="[ENC][EX]telenettv.be_0" site_id="primesporthd||MM0C8.png" xmltv_id="Play Sports HD1">Play Sports HD1</channel>
    <channel site="[ENC][EX]telenettv.be_0" site_id="sportinghd2||MM376.png" xmltv_id="Play Sports HD2">Play Sports HD2</channel>
    <channel site="[ENC][EX]telenettv.be_0" site_id="sporting3||MM377.png" xmltv_id="Play Sports HD3">Play Sports HD3</channel>
    <channel site="[ENC][EX]telenettv.be_0" site_id="sporting4||MM0E1.png" xmltv_id="Play Sports HD4">Play Sports HD4</channel>
    <channel site="[ENC][EX]telenettv.be_0" site_id="sporting5||MM0E2.png" xmltv_id="Play Sports Premier League">Play Sports Premier League</channel>
    <channel site="[ENC][EX]telenettv.be_0" site_id="primegolf||MM378.png" xmltv_id="Play Sports Golf">Play Sports Golf</channel>
    <channel site="[ENC][EX]telenettv.be_0" site_id="horse||MM405.png" xmltv_id="Horse &amp; Country">Horse &amp; Country</channel>
    <channel site="[ENC][EX]telenettv.be_0" site_id="eurosporthd||MM1C7.png" xmltv_id="Eurosport HD">Eurosport HD</channel>
    <channel site="[ENC][EX]telenettv.be_0" site_id="eurosport2||MM138.png" xmltv_id="Eurosport 2 HD">Eurosport 2 HD</channel>
    <channel site="[ENC][EX]telenettv.be_0" site_id="jplnl01||MM3F7.png" xmltv_id="DAZN Eleven Pro League 1 NL">DAZN Eleven Pro League 1 NL</channel>
    <channel site="[ENC][EX]telenettv.be_0" site_id="jplnl02||MM3F8.png" xmltv_id="DAZN Eleven Pro League 2 NL">DAZN Eleven Pro League 2 NL</channel>
    <channel site="[ENC][EX]telenettv.be_0" site_id="jplnl03||MM3F9.png" xmltv_id="DAZN Eleven Pro League 3 NL">DAZN Eleven Pro League 3 NL</channel>
    <channel site="[ENC][EX]telenettv.be_0" site_id="11football||MM3D0.png" xmltv_id="DAZN Eleven Sports 1">DAZN Eleven Sports 1</channel>
    <channel site="[ENC][EX]telenettv.be_0" site_id="11sports||MM3CF.png" xmltv_id="DAZN Eleven Sports 2">DAZN Eleven Sports 2</channel>
    <channel site="[ENC][EX]telenettv.be_0" site_id="11sports3||MM312.png" xmltv_id="DAZN Eleven Sports 3">DAZN Eleven Sports 3</channel>
    <channel site="[ENC][EX]telenettv.be_0" site_id="sport10||MM410.png" xmltv_id="Sport 10">Sport 10</channel>
    <channel site="[ENC][EX]telenettv.be_0" site_id="wsport||MM411.png" xmltv_id="W Sport">W Sport</channel>
    <channel site="[ENC][EX]telenettv.be_0" site_id="eurosportfr||MM146.png" xmltv_id="Eurosport.FR">Eurosport.FR</channel>
    <channel site="[ENC][EX]telenettv.be_0" site_id="primestarhd||MM0C9.png" xmltv_id="Play More Cinema">Play More Cinema</channel>
    <channel site="[ENC][EX]telenettv.be_0" site_id="primeaction||MM0CA.png" xmltv_id="Play More Kicks">Play More Kicks</channel>
    <channel site="[ENC][EX]telenettv.be_0" site_id="channel6||MM3BE.png" xmltv_id="Play More Black">Play More Black</channel>
    <channel site="[ENC][EX]telenettv.be_0" site_id="shortshd||MM3D9.png" xmltv_id="ShortsTV">ShortsTV</channel>
    <channel site="[ENC][EX]telenettv.be_0" site_id="crimeinvestigation||MM10E.png" xmltv_id="Crime + Investigation">Crime + Investigation</channel>
    <channel site="[ENC][EX]telenettv.be_0" site_id="discoveryid||MM2B3.png" xmltv_id="Disc ID">Disc ID</channel>
    <channel site="[ENC][EX]telenettv.be_0" site_id="discoverysci||MM150.png" xmltv_id="Disc science">Disc science</channel>
    <channel site="[ENC][EX]telenettv.be_0" site_id="animalplanethd||MM18F.png" xmltv_id="Animal Planet">Animal Planet</channel>
    <channel site="[ENC][EX]telenettv.be_0" site_id="natgeowild||MM3D5.png" xmltv_id="Nat Geo Wild">Nat Geo Wild</channel>
    <channel site="[ENC][EX]telenettv.be_0" site_id="e||MM14A.png" xmltv_id="E! Ent">E! Ent</channel>
    <channel site="[ENC][EX]telenettv.be_0" site_id="boomerang||MM160.png" xmltv_id="Cartoonito">Cartoonito</channel>
    <channel site="[ENC][EX]telenettv.be_0" site_id="nicktoons||MM2D2.png" xmltv_id="NickToons">NickToons</channel>
    <channel site="[ENC][EX]telenettv.be_0" site_id="nickhits||MM2A1.png" xmltv_id="Nick Music Global">Nick Music Global</channel>
    <channel site="[ENC][EX]telenettv.be_0" site_id="vh1||MM13C.png" xmltv_id="MTV 00s">MTV 00s</channel>
    <channel site="[ENC][EX]telenettv.be_0" site_id="mtvnhd||MM2A4.png" xmltv_id="MTV Live">MTV Live</channel>
    <channel site="[ENC][EX]telenettv.be_0" site_id="mezzo||MM135.png" xmltv_id="Mezzo Live HD">Mezzo Live HD</channel>
    <channel site="[ENC][EX]telenettv.be_0" site_id="cnn||MM075.png" xmltv_id="CNN">CNN</channel>
    <channel site="[ENC][EX]telenettv.be_0" site_id="cnbceurope||MM070.png" xmltv_id="CNBC Europe">CNBC Europe</channel>
    <channel site="[ENC][EX]telenettv.be_0" site_id="bbcworld||MM078.png" xmltv_id="BBC News">BBC News</channel>
    <channel site="[ENC][EX]telenettv.be_0" site_id="aljazeeraeng||MM09C.png" xmltv_id="Al Jazeera Eng.">Al Jazeera Eng.</channel>
    <channel site="[ENC][EX]telenettv.be_0" site_id="euronews||MM303.png" xmltv_id="Euronews">Euronews</channel>
    <channel site="[ENC][EX]telenettv.be_0" site_id="lci||MM305.png" xmltv_id="LCI">LCI</channel>
    <channel site="[ENC][EX]telenettv.be_0" site_id="bloomberg||MM1A5.png" xmltv_id="Bloomberg">Bloomberg</channel>
    <channel site="[ENC][EX]telenettv.be_0" site_id="cctv||MM37A.png" xmltv_id="CGTN">CGTN</channel>
    <channel site="[ENC][EX]telenettv.be_0" site_id="discoveryfr||MM263.png" xmltv_id="Discovery FR">Discovery FR</channel>
    <channel site="[ENC][EX]telenettv.be_0" site_id="natgeofr||MM279.png" xmltv_id="Nat Geo FR">Nat Geo FR</channel>
    <channel site="[ENC][EX]telenettv.be_0" site_id="netflix||MM3E9.png" xmltv_id="Netflix">Netflix</channel>
    <channel site="[ENC][EX]telenettv.be_0" site_id="nickelodeonfr||MM15C.png" xmltv_id="Nickelodeon FR">Nickelodeon FR</channel>
    <channel site="[ENC][EX]telenettv.be_0" site_id="nickjrfr||MM15F.png" xmltv_id="Nick Jr. FR">Nick Jr. FR</channel>
    <channel site="[ENC][EX]telenettv.be_0" site_id="be1hd||MM275.png" xmltv_id="Be 1">Be 1</channel>
    <channel site="[ENC][EX]telenettv.be_0" site_id="becinehd||MM0E6.png" xmltv_id="Be Ciné">Be Ciné</channel>
    <channel site="[ENC][EX]telenettv.be_0" site_id="beserieshd||MM0E5.png" xmltv_id="Be Séries">Be Séries</channel>
    <channel site="[ENC][EX]telenettv.be_0" site_id="be1p1h||MM2BE.png" xmltv_id="Be 1+1h">Be 1+1h</channel>
    <channel site="[ENC][EX]telenettv.be_0" site_id="cinecinemapre||MM2FA.png" xmltv_id="Ciné+ Premier">Ciné+ Premier</channel>
    <channel site="[ENC][EX]telenettv.be_0" site_id="cinecinemacl||MM2EE.png" xmltv_id="Ciné+ Classic">Ciné+ Classic</channel>
    <channel site="[ENC][EX]telenettv.be_0" site_id="cinecinemafr||MM2EF.png" xmltv_id="Ciné+ Frisson">Ciné+ Frisson</channel>
    <channel site="[ENC][EX]telenettv.be_0" site_id="besport1hd||MM0E3.png" xmltv_id="VOO Sport World 1">VOO Sport World 1</channel>
    <channel site="[ENC][EX]telenettv.be_0" site_id="besport2||MM0D8.png" xmltv_id="VOO Sport World 2">VOO Sport World 2</channel>
    <channel site="[ENC][EX]telenettv.be_0" site_id="besport3||MM0E4.png" xmltv_id="VOO Sport World 3">VOO Sport World 3</channel>
    <channel site="[ENC][EX]telenettv.be_0" site_id="vsw4||MM3FD.png" xmltv_id="VOO Sport World 4">VOO Sport World 4</channel>
    <channel site="[ENC][EX]telenettv.be_0" site_id="jplfr01||MM3FA.png" xmltv_id="DAZN Eleven Pro League 1 FR">DAZN Eleven Pro League 1 FR</channel>
    <channel site="[ENC][EX]telenettv.be_0" site_id="jplfr02||MM3FB.png" xmltv_id="DAZN Eleven Pro League 2 FR">DAZN Eleven Pro League 2 FR</channel>
    <channel site="[ENC][EX]telenettv.be_0" site_id="jplfr03||MM3FC.png" xmltv_id="DAZN Eleven Pro League 3 FR">DAZN Eleven Pro League 3 FR</channel>
    <channel site="[ENC][EX]telenettv.be_0" site_id="11footbetv||MM3CD.png" xmltv_id="DAZN Eleven Sports 1 FR">DAZN Eleven Sports 1 FR</channel>
    <channel site="[ENC][EX]telenettv.be_0" site_id="11sportsbetv||MM3CE.png" xmltv_id="DAZN Eleven Sports 2 FR">DAZN Eleven Sports 2 FR</channel>
    <channel site="[ENC][EX]telenettv.be_0" site_id="11sports3betv||MM367.png" xmltv_id="DAZN Eleven Sports 3 FR">DAZN Eleven Sports 3 FR</channel>
    <channel site="[ENC][EX]telenettv.be_0" site_id="playboytv||MM13B.png" xmltv_id="Playboy TV">Playboy TV</channel>
    <channel site="[ENC][EX]telenettv.be_0" site_id="penthousehd||MM2B9.png" xmltv_id="Penthouse Passion">Penthouse Passion</channel>
    <channel site="[ENC][EX]telenettv.be_0" site_id="hustlerhd||MM2EC.png" xmltv_id="Hustler HD">Hustler HD</channel>
    <channel site="[ENC][EX]telenettv.be_0" site_id="penthousehd1||MM2E2.png" xmltv_id="Penthouse Gold">Penthouse Gold</channel>
    <channel site="[ENC][EX]telenettv.be_0" site_id="penthousehd2||MM2E1.png" xmltv_id="Dorcel TV">Dorcel TV</channel>
    <channel site="[ENC][EX]telenettv.be_0" site_id="xmo||MM409.png" xmltv_id="X-MO">X-MO</channel>
    <channel site="[ENC][EX]telenettv.be_0" site_id="telenet1||telenet1.png" xmltv_id="Telenet 1">Telenet 1</channel>
    <channel site="[ENC][EX]telenettv.be_0" site_id="telenet2||telenet2.png" xmltv_id="Telenet 2">Telenet 2</channel>
    <channel site="[ENC][EX]telenettv.be_0" site_id="telenet4||telenet4.png" xmltv_id="Telenet 4">Telenet 4</channel>
    <channel site="[ENC][EX]telenettv.be_0" site_id="telenet5||telenet5.png" xmltv_id="Telenet 5">Telenet 5</channel>
    <channel site="[ENC][EX]telenettv.be_0" site_id="telenet3||telenet3.png" xmltv_id="Telenet 3">Telenet 3</channel>
    <channel site="[ENC][EX]telenettv.be_0" site_id="radio1||MM1F5.png" xmltv_id="Radio 1">Radio 1</channel>
    <channel site="[ENC][EX]telenettv.be_0" site_id="mnm||MM1FA.png" xmltv_id="MNM">MNM</channel>
    <channel site="[ENC][EX]telenettv.be_0" site_id="stubru||MM1F9.png" xmltv_id="StuBru">StuBru</channel>
    <channel site="[ENC][EX]telenettv.be_0" site_id="qmusicradio||MM1FF.png" xmltv_id="Q-music radio">Q-music radio</channel>
    <channel site="[ENC][EX]telenettv.be_0" site_id="joefm||MM200.png" xmltv_id="JOE fm">JOE fm</channel>
    <channel site="[ENC][EX]telenettv.be_0" site_id="nrj||MM3C5.png" xmltv_id="NRJ">NRJ</channel>
    <channel site="[ENC][EX]telenettv.be_0" site_id="nostalgie||MM217.png" xmltv_id="Nostalgie">Nostalgie</channel>
    <channel site="[ENC][EX]telenettv.be_0" site_id="radio2vlbr||MM1F6.png" xmltv_id="Radio 2 Vl. Br.">Radio 2 Vl. Br.</channel>
    <channel site="[ENC][EX]telenettv.be_0" site_id="radio2wvl||MM206.png" xmltv_id="Radio 2 W. Vl.">Radio 2 W. Vl.</channel>
    <channel site="[ENC][EX]telenettv.be_0" site_id="radio2antw||MM207.png" xmltv_id="Radio 2 Antw.">Radio 2 Antw.</channel>
    <channel site="[ENC][EX]telenettv.be_0" site_id="radio2ovl||MM205.png" xmltv_id="Radio 2 O. Vl.">Radio 2 O. Vl.</channel>
    <channel site="[ENC][EX]telenettv.be_0" site_id="radio2limb||MM1F4.png" xmltv_id="Radio 2 Limb.">Radio 2 Limb.</channel>
    <channel site="[ENC][EX]telenettv.be_0" site_id="klara||MM1F7.png" xmltv_id="Klara">Klara</channel>
    <channel site="[ENC][EX]telenettv.be_0" site_id="klaracontinuo||MM1F8.png" xmltv_id="Klara Continuo">Klara Continuo</channel>
    <channel site="[ENC][EX]telenettv.be_0" site_id="mnmhits||MM1FB.png" xmltv_id="MNM Hits">MNM Hits</channel>
    <channel site="[ENC][EX]telenettv.be_0" site_id="nieuwsplus||MM1FC.png" xmltv_id="nieuws+">nieuws+</channel>
    <channel site="[ENC][EX]telenettv.be_0" site_id="sporza||MM289.png" xmltv_id="De Tijdloze">De Tijdloze</channel>
    <channel site="[ENC][EX]telenettv.be_0" site_id="willy||MM036.png" xmltv_id="Willy">Willy</channel>
    <channel site="[ENC][EX]telenettv.be_0" site_id="qmaximum||MM038.png" xmltv_id="Q Maximum Hits">Q Maximum Hits</channel>
    <channel site="[ENC][EX]telenettv.be_0" site_id="qfouteradio||MM039.png" xmltv_id="Q-Foute Radio">Q-Foute Radio</channel>
    <channel site="[ENC][EX]telenettv.be_0" site_id="joe6070||MM03A.png" xmltv_id="Joe 60s-70s">Joe 60s-70s</channel>
    <channel site="[ENC][EX]telenettv.be_0" site_id="joe80||MM03B.png" xmltv_id="Joe 80s &amp; 90s">Joe 80s &amp; 90s</channel>
    <channel site="[ENC][EX]telenettv.be_0" site_id="joe90||MM03C.png" xmltv_id="Willy Class X">Willy Class X</channel>
    <channel site="[ENC][EX]telenettv.be_0" site_id="joeeasy||MM03D.png" xmltv_id="Joe Easy">Joe Easy</channel>
    <channel site="[ENC][EX]telenettv.be_0" site_id="nostalgieplus||MM407.png" xmltv_id="Nostalgie+">Nostalgie+</channel>
    <channel site="[ENC][EX]telenettv.be_0" site_id="radiomaria||MM211.png" xmltv_id="Radio Maria">Radio Maria</channel>
    <channel site="[ENC][EX]telenettv.be_0" site_id="topradio||MM203.png" xmltv_id="TOPradio">TOPradio</channel>
    <channel site="[ENC][EX]telenettv.be_0" site_id="clubfm||MM236.png" xmltv_id="ROXX">ROXX</channel>
    <channel site="[ENC][EX]telenettv.be_0" site_id="lapremiere||MM208.png" xmltv_id="La Première">La Première</channel>
    <channel site="[ENC][EX]telenettv.be_0" site_id="vivacite||MM209.png" xmltv_id="VivaCité">VivaCité</channel>
    <channel site="[ENC][EX]telenettv.be_0" site_id="musiq3||MM20A.png" xmltv_id="Musiq3">Musiq3</channel>
    <channel site="[ENC][EX]telenettv.be_0" site_id="purefm||MM20B.png" xmltv_id="Tipik radio">Tipik radio</channel>
    <channel site="[ENC][EX]telenettv.be_0" site_id="classic21||MM20C.png" xmltv_id="Classic21">Classic21</channel>
    <channel site="[ENC][EX]telenettv.be_0" site_id="rtbfmix||MM035.png" xmltv_id="RTBF Mix">RTBF Mix</channel>
    <channel site="[ENC][EX]telenettv.be_0" site_id="belrtl||MM201.png" xmltv_id="Bel RTL">Bel RTL</channel>
    <channel site="[ENC][EX]telenettv.be_0" site_id="contact||MM2AA.png" xmltv_id="Contact">Contact</channel>
    <channel site="[ENC][EX]telenettv.be_0" site_id="mint||MM202.png" xmltv_id="Mint">Mint</channel>
    <channel site="[ENC][EX]telenettv.be_0" site_id="rfi||MM0A6.png" xmltv_id="RFI">RFI</channel>
    <channel site="[ENC][EX]telenettv.be_0" site_id="familyradio||MM35E.png" xmltv_id="Family Radio">Family Radio</channel>
    <channel site="[ENC][EX]telenettv.be_0" site_id="brf1||MM204.png" xmltv_id="BRF 1">BRF 1</channel>
    <channel site="[ENC][EX]telenettv.be_0" site_id="hitfm||MM3D7.png" xmltv_id="Be One">Be One</channel>
    <channel site="[ENC][EX]telenettv.be_0" site_id="zenfm||MM3CB.png" xmltv_id="ZEN">ZEN</channel>
    <channel site="[ENC][EX]telenettv.be_0" site_id="radiojudaica||MM365.png" xmltv_id="Radio Judaïca">Radio Judaïca</channel>
    <channel site="[ENC][EX]telenettv.be_0" site_id="stadsradio||MM3FF.png" xmltv_id="Stadsradio Vlaanderen">Stadsradio Vlaanderen</channel>
    <channel site="[ENC][EX]telenettv.be_0" site_id="oneworldradio||MM404.png" xmltv_id="One World Radio">One World Radio</channel>
    <channel site="[ENC][EX]telenettv.be_0" site_id="mcclassgreats||MM389.png" xmltv_id="Classical Greats">Classical Greats</channel>
    <channel site="[ENC][EX]telenettv.be_0" site_id="mcclasscalm||MM388.png" xmltv_id="Classical Calm">Classical Calm</channel>
    <channel site="[ENC][EX]telenettv.be_0" site_id="mcclassarch||MM38A.png" xmltv_id="Classical Orchestral">Classical Orchestral</channel>
    <channel site="[ENC][EX]telenettv.be_0" site_id="mcbelpop||MM387.png" xmltv_id="Belpop">Belpop</channel>
    <channel site="[ENC][EX]telenettv.be_0" site_id="mcfrancofonie||MM391.png" xmltv_id="Chansons">Chansons</channel>
    <channel site="[ENC][EX]telenettv.be_0" site_id="mcthelovecoll||MM3A8.png" xmltv_id="Silk">Silk</channel>
    <channel site="[ENC][EX]telenettv.be_0" site_id="mcultimateurban||MM3AB.png" xmltv_id="Ultimate Urban">Ultimate Urban</channel>
    <channel site="[ENC][EX]telenettv.be_0" site_id="mcbassbreaks||MM386.png" xmltv_id="Bass Breaks &amp; Beats">Bass Breaks &amp; Beats</channel>
    <channel site="[ENC][EX]telenettv.be_0" site_id="mcundergroove||MM3AC.png" xmltv_id="Groove (Disco&amp;Funk)">Groove (Disco&amp;Funk)</channel>
    <channel site="[ENC][EX]telenettv.be_0" site_id="mcdinnerparty||MM390.png" xmltv_id="Drive">Drive</channel>
    <channel site="[ENC][EX]telenettv.be_0" site_id="mcalldayparty||MM385.png" xmltv_id="All Day Party">All Day Party</channel>
    <channel site="[ENC][EX]telenettv.be_0" site_id="mcworldcarniv||MM3AD.png" xmltv_id="World Carnival">World Carnival</channel>
    <channel site="[ENC][EX]telenettv.be_0" site_id="mcindieclassics||MM39A.png" xmltv_id="Indie Classics">Indie Classics</channel>
    <channel site="[ENC][EX]telenettv.be_0" site_id="mcrockandroll||MM3A1.png" xmltv_id="Rock n Roll">Rock n Roll</channel>
    <channel site="[ENC][EX]telenettv.be_0" site_id="mcclassrock||MM38B.png" xmltv_id="Classic Rock">Classic Rock</channel>
    <channel site="[ENC][EX]telenettv.be_0" site_id="mcstrictly60s||MM3A6.png" xmltv_id="Strictly 60s">Strictly 60s</channel>
    <channel site="[ENC][EX]telenettv.be_0" site_id="mckiller80s||MM39D.png" xmltv_id="80s">80s</channel>
    <channel site="[ENC][EX]telenettv.be_0" site_id="mc90s||MM384.png" xmltv_id="90s">90s</channel>
    <channel site="[ENC][EX]telenettv.be_0" site_id="mcsoulclassics||MM3A4.png" xmltv_id="Classic RnB &amp; Soul">Classic RnB &amp; Soul</channel>
    <channel site="[ENC][EX]telenettv.be_0" site_id="mchiphop||MM394.png" xmltv_id="Hip Hop">Hip Hop</channel>
    <channel site="[ENC][EX]telenettv.be_0" site_id="mccooljazz||MM38D.png" xmltv_id="Cool Jazz">Cool Jazz</channel>
    <channel site="[ENC][EX]telenettv.be_0" site_id="mcstillgotthe||MM3A5.png" xmltv_id="Blues">Blues</channel>
    <channel site="[ENC][EX]telenettv.be_0" site_id="mccountrystars||MM38E.png" xmltv_id="Hot Country">Hot Country</channel>
    <channel site="[ENC][EX]telenettv.be_0" site_id="mccocktaillou||MM38C.png" xmltv_id="Cocktail Lounge">Cocktail Lounge</channel>
    <channel site="[ENC][EX]telenettv.be_0" site_id="mcrevival||MM3A0.png" xmltv_id="Revival">Revival</channel>
    <channel site="[ENC][EX]telenettv.be_0" site_id="mcschlager||MM3A3.png" xmltv_id="Schlager">Schlager</channel>
    <channel site="[ENC][EX]telenettv.be_0" site_id="mcturkmuzigi||MM3AA.png" xmltv_id="Türk Müzigi">Türk Müzigi</channel>
    <channel site="[ENC][EX]telenettv.be_0" site_id="mchitsfrance||MM395.png" xmltv_id="Total Hits - France">Total Hits - France</channel>
    <channel site="[ENC][EX]telenettv.be_0" site_id="mchitsitaly||MM397.png" xmltv_id="Total Hits - Italy">Total Hits - Italy</channel>
    <channel site="[ENC][EX]telenettv.be_0" site_id="mchitsnordic||MM398.png" xmltv_id="Total Hits - Nordic">Total Hits - Nordic</channel>
    <channel site="[ENC][EX]telenettv.be_0" site_id="mchitsspain||MM399.png" xmltv_id="Total Hits - Spain">Total Hits - Spain</channel>
    <channel site="[ENC][EX]telenettv.be_0" site_id="mchitsgermany||MM396.png" xmltv_id="Total Hits - German">Total Hits - German</channel>
    <channel site="[ENC][EX]telenettv.be_0" site_id="mctotalhits||MM3A9.png" xmltv_id="Total Hits - UK">Total Hits - UK</channel>
    <channel site="[ENC][EX]telenettv.be_0" site_id="mcthealternative||MM3A7.png" xmltv_id="Stingray Specials">Stingray Specials</channel>
    <channel site="[ENC][EX]telenettv.be_0" site_id="mcdancefloor||MM38F.png" xmltv_id="Dancefloor Fillers">Dancefloor Fillers</channel>
    <channel site="[ENC][EX]telenettv.be_0" site_id="mcmagnific70s||MM39E.png" xmltv_id="70s">70s</channel>
    <channel site="[ENC][EX]telenettv.be_0" site_id="mcjustchillout||MM39C.png" xmltv_id="Chillout">Chillout</channel>
    <channel site="[ENC][EX]telenettv.be_0" site_id="mcreggaevibra||MM39F.png" xmltv_id="Reggae Vibra">Reggae Vibra</channel>
    <channel site="[ENC][EX]telenettv.be_0" site_id="mcharderthan||MM393.png" xmltv_id="Headbangers">Headbangers</channel>
    <channel site="[ENC][EX]telenettv.be_0" site_id="mcrockanthems||MM3A2.png" xmltv_id="Rock Anthems">Rock Anthems</channel>
    <channel site="[ENC][EX]telenettv.be_0" site_id="mcfreedom||MM392.png" xmltv_id="Freedom">Freedom</channel>
    <channel site="[ENC][EX]telenettv.be_0" site_id="mcjazzclassics||MM39B.png" xmltv_id="Jazz Classics">Jazz Classics</channel>
    <channel site="[ENC][EX]telenettv.be_0" site_id="3fm||MM214.png" xmltv_id="NPO 3FM">NPO 3FM</channel>
    <channel site="[ENC][EX]telenettv.be_0" site_id="radio1ned||MM212.png" xmltv_id="NPO Radio 1">NPO Radio 1</channel>
    <channel site="[ENC][EX]telenettv.be_0" site_id="radio2ned||MM213.png" xmltv_id="NPO Radio 2">NPO Radio 2</channel>
    <channel site="[ENC][EX]telenettv.be_0" site_id="radio4ned||MM215.png" xmltv_id="NPO Radio 4">NPO Radio 4</channel>
    <channel site="[ENC][EX]telenettv.be_0" site_id="franceculture||MM21D.png" xmltv_id="France Culture">France Culture</channel>
    <channel site="[ENC][EX]telenettv.be_0" site_id="franceinternational||MM21E.png" xmltv_id="France Inter">France Inter</channel>
    <channel site="[ENC][EX]telenettv.be_0" site_id="francemuzique||MM21F.png" xmltv_id="France Musique">France Musique</channel>
    <channel site="[ENC][EX]telenettv.be_0" site_id="bbcradio1||MM221.png" xmltv_id="BBC Radio 1">BBC Radio 1</channel>
    <channel site="[ENC][EX]telenettv.be_0" site_id="bbcradio2||MM222.png" xmltv_id="BBC Radio 2">BBC Radio 2</channel>
    <channel site="[ENC][EX]telenettv.be_0" site_id="bbcradio3||MM223.png" xmltv_id="BBC Radio 3">BBC Radio 3</channel>
    <channel site="[ENC][EX]telenettv.be_0" site_id="bbcworldservice||MM224.png" xmltv_id="BBC World Service">BBC World Service</channel>
    <channel site="[ENC][EX]telenettv.be_0" site_id="wdr2||MM232.png" xmltv_id="WDR 2">WDR 2</channel>
    <channel site="[ENC][EX]telenettv.be_0" site_id="wdr3||MM233.png" xmltv_id="WDR 3">WDR 3</channel>
    <channel site="[ENC][EX]telenettv.be_0" site_id="wdr4||MM234.png" xmltv_id="WDR 4">WDR 4</channel>
    <channel site="[ENC][EX]telenettv.be_0" site_id="wdr5||MM235.png" xmltv_id="WDR 5">WDR 5</channel>
    <channel site="[ENC][EX]telenettv.be_0" site_id="1live||MM231.png" xmltv_id="1LIVE">1LIVE</channel>
  </channels>
</site>